interdependency,noise,n_weeks,dag_density,seed,cell,max_rhat,min_ess_bulk,converged,divergences,bayes_r2_mean,bayes_r2_hdi_low,bayes_r2_hdi_high,r2_posterior_mean_pred,rmse_sales,mae_sales,mean_bias_effect,mae_effect,rmse_effect,hdi_coverage_effect,mean_bias_vs_own,mae_vs_own,rmse_vs_own,hdi_coverage_vs_own,mean_bias_vs_total,mae_vs_total,rmse_vs_total,hdi_coverage_vs_total,graph_type,status,runtime_s
medium,high,156,dense,5,gamma_medium__noise_high__T_156__density_dense__seed_005,1.01,1138.0,False,0,0.5837017320418549,0.5247216616878727,0.6394890162449378,0.5963902899867995,111.54762099777685,90.33945560391709,-86.17868267288581,299.70213748937414,368.05951590646384,0.8333333333333334,-0.20527316271882812,0.4558772554262918,0.5882711985440279,0.8333333333333334,-0.07577316271882817,0.3756105887596252,0.4817212890804784,0.8333333333333334,benchmark,ok,343.5
medium,high,156,dense,2,gamma_medium__noise_high__T_156__density_dense__seed_002,1.0,1110.0,True,0,0.6299918831178279,0.5748450499542868,0.6890590125186794,0.6429548174424273,106.21190919891723,82.37360603246226,-178.90101286539485,248.1945333527252,303.9890553976558,1.0,-0.39515643789924665,0.4767168669612372,0.6606524761778688,1.0,-0.21590643789924666,0.3612002002945706,0.45293881409930725,1.0,benchmark,ok,347.1
medium,high,156,medium,1,gamma_medium__noise_high__T_156__density_medium__seed_001,1.0,1419.0,True,1,0.7386188813302842,0.7010077454693934,0.7731064667412489,0.7531941819322591,96.34638787781464,76.19854113766905,212.54355624485208,332.1983644341371,371.1784242462029,0.8333333333333334,0.2475890569062691,0.4802746341008126,0.5482538030971037,0.8333333333333334,0.31383905690626906,0.4814246341008126,0.556447368698235,0.8333333333333334,benchmark,ok,349.6
medium,high,156,dense,1,gamma_medium__noise_high__T_156__density_dense__seed_001,1.01,1407.0,False,0,0.7396372097283188,0.7037722628591386,0.7775519926321802,0.7526800454513607,96.604204356887,76.19069470288275,136.19132662188974,297.50543015710394,375.8588098296176,0.8333333333333334,0.15345355549087825,0.4470564341517746,0.5646312421110207,0.8333333333333334,0.27702022215754496,0.4009480646289966,0.5406695660442192,0.8333333333333334,benchmark,ok,354.6
medium,high,156,medium,2,gamma_medium__noise_high__T_156__density_medium__seed_002,1.0,1631.0,True,0,0.63128535203481,0.5730235916949578,0.6804809891475826,0.6440375375124879,106.02586864438541,82.29385688000814,-108.02170415638487,327.48889195663213,349.75502589275555,0.8333333333333334,-0.3071816376303465,0.5682067513378478,0.6792129790492797,0.8333333333333334,-0.18769830429701315,0.4599234180045144,0.5188306199997312,1.0,benchmark,ok,368.4
medium,high,156,dense,4,gamma_medium__noise_high__T_156__density_dense__seed_004,1.0,1711.0,True,4,0.6756273673110545,0.6308069826167605,0.7195809198759174,0.6875815483985295,93.83357114997813,74.52679827979573,-70.20435452019453,102.36111921720403,154.07232049741,1.0,-0.10219999050510371,0.14501145553082803,0.22171209443998485,1.0,-0.005383323838437065,0.17324731731428933,0.24993064861286973,1.0,benchmark,ok,385.3
medium,high,156,dense,3,gamma_medium__noise_high__T_156__density_dense__seed_003,1.0,1154.0,True,1,0.7126591084108117,0.6780635923378014,0.7568560039967193,0.7269697477357441,92.50515156038308,76.99057793366312,-210.79039778348314,249.46517685868466,318.78939099972064,1.0,-0.2932398827313876,0.34420846045111686,0.39826532253578395,1.0,-0.041539882731387645,0.3805860191439237,0.42418557372747545,1.0,benchmark,ok,399.5
medium,high,156,medium,4,gamma_medium__noise_high__T_156__density_medium__seed_004,1.0,1757.0,True,3,0.6763169174249629,0.6276992184186956,0.7245542756979191,0.6874083496394153,93.7893420482884,74.34620218317326,-21.984064439035564,129.9493823899677,172.1545196507487,1.0,-0.040731907692823276,0.1821781489425045,0.24501316246082497,1.0,0.015468092307176717,0.2012781489425045,0.26376458410311515,1.0,benchmark,ok,403.2
medium,high,156,medium,3,gamma_medium__noise_high__T_156__density_medium__seed_003,1.0,1068.0,True,1,0.7096565653604653,0.6687242205118457,0.7503880290543236,0.7248720353068154,92.76277815911246,77.27112813450931,-143.4429209527399,286.8580533076719,351.744518135333,1.0,-0.18891395488195006,0.37792594119628964,0.42289138696055234,1.0,-0.05271395488195,0.3541625899971052,0.41956975293972826,1.0,benchmark,ok,410.8
medium,high,156,medium,5,gamma_medium__noise_high__T_156__density_medium__seed_005,1.01,1409.0,False,2,0.5830722560988398,0.5161073831369192,0.6484778422884996,0.5951855137048903,111.8844581601927,90.5209313215673,-30.482295182337065,368.1334049486242,435.1409634135381,0.8333333333333334,-0.14212829751779865,0.5311416372130217,0.6372787420973112,0.8333333333333334,-0.06529496418446538,0.46414163721302165,0.5649515514714466,0.8333333333333334,benchmark,ok,290.4
medium,high,156,sparse,2,gamma_medium__noise_high__T_156__density_sparse__seed_002,1.0,1396.0,True,0,0.6263312144609442,0.5689879102613968,0.6794823741795573,0.6408551669954303,106.39548949065245,82.70870734889488,-76.93989563672012,317.59331869038186,348.955359169638,0.8333333333333334,-0.24614313450551864,0.5395041001203991,0.634759427113819,0.8333333333333334,-0.19702646783885203,0.4903874334537324,0.5817395035297148,0.8333333333333334,benchmark,ok,319.8
medium,high,156,sparse,1,gamma_medium__noise_high__T_156__density_sparse__seed_001,1.0,1712.0,True,0,0.7438201250268437,0.7052454453223378,0.7725870643642025,0.7573376547486956,95.64781021491272,75.4712543220238,279.683310718183,387.637899401333,419.77911715248996,0.6666666666666666,0.3414152865295912,0.5513392968805783,0.603878766629281,0.6666666666666666,0.38591528652959123,0.5293726302139116,0.5874728548203868,0.6666666666666666,benchmark,ok,340.8
medium,high,156,sparse,5,gamma_medium__noise_high__T_156__density_sparse__seed_005,1.0,1210.0,True,0,0.586277446794586,0.5167906847406812,0.6460682712766184,0.597637363707646,111.85463799701417,90.4828763788508,-20.341719614201974,352.3621048831731,456.17468338639,0.5,-0.12191653041678903,0.5169794851409134,0.6635844045930656,0.5,-0.06623319708345564,0.46129615180757993,0.6084956040813059,0.6666666666666666,benchmark,ok,345.8
medium,high,156,sparse,3,gamma_medium__noise_high__T_156__density_sparse__seed_003,1.01,976.0,False,0,0.7125820910677167,0.6660092851648756,0.7515870594221628,0.7281474626826849,92.27322244986189,76.87446712818372,-127.98973428903666,340.35401861824073,447.6212427815607,0.8333333333333334,-0.15650482739310304,0.4376612204266051,0.5338109542708762,0.8333333333333334,-0.0602881607264363,0.41412667744284976,0.5221223873253175,0.8333333333333334,benchmark,ok,386.5
medium,high,156,sparse,4,gamma_medium__noise_high__T_156__density_sparse__seed_004,1.0,1736.0,True,0,0.6769274428771157,0.6308735296375577,0.7272323818304073,0.6894340052577441,93.33630266302849,73.65627569933444,7.479531477772582,129.60423029283803,186.2036828721754,0.8333333333333334,0.0007710887940857355,0.1776137072646978,0.2578934493602092,0.8333333333333334,0.03548775546075239,0.21233037393136445,0.27841129451280777,0.8333333333333334,benchmark,ok,380.6
medium,high,300,dense,1,gamma_medium__noise_high__T_300__density_dense__seed_001,1.0,1884.0,True,3,0.7067899875334492,0.6783522004891267,0.7376542357733255,0.7128472727515209,113.01645022868647,88.6607769232088,-316.1808212233538,473.9211310608469,632.2775502937717,0.8333333333333334,-0.25679612499034504,0.361331380103348,0.5148657767955389,0.8333333333333334,-0.14096279165701178,0.31370773638632626,0.4570931312672219,0.8333333333333334,benchmark,ok,563.8
medium,high,300,dense,3,gamma_medium__noise_high__T_300__density_dense__seed_003,1.0,1931.0,True,0,0.6673572186225812,0.6320477200019007,0.6956879588894544,0.674180899828461,124.79732918825201,99.56095039095567,-339.56192949681315,660.5771580309023,810.7059149032501,0.6666666666666666,-0.3900302366572925,0.5769605731008279,0.7763307209842797,0.6666666666666666,-0.2159802366572924,0.46331057310082785,0.6030584969411978,0.8333333333333334,benchmark,ok,553.3
medium,high,300,dense,2,gamma_medium__noise_high__T_300__density_dense__seed_002,1.0,2275.0,True,1,0.7038393038580691,0.6789527131350316,0.7346221752149853,0.7106326900818649,115.27473418769155,89.78566901103979,62.8493648420133,1007.8575202293192,1251.2465733324545,0.6666666666666666,-0.08653329098714428,0.7358062541535335,0.8832474129854944,0.6666666666666666,0.03643337567952232,0.6341641697317125,0.7795953031132727,0.6666666666666666,benchmark,ok,599.9
medium,high,300,dense,4,gamma_medium__noise_high__T_300__density_dense__seed_004,1.0,1711.0,True,1,0.7261942605225842,0.6986406813319318,0.7516832905437774,0.7330608689213487,111.36312313021983,89.08558161045453,-88.81334178201716,676.5386712269714,815.321686946478,0.6666666666666666,-0.19681244824574473,0.580964618402915,0.7489389947238001,0.6666666666666666,-0.05276244824574472,0.48549670644735565,0.5795905210298594,0.8333333333333334,benchmark,ok,589.4
medium,high,300,medium,1,gamma_medium__noise_high__T_300__density_medium__seed_001,1.0,2028.0,True,3,0.7058281094999973,0.6788550518592719,0.7303416085174721,0.7126198269079902,113.02354045736423,88.4615190871438,-105.61423178873103,561.9476614858683,730.8564547421,0.8333333333333334,-0.14243844208890827,0.4059315602869365,0.5630567749812245,0.8333333333333334,-0.07290510875557499,0.37551423950588164,0.5089220675130464,0.8333333333333334,benchmark,ok,570.9
medium,high,300,dense,5,gamma_medium__noise_high__T_300__density_dense__seed_005,1.0,2156.0,True,0,0.7032351189207584,0.6757981292607003,0.730873091378258,0.7117592624670261,107.9157508629019,88.19070100321689,-271.03205168641307,657.0598123517613,805.5959413324131,0.8333333333333334,-0.1967181847018679,0.49616024991978164,0.6305534037764944,0.8333333333333334,-0.061784851368534656,0.3769223556312671,0.5154389089814008,0.8333333333333334,benchmark,ok,590.0
medium,high,300,medium,2,gamma_medium__noise_high__T_300__density_medium__seed_002,1.0,2047.0,True,2,0.7030749532069616,0.6716518459079646,0.7291070526533923,0.7116632480495908,115.1281384767439,90.01350768014713,398.54819176776454,1372.805277749186,1838.9545746252072,0.6666666666666666,0.0930395110997944,0.9470865554688315,1.1593123546721158,0.6666666666666666,0.16615617776646097,0.8836032221354984,1.1045910520966116,0.6666666666666666,benchmark,ok,598.7
medium,high,300,medium,3,gamma_medium__noise_high__T_300__density_medium__seed_003,1.0,2106.0,True,2,0.6627603762283745,0.6244976590387227,0.6950320257741527,0.670439666581949,125.15372810440671,99.86196086594659,-236.609882701297,759.0951158986768,890.782358873545,0.6666666666666666,-0.3231487315197197,0.6374608136953447,0.8073849969148689,0.6666666666666666,-0.2175820648530529,0.5423608136953445,0.6767556850867675,0.8333333333333334,benchmark,ok,606.9
medium,high,300,medium,4,gamma_medium__noise_high__T_300__density_medium__seed_004,1.0,1655.0,True,0,0.7263649150969604,0.6960652664473529,0.7506115697264648,0.7320809548929647,111.34134717047179,89.03787178868212,-0.11354755077468326,735.2774370445874,811.8650825849959,0.6666666666666666,-0.1343873209983025,0.6100658822687418,0.728163175641326,0.6666666666666666,-0.04640398766496919,0.5311708120647136,0.6215814123147906,0.6666666666666666,benchmark,ok,605.8
medium,high,80,dense,1,gamma_medium__noise_high__T_80__density_dense__seed_001,1.0,1653.0,True,0,0.6559731426231579,0.5855933682483513,0.7250863595416773,0.6705348230553033,82.96357815124209,67.94935271234408,54.56695343258443,119.62423814037271,148.81726114346074,0.8333333333333334,0.11535637748139986,0.3111232706003189,0.3888013169665736,0.8333333333333334,0.17653971081473321,0.3357146759495803,0.4181402112452209,0.8333333333333334,benchmark,ok,187.8
medium,high,300,sparse,1,gamma_medium__noise_high__T_300__density_sparse__seed_001,1.0,1801.0,True,3,0.7051637662976552,0.6736993022736976,0.7326694252779913,0.711361766489631,112.98704752925191,88.46265069298289,-46.77758503534475,572.7707126582571,665.4560791775308,0.6666666666666666,-0.08920101665558194,0.4152009025794794,0.514583746030529,0.6666666666666666,-0.0496676833222486,0.41201969577277847,0.5227897402187726,0.6666666666666666,benchmark,ok,565.7
medium,high,80,dense,2,gamma_medium__noise_high__T_80__density_dense__seed_002,1.0,1627.0,True,0,0.6739902260415267,0.5977721775015526,0.7352798120658885,0.6945140529951404,90.17663055848911,72.61424145842432,135.77152834083685,145.91408411805872,206.74258326251152,1.0,0.3473949779932057,0.3798651815034531,0.5195328672740067,1.0,0.4453949779932056,0.4453949779932056,0.6161057657983015,1.0,benchmark,ok,183.8
medium,high,80,dense,3,gamma_medium__noise_high__T_80__density_dense__seed_003,1.0,1278.0,True,0,0.6974429946697823,0.6391120497110518,0.7664574582849167,0.7222558483499888,76.72216233953331,61.782625218370086,134.50631898303817,234.56276997572627,317.291689130912,0.8333333333333334,0.2662667798965071,0.757862076948754,1.0114833574442956,0.8333333333333334,0.45805011322984046,0.7211475425150456,0.9303146118429805,1.0,benchmark,ok,198.5
medium,high,300,medium,5,gamma_medium__noise_high__T_300__density_medium__seed_005,1.0,2321.0,True,0,0.7039010225777647,0.6708083662431418,0.7305200833988539,0.7114435704765121,107.68245658613044,87.86833280813205,-138.6225971094866,641.5778103600471,780.0627780328299,0.8333333333333334,-0.11833631394478424,0.49503260614799577,0.6271372378856271,0.8333333333333334,-0.034152980611450855,0.4210826061479958,0.5627671325951132,0.8333333333333334,benchmark,ok,612.4
medium,high,300,sparse,2,gamma_medium__noise_high__T_300__density_sparse__seed_002,1.0,1819.0,True,1,0.7046877424421664,0.673159448024005,0.7333180482443928,0.7121021126615412,115.19035771095646,89.93089198158081,411.9629552188303,1208.3394216729203,1532.5295276052047,0.5,0.13169949871232808,0.8458781731742855,1.0000390546165943,0.5,0.1765828320456613,0.8233139673222037,0.9640477609662014,0.5,benchmark,ok,634.4
medium,high,80,medium,1,gamma_medium__noise_high__T_80__density_medium__seed_001,1.0,1839.0,True,2,0.6539006810415865,0.5882953546316295,0.7130378290238965,0.6677619539006548,82.91735356158269,68.3049481783002,72.62464955779693,133.1755109514812,189.91927975232917,0.8333333333333334,0.16797700091149034,0.3509189950831855,0.49714177261909376,0.8333333333333334,0.199543667578157,0.3599189950831856,0.4951470348507173,1.0,benchmark,ok,172.5
medium,high,80,medium,2,gamma_medium__noise_high__T_80__density_medium__seed_002,1.0,1678.0,True,0,0.6773454730022509,0.6114710702272347,0.7398771245478958,0.6949661697592323,90.07281218437035,72.57998690817695,172.79257646344013,195.32241031093076,277.3400977300264,1.0,0.44287326212823647,0.5148440503647883,0.7115999546251164,1.0,0.4961565954615698,0.5174607170314551,0.7385025042420237,1.0,benchmark,ok,171.4
medium,high,80,dense,5,gamma_medium__noise_high__T_80__density_dense__seed_005,1.01,1548.0,False,0,0.7580909442181021,0.7116042525198835,0.8013197391993067,0.7723657497156047,77.36437250376082,64.17093368815456,57.82996792499566,276.2384111239204,346.828600923003,0.6666666666666666,0.04485602107715426,0.8165496427934094,1.0009392971248356,0.6666666666666666,0.1395060210771543,0.7706996427934093,0.9444211302326814,0.8333333333333334,benchmark,ok,221.6
medium,high,80,medium,3,gamma_medium__noise_high__T_80__density_medium__seed_003,1.0,1614.0,True,0,0.6981157918382814,0.6355379868639975,0.7538758251797264,0.7231118093740931,76.61540508170725,62.04812668589712,192.1158884943089,306.8535603086835,370.6758153499436,0.8333333333333334,0.3535856910148569,0.9234428486926228,1.0673438636712649,0.8333333333333334,0.4885356910148568,0.8500565614268508,1.010661793304535,1.0,benchmark,ok,187.3
medium,high,80,medium,4,gamma_medium__noise_high__T_80__density_medium__seed_004,1.0,1937.0,True,0,0.6328506528343697,0.5507927975117531,0.6946331149510483,0.6420516314178499,91.42617554000995,74.58261722387094,116.15225246797316,236.59129638251764,281.62136218261776,1.0,0.24713280122050438,0.6782430997584364,0.79363023088977,1.0,0.30663280122050435,0.6445764330917698,0.7761436214637284,1.0,benchmark,ok,178.3
medium,high,300,sparse,3,gamma_medium__noise_high__T_300__density_sparse__seed_003,1.0,2288.0,True,0,0.6614554094222419,0.624216437830676,0.6967367930045566,0.6691666477894347,125.39090151826525,99.97350287304685,-288.4183088779811,716.7501785434133,858.1098674801215,0.5,-0.3278275488511379,0.5990127627607692,0.7492261615514274,0.5,-0.26286088218447123,0.5340460960941024,0.6791525676652576,0.5,benchmark,ok,562.2
medium,high,300,sparse,5,gamma_medium__noise_high__T_300__density_sparse__seed_005,1.0,1826.0,True,1,0.7042186242857079,0.6750329288907416,0.734098505567153,0.7115275432395973,107.15960381931775,87.4360626680192,-164.4337634733906,740.4046045182228,891.9238276335927,0.6666666666666666,-0.11275086518176558,0.5300068345759527,0.6466854906013615,0.6666666666666666,-0.06311753184843223,0.49984207204122866,0.5966172120137587,0.6666666666666666,benchmark,ok,565.4
medium,high,300,sparse,4,gamma_medium__noise_high__T_300__density_sparse__seed_004,1.0,1656.0,True,0,0.7252158772977084,0.6970497757817506,0.7526468271741723,0.7320072734739436,111.39237104115807,88.69951993447006,-49.626711025818736,660.1046088094664,766.1516440568323,0.6666666666666666,-0.12929763692294582,0.5569769129988791,0.6847821915516419,0.6666666666666666,-0.07291430358961253,0.5073878833879554,0.6123524092391809,0.6666666666666666,benchmark,ok,587.0
medium,high,80,medium,5,gamma_medium__noise_high__T_80__density_medium__seed_005,1.01,1631.0,False,0,0.7544835309567938,0.7045188766896224,0.7973248083425051,0.7701184307404592,77.3722187513019,64.18733419818709,68.07425382835366,306.45333659800826,375.92531627428366,0.6666666666666666,0.08439692384274093,0.8823221286823659,1.0494252021318276,0.6666666666666666,0.14208025717607428,0.8488721286823661,1.0113785525822339,0.8333333333333334,benchmark,ok,216.6
medium,high,80,sparse,2,gamma_medium__noise_high__T_80__density_sparse__seed_002,1.0,1670.0,True,0,0.6743983893179538,0.6076377235580588,0.7370060929130349,0.6942569352766552,89.91805010221518,71.8764683115688,181.80938986996708,188.1440000796321,284.0366160407131,0.8333333333333334,0.4796119384165589,0.4971309020801004,0.73990789380415,0.8333333333333334,0.5115786050832255,0.5120975687467669,0.7567923213727461,0.8333333333333334,benchmark,ok,163.9
medium,high,80,sparse,1,gamma_medium__noise_high__T_80__density_sparse__seed_001,1.0,1878.0,True,0,0.6475926976662001,0.5760222763236649,0.7161267726569944,0.6636278114277621,83.16747150252351,68.36719997154698,97.47579544641502,153.96873504267325,221.97584004257502,0.6666666666666666,0.22429363806876204,0.39426453893003893,0.5643205583914053,0.6666666666666666,0.24187697140209533,0.39943807567320727,0.5649172644018889,0.6666666666666666,benchmark,ok,167.3
medium,high,80,sparse,4,gamma_medium__noise_high__T_80__density_sparse__seed_004,1.0,1839.0,True,1,0.6273648429494141,0.5439809305285102,0.6928309615449955,0.6404568253551888,91.633804484419,74.63398811067603,129.45542065981195,247.69286658202427,307.84438824023556,0.8333333333333334,0.28640826264241864,0.6984465901510258,0.8566612810842377,0.8333333333333334,0.31097492930908527,0.6907465901510258,0.8441398752191512,0.8333333333333334,benchmark,ok,170.9
medium,high,80,sparse,3,gamma_medium__noise_high__T_80__density_sparse__seed_003,1.0,1444.0,True,0,0.6957396482942104,0.6269509711689915,0.7591405597601095,0.7237890388751607,76.13197792548304,61.67279172504792,253.78271938183988,377.9325125926839,454.9100850686899,0.6666666666666666,0.4934235735118236,1.1047512623591973,1.256282802739503,0.6666666666666666,0.5511235735118237,1.0688512623591975,1.2088546162924174,0.6666666666666666,benchmark,ok,193.3
medium,high,80,sparse,5,gamma_medium__noise_high__T_80__density_sparse__seed_005,1.0,1378.0,True,1,0.7517082191264124,0.6976352192356703,0.7915731628469366,0.7682597662795867,77.82036206213736,64.55210969309485,94.4785114960993,296.66748478887797,406.43510508495405,0.6666666666666666,0.1447146591973414,0.8526588769403225,1.1062754709366651,0.6666666666666666,0.18051465919734136,0.8356588769403225,1.07480609015073,0.6666666666666666,benchmark,ok,211.3
medium,low,156,dense,1,gamma_medium__noise_low__T_156__density_dense__seed_001,1.0,1211.0,True,0,0.8886845235228875,0.8754315304102995,0.9005625888042063,0.8970092401907614,51.88353876481289,41.85779720039092,-28.763317210033023,197.00539822966311,244.33090188344332,0.5,-0.07573837835819174,0.30860988056728106,0.406257977919343,0.5,0.04782828830847499,0.23814321390061435,0.3035776158912059,0.8333333333333334,benchmark,ok,438.3
medium,low,156,dense,2,gamma_medium__noise_low__T_156__density_dense__seed_002,1.0,1809.0,True,2,0.8264127301720676,0.8030735493926171,0.8478479710953244,0.8353912371546446,60.26144129055013,46.98595229377759,-156.9273279717222,367.4829262199564,397.5359230046085,0.8333333333333334,-0.36654695466197923,0.5905436518246252,0.6539696594120396,0.8333333333333334,-0.18729695466197924,0.41129365182462524,0.4750054211735372,1.0,benchmark,ok,445.2
medium,low,156,dense,3,gamma_medium__noise_low__T_156__density_dense__seed_003,1.01,725.0,False,1,0.8784729767435151,0.8642415393286784,0.8921526387914368,0.8876262528895583,52.02402925689451,42.64358307044925,-192.423893063601,282.65239574171176,303.9987478230595,0.8333333333333334,-0.3565999799473998,0.45025378511654274,0.5150189267317564,0.8333333333333334,-0.10489997994739979,0.23688448289233924,0.33504120280783684,0.8333333333333334,benchmark,ok,432.9
medium,low,156,medium,1,gamma_medium__noise_low__T_156__density_medium__seed_001,1.0,1051.0,True,0,0.8888567291412794,0.8745673780895705,0.9007019589236999,0.8969869493429021,51.7213244291771,41.77576879323466,65.7918654319776,203.82069383657063,258.4718091427944,0.6666666666666666,0.03082786652354978,0.29924214432052215,0.4029710619615209,0.6666666666666666,0.09707786652354973,0.30039214432052214,0.3688107321819397,0.8333333333333334,benchmark,ok,426.7
medium,low,156,dense,4,gamma_medium__noise_low__T_156__density_dense__seed_004,1.01,1030.0,False,6,0.8778169183876225,0.8629397179119649,0.8920632701214476,0.8864198732893385,49.99307806423915,39.35316724482218,-10.498333534674524,233.23251365150907,330.96360184849857,0.8333333333333334,-0.05783660806952945,0.28280955266911284,0.3826569276078955,0.8333333333333334,0.03898005859713721,0.2817456286134569,0.38429619663547787,0.8333333333333334,benchmark,ok,442.4
medium,low,156,dense,5,gamma_medium__noise_low__T_156__density_dense__seed_005,1.01,832.0,False,0,0.8340567617073836,0.8103066408197616,0.8539179042231868,0.844831083667678,59.00994168163915,48.11624190762328,-164.88921384420343,231.4570542403554,277.39819168111563,0.6666666666666666,-0.29028044567000405,0.37094697067797194,0.466584384046479,0.6666666666666666,-0.16078044567000407,0.29068030401130535,0.3390794196265282,0.8333333333333334,benchmark,ok,455.6
medium,low,156,medium,2,gamma_medium__noise_low__T_156__density_medium__seed_002,1.01,1831.0,False,0,0.828186308010405,0.8069770704673477,0.8501380548600153,0.8379145290344783,59.735096520194766,46.48870467166769,-66.04439043887143,443.49219305533984,517.5184087696057,0.8333333333333334,-0.26856945028469476,0.6809954983643145,0.7577451194852761,0.8333333333333334,-0.1490861169513614,0.5727121650309811,0.6362111824771586,0.8333333333333334,benchmark,ok,434.2
medium,low,156,medium,3,gamma_medium__noise_low__T_156__density_medium__seed_003,1.0,802.0,True,0,0.8774172715148607,0.8633383322842145,0.8914386939743365,0.8866162924868464,52.14514758579337,42.872599916287236,-125.83911090911238,261.4835271877372,285.8280847510742,0.6666666666666666,-0.24609353220274813,0.41217990582279707,0.462059921285221,0.6666666666666666,-0.10989353220274807,0.29367990582279707,0.3648358679874185,0.8333333333333334,benchmark,ok,452.2
medium,low,156,medium,4,gamma_medium__noise_low__T_156__density_medium__seed_004,1.0,991.0,True,0,0.8768614753195515,0.8613304430230072,0.8906908451023378,0.8853158353138618,50.15324088887039,39.49227061259436,55.75564281315399,246.28993241794228,381.61540604783704,0.8333333333333334,0.01830128259885087,0.29390817787316353,0.42586824010275254,0.8333333333333334,0.07450128259885086,0.2941415112064969,0.4256171931632367,0.8333333333333334,benchmark,ok,454.0
medium,low,156,medium,5,gamma_medium__noise_low__T_156__density_medium__seed_005,1.0,1195.0,True,0,0.8314575528620823,0.8069137077243601,0.8520447176726665,0.8420452755278953,59.602680675610664,48.64831155781681,-95.88589686722752,333.9439526698448,355.8006064911181,0.6666666666666666,-0.22127929712079997,0.4939382293230157,0.547484832401865,0.6666666666666666,-0.14444596378746674,0.4269382293230157,0.46383785130266836,1.0,benchmark,ok,438.4
medium,low,156,sparse,2,gamma_medium__noise_low__T_156__density_sparse__seed_002,1.01,1921.0,False,2,0.8271271112199998,0.8054655286184346,0.8483544210931656,0.8358921705706469,59.93859962975768,46.419277622530046,-29.55562104128065,396.97840130057983,448.30947117514233,0.6666666666666666,-0.1739443641715089,0.585183256862189,0.6202134694551392,0.6666666666666666,-0.12482769750484225,0.5360665901955224,0.574146752390132,0.6666666666666666,benchmark,ok,428.2
medium,low,156,sparse,1,gamma_medium__noise_low__T_156__density_sparse__seed_001,1.0,1193.0,True,2,0.8903892407172608,0.878520215918195,0.9036960078723291,0.8985614113112356,51.39782444300404,41.349500032127864,115.30327615584126,245.2810402739094,264.964617184238,0.6666666666666666,0.10819240687288112,0.3609409832256727,0.41666817951268015,0.6666666666666666,0.15269240687288108,0.338974316559006,0.3695453310873907,0.6666666666666666,benchmark,ok,447.3
medium,low,156,sparse,4,gamma_medium__noise_low__T_156__density_sparse__seed_004,1.01,568.0,False,2,0.8765692234659402,0.861734638050661,0.8896039554351473,0.8854536221158326,50.02898988356604,38.9644375048719,69.03751928688227,211.3951052081352,303.82931288742117,0.8333333333333334,0.051682562690793576,0.2555362301794468,0.3528323369489505,0.8333333333333334,0.08639922935746025,0.2709055389770676,0.3581957178316876,0.8333333333333334,benchmark,ok,441.2
medium,low,156,sparse,3,gamma_medium__noise_low__T_156__density_sparse__seed_003,1.01,520.0,False,2,0.8789722118928571,0.8652768467351242,0.8920486370139455,0.8882219324147494,51.83047211599018,42.63171684661157,-116.58563124387341,264.64834309680083,316.2916506345728,0.5,-0.22054501639732635,0.41576769065943336,0.5062450318202367,0.5,-0.12432834973065959,0.3195510239927666,0.40728823018495547,0.6666666666666666,benchmark,ok,443.4
medium,low,156,sparse,5,gamma_medium__noise_low__T_156__density_sparse__seed_005,1.01,921.0,False,0,0.8323659579662941,0.8117630186934126,0.8542071372468335,0.8443056889570257,59.369832625054535,48.49077570085888,-118.28213336266016,295.43157768551356,334.27725404784775,0.5,-0.22753539992597616,0.44355471103116334,0.5135461042933697,0.5,-0.17185206659264277,0.38787137769783,0.4451695956980636,0.6666666666666666,benchmark,ok,429.4
medium,low,300,dense,1,gamma_medium__noise_low__T_300__density_dense__seed_001,1.0,1014.0,True,6,0.8848825699153731,0.8764122288875625,0.8923947974868819,0.8890668572973234,61.61966254122232,48.46645526346377,-281.2562611943667,584.9426443481701,658.4107390535461,0.5,-0.2533080144908006,0.41740259221338283,0.48123029411291096,0.5,-0.13747468115746733,0.32433592554671614,0.3886958768381597,0.8333333333333334,benchmark,ok,643.6
medium,low,300,dense,2,gamma_medium__noise_low__T_300__density_dense__seed_002,1.0,953.0,True,7,0.8849549781953012,0.8758968000241679,0.8922393678150495,0.888896149826877,63.90196413933927,50.40004560000066,103.58850505966802,1135.384365956251,1426.4021060455864,0.6666666666666666,-0.064989180086788,0.7912990559850913,0.9213942084093056,0.6666666666666666,0.05797748657987867,0.6683323893184246,0.8230390346222004,0.6666666666666666,benchmark,ok,646.2
medium,low,300,dense,3,gamma_medium__noise_low__T_300__density_dense__seed_003,1.0,1426.0,True,1,0.872756104880249,0.8623758977416566,0.8813922607515634,0.8767136639858533,66.60699958666197,52.37359438427265,-344.77678021976425,694.0959849528105,795.7073287395825,0.5,-0.38106745146979354,0.5670682044219749,0.690357337833554,0.5,-0.20701745146979353,0.3930182044219748,0.4869280041388247,0.5,benchmark,ok,667.6
medium,low,300,dense,5,gamma_medium__noise_low__T_300__density_dense__seed_005,1.01,927.0,False,7,0.8919969075053144,0.8829318903675353,0.8991318115747792,0.8964882843781914,59.49300714412409,47.775911853225985,-244.70594224837137,473.89659087548733,542.7010005238786,0.8333333333333334,-0.21973704735809896,0.36696355417797094,0.4454986824018948,0.8333333333333334,-0.0848037140247657,0.23203022084463765,0.2756020571717617,0.8333333333333334,benchmark,ok,644.0
medium,low,300,medium,1,gamma_medium__noise_low__T_300__density_medium__seed_001,1.01,1271.0,False,5,0.8841702115873783,0.8754666004451831,0.8919371538559863,0.8886889129878992,61.66326464390694,48.38161000674743,-95.17299584783244,677.5426892785835,892.6688291002816,0.6666666666666666,-0.15409927984376323,0.46637226539511795,0.5905659414247683,0.6666666666666666,-0.08456594651042997,0.40711270935545674,0.5338193488171521,0.8333333333333334,benchmark,ok,656.4
medium,low,300,medium,2,gamma_medium__noise_low__T_300__density_medium__seed_002,1.0,1146.0,True,1,0.885103426436545,0.8759890985604102,0.8937674578878726,0.8893455214577428,63.766725183157725,50.35356759768411,355.9871177750818,1273.7450335038639,1857.977733399541,0.5,0.0686119241479453,0.8606769017473654,1.1267225480663206,0.5,0.14172859081461195,0.7971935684140323,1.0758195983384398,0.5,benchmark,ok,654.9
medium,low,300,medium,4,gamma_medium__noise_low__T_300__density_medium__seed_004,1.0,1045.0,True,0,0.898064368771637,0.8910342490088785,0.9051723707733506,0.9016735004769342,60.98314819835315,49.01874065996764,-121.1748542995969,585.8223450456252,673.5633387677822,0.6666666666666666,-0.20781789917268864,0.47317827191893297,0.5788584719967113,0.6666666666666666,-0.1198345658393553,0.3928949385855997,0.4629823923350047,0.6666666666666666,benchmark,ok,643.6
medium,low,300,medium,3,gamma_medium__noise_low__T_300__density_medium__seed_003,1.0,1441.0,True,5,0.8704064488965785,0.8598088630338683,0.8804958110548065,0.8745401481508661,66.93243864891217,52.50234914282781,-244.21382748553552,696.5763857798916,799.9268444433875,0.5,-0.31799962939858767,0.5703612283025521,0.6970165460608966,0.5,-0.212432962731921,0.47526122830255213,0.5573760230385179,0.5,benchmark,ok,661.6
medium,low,300,medium,5,gamma_medium__noise_low__T_300__density_medium__seed_005,1.0,1315.0,True,3,0.8916635256452646,0.8835481529929575,0.8998457467316909,0.8958907966568885,59.49968121600937,47.58890040046771,-122.72914029306328,457.7491342553163,534.901685458189,0.8333333333333334,-0.14544443512785088,0.35409775616732403,0.4330927045181251,0.8333333333333334,-0.06126110179451751,0.280147756167324,0.34063933362354004,0.8333333333333334,benchmark,ok,650.9
medium,low,300,sparse,1,gamma_medium__noise_low__T_300__density_sparse__seed_001,1.01,776.0,False,3,0.8827737298501852,0.8725700073165639,0.8912990714355523,0.8872328737836136,61.77600055836753,48.440570674194596,-71.99148706079912,581.2534575074831,684.6212181917313,0.5,-0.11851691374923724,0.4039980305647062,0.46544397030927365,0.5,-0.07898358041590392,0.38999803056470617,0.45057238907346847,0.6666666666666666,benchmark,ok,658.4
medium,low,80,dense,1,gamma_medium__noise_low__T_80__density_dense__seed_001,1.0,2116.0,True,3,0.8513381531561636,0.8219908233343847,0.873411721232801,0.8662778165551602,46.32908344469467,37.0259729469445,29.20664067564512,104.3552855841251,140.68779902428878,0.8333333333333334,0.039036277079460835,0.26371501950347614,0.35072392977747324,0.8333333333333334,0.1002196104127942,0.29587410362838845,0.3659704935206484,0.8333333333333334,benchmark,ok,307.7
medium,low,80,dense,2,gamma_medium__noise_low__T_80__density_dense__seed_002,1.0,1586.0,True,1,0.8491526095471457,0.8194705204758743,0.8743420702448473,0.8634240392453831,51.42119308532173,41.862422733371865,101.87951950996926,148.0371746735131,207.83671632042774,1.0,0.2320742426989589,0.3744669658930861,0.4753412507610881,1.0,0.33007424269895885,0.4225336325597528,0.5446273527447671,1.0,benchmark,ok,301.1
medium,low,300,sparse,2,gamma_medium__noise_low__T_300__density_sparse__seed_002,1.01,883.0,False,1,0.8846553050616535,0.8765673999383603,0.893728029888946,0.8890821446593141,63.891227951943605,50.447906278630505,327.2918264170759,1063.6697422404184,1404.7857412724607,0.3333333333333333,0.0903641991677202,0.7332216285650137,0.8912253225927337,0.3333333333333333,0.13524753250105348,0.6883382952316803,0.848951196678233,0.3333333333333333,benchmark,ok,661.1
medium,low,80,dense,4,gamma_medium__noise_low__T_80__density_dense__seed_004,1.0,1849.0,True,1,0.8537344538931609,0.8261906547154508,0.8768056557992793,0.8681788537821759,50.02447953628231,39.620541258229785,78.1112747652151,188.3078262243869,216.0218405838553,1.0,0.1250088369990918,0.5339138462355046,0.5849450114895192,1.0,0.22240883699909175,0.506847179568838,0.5713164862588692,1.0,benchmark,ok,296.4
medium,low,80,dense,3,gamma_medium__noise_low__T_80__density_dense__seed_003,1.0,1825.0,True,0,0.8771698521970026,0.85412912904464,0.8966848724535282,0.8923856965095109,41.85987235389172,34.84749458829433,56.675409277763556,204.5341238621013,241.18328799297208,0.8333333333333334,-0.004834641204630878,0.7080669448651538,0.8379094760358244,0.8333333333333334,0.18694869212870255,0.5448919601795542,0.6700380928335813,1.0,benchmark,ok,313.1
medium,low,300,sparse,3,gamma_medium__noise_low__T_300__density_sparse__seed_003,1.01,1377.0,False,1,0.8684020465294054,0.8577629720383823,0.877223048017403,0.8728021144692367,67.35859067062559,52.66165881462372,-273.784411996484,589.8320811561006,666.0216132604377,0.3333333333333333,-0.3101005791704371,0.49926520241813277,0.6124732729916964,0.3333333333333333,-0.2451339125037704,0.4342985357514661,0.5163474689785491,0.3333333333333333,benchmark,ok,640.7
medium,low,300,sparse,4,gamma_medium__noise_low__T_300__density_sparse__seed_004,1.01,735.0,False,0,0.8970179608701869,0.8897066711169965,0.904245549178781,0.9007920933769933,61.26763999306579,49.11541391311333,-137.8790733190951,491.98658670260266,542.7390692561308,0.6666666666666666,-0.19473488014729956,0.4131477800932757,0.5156316472686716,0.6666666666666666,-0.13835154681396625,0.3567644467599423,0.4186392008639685,0.6666666666666666,benchmark,ok,637.8
medium,low,80,dense,5,gamma_medium__noise_low__T_80__density_dense__seed_005,1.0,1520.0,True,1,0.902270855832357,0.887359539251008,0.9183323369162839,0.9135757000024959,40.98566844999266,34.016207666338836,10.565868629261885,207.14429106769865,257.1847580853441,0.8333333333333334,-0.06886041767993667,0.6389930480641138,0.8186822051009944,0.8333333333333334,0.02578958232006337,0.5931430480641139,0.7345006273978592,0.8333333333333334,benchmark,ok,322.6
medium,low,80,medium,2,gamma_medium__noise_low__T_80__density_medium__seed_002,1.0,2045.0,True,2,0.8476508744028547,0.8154567444170535,0.8705850958987243,0.8630384572358865,51.456317332530354,41.77301255694768,129.99100058484848,187.0914491814782,255.53658707693964,1.0,0.30184090532848956,0.4768480659540308,0.6068083349302853,1.0,0.3551242386618229,0.4794647326206975,0.6228196803985444,1.0,benchmark,ok,298.0
medium,low,80,medium,3,gamma_medium__noise_low__T_80__density_medium__seed_003,1.0,1907.0,True,3,0.8778920276937074,0.8552378809007322,0.8966803151597482,0.893116387606413,41.69081838084946,34.84804433058419,131.1646584310373,289.4116682960269,377.85120882195537,0.8333333333333334,0.10644557070936629,0.9140237636506235,1.0786375779942212,0.8333333333333334,0.2413955707093662,0.8072737636506235,0.9641700423924638,0.8333333333333334,benchmark,ok,302.2
medium,low,300,sparse,5,gamma_medium__noise_low__T_300__density_sparse__seed_005,1.01,879.0,False,2,0.8916543858756243,0.8833943137883167,0.898287006445283,0.8960276705831725,59.23164492119687,47.45688992561604,-109.22730384771955,399.56929680519215,499.03546942518824,0.6666666666666666,-0.1063191504039646,0.3142753436000049,0.4159385668030282,0.6666666666666666,-0.056685817070631216,0.2646420102666715,0.3448737915349252,0.6666666666666666,benchmark,ok,631.0
medium,low,80,medium,4,gamma_medium__noise_low__T_80__density_medium__seed_004,1.0,1637.0,True,1,0.8534781606203111,0.8242317423152985,0.8795948952012642,0.8676498148125465,49.97987287624774,39.902500651052065,90.73859454355262,191.12947768409606,228.36467972116796,1.0,0.16875424290951904,0.5446145017288779,0.6321470093212574,1.0,0.228254242909519,0.5109478350622112,0.6040003800828478,1.0,benchmark,ok,294.7
medium,low,80,medium,1,gamma_medium__noise_low__T_80__density_medium__seed_001,1.0,1659.0,True,0,0.8494531241262769,0.8250554927544431,0.8729085244630012,0.8644615878238953,46.41302076755643,37.16661001916972,52.02690817050321,118.93647567451286,157.93252821206372,0.8333333333333334,0.10382442751012776,0.3041001891974168,0.40390924776987513,0.8333333333333334,0.1353910941767944,0.30607775469015636,0.39904293067941815,0.8333333333333334,benchmark,ok,316.0
medium,low,80,medium,5,gamma_medium__noise_low__T_80__density_medium__seed_005,1.0,1703.0,True,0,0.902857004561391,0.8872934953508216,0.9179575291135798,0.913766020852737,40.753118162572775,33.765641638026054,23.65171626095219,227.44770659079578,288.7618125095123,0.6666666666666666,-0.02796845664467947,0.6841589915214769,0.869916551735529,0.6666666666666666,0.029714876688653857,0.6507089915214768,0.8201228688088528,0.8333333333333334,benchmark,ok,323.6
medium,low,80,sparse,1,gamma_medium__noise_low__T_80__density_sparse__seed_001,1.0,2068.0,True,1,0.8458367232057548,0.8164664747229028,0.8697982851105296,0.8607279534986612,46.83453071866841,37.258282730447775,72.24800390175945,136.566924286243,186.59529730381354,0.6666666666666666,0.15098924840419206,0.3413023082510101,0.45990676836422606,0.6666666666666666,0.1685725817375254,0.34828564158434344,0.46258234064596465,0.6666666666666666,benchmark,ok,324.2
medium,low,80,sparse,2,gamma_medium__noise_low__T_80__density_sparse__seed_002,1.0,1340.0,True,1,0.8474634731576255,0.82070494494008,0.8749912740638117,0.8630425837532928,51.32115629676134,41.45291831705392,138.14014040044333,172.60632718138825,247.068584266893,0.8333333333333334,0.341827117373339,0.4417314315559256,0.6142514062207671,0.8333333333333334,0.3737937840400056,0.4566980982225923,0.6276802788916391,0.8333333333333334,benchmark,ok,292.8
medium,low,80,sparse,3,gamma_medium__noise_low__T_80__density_sparse__seed_003,1.0,1524.0,True,0,0.8794230849511946,0.8562743525971869,0.8966901341053698,0.8946303458405068,41.09840547371846,34.085029873316344,162.85906902366568,309.92468546210995,413.7766830007462,0.6666666666666666,0.1975664049038015,0.9374396208978544,1.1125816554082597,0.6666666666666666,0.25526640490380154,0.9015396208978544,1.0580349356226513,0.6666666666666666,benchmark,ok,307.9
medium,low,80,sparse,4,gamma_medium__noise_low__T_80__density_sparse__seed_004,1.0,1630.0,True,0,0.8529651297860757,0.8230697052799357,0.8768242417490795,0.8671875257133288,50.014313002899314,40.0360769066814,107.90627330714325,188.48737221738602,239.0545838081212,0.8333333333333334,0.22700589430477688,0.5295628084462344,0.6516020242049799,0.8333333333333334,0.25157256097144354,0.5218628084462344,0.6462244480671095,0.8333333333333334,benchmark,ok,316.7
medium,low,80,sparse,5,gamma_medium__noise_low__T_80__density_sparse__seed_005,1.0,1478.0,True,0,0.9004924436031412,0.8850428375765744,0.9141945290653567,0.9121224051354918,41.176396668577105,34.33198938521255,40.40996033156916,238.5914567593164,310.8738096554849,0.6666666666666666,0.020383357422936805,0.7078220388976187,0.911484463302772,0.6666666666666666,0.056183357422936786,0.6908220388976187,0.8696107920056779,0.6666666666666666,benchmark,ok,325.9
medium,medium,156,dense,2,gamma_medium__noise_medium__T_156__density_dense__seed_002,1.0,1878.0,True,1,0.745580315600019,0.7131635998892516,0.7816814455504368,0.757411774588625,78.39512875226858,60.75901337051692,-165.8805716102186,280.6437843902782,311.59939473801865,0.8333333333333334,-0.36516385040233973,0.48726090916919834,0.5901060633072988,0.8333333333333334,-0.18591385040233974,0.3542846697805309,0.3890361939753506,1.0,benchmark,ok,389.6
medium,medium,156,dense,1,gamma_medium__noise_medium__T_156__density_dense__seed_001,1.0,1754.0,True,0,0.8303023972912112,0.810219709296827,0.8509895683322969,0.8413194260723116,69.28020115463865,54.82463999556327,14.372600863189808,247.0457041157865,284.4491698851464,0.8333333333333334,-0.006458561597244626,0.36877838005103,0.44411919630290236,0.8333333333333334,0.1171081050694221,0.2983117133843632,0.38449934528348123,0.8333333333333334,benchmark,ok,411.6
medium,medium,156,dense,3,gamma_medium__noise_medium__T_156__density_dense__seed_003,1.01,1204.0,False,0,0.8151100009301292,0.7903938167252689,0.8383256995702747,0.8269136940157631,67.72747582148183,55.836341686080864,-235.46727686215772,235.46727686215772,264.4904026622758,1.0,-0.36991924211534477,0.36991924211534477,0.43287558286766176,1.0,-0.11821924211534478,0.2749759707647373,0.3217416267486889,1.0,benchmark,ok,432.0
medium,medium,156,dense,5,gamma_medium__noise_medium__T_156__density_dense__seed_005,1.0,1609.0,True,0,0.7321664386849447,0.6902499558977828,0.7650122224003104,0.7448998167046995,80.12983364775329,65.07255779020875,-129.69564064236894,260.028076668918,309.5498170441362,0.6666666666666666,-0.2509603692083296,0.4033199606964219,0.5057576647566356,0.6666666666666666,-0.12146036920832964,0.3230532940297553,0.3911880280864878,0.8333333333333334,benchmark,ok,414.1
medium,medium,156,dense,4,gamma_medium__noise_medium__T_156__density_dense__seed_004,1.0,1526.0,True,0,0.8012662595043287,0.7763662887339686,0.827142781230818,0.8114252345010448,67.26319606141044,53.44572984516701,-58.925212005037416,155.10580520973463,213.6240835980435,0.8333333333333334,-0.10175898720908784,0.19986006100193862,0.28164910316286795,0.8333333333333334,-0.004942320542421182,0.21397672766860532,0.29166784713410643,0.8333333333333334,benchmark,ok,431.1
medium,medium,156,medium,1,gamma_medium__noise_medium__T_156__density_medium__seed_001,1.0,1609.0,True,6,0.8302409038113843,0.8115860468924646,0.8510639539166786,0.8417640748145168,69.01154062131037,54.84255497382268,115.54425213121702,235.3079081134808,265.9085013858123,0.8333333333333334,0.11541954700258152,0.34831678120854676,0.4147710930261299,0.8333333333333334,0.1816695470025815,0.34946678120854663,0.40514548596845334,0.8333333333333334,benchmark,ok,421.9
medium,medium,156,medium,2,gamma_medium__noise_medium__T_156__density_medium__seed_002,1.0,1993.0,True,0,0.7479598542227452,0.7116914296288346,0.7835436589990747,0.7589154830505298,78.10054835735993,60.41393070789663,-88.1466920947729,375.4973549085362,399.94324090694465,0.8333333333333334,-0.2856973259360655,0.6105330995601442,0.6811763356703108,0.8333333333333334,-0.16621399260273212,0.5022497662268108,0.5354840920585093,1.0,benchmark,ok,393.0
medium,medium,156,medium,3,gamma_medium__noise_medium__T_156__density_medium__seed_003,1.0,1007.0,True,0,0.8142232296911109,0.7911295192870353,0.8362514428497755,0.8257180038935295,67.84861434511767,56.064461290761045,-163.01704296125837,279.51108610036385,297.4372109636391,1.0,-0.2543281715888726,0.4078584269395023,0.42724998174270445,1.0,-0.11812817158887252,0.29741861918530327,0.3650052924240922,1.0,benchmark,ok,430.7
medium,medium,156,medium,4,gamma_medium__noise_medium__T_156__density_medium__seed_004,1.01,1440.0,False,2,0.7993854335994706,0.7716611971165358,0.8265059991689495,0.8107649986049386,67.29710378123566,53.4496329653437,12.366033084515673,178.61697389774267,250.85168987342524,1.0,-0.019163882214984395,0.2241059623672962,0.3067786627491683,1.0,0.03703611778501561,0.23729656294052467,0.31122678940433735,1.0,benchmark,ok,428.1
medium,medium,156,medium,5,gamma_medium__noise_medium__T_156__density_medium__seed_005,1.0,1403.0,True,2,0.7292678683434458,0.6909493998636382,0.765669617431735,0.7419476162914402,80.70049799177549,65.57520655895009,-58.59589271063868,362.21177024030175,400.9713371747424,0.6666666666666666,-0.17769707722245234,0.5240964811782763,0.5928424952884258,0.6666666666666666,-0.1008637438891191,0.4570964811782765,0.5156659448510882,0.8333333333333334,benchmark,ok,416.8
medium,medium,156,sparse,1,gamma_medium__noise_medium__T_156__density_sparse__seed_001,1.0,1449.0,True,2,0.8332722317329412,0.8117699138203829,0.8519253993336378,0.8436743657303614,68.68553651848923,54.452323125550755,173.44185358765534,286.4552390338397,310.6211605115557,0.6666666666666666,0.19706599752240364,0.41682695334514985,0.4664405755745573,0.6666666666666666,0.24156599752240362,0.39486028667848316,0.43748918938519116,0.6666666666666666,benchmark,ok,423.3
medium,medium,156,sparse,2,gamma_medium__noise_medium__T_156__density_sparse__seed_002,1.01,1101.0,False,0,0.7446823275783501,0.7136584787340475,0.780286176277597,0.7567893433492568,78.29354419742005,60.56680540209609,-61.47961906786179,340.33790426680054,352.24103452995024,0.8333333333333334,-0.2123128494015979,0.537053208617162,0.5682531480768152,0.8333333333333334,-0.16319618273493128,0.48793654195049535,0.516431900333636,0.8333333333333334,benchmark,ok,402.9
medium,medium,156,sparse,3,gamma_medium__noise_medium__T_156__density_sparse__seed_003,1.0,813.0,True,0,0.8176397997200241,0.7941738873936033,0.8378820605347467,0.8283398448177294,67.39796238026344,55.723259252746594,-155.2193434915737,329.2492461120932,380.33673708760824,0.8333333333333334,-0.23209568110928136,0.46274128114070107,0.513895232245718,0.8333333333333334,-0.13587901444261463,0.3665246144740344,0.4480030978647949,0.8333333333333334,benchmark,ok,432.9
medium,medium,156,sparse,4,gamma_medium__noise_medium__T_156__density_sparse__seed_004,1.01,1130.0,False,0,0.8000480046013786,0.7743568223818511,0.8289151626154654,0.8106789648934466,67.19230309458369,52.922664618775975,35.75465745689262,157.50882760191178,210.70372483673847,0.8333333333333334,0.02465574710127431,0.20096186745339917,0.2721612345200457,0.8333333333333334,0.05937241376794098,0.23567853412006587,0.2851576627631506,0.8333333333333334,benchmark,ok,442.2
medium,medium,156,sparse,5,gamma_medium__noise_medium__T_156__density_sparse__seed_005,1.0,1725.0,True,1,0.7308973379094159,0.688902826964752,0.7654869239919857,0.7448656053346003,80.49436593017141,65.43304491668151,-72.69736440662697,313.67422654662556,396.0351103285481,0.6666666666666666,-0.17815920073347044,0.471041715171769,0.5846051342761724,0.6666666666666666,-0.12247586740013701,0.41535838183843565,0.5263472663558638,0.6666666666666666,benchmark,ok,413.0
medium,medium,300,dense,1,gamma_medium__noise_medium__T_300__density_dense__seed_001,1.0,1570.0,True,0,0.8162140158819631,0.7991431416141214,0.8303920467893108,0.8219225627922422,81.87286633330491,64.32209932671438,-319.1664498528973,522.8067775016947,602.1254327647515,0.8333333333333334,-0.26730248470706225,0.3878168127470098,0.47514038570581973,0.8333333333333334,-0.151469151373729,0.30014344558248063,0.3967970592240607,0.8333333333333334,benchmark,ok,648.2
medium,medium,300,dense,3,gamma_medium__noise_medium__T_300__density_dense__seed_003,1.0,1945.0,True,4,0.7918252246988443,0.7700118221133508,0.8093653079494333,0.7983681317599287,89.67472051283421,70.69014446757585,-356.2507082613261,622.7275480652225,769.0149061398605,0.5,-0.3928624615752385,0.5347539706305243,0.7101558096286418,0.5,-0.2188124615752386,0.409085537543093,0.5147766126737315,0.6666666666666666,benchmark,ok,618.0
medium,medium,300,dense,2,gamma_medium__noise_medium__T_300__density_dense__seed_002,1.0,1427.0,True,0,0.8161868823037739,0.7988633392717485,0.8310289254345141,0.8213524625585993,84.26874681322448,65.94490986292,99.52501628273012,1099.463677812859,1392.8483805969988,0.6666666666666666,-0.0703871376382923,0.77560614405039,0.9182653523105102,0.6666666666666666,0.052579529028374296,0.6526394773837234,0.818669362698201,0.6666666666666666,benchmark,ok,646.7
medium,medium,300,dense,4,gamma_medium__noise_medium__T_300__density_dense__seed_004,1.0,1356.0,True,1,0.8343548958726599,0.8175162859718652,0.8467825537826925,0.8399164654064333,80.73070834851875,64.71465055794707,-157.4579947791743,631.407612363277,715.5603396870014,0.6666666666666666,-0.2341330953309421,0.518276708770289,0.6322766177694253,0.6666666666666666,-0.09008309533094216,0.37422670877028913,0.448617175427764,0.8333333333333334,benchmark,ok,632.1
medium,medium,300,medium,1,gamma_medium__noise_medium__T_300__density_medium__seed_001,1.0,1505.0,True,4,0.8160891373177454,0.7997350391837095,0.829715912227711,0.8216803887582069,81.87184169557115,64.19926924643954,-117.33819618386036,611.5674254498709,792.1406069775682,0.8333333333333334,-0.16002858895859676,0.4308023974014179,0.5614013369898843,0.8333333333333334,-0.09049525562526345,0.39536906406808464,0.5046611399780285,0.8333333333333334,benchmark,ok,624.3
medium,medium,300,dense,5,gamma_medium__noise_medium__T_300__density_dense__seed_005,1.01,1558.0,False,0,0.8224031993233676,0.8043316170193863,0.835756004301999,0.828626349740843,78.54802753880135,63.88124729056041,-251.2512139824627,480.97733826632583,588.20321148125,0.8333333333333334,-0.2017647899437778,0.37996243627825715,0.48997522073515726,0.8333333333333334,-0.06683145661044454,0.24611330353180152,0.3445411400897134,0.8333333333333334,benchmark,ok,647.5
medium,medium,300,medium,2,gamma_medium__noise_medium__T_300__density_medium__seed_002,1.0,1633.0,True,2,0.8156902476968453,0.7992063152251663,0.8318359307024638,0.8218965546177381,84.15699696283112,65.97328221230062,401.2009994440776,1384.109980867257,1968.665582603251,0.5,0.08716940189829958,0.9414853853785452,1.206320005641766,0.5,0.1602860685649662,0.8780020520452118,1.1541709847617618,0.5,benchmark,ok,655.1
medium,medium,300,medium,3,gamma_medium__noise_medium__T_300__density_medium__seed_003,1.0,1700.0,True,2,0.7889933145514958,0.7686396645907208,0.8085735483217049,0.7950607549996849,90.09478806611267,71.06702465767641,-275.20646641197044,684.6506587447353,776.6277374070828,0.5,-0.33672318832206155,0.5758948363190107,0.7124464202075695,0.5,-0.2311565216553948,0.4807948363190108,0.5725334308083061,0.5,benchmark,ok,649.0
medium,medium,300,medium,4,gamma_medium__noise_medium__T_300__density_medium__seed_004,1.0,1352.0,True,1,0.8330846178399565,0.8187774943483686,0.8479375989936585,0.839021483032121,80.77814666631777,64.73906888919215,-98.00922225769382,589.049037365021,657.5379095284665,0.6666666666666666,-0.19170931279686323,0.4868888626765848,0.5939772396664063,0.6666666666666666,-0.1037259794635299,0.4066055293432515,0.4769777432908586,0.8333333333333334,benchmark,ok,633.7
medium,medium,80,dense,2,gamma_medium__noise_medium__T_80__density_dense__seed_002,1.0,1387.0,True,1,0.7789334025807352,0.7342763151615055,0.8156661136525237,0.7967086608639865,66.70295711746934,53.77377466848949,112.84490050892454,146.72797658136184,202.38929339944582,1.0,0.27183958357387356,0.3769455379945503,0.4848364399890919,1.0,0.36983958357387353,0.425012204661217,0.569057907060446,1.0,benchmark,ok,231.3
medium,medium,80,dense,1,gamma_medium__noise_medium__T_80__density_dense__seed_001,1.0,1537.0,True,0,0.7750161876216723,0.7286184468098424,0.813648612041121,0.7911723407420979,60.64301487420701,49.14267669511595,43.67092557446866,104.27044620955559,135.5202363500275,0.8333333333333334,0.08660970321195578,0.2697210673571913,0.3529637146255827,0.8333333333333334,0.14779303654528916,0.308637734023858,0.38379868325932437,0.8333333333333334,benchmark,ok,240.2
medium,medium,300,medium,5,gamma_medium__noise_medium__T_300__density_medium__seed_005,1.0,1915.0,True,4,0.8228993754082257,0.8090169203410886,0.8385421389327847,0.8284128818803367,78.37700938932724,63.50006763395748,-141.05640745402408,427.98749701277103,555.9487387065652,0.8333333333333334,-0.13533822017210742,0.3505556080699746,0.47050086818381026,0.8333333333333334,-0.05115488683877408,0.27660560806997453,0.39039941291048064,0.8333333333333334,benchmark,ok,633.5
medium,medium,80,dense,3,gamma_medium__noise_medium__T_80__density_dense__seed_003,1.0,1380.0,True,1,0.8061845455611751,0.7642410562976211,0.8381087693292133,0.8273341596261868,55.604271916025915,46.00003462032654,90.43401462392897,213.12189741599477,284.50464116000455,0.8333333333333334,0.11745940660717318,0.732831227005553,0.9456229728342803,0.8333333333333334,0.3092427399405066,0.6016145603388864,0.8227057511437956,1.0,benchmark,ok,282.1
medium,medium,300,sparse,1,gamma_medium__noise_medium__T_300__density_sparse__seed_001,1.0,1636.0,True,4,0.8144076954849583,0.7986423940232363,0.8316196024351954,0.8201125153771632,81.9265189116068,64.14140028532543,-90.08498723377141,546.7972177344964,605.9936723873759,0.6666666666666666,-0.12133049480427753,0.3902999595088814,0.448607943204743,0.6666666666666666,-0.0817971614709442,0.3762999595088814,0.4444134787961001,0.6666666666666666,benchmark,ok,624.8
medium,medium,80,dense,4,gamma_medium__noise_medium__T_80__density_dense__seed_004,1.0,1286.0,True,0,0.767237126675296,0.7171484130006807,0.8055778458661573,0.7829868260459987,66.3701189443133,53.90435743592629,89.43784283698267,217.32849964343612,247.41752174261737,1.0,0.1503383889599493,0.6103317387532378,0.6638163079319225,1.0,0.2477383889599493,0.5832650720865712,0.6504038696045431,1.0,benchmark,ok,220.4
medium,medium,300,sparse,2,gamma_medium__noise_medium__T_300__density_sparse__seed_002,1.0,1519.0,True,1,0.8159591158716232,0.7982883483253201,0.8290656284637022,0.8220486776032166,84.20816527119823,66.00383192631527,358.95236154445,1109.381827677328,1491.4910873133754,0.5,0.10031231571334553,0.7630092359665288,0.9393263633142835,0.5,0.1451956490466788,0.7181259026331955,0.9004608285219501,0.5,benchmark,ok,639.9
medium,medium,300,sparse,3,gamma_medium__noise_medium__T_300__density_sparse__seed_003,1.0,2058.0,True,1,0.7876521990928886,0.7695208681140103,0.8070818563502434,0.7937306357135714,90.35983290618974,71.14835664205151,-283.3495527633127,581.5141782728879,702.8511309005903,0.3333333333333333,-0.31515143696293785,0.502160391467256,0.6380515398521033,0.3333333333333333,-0.2501847702962711,0.4371937248005893,0.5515030100987648,0.5,benchmark,ok,619.6
medium,medium,300,sparse,4,gamma_medium__noise_medium__T_300__density_sparse__seed_004,1.0,1201.0,True,0,0.8335590643367339,0.8189593668247793,0.8482987148465594,0.8384691828122383,80.93723354058396,64.76841868184103,-123.3399159833508,484.2464645341174,568.3894663929526,0.6666666666666666,-0.17548397854729245,0.424124458582621,0.5414695656169761,0.6666666666666666,-0.11910064521395909,0.36774112524928765,0.4529925517638948,0.6666666666666666,benchmark,ok,629.2
medium,medium,80,dense,5,gamma_medium__noise_medium__T_80__density_dense__seed_005,1.0,1985.0,True,0,0.8477316686326116,0.8234400151171988,0.8699083621678378,0.8604190548833905,55.1742288077049,46.30593756656997,28.473607271393117,231.4437690194853,293.62921870145175,0.8333333333333334,-0.028438487974152566,0.7013845349347109,0.8900986697771627,0.8333333333333334,0.06621151202584749,0.6555345349347109,0.8185124457100651,0.8333333333333334,benchmark,ok,302.8
medium,medium,300,sparse,5,gamma_medium__noise_medium__T_300__density_sparse__seed_005,1.0,1463.0,True,0,0.8232490112085337,0.8077307603604081,0.8369978593999285,0.8287230417217082,77.96674366463809,63.224820537069206,-153.83668395335533,605.8870601529906,713.1131466815749,0.6666666666666666,-0.11458218444858488,0.44203995511466093,0.5342929202742992,0.6666666666666666,-0.0649488511152515,0.40205572889994395,0.4794820799380261,0.6666666666666666,benchmark,ok,626.3
medium,medium,80,medium,2,gamma_medium__noise_medium__T_80__density_medium__seed_002,1.01,1322.0,False,0,0.775503112996039,0.7276382817451539,0.816759663917254,0.7959430305592191,66.78908951655671,53.86595730170709,142.4301363617374,180.68383533377735,253.08190121790096,1.0,0.3481697879801408,0.46682421313743044,0.6262749763784231,1.0,0.40145312131347416,0.46944087980409704,0.6474514759235873,1.0,benchmark,ok,202.2
medium,medium,80,medium,1,gamma_medium__noise_medium__T_80__density_medium__seed_001,1.01,1542.0,False,3,0.773297079953893,0.7309180506847168,0.8145770470897321,0.7897630071506421,60.54514195801586,49.50234030451351,51.08990785377025,115.89977002451906,161.80825181247477,0.8333333333333334,0.11189352248135936,0.3077038325538804,0.42906367753863095,0.8333333333333334,0.14346018914802602,0.31670383255388046,0.4261844915822899,0.8333333333333334,benchmark,ok,245.7
medium,medium,80,medium,3,gamma_medium__noise_medium__T_80__density_medium__seed_003,1.0,1315.0,True,3,0.8087943964485996,0.7708365359975433,0.8397130045456384,0.8285221948400265,55.39800196088244,45.80166268567816,148.85564150757094,279.7738742774235,341.8046090080333,0.8333333333333334,0.21360508650184104,0.8742557790762563,1.0065664199374011,0.8333333333333334,0.34855508650184097,0.7675057790762564,0.9196870767452466,0.8333333333333334,benchmark,ok,237.4
medium,medium,80,medium,4,gamma_medium__noise_medium__T_80__density_medium__seed_004,1.0,1185.0,True,0,0.7640808761756104,0.7164895524617385,0.8052664657127157,0.7812155367476442,66.4660687402502,53.72840118015836,94.46045248709343,206.0653130037558,244.99578015980825,1.0,0.18284125530384351,0.5918281646706866,0.6891511770082938,1.0,0.24234125530384346,0.5581614980040198,0.6645825120524097,1.0,benchmark,ok,229.1
medium,medium,80,sparse,1,gamma_medium__noise_medium__T_80__density_sparse__seed_001,1.01,1346.0,False,0,0.7692149435674096,0.7184181376398747,0.8097914168777018,0.7866007949601785,60.75616467444847,49.71045378687738,77.34793648391461,133.55713171196783,192.5391804894783,0.6666666666666666,0.16853956076470453,0.3383712497136459,0.48578247014256704,0.6666666666666666,0.18612289409803784,0.35595458304697924,0.48882142959346947,0.6666666666666666,benchmark,ok,220.5
medium,medium,80,sparse,2,gamma_medium__noise_medium__T_80__density_sparse__seed_002,1.0,1135.0,True,0,0.7760757505020297,0.7221518448215329,0.8142242753839967,0.7950670269740843,66.74457894443964,53.53266033502847,148.5312087818911,164.63753712587268,250.32969554361478,0.8333333333333334,0.3828919978495386,0.4284410422550426,0.6460669046915013,0.8333333333333334,0.4148586645162053,0.4434077089217093,0.6624581021780713,0.8333333333333334,benchmark,ok,222.3
medium,medium,80,sparse,4,gamma_medium__noise_medium__T_80__density_sparse__seed_004,1.0,1167.0,True,0,0.7638010129916672,0.7123469569039804,0.8027611220456118,0.7797835433350512,66.64615168920473,53.92803027985126,104.63560680023306,212.25564203261897,259.5872959176077,0.8333333333333334,0.2172984455440313,0.60168940327284,0.720565156542297,0.8333333333333334,0.24186511221069795,0.5939894032728401,0.7087583731732555,0.8333333333333334,benchmark,ok,206.9
medium,medium,80,medium,5,gamma_medium__noise_medium__T_80__density_medium__seed_005,1.0,2174.0,True,0,0.8459216217098147,0.8173724519964546,0.8673057220462979,0.8602689718243005,54.93879540806276,45.74774409329946,38.19384213990448,273.38180604284975,334.7344008589357,0.6666666666666666,0.006894337843084093,0.7978280137074423,0.9653655927471381,0.6666666666666666,0.0645776711764174,0.7643780137074424,0.9213890294158568,0.8333333333333334,benchmark,ok,307.5
medium,medium,80,sparse,3,gamma_medium__noise_medium__T_80__density_sparse__seed_003,1.0,1510.0,True,0,0.8090806750794343,0.7759343586673091,0.841607446258425,0.8292399900312684,54.93353061937063,45.27700356727453,206.47829293848113,337.2100815469119,417.0287300971792,0.6666666666666666,0.3506520692227307,1.001995523679448,1.138941697497287,0.6666666666666666,0.4083520692227307,0.966095523679448,1.088431263137578,0.6666666666666666,benchmark,ok,289.7
medium,medium,80,sparse,5,gamma_medium__noise_medium__T_80__density_sparse__seed_005,1.01,2010.0,False,1,0.8419009710328219,0.8154557070348738,0.869063616423198,0.8579196963085297,55.47326892818139,46.176201114726254,64.04508560915717,271.80467266899734,364.2984623489408,0.6666666666666666,0.07149749730292027,0.790852631260554,1.0236889045240298,0.6666666666666666,0.10729749730292025,0.7738526312605541,0.9865751646766047,0.6666666666666666,benchmark,ok,291.8
strong,high,156,dense,1,gamma_strong__noise_high__T_156__density_dense__seed_001,1.0,1326.0,True,0,0.7385656611861827,0.7004059384822333,0.7714239202674462,0.7525134787873525,96.93950705372916,76.2901341259887,26.05593501530952,382.4688213162987,442.2662875908204,0.6666666666666666,-0.014173061243763255,0.5740583575106603,0.6822384393752654,0.6666666666666666,0.24486027208956998,0.41595835751066007,0.556333086233586,0.8333333333333334,benchmark,ok,295.8
strong,high,156,dense,4,gamma_strong__noise_high__T_156__density_dense__seed_004,1.01,1175.0,False,3,0.6772293576912088,0.630397493840534,0.717370734784179,0.6872232700979768,94.2129445502395,74.73533445402165,-160.7734012635672,160.7734012635672,220.8622516255133,1.0,-0.21818582628452862,0.21818582628452862,0.2946145166885836,1.0,-0.014619159617861976,0.1857075899516671,0.2595854209827806,1.0,benchmark,ok,295.6
strong,high,156,dense,2,gamma_strong__noise_high__T_156__density_dense__seed_002,1.0,1460.0,True,0,0.6315696969548932,0.5730898152541992,0.6782527505588408,0.6426633750310113,105.92294678082442,82.01198338685624,-265.6862486805839,362.85175730071006,409.3126741068847,0.6666666666666666,-0.5466071903925608,0.6492750552359409,0.8256786413999033,0.6666666666666666,-0.18630719039256075,0.3290969681412376,0.4135098242208358,1.0,benchmark,ok,345.2
strong,high,156,dense,3,gamma_strong__noise_high__T_156__density_dense__seed_003,1.0,1315.0,True,0,0.7114265396894762,0.6730337438315106,0.7549975635581996,0.7250629444379355,92.50023775179325,76.72645631184426,-304.1537830716799,304.1537830716799,325.11416409906275,0.8333333333333334,-0.44041601758360205,0.44041601758360205,0.4580145934232403,0.8333333333333334,0.051183982416398044,0.3903554428694925,0.49240080946807474,1.0,benchmark,ok,353.1
strong,high,156,medium,2,gamma_strong__noise_high__T_156__density_medium__seed_002,1.0,1278.0,True,1,0.634190641905087,0.5841136884478181,0.6911750978197967,0.6448619220715173,105.60416910755632,81.94244387054982,-142.12989155378366,411.4974497631579,464.905624695636,0.6666666666666666,-0.40019608557245273,0.6963138642892436,0.8470987180721075,0.6666666666666666,-0.16589608557245272,0.5118805309559101,0.5656834938713666,1.0,benchmark,ok,271.8
strong,high,156,medium,1,gamma_strong__noise_high__T_156__density_medium__seed_001,1.0,1377.0,True,1,0.7396194973975867,0.705974756161557,0.7750358069378936,0.7530168180704127,96.69992694013787,76.3748765303415,164.05593481181404,317.3007173888187,369.2249904849255,0.8333333333333334,0.15794709302835575,0.45570355477518504,0.5468241972400119,0.8333333333333334,0.2981304263616891,0.47836974604529886,0.543993152229516,0.8333333333333334,benchmark,ok,288.9
strong,high,156,dense,5,gamma_strong__noise_high__T_156__density_dense__seed_005,1.0,1427.0,True,0,0.587091826471204,0.5189015245773362,0.648941248967782,0.5963360053929312,111.42294896891784,90.55657808619128,-154.02696285650282,267.09466225248065,334.48485168550707,0.8333333333333334,-0.2922585537788,0.42296279024520794,0.5658210215789605,0.8333333333333334,-0.033125220445466654,0.31236279024520797,0.3763882832592734,1.0,benchmark,ok,301.3
strong,high,156,medium,3,gamma_strong__noise_high__T_156__density_medium__seed_003,1.0,1098.0,True,2,0.7095638244664221,0.6703657783057979,0.7451747595466137,0.722662356868553,92.70147621097544,77.17927062915395,-211.70993165875902,283.12025301639727,333.13128176420093,0.8333333333333334,-0.28777068606441486,0.38187576237952264,0.40814522609105963,0.8333333333333334,-0.015154019397748205,0.39929778644965036,0.43795909300813474,1.0,benchmark,ok,346.6
strong,high,156,medium,4,gamma_strong__noise_high__T_156__density_medium__seed_004,1.0,1547.0,True,5,0.6740037658998287,0.6255511889739397,0.7212827429550852,0.6866346956592544,94.24739482909317,75.0873237539325,-64.16590658300017,149.5433655645036,191.4312652079721,1.0,-0.11334276253867492,0.19969302544714385,0.25936690702215714,1.0,0.00405723746132509,0.19931029923351015,0.24758272092020925,1.0,benchmark,ok,307.6
strong,high,156,medium,5,gamma_strong__noise_high__T_156__density_medium__seed_005,1.0,1647.0,True,0,0.5826339590600225,0.5210588097666127,0.6401636970504171,0.5925717051861494,112.28172859979911,91.11890410274212,-82.42408891937798,411.9339349843358,459.66222197031016,0.6666666666666666,-0.22972505653650668,0.5984356736709893,0.6919233104054306,0.6666666666666666,-0.07295838986984003,0.48546900700432255,0.559320307905291,0.8333333333333334,benchmark,ok,326.9
strong,high,156,sparse,1,gamma_strong__noise_high__T_156__density_sparse__seed_001,1.0,1281.0,True,0,0.7430026630352174,0.7062819674606091,0.7809389436247121,0.7582948048725102,95.89372892985106,75.60423992033904,244.63330795669512,380.16220449764313,407.9852059584447,0.6666666666666666,0.2806368801469781,0.5441973464583445,0.5992513457421987,0.6666666666666666,0.36880354681364474,0.5093306797916779,0.5559050345521406,0.6666666666666666,benchmark,ok,312.6
strong,high,156,sparse,2,gamma_strong__noise_high__T_156__density_sparse__seed_002,1.0,1584.0,True,0,0.6251094502137294,0.5642099951507809,0.6774609771560247,0.6383171271993562,106.34313896090192,82.53362170538573,-98.49005031762609,333.7851252285821,361.9605628181803,0.6666666666666666,-0.2747723742311939,0.5619208619603708,0.649485970214433,0.6666666666666666,-0.17863904089786053,0.46578752862703743,0.5473934400952986,0.8333333333333334,benchmark,ok,317.4
strong,high,156,sparse,5,gamma_strong__noise_high__T_156__density_sparse__seed_005,1.01,1401.0,False,0,0.5871280912447924,0.5226391418071614,0.6427384206628104,0.5982124400296228,112.05812916910737,90.75806711854516,-34.80865153660125,389.4081042109872,473.5709132433718,0.6666666666666666,-0.14677808943725365,0.5708082331851146,0.6901111707364237,0.6666666666666666,-0.036378089437253645,0.46040823318511453,0.5862275425978314,0.6666666666666666,benchmark,ok,323.1
strong,high,156,sparse,4,gamma_strong__noise_high__T_156__density_sparse__seed_004,1.01,1906.0,False,0,0.6772213268003434,0.6281647296892698,0.7219113242527557,0.6894295953452112,93.49607964122295,73.69258586601507,-31.46905459820412,131.3367799191062,179.7226498456534,0.8333333333333334,-0.04576418930142335,0.17518928473519516,0.24515927759124598,0.8333333333333334,0.02371914403191,0.2289263752230971,0.28395567008879874,0.8333333333333334,benchmark,ok,363.8
strong,high,156,sparse,3,gamma_strong__noise_high__T_156__density_sparse__seed_003,1.01,686.0,False,1,0.7147309043619364,0.6746707670271345,0.7510061649163933,0.7290747762897583,91.78656423699218,76.42542058569856,-186.28722641693767,369.86152208125253,486.40515488961785,0.6666666666666666,-0.22650558676506063,0.46845470399411115,0.5633133868690205,0.6666666666666666,-0.046255586765060606,0.4944956187384792,0.5865305938912838,0.8333333333333334,benchmark,ok,386.9
strong,high,300,dense,1,gamma_strong__noise_high__T_300__density_dense__seed_001,1.0,1575.0,True,5,0.7094909854843207,0.6803442727547692,0.7372295479213518,0.7149249813451493,112.7513997327119,88.60415592870483,-533.9404318824955,610.7040358730638,788.7622409854563,0.6666666666666666,-0.40490994428815164,0.4555373144207306,0.6108546513767935,0.6666666666666666,-0.1610932776214849,0.3353834278339097,0.4415016427735784,0.8333333333333334,benchmark,ok,569.6
strong,high,300,dense,2,gamma_strong__noise_high__T_300__density_dense__seed_002,1.0,2130.0,True,2,0.7024031102246197,0.6693651604339326,0.7282304284693896,0.7083453766430936,115.4752485032834,89.90947456580477,-290.17396647725815,979.5021049881838,1038.0288201624755,0.6666666666666666,-0.2977721326471832,0.7421313045463078,0.8214566773114585,0.6666666666666666,-0.04495546598051662,0.48931463787964113,0.5808152806469981,0.8333333333333334,benchmark,ok,586.7
strong,high,300,dense,3,gamma_strong__noise_high__T_300__density_dense__seed_003,1.0,1703.0,True,2,0.6740500141860624,0.643235662328412,0.7077624269972681,0.6780150802562317,124.38567921196872,99.1755286940406,-492.4525151288524,812.630000469701,927.6909150102005,0.5,-0.5021074129869507,0.6936982591311015,0.8705014081896927,0.5,-0.16380741298695076,0.4290553638264092,0.5627489282088372,0.8333333333333334,benchmark,ok,533.7
strong,high,300,dense,4,gamma_strong__noise_high__T_300__density_dense__seed_004,1.0,1915.0,True,1,0.7285897418098255,0.7043627423817613,0.7573671571161011,0.7345714379138246,110.97387385087497,89.09078862927242,-212.85059912081155,1075.9177683466435,1186.2286749895034,0.6666666666666666,-0.3350628023495137,0.8448850987468165,0.9714890943877968,0.6666666666666666,-0.05517946901618039,0.5650017654134832,0.6681522804269331,0.8333333333333334,benchmark,ok,600.5
strong,high,300,dense,5,gamma_strong__noise_high__T_300__density_dense__seed_005,1.0,1952.0,True,0,0.7035730352332525,0.6702109619378405,0.7332368942207644,0.7105459704674444,108.41539608683031,88.76840932889681,-379.30116305548836,739.3315940885906,875.3613771223015,0.6666666666666666,-0.3086162172838131,0.580613645862714,0.7016643367684654,0.6666666666666666,-0.03333288395047984,0.3053303125293807,0.41680389777750954,0.8333333333333334,benchmark,ok,563.6
strong,high,300,medium,1,gamma_strong__noise_high__T_300__density_medium__seed_001,1.0,1787.0,True,1,0.7094100279383408,0.6823316163027313,0.7368957090472176,0.7149602115714713,112.7717916504997,88.37475909592472,-212.99986739630472,650.1104590803708,880.9381238362214,0.8333333333333334,-0.23343658429548605,0.4645220499966729,0.651159655734189,0.8333333333333334,-0.08821991762881946,0.3607452911335905,0.535629984264404,0.8333333333333334,benchmark,ok,574.6
strong,high,300,medium,2,gamma_strong__noise_high__T_300__density_medium__seed_002,1.0,1971.0,True,2,0.7013499928904661,0.667255727009515,0.7277905251509584,0.7091524107622142,115.47897893224989,90.20399098756806,45.25168696767738,1150.7178303388432,1386.8129884988202,0.6666666666666666,-0.11663463866923585,0.8314232349455585,0.9643047615114445,0.6666666666666666,0.03329869466409744,0.7240232349455584,0.8377640461854743,0.6666666666666666,benchmark,ok,597.2
strong,high,300,medium,3,gamma_strong__noise_high__T_300__density_medium__seed_003,1.0,1851.0,True,2,0.6649380300926808,0.6288938973975996,0.6965148993718153,0.672045854853297,125.01374460239398,99.66975357693569,-356.3644645639426,796.1708204141278,932.1497131414717,0.5,-0.41828640251992155,0.6772477831918547,0.8673153263508709,0.5,-0.21245306918658827,0.5161144498585214,0.6321477150887795,0.8333333333333334,benchmark,ok,570.9
strong,high,300,medium,4,gamma_strong__noise_high__T_300__density_medium__seed_004,1.0,1928.0,True,0,0.7258772971261235,0.7004176890381533,0.7509383663978685,0.7331205598925628,111.01290826318423,89.09067138004738,-43.45116336371302,968.6255757661098,1146.4723151949952,0.6666666666666666,-0.22740531889623472,0.7644274238492051,0.9170446594323305,0.6666666666666666,-0.05558865222956799,0.6264440905158718,0.7284745748558537,0.8333333333333334,benchmark,ok,602.6
strong,high,80,dense,1,gamma_strong__noise_high__T_80__density_dense__seed_001,1.0,1982.0,True,0,0.6570340816394673,0.5892931868923522,0.7319025684610846,0.672262525881433,83.08330017004343,67.75931149921243,15.001754571856836,102.54228202968979,113.66185878254814,0.8333333333333334,0.01267191339216465,0.27284097343687513,0.30959520347838126,0.8333333333333334,0.1503885800588313,0.29382888999210394,0.36234128839884844,0.8333333333333334,benchmark,ok,177.1
strong,high,80,dense,2,gamma_strong__noise_high__T_80__density_dense__seed_002,1.0,1622.0,True,0,0.6774860152197233,0.6046085159144271,0.7332602678675303,0.6973696452670506,90.14608558337969,72.81787122700283,80.21728447569264,119.22365292717639,173.86229065601273,1.0,0.1723062566423046,0.2973522617882512,0.3838002283831276,1.0,0.3817395899756379,0.41546244852520947,0.5431288960814972,1.0,benchmark,ok,178.8
strong,high,300,medium,5,gamma_strong__noise_high__T_300__density_medium__seed_005,1.01,2307.0,False,0,0.7042935083088157,0.6694458733094429,0.7325219547972596,0.7108304755375191,108.02997053338004,88.15802532321509,-198.71857630147744,697.8436564765371,802.3966398300164,0.8333333333333334,-0.2076229368790823,0.55420175091914,0.6634926006737788,0.8333333333333334,-0.03588960354574903,0.4054012024636515,0.5035889040427385,0.8333333333333334,benchmark,ok,570.2
strong,high,80,dense,3,gamma_strong__noise_high__T_80__density_dense__seed_003,1.0,1802.0,True,1,0.6928149208755637,0.6269532862557579,0.7594620720338834,0.7196939487663628,77.37841436159155,62.216265137112146,73.67708460340236,205.5151758716178,317.0558331353794,0.8333333333333334,0.12650277731594403,0.6889442600195056,1.0213028647781643,0.8333333333333334,0.4823361106492774,0.6306785028825175,0.9242817111709615,1.0,benchmark,ok,186.3
strong,high,80,dense,4,gamma_strong__noise_high__T_80__density_dense__seed_004,1.0,2146.0,True,0,0.6395343841698113,0.5651610219067911,0.7088987573318916,0.6461389695379356,91.14626620568067,74.25929577885522,51.867782842443866,185.76123447369693,195.8000780863709,1.0,0.06293898680287947,0.5435351252169723,0.5736894573077111,1.0,0.27183898680287943,0.5286017918836391,0.5983033618938446,1.0,benchmark,ok,176.1
strong,high,300,sparse,1,gamma_strong__noise_high__T_300__density_sparse__seed_001,1.0,1982.0,True,1,0.7049441057204368,0.675176360049217,0.7337725204781154,0.7120338611954237,112.75050733340497,88.20491511812492,-68.30827391492012,605.9073195351893,702.0573200370161,0.6666666666666666,-0.11815786704959315,0.4325750164229134,0.5244362367905898,0.6666666666666666,-0.03780786704959312,0.42179447695237954,0.526774978068981,0.6666666666666666,benchmark,ok,563.1
strong,high,300,sparse,2,gamma_strong__noise_high__T_300__density_sparse__seed_002,1.0,2126.0,True,0,0.7042992375696537,0.67845361907897,0.7384419073689852,0.7106409631781219,115.44526181687202,90.06143981936248,189.19590579674184,1102.2572105572729,1214.0504662165683,0.5,0.0033760994296647326,0.8009771020703519,0.8728484083390021,0.5,0.09337609942966467,0.7109771020703519,0.7911491700954961,0.5,benchmark,ok,594.8
strong,high,80,medium,1,gamma_strong__noise_high__T_80__density_medium__seed_001,1.0,1791.0,True,0,0.6544004715766691,0.5854043718945269,0.7218144319314641,0.6682842100260779,82.88607103757901,68.19498100817809,46.83947686482483,112.49506050677859,161.39231660964506,0.8333333333333334,0.10795704101194303,0.3057481131768951,0.43278256843624824,0.8333333333333334,0.17779037434527636,0.32263090194222094,0.4420010036930719,1.0,benchmark,ok,182.8
strong,high,80,dense,5,gamma_strong__noise_high__T_80__density_dense__seed_005,1.0,1705.0,True,1,0.7598704219352758,0.7120902319486362,0.7963138533478228,0.7757444122429009,77.32252475731389,63.93827629634258,21.164360546681575,239.49856012699615,293.24099235487324,0.6666666666666666,-0.04996598094475857,0.7261051153531933,0.8942375523404695,0.6666666666666666,0.14470068572190808,0.66597178201986,0.8151547662752805,0.8333333333333334,benchmark,ok,223.7
strong,high,80,medium,2,gamma_strong__noise_high__T_80__density_medium__seed_002,1.0,1947.0,True,2,0.6768561858808478,0.5991715849632402,0.7346301543570151,0.6958321011057289,90.3316938682818,73.29257001738605,147.16224583280703,205.19689878779613,288.8816921119919,1.0,0.3336728769898714,0.516050195587291,0.6849454315376436,1.0,0.4472062103232048,0.5295168622539577,0.726826690003767,1.0,benchmark,ok,165.0
strong,high,300,sparse,3,gamma_strong__noise_high__T_300__density_sparse__seed_003,1.0,1820.0,True,0,0.6620340460019577,0.6284663108687065,0.6937071660518135,0.668599689758765,125.50176318346728,99.80211904687516,-364.71854498726316,817.5356501535545,926.0212815277267,0.3333333333333333,-0.3777497105190662,0.6663709560042029,0.7902518924147316,0.3333333333333333,-0.2527663771857328,0.5413876226708695,0.6676014728610564,0.6666666666666666,benchmark,ok,528.5
strong,high,300,sparse,4,gamma_strong__noise_high__T_300__density_sparse__seed_004,1.0,1637.0,True,0,0.7234490809415147,0.6967016544532866,0.7498363833384435,0.7308727146032674,111.50221948498985,88.88179170620593,-68.99043169547235,706.968518015102,792.0573483942952,0.6666666666666666,-0.16981652349164753,0.6004469827875977,0.7341838194528056,0.6666666666666666,-0.06044985682498083,0.49108031612093095,0.583814052237491,0.8333333333333334,benchmark,ok,562.3
strong,high,300,sparse,5,gamma_strong__noise_high__T_300__density_sparse__seed_005,1.0,1696.0,True,2,0.702394186092965,0.6706495517457356,0.7301699287228214,0.7093361106414786,107.21381029522308,87.37844667033512,-139.6132814502598,757.1571465651232,870.2264092780885,0.6666666666666666,-0.11098101200911566,0.5642600755206938,0.6749967973386848,0.6666666666666666,-0.01093101200911569,0.4642100755206939,0.5714449224354017,0.6666666666666666,benchmark,ok,555.4
strong,high,80,medium,4,gamma_strong__noise_high__T_80__density_medium__seed_004,1.0,1635.0,True,1,0.6381700041753613,0.5656856540840038,0.7044939005406521,0.6445750772301524,91.03523358352528,74.37515426648024,77.86125618572517,211.43619745656238,239.78418901708082,1.0,0.13610637271467205,0.6156994170781959,0.6920915796510407,1.0,0.2597230393813387,0.5705827504115292,0.6725890715224219,1.0,benchmark,ok,165.4
strong,high,80,medium,3,gamma_strong__noise_high__T_80__density_medium__seed_003,1.0,1416.0,True,0,0.6973966198868148,0.6342877889266542,0.7594120142343185,0.7221766571047976,77.11033989881642,62.29404610215325,145.4006245001225,270.980194002859,354.387934565129,0.8333333333333334,0.23029000942744485,0.8587157466315666,1.0847744176029142,0.8333333333333334,0.48004000942744485,0.7752804422865,0.9890423170587054,1.0,benchmark,ok,195.6
strong,high,80,sparse,1,gamma_strong__noise_high__T_80__density_sparse__seed_001,1.0,1777.0,True,0,0.6454406101434241,0.5764503985686829,0.718822769473751,0.6613721783973386,83.21359554580467,68.55461611143234,76.87703057386653,137.034333811754,203.89361475155667,0.8333333333333334,0.1785393037874905,0.3582335069055865,0.5259186576130936,0.8333333333333334,0.2148393037874905,0.3655214341522457,0.5262252144723513,0.8333333333333334,benchmark,ok,171.8
strong,high,80,medium,5,gamma_strong__noise_high__T_80__density_medium__seed_005,1.0,1542.0,True,0,0.7575294230211709,0.7190354126647276,0.7993190579029447,0.7726469182092364,77.16860948836361,63.80851193442258,40.94669608156104,283.6370356653022,344.3882558171466,0.6666666666666666,0.011448353416814513,0.8231192672984228,0.9786391450236207,0.6666666666666666,0.13028168675014778,0.7723526006317561,0.9198132503031315,0.8333333333333334,benchmark,ok,188.9
strong,high,80,sparse,2,gamma_strong__noise_high__T_80__density_sparse__seed_002,1.0,1632.0,True,0,0.6727230978619179,0.6024795210155004,0.733106937837084,0.6919436610548579,90.42669164614799,72.2317510381475,146.44079011191704,167.89665547379954,256.2795937211876,0.8333333333333334,0.38467406156054557,0.4439498284936516,0.6728031748890754,0.8333333333333334,0.448357394893879,0.46796649516031824,0.6986806580208983,0.8333333333333334,benchmark,ok,181.0
strong,high,80,sparse,4,gamma_strong__noise_high__T_80__density_sparse__seed_004,1.0,2024.0,True,0,0.633321791792388,0.5587654438618822,0.7022431637604348,0.6433166230396461,91.22627884414447,74.40415013681373,126.12786281614002,246.80467973009627,310.8263965951524,0.8333333333333334,0.2650025385454065,0.6840548850740223,0.8437947256159763,0.8333333333333334,0.3150192052120732,0.6739715517406891,0.8185460112475028,0.8333333333333334,benchmark,ok,176.7
strong,high,80,sparse,3,gamma_strong__noise_high__T_80__density_sparse__seed_003,1.0,1455.0,True,0,0.6990292056214469,0.6176965678005532,0.7558396932834157,0.7240280604916965,76.16316758175098,61.92388849402194,244.88475915452526,375.6195090990299,462.3354304688476,0.6666666666666666,0.4659691274582076,1.1046640354314718,1.3128095317412083,0.6666666666666666,0.5751524607915409,1.0455140354314718,1.2235864108535521,0.6666666666666666,benchmark,ok,211.3
strong,high,80,sparse,5,gamma_strong__noise_high__T_80__density_sparse__seed_005,1.0,1609.0,True,0,0.752421140543213,0.7004129517131223,0.7958197980404641,0.7675216632395833,78.17588064587316,64.5426177388357,89.77107615943385,298.46343375956343,414.36700933957724,0.6666666666666666,0.13382451284562338,0.8523836693439363,1.1211184752301095,0.6666666666666666,0.2046578461789567,0.8258170026772697,1.0668425138791586,0.6666666666666666,benchmark,ok,219.4
strong,low,156,dense,1,gamma_strong__noise_low__T_156__density_dense__seed_001,1.0,1522.0,True,5,0.8898145586438222,0.8765976770816895,0.8998466616010439,0.8974503913544392,52.09417560889413,42.11663385531848,-125.53943512506636,268.1138874742472,358.4376018869254,0.6666666666666666,-0.21930938698932945,0.41075633042055876,0.5640530059990982,0.6666666666666666,0.03972394634400384,0.2526563304205587,0.3036792458148544,0.8333333333333334,benchmark,ok,435.9
strong,low,156,dense,2,gamma_strong__noise_low__T_156__density_dense__seed_002,1.0,2010.0,True,2,0.826509260681959,0.8069296136968388,0.8470688865585729,0.8361149840549615,60.09271970405509,46.9955430562971,-254.0272118977114,499.70803237889163,521.0365093603888,0.3333333333333333,-0.5279927285796437,0.7875826929204536,0.8413795282620548,0.3333333333333333,-0.16769272857964376,0.4272826929204536,0.4760713832048104,1.0,benchmark,ok,411.2
strong,low,156,dense,3,gamma_strong__noise_low__T_156__density_dense__seed_003,1.0,984.0,True,3,0.87982213353608,0.866249472210455,0.892463846670021,0.8880038454528234,51.78135744517901,42.33752096777894,-290.22703349513574,522.8657066648876,554.8356399338321,0.6666666666666666,-0.5400618421753728,0.7791371784100095,0.8254256754184619,0.6666666666666666,-0.048461842175372714,0.4158218520078072,0.4644396911517329,0.8333333333333334,benchmark,ok,440.8
strong,low,156,medium,1,gamma_strong__noise_low__T_156__density_medium__seed_001,1.0,1489.0,True,3,0.8893485515828589,0.8763162230707893,0.9014356689844686,0.8976616056731838,51.82645533128672,41.85743278278341,0.9233319923498774,269.3262091261775,360.2121476400805,0.8333333333333334,-0.08622090229762402,0.3804176434984223,0.5184282049104845,0.8333333333333334,0.05396243103570938,0.31667006741627873,0.4247914965766337,0.6666666666666666,benchmark,ok,424.5
strong,low,156,dense,5,gamma_strong__noise_low__T_156__density_dense__seed_005,1.01,1032.0,False,1,0.8348331373076159,0.8128725843116605,0.8570655348423967,0.8462216503676425,58.72101756083262,47.815543813403565,-205.59729668547826,270.2761694971268,313.10926172651773,0.6666666666666666,-0.35315732561920093,0.41773148068717975,0.5147143052713044,0.6666666666666666,-0.09402399228586768,0.2535008705813279,0.2944494870289861,0.8333333333333334,benchmark,ok,437.6
strong,low,156,dense,4,gamma_strong__noise_low__T_156__density_dense__seed_004,1.01,1058.0,False,6,0.8771836757386773,0.8627542971428583,0.8916810878323731,0.8859632829722434,50.36574506201244,39.70723514083038,-122.0922432457757,324.3605245215452,375.02543992862826,0.6666666666666666,-0.20694411432210144,0.40854569280207026,0.4503451950349856,0.6666666666666666,-0.0033774476554347954,0.30146334448601586,0.3629752122536796,0.8333333333333334,benchmark,ok,443.9
strong,low,156,medium,2,gamma_strong__noise_low__T_156__density_medium__seed_002,1.0,1998.0,True,0,0.8314627276706658,0.8099378263227837,0.8498823621896899,0.8405997816845971,59.18229751846848,45.96605677330435,-138.96145744207635,523.4667906717988,620.167898310827,0.5,-0.4186122308231322,0.8256010409489467,0.9560681879157369,0.5,-0.1843122308231322,0.6221162694674851,0.7126855492432571,0.6666666666666666,benchmark,ok,431.5
strong,low,156,medium,3,gamma_strong__noise_low__T_156__density_medium__seed_003,1.0,661.0,True,2,0.8765622450704675,0.8623263630177523,0.892421733784218,0.8852989192587418,52.2064328546869,43.08857509568295,-169.99336302634603,343.60816783123545,385.43504972086123,0.8333333333333334,-0.3485235725753624,0.5277417290368074,0.5947208841558893,0.8333333333333334,-0.07590690590869566,0.3294536854475274,0.4034922450298449,0.8333333333333334,benchmark,ok,445.3
strong,low,156,medium,4,gamma_strong__noise_low__T_156__density_medium__seed_004,1.0,1024.0,True,0,0.8769321669258363,0.8611861378325962,0.890665009369869,0.8852741793475774,50.41689958144857,39.801087616128314,-20.67504396251515,306.62910501580774,404.5672083502077,0.8333333333333334,-0.09253501122702312,0.3795009499978906,0.45806442025333866,0.8333333333333334,0.024864988772976864,0.29362500440261835,0.42371464843866263,0.8333333333333334,benchmark,ok,450.4
strong,low,156,sparse,1,gamma_strong__noise_low__T_156__density_sparse__seed_001,1.0,1139.0,True,2,0.8911067017541118,0.8797894032770086,0.9042854222556146,0.8993951270370847,51.52011822565739,41.51446297526029,76.38917131116261,234.55199414752087,292.04630925954245,0.5,0.04171600187222039,0.3492886531376674,0.4665322888885979,0.5,0.12988266853888705,0.3144219864710007,0.36410340487658666,0.6666666666666666,benchmark,ok,438.5
strong,low,156,medium,5,gamma_strong__noise_low__T_156__density_medium__seed_005,1.0,1240.0,True,0,0.8304717693864752,0.8073583623870226,0.8495354570796517,0.8407687082718374,59.88874741330366,48.72477297342888,-110.50475584496901,400.30671352456494,436.2661476382771,0.5,-0.26633336075829095,0.5766572508423781,0.640566274499216,0.5,-0.10956669409162421,0.4636905841757113,0.49299670972822845,0.8333333333333334,benchmark,ok,443.7
strong,low,156,sparse,2,gamma_strong__noise_low__T_156__density_sparse__seed_002,1.01,1771.0,False,1,0.8261952214152205,0.8035963887605376,0.8459169370917495,0.8360645539394715,59.678003493615705,46.14150704199959,-59.51340686760154,432.1385755857555,476.9566866366891,0.5,-0.2231819803541144,0.6385435217048557,0.673470279938088,0.5,-0.12704864702078103,0.5424101883715223,0.5710451011653408,0.8333333333333334,benchmark,ok,418.8
strong,low,156,sparse,3,gamma_strong__noise_low__T_156__density_sparse__seed_003,1.01,528.0,False,2,0.8795431083448343,0.8656983296099554,0.8937083280083514,0.8885545143398933,51.58958852741059,42.579300256225046,-139.09203678049192,286.1852671868162,338.1736019786885,0.5,-0.26045206934841086,0.45523813221339715,0.5524893603404055,0.5,-0.0802020693484108,0.28062291377649257,0.3832249106013294,0.6666666666666666,benchmark,ok,447.8
strong,low,156,sparse,4,gamma_strong__noise_low__T_156__density_sparse__seed_004,1.01,688.0,False,2,0.8776352817401932,0.8638410939264313,0.8915938685020984,0.8863995541364516,49.96067329336278,38.86660140465179,18.227347034418415,225.9693155406503,279.24866489498487,0.8333333333333334,-0.012843726205060774,0.2810665058754704,0.3359041743636065,0.8333333333333334,0.056639607128272575,0.27585778747357426,0.3302412542467191,0.8333333333333334,benchmark,ok,445.7
strong,low,156,sparse,5,gamma_strong__noise_low__T_156__density_sparse__seed_005,1.01,637.0,False,0,0.8330821405835898,0.8091084453151154,0.8527817944774341,0.8440207454942384,59.613592328377,48.4889944296746,-120.93468792699811,307.37632162057116,361.9940620181766,0.6666666666666666,-0.24196060352875606,0.4693109823332782,0.5559615283301118,0.6666666666666666,-0.1315606035287561,0.3589109823332783,0.42963409398440494,0.8333333333333334,benchmark,ok,448.9
strong,low,300,dense,1,gamma_strong__noise_low__T_300__density_dense__seed_001,1.0,1326.0,True,5,0.8867653089183173,0.8772073331706268,0.8947995417624175,0.8910055407895637,61.23648093550014,48.2281608317035,-490.91267983876077,838.2952808431966,932.0286715269672,0.5,-0.40616071191290387,0.5888481162441277,0.6611397333813511,0.5,-0.16234404524623705,0.34503144957746096,0.4364289139591289,0.6666666666666666,benchmark,ok,659.4
strong,low,300,dense,2,gamma_strong__noise_low__T_300__density_dense__seed_002,1.01,1101.0,False,3,0.8839023827294998,0.8743939809935033,0.8923460450283425,0.8879260163969798,64.05410628351152,50.45696293126982,-278.34066447352984,1161.8056092157606,1241.5596443102982,0.16666666666666666,-0.30708788350578303,0.831971241627377,0.8781540472985947,0.16666666666666666,-0.05427121683911629,0.5791545749607102,0.6312184712850614,0.3333333333333333,benchmark,ok,656.6
strong,low,300,dense,3,gamma_strong__noise_low__T_300__density_dense__seed_003,1.06,48.0,False,189,0.876336394123457,0.8662879720061013,0.8859575105262816,0.8804895895812876,65.8261712790304,51.73572381258377,-542.3936269661941,1020.6509277232963,1117.2289567576559,0.3333333333333333,-0.5430775571402634,0.7948291798374957,0.8998755958976281,0.3333333333333333,-0.20477755714026344,0.45652917983749575,0.549444454727197,0.6666666666666666,benchmark,ok,647.5
strong,low,300,dense,5,gamma_strong__noise_low__T_300__density_dense__seed_005,1.0,1278.0,True,3,0.8926707924703238,0.8856462083103028,0.9009143400021973,0.8968320462929618,59.49497667976773,47.91230867666065,-394.0763898087169,886.9761440067551,963.3928157439934,0.5,-0.3578173842631276,0.6408935269886238,0.6950447531465433,0.5,-0.08253405092979434,0.36561019365529046,0.3857630368819327,0.6666666666666666,benchmark,ok,666.4
strong,low,300,dense,4,gamma_strong__noise_low__T_300__density_dense__seed_004,1.01,771.0,False,2,0.9009259922582519,0.8923499609946627,0.9073061961881491,0.9043800725949879,60.26326137303799,48.4295041460917,-329.9004590495042,964.2873649774447,1097.8104520473757,0.16666666666666666,-0.38538192789175785,0.720902157011723,0.8198349334190624,0.16666666666666666,-0.10549859455842447,0.4410188236783896,0.5248792393376556,0.5,benchmark,ok,675.0
strong,low,300,medium,1,gamma_strong__noise_low__T_300__density_medium__seed_001,1.01,955.0,False,10,0.8873929430696084,0.8795798051671169,0.8963166448878157,0.891204006820259,61.15678999948261,47.81103647758441,-223.24607533550844,986.4119281351108,1201.3180540880799,0.3333333333333333,-0.26738694838632465,0.6708518897702835,0.785690949168045,0.3333333333333333,-0.12217028171965799,0.525635223103617,0.6674730441986114,0.6666666666666666,benchmark,ok,659.1
strong,low,300,medium,2,gamma_strong__noise_low__T_300__density_medium__seed_002,1.01,1200.0,False,7,0.8846835416168799,0.8749582337791335,0.8926168774402035,0.8884307383812027,63.94882289963981,50.378734251398456,27.11701419883339,1244.1755413745962,1558.8043590579653,0.3333333333333333,-0.14127729463809038,0.8744813218722506,1.022857767120608,0.3333333333333333,0.00865603869524286,0.7281942357568193,0.8990254928556873,0.3333333333333333,benchmark,ok,639.7
strong,low,300,medium,3,gamma_strong__noise_low__T_300__density_medium__seed_003,1.01,1403.0,False,4,0.8717146162242041,0.8615574703631684,0.8815184339626299,0.8766824943168647,66.49168213598057,52.15261301488673,-367.81761499641806,862.9653804015369,1032.4111719792857,0.5,-0.43956819466683533,0.70158689411811,0.8662427324343728,0.5,-0.23373486133350196,0.536493642118944,0.623550978965376,0.5,benchmark,ok,659.3
strong,low,300,medium,4,gamma_strong__noise_low__T_300__density_medium__seed_004,1.01,893.0,False,2,0.8998171281210765,0.8916523378905635,0.906348738693767,0.9030609047184357,60.50510234614645,48.8094503993512,-172.22900889442397,836.7621433779158,1065.0461323466366,0.5,-0.2942992756311717,0.640779775955913,0.7949607286752439,0.5,-0.12248260896450487,0.4826260826579196,0.6087128609340072,0.5,benchmark,ok,663.7
strong,low,300,medium,5,gamma_strong__noise_low__T_300__density_medium__seed_005,1.01,986.0,False,0,0.8925171204301692,0.8832750648932491,0.8990774540312467,0.8964156762965019,59.42393099090894,47.52228608422458,-217.26607579483573,784.3896736601743,898.7460032624207,0.3333333333333333,-0.2560785540868646,0.5703830809980465,0.6430297091014555,0.3333333333333333,-0.0843452207535313,0.3986497476647132,0.47127539994201567,0.5,benchmark,ok,632.6
strong,low,300,sparse,1,gamma_strong__noise_low__T_300__density_sparse__seed_001,1.0,1178.0,True,1,0.8834223171765948,0.8732568555576922,0.8907194074107462,0.8879007002090951,61.48532487970136,48.03379680352297,-107.05591820100494,691.3035576713328,786.6753451516806,0.5,-0.15226064222259925,0.47417826367427124,0.5183862260836022,0.5,-0.07191064222259919,0.39382826367427115,0.47261056018440084,0.6666666666666666,benchmark,ok,651.9
strong,low,80,dense,1,gamma_strong__noise_low__T_80__density_dense__seed_001,1.01,1505.0,False,0,0.8552189792590338,0.8238518084397078,0.8787324561654465,0.8688326966302375,46.09783419718881,37.08766955672358,-14.758488937473762,93.45601378887473,131.16686577373653,0.8333333333333334,-0.07534027468158537,0.23521337270667755,0.3298652472907839,0.8333333333333334,0.0623763919850813,0.24153899681446014,0.3110078694744203,0.8333333333333334,benchmark,ok,285.9
strong,low,80,dense,2,gamma_strong__noise_low__T_80__density_dense__seed_002,1.0,1508.0,True,2,0.8491891433512787,0.821731702382808,0.8719382826084318,0.8639794549097318,51.523711928937665,42.183308301619796,47.80796008178233,120.62756296442025,196.2049772761371,1.0,0.07019710955813686,0.29627237442441806,0.4311440452020807,1.0,0.2796304428914702,0.41093904109108476,0.5086112293411621,1.0,benchmark,ok,274.4
strong,low,300,sparse,2,gamma_strong__noise_low__T_300__density_sparse__seed_002,1.01,1153.0,False,4,0.8844007410804658,0.8772149131271108,0.8927949405709368,0.8885632812322775,63.98878761124752,50.472199714610404,132.4664619783357,997.6541138715465,1154.274823531412,0.3333333333333333,-0.0254430861826697,0.7126194579095378,0.8002844442276417,0.3333333333333333,0.06455691381733027,0.6226194579095378,0.7006440683417476,0.5,benchmark,ok,634.1
strong,low,80,dense,3,gamma_strong__noise_low__T_80__density_dense__seed_003,1.0,1816.0,True,2,0.8760242484946041,0.8549787993100533,0.8967547752897413,0.8908637146442645,42.368459646819744,35.35884019450768,13.503081134767294,186.38366114753197,260.3735629907322,0.8333333333333334,-0.07509850444211603,0.6575060332934539,0.8819402668915098,0.8333333333333334,0.28073482889121726,0.4106473756701196,0.6851946089233624,1.0,benchmark,ok,299.7
strong,low,80,dense,4,gamma_strong__noise_low__T_80__density_dense__seed_004,1.0,1614.0,True,0,0.8571541264556907,0.8248359062749123,0.8787394194705918,0.8711772984514109,49.606691965157,39.271119759940646,44.98041859368436,186.70632714525652,250.322658881731,1.0,0.004478780038350487,0.5262036141398775,0.6506748715755137,1.0,0.21337878003835045,0.5112702808065444,0.597364607654014,1.0,benchmark,ok,286.9
strong,low,300,sparse,3,gamma_strong__noise_low__T_300__density_sparse__seed_003,1.01,1256.0,False,2,0.869427827021179,0.85860914233045,0.8784226285757935,0.8735851546272566,67.15907612514286,52.46521976977054,-303.96780492930185,690.1361144612162,778.8046729359727,0.3333333333333333,-0.3433321731168386,0.5688596442251289,0.6888645938136713,0.3333333333333333,-0.2183488397835052,0.4438763108917956,0.5095112277484839,0.3333333333333333,benchmark,ok,630.0
strong,low,300,sparse,4,gamma_strong__noise_low__T_300__density_sparse__seed_004,1.0,943.0,True,5,0.8972279257965476,0.8888897932515039,0.903943438080946,0.9009685102796272,61.13962016863029,49.13026498160955,-157.59986069373485,610.7064542313169,682.9049661216636,0.3333333333333333,-0.23044569308510576,0.4910120753569725,0.6002807327643118,0.3333333333333333,-0.12107902641843908,0.381645408690306,0.4255454946843512,0.5,benchmark,ok,630.8
strong,low,80,medium,1,gamma_strong__noise_low__T_80__density_medium__seed_001,1.0,2021.0,True,0,0.8505047490316892,0.8239741533453031,0.8728785667530613,0.8653391355718623,46.31562865231027,37.25913231718478,24.647173675485416,109.33790222674436,138.65761234535762,0.8333333333333334,0.03410670764153333,0.2790718713571887,0.35974515211472247,0.8333333333333334,0.10394004097486666,0.283905204690522,0.35168507346866934,0.8333333333333334,benchmark,ok,294.3
strong,low,80,medium,2,gamma_strong__noise_low__T_80__density_medium__seed_002,1.01,1649.0,False,4,0.845471281149499,0.813079038467228,0.871628989146803,0.8618324770832209,51.882853520795436,42.32735740991992,88.7830437836506,170.46954684893237,231.93083958743313,1.0,0.1768699343930719,0.42931148551592785,0.5382827737858951,1.0,0.2904032677264052,0.4427781521825945,0.5615463226554044,1.0,benchmark,ok,285.4
strong,low,80,dense,5,gamma_strong__noise_low__T_80__density_dense__seed_005,1.0,1967.0,True,0,0.9034500134830025,0.8864565291523842,0.9180468508381978,0.9146293585607489,40.96946432810343,33.828934862699136,-18.362736029500496,197.03746088922523,240.39702494087138,0.6666666666666666,-0.1499262464761336,0.6231329630371241,0.810502671924037,0.6666666666666666,0.04474042019053314,0.5629996297037907,0.6662463573617519,0.8333333333333334,benchmark,ok,317.3
strong,low,300,sparse,5,gamma_strong__noise_low__T_300__density_sparse__seed_005,1.01,832.0,False,1,0.8911189093196401,0.8832144790236326,0.8991495331660321,0.8953399437354711,59.20879644954634,47.340115903090265,-137.77049514264434,519.065947359975,607.8917215433243,0.6666666666666666,-0.15470855634812378,0.39536207544150176,0.4911304714816276,0.6666666666666666,-0.05465855634812381,0.2953120754415018,0.33467482935013537,0.6666666666666666,benchmark,ok,629.0
strong,low,80,medium,4,gamma_strong__noise_low__T_80__density_medium__seed_004,1.0,1584.0,True,0,0.85619555694164,0.8277208187555004,0.8778259516887132,0.8693164837758758,49.72688736085906,39.615149288963735,70.95900556396825,205.02692006811444,247.67476444209825,1.0,0.08629053159990939,0.5809739528662711,0.666603658936873,1.0,0.20990719826657603,0.5242081622504701,0.614799304454971,1.0,benchmark,ok,283.0
strong,low,80,medium,3,gamma_strong__noise_low__T_80__density_medium__seed_003,1.0,1677.0,True,1,0.8768118083177114,0.8573074741751604,0.8988839917394362,0.891584445779972,42.21056649596249,35.35661654758877,87.54479947415422,279.2239827509864,349.13642442664116,0.8333333333333334,-0.0010665672618040227,0.9262591851085068,1.0981363387526955,0.8333333333333334,0.24868343273819596,0.709109185108507,0.9010715627119286,1.0,benchmark,ok,285.0
strong,low,80,medium,5,gamma_strong__noise_low__T_80__density_medium__seed_005,1.0,1742.0,True,0,0.902703850879329,0.8872168789048941,0.916196558881061,0.9139879327944848,40.772145193103285,33.60411779022486,2.8291682245453464,210.89264559703523,271.3947777211385,0.6666666666666666,-0.08601093472067883,0.645097800731183,0.8373856332176521,0.6666666666666666,0.03282239861265445,0.5943311340645163,0.7515927198744271,0.6666666666666666,benchmark,ok,318.6
strong,low,80,sparse,1,gamma_strong__noise_low__T_80__density_sparse__seed_001,1.0,2185.0,True,1,0.84369221443242,0.811191627046581,0.8675445799950464,0.8589343447365788,46.97838256036529,37.43087294227946,52.813772990822976,135.33349781083626,178.96458220314165,0.6666666666666666,0.10096033225994717,0.33570705444019877,0.4399363804143737,0.6666666666666666,0.1372603322599472,0.3352092463143123,0.43840506439663096,0.6666666666666666,benchmark,ok,296.3
strong,low,80,sparse,2,gamma_strong__noise_low__T_80__density_sparse__seed_002,1.01,1811.0,False,1,0.8459536008540124,0.8200403901776988,0.8747095549068314,0.8612964603511045,51.7123216212645,41.87622807350306,103.01228039204607,152.63512051738337,215.54326700654903,0.8333333333333334,0.2569729938404978,0.3970383386698943,0.5549711906492091,0.8333333333333334,0.32065632717383113,0.42105500533656093,0.5721803773335586,0.8333333333333334,benchmark,ok,294.3
strong,low,80,sparse,3,gamma_strong__noise_low__T_80__density_sparse__seed_003,1.0,1609.0,True,2,0.8785429725821909,0.8527462220066444,0.898815932016091,0.8931527749257798,41.36333717087659,34.53232524521669,169.2834905884649,350.1850971803674,492.25724713619906,0.6666666666666666,0.16028774836944373,1.0673346122019762,1.3379967915460265,0.6666666666666666,0.269471081702777,1.0081846122019762,1.2330105198864718,0.6666666666666666,benchmark,ok,311.1
strong,low,80,sparse,4,gamma_strong__noise_low__T_80__density_sparse__seed_004,1.01,1445.0,False,1,0.8541059506382258,0.8273773217265638,0.8782596861932697,0.8676606079774953,49.939255595481285,40.1176766030101,108.85117219765,217.0923686426241,276.803425200297,0.8333333333333334,0.20970615188186606,0.5967093143567922,0.7230364248416342,0.8333333333333334,0.25972281854853274,0.5661451180404469,0.7029828444278111,0.8333333333333334,benchmark,ok,313.0
strong,low,80,sparse,5,gamma_strong__noise_low__T_80__density_sparse__seed_005,1.0,1749.0,True,1,0.8993053182055462,0.881221638543624,0.9127177002681058,0.9110584268537341,41.4706663807781,34.481455511319936,44.559946941059,246.64815941654751,331.8896044639217,0.6666666666666666,0.02627761851861347,0.7310471072407392,0.9597578481565269,0.6666666666666666,0.0971109518519468,0.6785883188258223,0.8847479425405581,0.6666666666666666,benchmark,ok,337.1
strong,medium,156,dense,2,gamma_strong__noise_medium__T_156__density_dense__seed_002,1.0,1380.0,True,4,0.746400754329639,0.714590045274719,0.7806145556669674,0.7576914071689717,78.19890056151526,60.59533706053988,-270.9772208809056,434.9551638362041,449.9997249967352,0.6666666666666666,-0.546489385033342,0.7197516373309815,0.8050988794049916,0.6666666666666666,-0.18618938503334204,0.35945163733098145,0.41090714277219903,1.0,benchmark,ok,386.2
strong,medium,156,dense,1,gamma_strong__noise_medium__T_156__density_dense__seed_001,1.0,1989.0,True,0,0.8305469035877078,0.8097118936468859,0.8513547844426523,0.8413192111715498,69.61036783742148,55.05142827900248,-74.52883361917856,316.22199349678857,375.63858365946624,0.5,-0.13900155058878463,0.47323940315043433,0.5791079194964117,0.5,0.12003178274454862,0.3151394031504343,0.39345962383083943,0.8333333333333334,benchmark,ok,417.2
strong,medium,156,dense,3,gamma_strong__noise_medium__T_156__density_dense__seed_003,1.0,1243.0,True,1,0.8143267317437723,0.7905081388096901,0.8393876556896256,0.8266480208102489,67.55429869016795,55.4391708232696,-305.3641983772822,353.89562628371795,392.32897307020124,0.8333333333333334,-0.5045200158551262,0.5543870510298724,0.6200162122671288,0.8333333333333334,-0.012920015855126107,0.2810589190566714,0.3667270715811952,1.0,benchmark,ok,417.8
strong,medium,156,dense,4,gamma_strong__noise_medium__T_156__density_dense__seed_004,1.0,1558.0,True,6,0.8002358045996786,0.770024250546081,0.8213090451436355,0.81061562439149,67.71809901513413,53.6563933294434,-146.6078820836224,241.8386754676643,284.6792653720861,0.6666666666666666,-0.2200635403877118,0.3149855409598339,0.36607519866133414,0.6666666666666666,-0.016496873721045153,0.23121467944210658,0.29080818151400206,0.8333333333333334,benchmark,ok,421.1
strong,medium,156,medium,2,gamma_strong__noise_medium__T_156__density_medium__seed_002,1.01,1799.0,False,0,0.748536186278106,0.7102076071730895,0.784575356168896,0.7610124423740507,77.60911343290384,59.97500485125578,-160.07176925588044,438.510151570923,511.02734237442723,0.5,-0.42970697954789855,0.7244309198243918,0.871103218589419,0.5,-0.19540697954789854,0.5389182609711777,0.5996454172853257,1.0,benchmark,ok,370.5
strong,medium,156,dense,5,gamma_strong__noise_medium__T_156__density_dense__seed_005,1.01,1844.0,False,0,0.7353510667484958,0.7019693565663666,0.7722280890469657,0.7458314723301229,79.91811926354258,65.08475891441364,-183.50465386606706,240.74311549594253,311.2854984217755,0.6666666666666666,-0.32306914227974876,0.38051860490114975,0.5186481265248811,0.6666666666666666,-0.06393580894641553,0.2503736580741646,0.3184251418708362,0.8333333333333334,benchmark,ok,408.1
strong,medium,156,medium,1,gamma_strong__noise_medium__T_156__density_medium__seed_001,1.0,2116.0,True,0,0.831815282783472,0.8087257805333693,0.8505667190838828,0.8413257919670132,69.41169501091062,55.043712756145254,74.68517915735173,262.9237025969556,331.6268092379689,0.8333333333333334,0.027070278463996438,0.3761860447048308,0.48795776443981653,0.8333333333333334,0.16725361179732978,0.36223993180709596,0.43465388972034424,0.8333333333333334,benchmark,ok,416.1
strong,medium,156,medium,3,gamma_strong__noise_medium__T_156__density_medium__seed_003,1.0,1334.0,True,1,0.8110658014972708,0.7847088431373832,0.8326357084938244,0.823379679789277,67.97942384160284,56.17588210924024,-205.4516931895577,233.66986224075535,265.67723308411354,0.8333333333333334,-0.34092746112039213,0.3781057052559258,0.43739892814342746,0.8333333333333334,-0.0683107944537255,0.24993227646200564,0.2998578536486887,0.8333333333333334,benchmark,ok,409.0
strong,medium,156,medium,4,gamma_strong__noise_medium__T_156__density_medium__seed_004,1.0,1656.0,True,4,0.7998008853927809,0.7686067955179717,0.8221943699541066,0.8102177742477965,67.69758369418389,53.71130575908173,-52.48001732509599,197.91437480419435,251.34723184821448,1.0,-0.10739242901912548,0.25334483482334974,0.31330467556248853,1.0,0.010007570980874533,0.22762567133931347,0.29797314980315737,1.0,benchmark,ok,419.8
strong,medium,156,medium,5,gamma_strong__noise_medium__T_156__density_medium__seed_005,1.0,1847.0,True,1,0.7284751465316925,0.6886623406574444,0.7615879699375764,0.7407676595441572,80.93057762523325,65.82485320452922,-110.35692913588503,398.16577578592523,433.58464248550456,0.6666666666666666,-0.2638954763394312,0.5780862272609281,0.6502387866565378,0.6666666666666666,-0.10712880967276454,0.4651195605942613,0.5054827490605169,0.8333333333333334,benchmark,ok,410.0
strong,medium,156,sparse,1,gamma_strong__noise_medium__T_156__density_sparse__seed_001,1.0,1922.0,True,0,0.8338212319262778,0.8114068401530615,0.8534643053253106,0.8447347513671276,68.83932241333515,54.548119947981704,141.6794083891667,278.2136664294782,312.36999150832474,0.6666666666666666,0.14387544710072933,0.40939086173516576,0.484012810202306,0.6666666666666666,0.232042113767396,0.37452419506849904,0.419137697361661,0.6666666666666666,benchmark,ok,418.3
strong,medium,156,sparse,2,gamma_strong__noise_medium__T_156__density_sparse__seed_002,1.0,1933.0,True,0,0.7435996068604789,0.7089937491199776,0.781090929601757,0.755148589229497,78.24092271283864,60.419922830333164,-80.89938042414327,378.0177536514632,388.6736293045758,0.6666666666666666,-0.24872602266481128,0.5938391163421383,0.6258218770424975,0.6666666666666666,-0.15259268933147788,0.4977057830088049,0.5219461980650192,0.8333333333333334,benchmark,ok,391.3
strong,medium,156,sparse,3,gamma_strong__noise_medium__T_156__density_sparse__seed_003,1.0,1070.0,True,0,0.8174622754001752,0.792800221931197,0.837407746064267,0.8284814243481828,67.13856539827194,55.46094221127713,-180.64183133834516,348.0607783627633,392.94158062507984,0.6666666666666666,-0.2702853948594148,0.49094192138122295,0.5361159923327888,0.6666666666666666,-0.0900353948594147,0.3972359458996146,0.45154266332830906,0.8333333333333334,benchmark,ok,425.2
strong,medium,156,sparse,5,gamma_strong__noise_medium__T_156__density_sparse__seed_005,1.0,1473.0,True,0,0.7296749283755769,0.6892085978301162,0.7667841626312055,0.7444417308852909,80.79888156888165,65.60490280726128,-86.13970070603555,342.8761847534992,411.417948286213,0.5,-0.20591690067957716,0.513173048274944,0.6177161893972403,0.5,-0.09551690067957719,0.4027730482749439,0.5020738554473917,0.6666666666666666,benchmark,ok,414.3
strong,medium,156,sparse,4,gamma_strong__noise_medium__T_156__density_sparse__seed_004,1.0,1442.0,True,1,0.8014005229963748,0.7699899610737707,0.8236808992970768,0.8119605249783532,67.12022899374959,52.5338210960805,-11.375733484760056,159.6523076182043,202.35283200357324,0.8333333333333334,-0.036246090492290856,0.20754979861496628,0.2714059724639864,0.8333333333333334,0.03323724284104249,0.21929002961345181,0.28276058020012595,0.8333333333333334,benchmark,ok,443.0
strong,medium,300,dense,1,gamma_strong__noise_medium__T_300__density_dense__seed_001,1.0,1887.0,True,6,0.8186851952001548,0.8033880419727412,0.8352628437137233,0.8238071358499558,81.60179110387826,64.36156502023499,-514.3394114121706,688.8594311726774,827.866725688605,0.5,-0.40870603392985766,0.5004776825297934,0.6192559185251106,0.5,-0.164889367263191,0.3223267039465579,0.40981477903617686,0.8333333333333334,benchmark,ok,632.4
strong,medium,300,dense,2,gamma_strong__noise_medium__T_300__density_dense__seed_002,1.0,1400.0,True,2,0.8134146683784201,0.7965967550238098,0.8299015143355115,0.8197398980748594,84.4689687037704,66.03945389270604,-294.7248272301264,1102.294981423696,1168.5625701742595,0.5,-0.31700266644739444,0.8026170027863464,0.8568558279516194,0.5,-0.06418599978072774,0.5498003361196798,0.6081318182791123,0.6666666666666666,benchmark,ok,648.4
strong,medium,300,dense,3,gamma_strong__noise_medium__T_300__density_dense__seed_003,1.0,1787.0,True,6,0.7964157610621715,0.775578532732981,0.8135006983882452,0.801937608427608,89.16977839060432,70.37821607502694,-539.1453619772867,913.6790330724785,1022.7185028197082,0.5,-0.539751043628517,0.7369021151479935,0.8809465523828404,0.5,-0.20145104362851698,0.39860211514799343,0.5403704817350886,0.6666666666666666,benchmark,ok,631.7
strong,medium,300,dense,4,gamma_strong__noise_medium__T_300__density_dense__seed_004,1.0,1380.0,True,0,0.8366861618652844,0.8232008330149405,0.8506511368899748,0.8417712889989032,80.2279515206346,64.58237867286586,-268.0829133570815,1008.9366899792403,1116.1303513079517,0.5,-0.35266885390550123,0.7679035380949139,0.8609330992125994,0.5,-0.07278552057216787,0.48802020476158053,0.5646529219641988,0.8333333333333334,benchmark,ok,637.3
strong,medium,300,medium,1,gamma_strong__noise_medium__T_300__density_medium__seed_001,1.0,1923.0,True,6,0.8182378356328089,0.8029154934482151,0.8328821243553693,0.8240682233965094,81.53387219699404,63.961981576803716,-234.1740965016855,872.0735162284224,1079.7732925015653,0.6666666666666666,-0.2665053576627361,0.6037442182900954,0.73925094140979,0.6666666666666666,-0.1212886909960695,0.4585275516234288,0.6201121243988966,0.8333333333333334,benchmark,ok,640.7
strong,medium,300,dense,5,gamma_strong__noise_medium__T_300__density_dense__seed_005,1.0,1961.0,True,2,0.8222183288390374,0.8075824065542124,0.8367634930446564,0.8281918756290945,78.81425384980209,64.17175486425941,-398.09719130885304,807.6737024202779,870.0842812939937,0.6666666666666666,-0.34069888638426377,0.60384652651788,0.6652776083928309,0.6666666666666666,-0.06541555305093046,0.32856319318454674,0.3472026759236797,0.8333333333333334,benchmark,ok,643.3
strong,medium,300,medium,2,gamma_strong__noise_medium__T_300__density_medium__seed_002,1.0,1601.0,True,1,0.8152203656880288,0.7999756312805841,0.8310322258069794,0.8203385892874135,84.41411018125324,66.09165238500914,43.08905797467495,1238.713337221936,1574.3248753293246,0.3333333333333333,-0.1350511371263642,0.8753334663950887,1.04103629003332,0.3333333333333333,0.014882196206969104,0.7509922776472245,0.9171981574766837,0.5,benchmark,ok,635.5
strong,medium,300,medium,4,gamma_strong__noise_medium__T_300__density_medium__seed_004,1.0,1567.0,True,4,0.8352434542165483,0.8177277002803806,0.847222756840522,0.8402463389844874,80.3980177300034,64.63205050012873,-130.48261926617147,844.3495898973894,1069.2539248722642,0.6666666666666666,-0.2718572230535832,0.6605829234332223,0.8269687080088811,0.6666666666666666,-0.10004055638691652,0.5225995900998889,0.6356641205634521,0.6666666666666666,benchmark,ok,642.7
strong,medium,300,medium,3,gamma_strong__noise_medium__T_300__density_medium__seed_003,1.0,1707.0,True,0,0.7912348747148362,0.7745469906831476,0.8084684652101879,0.797206616094927,89.77589578147982,70.8039194722413,-337.6345467354675,854.9775627490162,1017.28910080202,0.5,-0.4194163866650831,0.7019183039067628,0.884697417255627,0.5,-0.21358305333174965,0.5407849705734294,0.6451403035046935,0.5,benchmark,ok,659.3
strong,medium,80,dense,1,gamma_strong__noise_medium__T_80__density_dense__seed_001,1.0,1314.0,True,3,0.7788634481622061,0.7337382894703205,0.8146584903483078,0.7947234023315313,60.39477087779807,49.093341327562314,-7.5153372899992945,67.32619673874257,97.71268199015434,0.8333333333333334,-0.045371387855015044,0.1775980916699242,0.26896457237350374,0.8333333333333334,0.09234527881165162,0.248247167957768,0.30210799868063476,0.8333333333333334,benchmark,ok,246.8
strong,medium,300,medium,5,gamma_strong__noise_medium__T_300__density_medium__seed_005,1.0,1700.0,True,1,0.8226836206947911,0.8081266194114487,0.8379058637859141,0.8282614724642559,78.54542921865271,63.582045941125784,-205.92478112539928,738.6975241703818,807.7327090861284,0.6666666666666666,-0.23239293137418104,0.5573149348501746,0.6229697440403357,0.6666666666666666,-0.060659598040847675,0.38652459444941817,0.4482463868091904,0.8333333333333334,benchmark,ok,637.8
strong,medium,80,dense,2,gamma_strong__noise_medium__T_80__density_dense__seed_002,1.0,1413.0,True,0,0.7792427091041287,0.7286987404988257,0.8165884177502901,0.7986506709151544,66.66878350032519,54.21156201228462,61.18343926877741,124.36868747174849,192.29326818568452,1.0,0.10847402981837452,0.30476943585416305,0.41900262518439,1.0,0.3179073631517078,0.41943610252082975,0.525574505415964,1.0,benchmark,ok,211.3
strong,medium,300,sparse,1,gamma_strong__noise_medium__T_300__density_sparse__seed_001,1.0,1500.0,True,3,0.8144257700772322,0.7951201795365522,0.8296502310961847,0.8206178027293574,81.69829313293127,64.02048101412989,-91.18903695615303,621.2964337762945,722.0751438098557,0.5,-0.1378963489154251,0.43452152054219534,0.5032702990938751,0.5,-0.05754634891542506,0.3903211179866956,0.47912389390659016,0.6666666666666666,benchmark,ok,622.1
strong,medium,80,dense,3,gamma_strong__noise_medium__T_80__density_dense__seed_003,1.01,1586.0,False,1,0.8050264319900907,0.7651438229480537,0.8412395110526127,0.8264596116313873,56.00268890275398,46.10079780556403,39.045059832007404,206.56845661748585,292.0791637137263,0.8333333333333334,0.021372911756896595,0.6959322574723137,0.9537773667849776,0.8333333333333334,0.37720624509023,0.544447285949668,0.8168428120218295,1.0,benchmark,ok,236.6
strong,medium,300,sparse,2,gamma_strong__noise_medium__T_300__density_sparse__seed_002,1.01,1808.0,False,1,0.8150816316697764,0.799553205832971,0.8316958295682737,0.8209661717249694,84.41433008566722,66.06757195909776,149.2937625955608,1038.7091757859641,1171.435902526102,0.5,-0.019716218938318653,0.7472176714609532,0.8240666888424054,0.5,0.07028378106168132,0.6572176714609533,0.7301625277222056,0.5,benchmark,ok,627.1
strong,medium,300,sparse,3,gamma_strong__noise_medium__T_300__density_sparse__seed_003,1.0,1954.0,True,1,0.7878238276779298,0.7658964062104745,0.8037104399457229,0.793889403000622,90.33212307461245,70.95364781975908,-311.8692088166453,653.1603393240556,779.0528534743808,0.3333333333333333,-0.3379803013222585,0.5559987293770893,0.6914677877134949,0.3333333333333333,-0.21299696798892512,0.43101539604375594,0.5297410777338054,0.5,benchmark,ok,621.8
strong,medium,300,sparse,4,gamma_strong__noise_medium__T_300__density_sparse__seed_004,1.01,846.0,False,2,0.8329668813030762,0.8172556649438714,0.8468785990983662,0.8383957413616788,80.85938412467033,64.74253489783578,-122.27435512076431,619.8818266897882,659.9544855668797,0.5,-0.1997797145450089,0.5106797403344253,0.6073755668661281,0.5,-0.09041304787834226,0.40131307366775865,0.4377400526037192,0.6666666666666666,benchmark,ok,637.3
strong,medium,300,sparse,5,gamma_strong__noise_medium__T_300__density_sparse__seed_005,1.0,1514.0,True,1,0.8212065828759826,0.8054617546954227,0.838425815737249,0.8273383232725109,78.00172048677013,63.1704789710767,-143.34467579607255,550.2532147271246,646.7521094399315,0.6666666666666666,-0.13444539695162397,0.4270687365670369,0.5275444152224877,0.6666666666666666,-0.034395396951624004,0.327018736567037,0.39197997460094564,0.6666666666666666,benchmark,ok,640.5
strong,medium,80,dense,4,gamma_strong__noise_medium__T_80__density_dense__seed_004,1.01,1315.0,False,0,0.7718043802577113,0.7259280651782808,0.8122532242828022,0.7866528650420728,65.9358218993399,53.28143462067569,43.77523784686459,188.20281864472625,221.2313466715667,1.0,0.01537324108255463,0.5400371356291299,0.6084946396743722,1.0,0.22427324108255461,0.5251038022957967,0.5811082250132996,1.0,benchmark,ok,197.4
strong,medium,80,medium,1,gamma_strong__noise_medium__T_80__density_medium__seed_001,1.0,1443.0,True,1,0.7727333712520681,0.7268753177107843,0.8108838182342215,0.7905538270986857,60.48041480428369,49.477379426387685,29.554815742366642,104.54661035280083,137.0210270356409,0.8333333333333334,0.05702697342702994,0.27828275093797056,0.37047598895932526,0.8333333333333334,0.12686030676036328,0.28539123986160714,0.3723870053068486,0.8333333333333334,benchmark,ok,220.9
strong,medium,80,medium,2,gamma_strong__noise_medium__T_80__density_medium__seed_002,1.01,1421.0,False,2,0.7767030142122232,0.73327967706599,0.8222971911147333,0.7965179827009483,66.97411097569042,54.29676090318808,112.13390101313645,172.0148845290618,242.43410098942033,1.0,0.24499835254915747,0.4286282860425963,0.5646740993772855,1.0,0.35853168588249074,0.44209495270926297,0.6027223675797047,1.0,benchmark,ok,220.4
strong,medium,80,medium,4,gamma_strong__noise_medium__T_80__density_medium__seed_004,1.0,1234.0,True,5,0.7700387548092406,0.7184421041380392,0.8100366533283868,0.7851011627237219,65.89504614761513,53.3069752511376,72.45532679952667,206.1854265600293,243.38333429853128,1.0,0.10162899984335554,0.5891718255245234,0.6732669563339865,1.0,0.2252456665100222,0.5440551588578568,0.6359403698184525,1.0,benchmark,ok,202.3
strong,medium,80,medium,3,gamma_strong__noise_medium__T_80__density_medium__seed_003,1.01,1280.0,False,0,0.8062614452491864,0.7700931387256296,0.8420361290818924,0.8269525451105213,55.93809141531368,46.419047588227855,101.89210193378221,256.7097127623758,329.9354965112354,0.8333333333333334,0.07193906220438462,0.8473675223852452,1.0420072289507525,0.8333333333333334,0.3216890622043846,0.6613817519895645,0.8804557692367835,1.0,benchmark,ok,240.8
strong,medium,80,dense,5,gamma_strong__noise_medium__T_80__density_dense__seed_005,1.0,2080.0,True,0,0.8474916317694465,0.816592570096123,0.8714831346952981,0.8622322685376284,55.17003671056226,46.0770278436418,-3.130275574114156,216.2694566162127,263.86571655684196,0.6666666666666666,-0.11197719347680458,0.6743661285699933,0.8526550999276515,0.6666666666666666,0.08268947318986207,0.6142327952366601,0.7379679527608695,0.8333333333333334,benchmark,ok,296.2
strong,medium,80,sparse,2,gamma_strong__noise_medium__T_80__density_sparse__seed_002,1.0,1305.0,True,1,0.7751333742052658,0.7250968805354462,0.8130409805220704,0.7938044366933436,67.05730506292292,53.911452104740555,124.30506152505343,155.6683527108424,238.2075173764754,0.8333333333333334,0.3246363516693965,0.41129068156995596,0.627684142836129,0.8333333333333334,0.3883196850027298,0.4353073482366226,0.65174767377242,0.8333333333333334,benchmark,ok,203.3
strong,medium,80,sparse,1,gamma_strong__noise_medium__T_80__density_sparse__seed_001,1.0,1467.0,True,0,0.7646875984779729,0.7134639917225108,0.8086897963693633,0.7836400881068822,60.983398597997834,49.71704512540548,64.05487423660462,132.36426976203424,184.7980711119518,0.8333333333333334,0.1397474795483933,0.3370266139344164,0.46979579899849744,0.8333333333333334,0.17604747954839328,0.3365342425720121,0.47003499499677037,0.8333333333333334,benchmark,ok,231.3
strong,medium,80,medium,5,gamma_strong__noise_medium__T_80__density_medium__seed_005,1.0,2303.0,True,0,0.8475985460831482,0.8236821762302581,0.8706187827965876,0.8607515335435207,54.97417749668687,45.63454782553408,13.555780343805415,258.1220296337437,311.3289130697456,0.8333333333333334,-0.05858957631681844,0.7620839780335132,0.9239349061391576,0.8333333333333334,0.06024375701651485,0.7113173113668464,0.8512048570997837,0.8333333333333334,benchmark,ok,286.3
strong,medium,80,sparse,3,gamma_strong__noise_medium__T_80__density_sparse__seed_003,1.0,1353.0,True,0,0.8078535136978113,0.7739175876373859,0.8388142603912684,0.8279015540433627,55.15585119925138,45.56192024140705,198.57697332381895,360.42168709546723,471.2045708982318,0.6666666666666666,0.27967473935989506,1.0835488295894466,1.3065812645212203,0.6666666666666666,0.3888580726932284,1.0243988295894466,1.2028825470750948,0.6666666666666666,benchmark,ok,240.9
strong,medium,80,sparse,4,gamma_strong__noise_medium__T_80__density_sparse__seed_004,1.0,1493.0,True,0,0.7664358593343202,0.7220606634360665,0.8094158256371509,0.7813807843413921,66.39971973790182,53.74988960943201,105.97673344343401,220.39363789617258,282.1400293918302,0.8333333333333334,0.20695659168399408,0.61461714618457,0.7624591774946815,0.8333333333333334,0.25697325835066076,0.6045338128512366,0.7389070683842744,0.8333333333333334,benchmark,ok,227.5
strong,medium,80,sparse,5,gamma_strong__noise_medium__T_80__density_sparse__seed_005,1.0,2025.0,True,0,0.8416449391872252,0.8131650492550744,0.8683168675132857,0.8569591056475426,55.775802703310084,46.47002657432887,61.059263800063015,272.20751630918124,367.6094841850114,0.6666666666666666,0.06713133632709577,0.7902187312617204,1.0318704995727876,0.6666666666666666,0.13796466966042906,0.7636520645950536,0.9660091689261103,0.6666666666666666,benchmark,ok,278.0
weak,high,156,dense,1,gamma_weak__noise_high__T_156__density_dense__seed_001,1.0,1536.0,True,1,0.7425353111520051,0.7084737366523202,0.7775841559700181,0.7543119645867729,95.95122181424007,75.77639145241707,254.4160202984078,357.40738945845584,418.6271289190377,0.8333333333333334,0.31566143632510674,0.5159321057790165,0.603624482951989,0.8333333333333334,0.3515281029917734,0.5068654391123499,0.5990694704283144,0.8333333333333334,benchmark,ok,345.4
weak,high,156,dense,2,gamma_weak__noise_high__T_156__density_dense__seed_002,1.01,1769.0,False,0,0.6316690470929635,0.5725812532672329,0.6877824304133894,0.6434310220336268,106.38509420718432,82.6601676951244,-86.26607426509435,244.82142093576007,296.50994762072355,1.0,-0.24607673304777714,0.44641484778270346,0.5830723389809005,1.0,-0.1904267330477771,0.39946484778270336,0.5142412695374966,1.0,benchmark,ok,328.6
weak,high,156,dense,3,gamma_weak__noise_high__T_156__density_dense__seed_003,1.0,1292.0,True,1,0.7115333606722707,0.6640412891539859,0.746413745220728,0.7264424878915683,92.8161931724883,77.30868889535918,-114.83242786921278,267.88421099780015,365.6378590883844,1.0,-0.1377564097934034,0.3394608115228532,0.42665060001102106,1.0,-0.0577397431267368,0.34499840255028996,0.4366169018646692,1.0,benchmark,ok,398.6
weak,high,156,dense,5,gamma_weak__noise_high__T_156__density_dense__seed_005,1.01,1384.0,False,0,0.5837244265570817,0.5187677935886171,0.6458248049004429,0.5965134427380567,111.60200649586882,90.22726479165557,-16.983394374616854,320.16620525343023,418.6889287903559,0.8333333333333334,-0.1118293540204579,0.46890012587986823,0.6174713858172053,0.8333333333333334,-0.07156268735379112,0.436564804713168,0.5777494328985462,0.8333333333333334,benchmark,ok,320.9
weak,high,156,medium,1,gamma_weak__noise_high__T_156__density_medium__seed_001,1.0,1439.0,True,1,0.7410996127902549,0.698935580948919,0.774132129458641,0.7544925712864725,95.84454216094672,75.91059058390675,279.71700218634265,374.75823475833045,421.21045665613855,0.8333333333333334,0.3477909334138973,0.5326005508393906,0.5999323450606182,0.8333333333333334,0.36847426674723055,0.5304172175060574,0.6037111835334715,0.8333333333333334,benchmark,ok,337.1
weak,high,156,dense,4,gamma_weak__noise_high__T_156__density_dense__seed_004,1.01,2113.0,False,0,0.6758962105416008,0.6333646065147672,0.7229707564685177,0.6876854210766858,93.56184199817113,74.15041870410354,4.40574232546238,144.02832340499413,185.90391070176312,1.0,-0.003400065875462377,0.19981051499344868,0.26354362455471386,1.0,0.025383267457870968,0.21592718166011535,0.2799390832421197,1.0,benchmark,ok,401.9
weak,high,156,medium,2,gamma_weak__noise_high__T_156__density_medium__seed_002,1.0,1595.0,True,0,0.6316110263319209,0.5769171524517769,0.6849450187717253,0.6437948706594392,106.31182753577431,82.55204404895017,-47.829224327280265,323.55219794864104,355.15030337697993,1.0,-0.21738456919011004,0.5457791695900402,0.6458168299727949,1.0,-0.17783456919011006,0.507295836256707,0.5912173532127913,1.0,benchmark,ok,369.9
weak,high,156,medium,3,gamma_weak__noise_high__T_156__density_medium__seed_003,1.0,1215.0,True,0,0.7106982757824584,0.6703807780757034,0.7571450599400898,0.7250492117110261,93.01447590355268,77.44182502944776,-87.86684163361603,288.09866478258647,380.52215907817816,1.0,-0.11304337504539956,0.37695153175570956,0.4650972454378291,1.0,-0.06822670837873289,0.3437756339268811,0.4542394226959599,1.0,benchmark,ok,401.3
weak,high,156,medium,4,gamma_weak__noise_high__T_156__density_medium__seed_004,1.0,2075.0,True,0,0.6764906813693722,0.6310127834736987,0.7232825594625805,0.6874972127292559,93.54550375191032,74.090446805931,31.148693064143533,160.94940617512597,198.6626909871755,1.0,0.03223551148031204,0.22080294232883055,0.2768333721354865,1.0,0.049935511480312056,0.2285548268320252,0.2857177497631573,1.0,benchmark,ok,381.6
weak,high,156,medium,5,gamma_weak__noise_high__T_156__density_medium__seed_005,1.0,1627.0,True,0,0.5835133532519943,0.5239337122776978,0.6439826182430359,0.5958557843522747,111.75085211186901,90.37058175914785,-12.918502370250517,341.37763801352776,444.66604839446825,0.6666666666666666,-0.10935807015742337,0.4976891207426937,0.6460840034046063,0.6666666666666666,-0.08454140349075671,0.47373912074269375,0.6198798610388209,0.8333333333333334,benchmark,ok,328.1
weak,high,156,sparse,1,gamma_weak__noise_high__T_156__density_sparse__seed_001,1.0,1560.0,True,1,0.7428119657123096,0.7052647903657271,0.7757491743520303,0.7560399342482129,95.58249765084662,75.50280105005452,308.74475213551995,406.36976693581187,447.55092997200893,0.6666666666666666,0.38667379335420815,0.5765137869378507,0.6371787050002483,0.6666666666666666,0.4012571266875414,0.5680304536045174,0.6314329583779915,0.6666666666666666,benchmark,ok,329.5
weak,high,156,sparse,2,gamma_weak__noise_high__T_156__density_sparse__seed_002,1.0,1508.0,True,0,0.630209224685279,0.5730123251140709,0.6829343431872017,0.6423614144992725,106.48962458958954,82.71829671515985,-37.848400132106484,317.1789886951852,359.25890756179456,0.6666666666666666,-0.1993118255502381,0.5370068642252043,0.6454626242185479,0.6666666666666666,-0.18309515888357142,0.5207901975585377,0.6297820918216124,0.8333333333333334,benchmark,ok,347.6
weak,high,156,sparse,3,gamma_weak__noise_high__T_156__density_sparse__seed_003,1.0,1148.0,True,0,0.7104039376429544,0.6675623963838627,0.7491111914566018,0.7270691902632306,92.69034564895414,77.18913630044338,-82.07067241310956,312.9349569930169,402.5183638313345,0.8333333333333334,-0.11239607041555395,0.4194527664012638,0.5068804096077207,0.8333333333333334,-0.07911273708222062,0.38616943306793056,0.48929163370009726,0.8333333333333334,benchmark,ok,383.7
weak,high,156,sparse,5,gamma_weak__noise_high__T_156__density_sparse__seed_005,1.01,1590.0,False,2,0.585091157731621,0.5251664683008755,0.6509221843590954,0.5970509248647894,111.69721262757915,90.24445879407759,5.7848178625460305,334.9513202981129,449.5186642448845,0.5,-0.0813178002190258,0.48533837633791954,0.6431436787081629,0.5,-0.06315113355235917,0.4751587899039788,0.6253094389136754,0.6666666666666666,benchmark,ok,345.4
weak,high,156,sparse,4,gamma_weak__noise_high__T_156__density_sparse__seed_004,1.01,1772.0,False,1,0.6752935132295126,0.6271362004045506,0.7162702374018698,0.6881078438591415,93.41222763107119,73.74124333957396,36.2859792520613,166.6999944354587,209.03757727051837,0.8333333333333334,0.04413259049597342,0.22971300237701486,0.2890363409910036,0.8333333333333334,0.055149257162640096,0.24072966904368154,0.29780524672747927,0.8333333333333334,benchmark,ok,389.9
weak,high,300,dense,1,gamma_weak__noise_high__T_300__density_dense__seed_001,1.0,1760.0,True,1,0.7044756885378043,0.6703360532955078,0.7330995252700117,0.7115161859312165,113.16097650041826,88.68740527188048,-85.5346301641395,511.80622415987835,654.9531909740243,0.8333333333333334,-0.10962772998332598,0.3777970582483103,0.5167847005694473,0.8333333333333334,-0.07502772998332592,0.3719451831087066,0.5012759077798019,0.8333333333333334,benchmark,ok,617.4
weak,high,300,dense,2,gamma_weak__noise_high__T_300__density_dense__seed_002,1.0,1840.0,True,2,0.7055592495806422,0.6737356499224423,0.7337820498274858,0.7126056671528007,115.01161620058838,89.74840175721123,459.17869163032645,1239.745342597714,1665.1524804285204,0.6666666666666666,0.1590011448488089,0.8555166691829038,1.047551283526586,0.6666666666666666,0.1962844781821422,0.832966669182904,1.0196673055365573,0.6666666666666666,benchmark,ok,615.4
weak,high,300,dense,3,gamma_weak__noise_high__T_300__density_dense__seed_003,1.0,2311.0,True,0,0.6644046260977402,0.6319086777501628,0.6962482498598032,0.6706254738771149,125.20822311595388,100.08663160854695,-236.5428132007778,580.185764449901,749.413313884799,0.6666666666666666,-0.2928992624101993,0.5113051778920139,0.694361578571521,0.6666666666666666,-0.23653259574353272,0.4635051778920139,0.6280070716920353,0.6666666666666666,benchmark,ok,580.8
weak,high,300,dense,4,gamma_weak__noise_high__T_300__density_dense__seed_004,1.0,1368.0,True,0,0.7251547629345994,0.697365155166531,0.7547979314661725,0.732376727813572,111.48645785615115,88.9028210010854,-59.79068616665514,610.7271753500105,708.3050838946855,0.8333333333333334,-0.13579611325912996,0.5255062657702849,0.6526765156977262,0.8333333333333334,-0.08909611325912992,0.4914395991036183,0.5917867360692538,1.0,benchmark,ok,600.9
weak,high,300,dense,5,gamma_weak__noise_high__T_300__density_dense__seed_005,1.0,1900.0,True,1,0.7060187495963947,0.6743383797721696,0.7357445242103482,0.7127308338510716,107.4817846300844,87.73860147190176,-187.01130551195413,774.580071723611,963.6236374800756,0.8333333333333334,-0.1178811487001044,0.5596431555907868,0.6967434844157036,0.8333333333333334,-0.07639781536677108,0.5349264889241202,0.6636350975685118,0.8333333333333334,benchmark,ok,604.7
weak,high,300,medium,1,gamma_weak__noise_high__T_300__density_medium__seed_001,1.0,1771.0,True,0,0.7049070289093222,0.6768312188608182,0.7350350716462227,0.7112869058229567,113.17087119205678,88.55863004312988,-46.914308847817416,572.9127605234488,691.6621963098487,0.8333333333333334,-0.08905053870071211,0.4149849693587513,0.5373061590965464,0.8333333333333334,-0.06686720536737872,0.4006728860521289,0.5207616528627517,0.8333333333333334,benchmark,ok,596.1
weak,high,300,medium,2,gamma_weak__noise_high__T_300__density_medium__seed_002,1.0,2109.0,True,1,0.7056807029069057,0.6783988249780482,0.734768039077116,0.713166145907953,114.90473934089829,89.7820607705969,625.0257102479701,1404.7754800435894,1935.4671241322064,0.6666666666666666,0.25502436770317877,0.9501767918536052,1.1797836794232284,0.6666666666666666,0.27862436770317867,0.934843458520272,1.1635297318327984,0.6666666666666666,benchmark,ok,603.7
weak,high,300,medium,3,gamma_weak__noise_high__T_300__density_medium__seed_003,1.01,1495.0,False,0,0.6623114587283193,0.6262304120176168,0.6974613764134283,0.6688461891071941,125.3913594652968,100.14596718829581,-211.43077429102104,649.9345567425548,839.6947838556085,0.6666666666666666,-0.28038372753085644,0.5621669911210863,0.750119812449874,0.6666666666666666,-0.2448837275308564,0.5276669911210863,0.7032893164237325,0.6666666666666666,benchmark,ok,588.8
weak,high,300,medium,4,gamma_weak__noise_high__T_300__density_medium__seed_004,1.0,1509.0,True,0,0.7239035018604909,0.6955796706876308,0.7478569948374149,0.7320946551880684,111.43882864703872,88.82349354986536,-48.789306815996916,663.0916623754,751.9678564219553,0.8333333333333334,-0.12501661850341816,0.5571229157171397,0.6717127602165595,0.8333333333333334,-0.09528328517008489,0.5347229157171397,0.6350279490016519,0.8333333333333334,benchmark,ok,633.1
weak,high,80,dense,2,gamma_weak__noise_high__T_80__density_dense__seed_002,1.0,1750.0,True,0,0.6747392864606437,0.603015002577612,0.7342934705717244,0.6957944456444258,89.67105595261583,71.75136349794745,201.26540188957196,203.5254238054151,291.5946627187596,1.0,0.5215070728795801,0.5291300476939258,0.7363682617488183,1.0,0.5492737395462467,0.5492737395462467,0.7581958127565244,1.0,benchmark,ok,186.3
weak,high,80,dense,1,gamma_weak__noise_high__T_80__density_dense__seed_001,1.0,1614.0,True,0,0.6515356008947969,0.5802905099464013,0.7137540951915436,0.6682204692623184,83.04019054515538,68.33007998619168,90.70640925759649,147.7562181381925,205.9835679437586,1.0,0.2079671930034969,0.38034135630809446,0.5293648798286945,1.0,0.22463385967016358,0.3892413563080945,0.5340957617504022,1.0,benchmark,ok,195.1
weak,high,80,dense,3,gamma_weak__noise_high__T_80__density_dense__seed_003,1.0,1514.0,True,0,0.6961558117436064,0.6282632670654388,0.7470627799030934,0.7238740431948769,76.22476970141325,61.5912248161776,195.89894183893875,293.1509868487894,350.00914066557567,0.8333333333333334,0.4161875215510176,0.8935036858789599,1.0627927918055196,0.8333333333333334,0.48197085488435093,0.8480774785273608,1.027655904413261,1.0,benchmark,ok,225.7
weak,high,300,medium,5,gamma_weak__noise_high__T_300__density_medium__seed_005,1.01,2040.0,False,4,0.7059276038029605,0.6746017732814729,0.7377547819208091,0.7123714831813684,107.41331832341989,87.72283296905327,-150.39742863105172,810.2395616474408,971.7744292470862,0.8333333333333334,-0.09494797850954446,0.5805601398078799,0.6973053990573218,0.8333333333333334,-0.0674313118428778,0.5633434731412131,0.6791131010720584,0.8333333333333334,benchmark,ok,618.7
weak,high,80,dense,4,gamma_weak__noise_high__T_80__density_dense__seed_004,1.0,1741.0,True,0,0.631095483480148,0.5595235811773068,0.6894716566012629,0.6408798744550082,91.65309393044852,74.72569403125051,133.0605133532155,246.6302299852653,298.7783524038927,1.0,0.30030993926886035,0.7020756836291501,0.8369782739909174,1.0,0.32802660593552707,0.6863923502958168,0.8311584170761536,1.0,benchmark,ok,170.6
weak,high,300,sparse,1,gamma_weak__noise_high__T_300__density_sparse__seed_001,1.0,2031.0,True,0,0.7037800874390062,0.675132874352751,0.7327475691670353,0.7113180435245721,113.07302003306131,88.5176011198715,-19.74405601653922,580.0461257643242,688.9193816914066,0.6666666666666666,-0.0668945148904586,0.41896822424241925,0.5282095254134073,0.6666666666666666,-0.054261181557125206,0.41485037935558416,0.5313500272669834,0.6666666666666666,benchmark,ok,594.7
weak,high,300,sparse,2,gamma_weak__noise_high__T_300__density_sparse__seed_002,1.0,2060.0,True,0,0.7051437330474858,0.6759138237330251,0.7336061374587943,0.7132027834275922,114.95012909661872,89.73236961152168,574.2048861852637,1316.5538549443934,1758.0885756115345,0.5,0.23165140775028945,0.8963431654487417,1.0855849089644887,0.5,0.2462014077502894,0.8892598321154085,1.0754548443936132,0.5,benchmark,ok,608.6
weak,high,80,dense,5,gamma_weak__noise_high__T_80__density_dense__seed_005,1.0,1479.0,True,0,0.7518216916007698,0.7026504701819463,0.7938153147642066,0.7697476919491983,77.43891762316804,64.4222919811341,96.39859491386973,301.8356041455351,395.690780890628,0.8333333333333334,0.1481450087115643,0.8781889212709899,1.0975189023743483,0.8333333333333334,0.1773950087115643,0.8581055879376565,1.0738474028488194,0.8333333333333334,benchmark,ok,221.0
weak,high,300,sparse,3,gamma_weak__noise_high__T_300__density_sparse__seed_003,1.0,2107.0,True,0,0.6613046051706415,0.6256999742900627,0.6947435035908884,0.6684937504755952,125.47155535920437,100.19820515062216,-226.33416378314874,651.5129727450052,825.7412321390893,0.5,-0.2848463641338361,0.5528531371020368,0.722982107020017,0.5,-0.26317969746716946,0.53118647043537,0.6997391941299884,0.5,benchmark,ok,584.4
weak,high,300,sparse,4,gamma_weak__noise_high__T_300__density_sparse__seed_004,1.0,1410.0,True,0,0.7249923279822887,0.6969587168833767,0.7523553630991324,0.7320854411655497,111.45995478447496,88.83266563741104,-48.96253298267951,697.2538684559303,768.6390592370826,0.6666666666666666,-0.11823762575468381,0.5723959604478831,0.6693287701586569,0.6666666666666666,-0.09945429242135047,0.5602459604478831,0.6451010839742874,0.6666666666666666,benchmark,ok,636.4
weak,high,80,medium,1,gamma_weak__noise_high__T_80__density_medium__seed_001,1.01,1745.0,False,0,0.6519419991769171,0.5766853017895098,0.7164808863288208,0.6669591216328927,83.05497058587682,68.41524928559782,96.77110969993396,155.7059129598109,207.48294671576798,0.8333333333333334,0.22436847857232037,0.4024308928436204,0.5337172706014899,0.8333333333333334,0.2341018119056537,0.40443089284362044,0.5317578142102208,0.8333333333333334,benchmark,ok,190.4
weak,high,80,medium,2,gamma_weak__noise_high__T_80__density_medium__seed_002,1.0,1801.0,True,0,0.6729983977447435,0.596334216544117,0.7403971156258567,0.6959585180767812,89.63135718241676,71.89843061284712,197.32903362853844,206.9385170713252,301.3800842778583,1.0,0.510202860767088,0.5426286231817374,0.7714094448965507,1.0,0.5267195274337547,0.5473786231817374,0.7786873681146411,1.0,benchmark,ok,159.8
weak,high,80,medium,4,gamma_weak__noise_high__T_80__density_medium__seed_004,1.0,1937.0,True,0,0.6303827482160721,0.5454365673612656,0.6943920158363055,0.6401340337839376,91.6784994595349,74.71980663055002,138.58644927562807,246.1101565446978,295.34608681018,1.0,0.3136203234460573,0.6938684663993225,0.8188470544052591,1.0,0.3325869901127239,0.6802017997326559,0.8113935547113981,1.0,benchmark,ok,166.4
weak,high,80,medium,3,gamma_weak__noise_high__T_80__density_medium__seed_003,1.0,1454.0,True,0,0.7007436058950685,0.64222645617066,0.7547810897942827,0.723671585181519,76.24417039389344,61.614849534706124,209.1785668298697,302.3541543617048,350.04575252065473,0.8333333333333334,0.44330611161578104,0.9013634278638695,1.0286771042101595,0.8333333333333334,0.49077277828244775,0.8646946187643297,1.010543484484379,1.0,benchmark,ok,193.4
weak,high,300,sparse,5,gamma_weak__noise_high__T_300__density_sparse__seed_005,1.01,1790.0,False,3,0.7050410671553762,0.6753201086140623,0.7304995524447051,0.7125278471674111,107.22567705228072,87.54843830064638,-164.19185398477987,849.6708902317342,1017.9317124007307,0.6666666666666666,-0.10102218990996951,0.601974040207559,0.7148927044499117,0.6666666666666666,-0.08503885657663617,0.5954907068742257,0.6994262346870379,0.6666666666666666,benchmark,ok,606.2
weak,high,80,sparse,1,gamma_weak__noise_high__T_80__density_sparse__seed_001,1.0,1479.0,True,0,0.64422477998857,0.5732810559721385,0.7107948854594219,0.6652197096552032,83.17849332050969,68.55751473254074,101.91766722271898,156.58527748444843,220.20929280305023,0.8333333333333334,0.23718917869210485,0.40235260515144883,0.5635510269733053,0.8333333333333334,0.24277251202543818,0.4079359384847822,0.5642917597039151,0.8333333333333334,benchmark,ok,170.8
weak,high,80,sparse,2,gamma_weak__noise_high__T_80__density_sparse__seed_002,1.0,1384.0,True,0,0.6759298250996123,0.6104894858903189,0.741947534517126,0.6951874572588816,89.65368063599556,71.6993711776976,201.99672604127045,211.5892730703142,304.47826188273126,0.8333333333333334,0.5234623257510521,0.5558275405402888,0.7793851325604706,0.8333333333333334,0.5336289924177188,0.5659942072069556,0.7862951157334086,0.8333333333333334,benchmark,ok,174.3
weak,high,80,medium,5,gamma_weak__noise_high__T_80__density_medium__seed_005,1.0,1537.0,True,0,0.7542782106422404,0.7065395371358731,0.7948461869606375,0.7693263652284411,77.37668495229978,64.43944597916663,95.76347205450503,306.3612292596629,394.52747291865126,0.8333333333333334,0.14938256844271017,0.8870609836772156,1.091931832711019,0.8333333333333334,0.1677992351093768,0.8741443170105492,1.0773406189512538,0.8333333333333334,benchmark,ok,238.6
weak,high,80,sparse,4,gamma_weak__noise_high__T_80__density_sparse__seed_004,1.0,1656.0,True,0,0.6275610997101573,0.5486776077787424,0.6929829130094125,0.6399406505860528,91.70546439620874,74.59560314453987,148.43333657403556,262.83617353413075,319.85882395556587,0.8333333333333334,0.3348249807450623,0.7384681947437194,0.8836125772140365,0.8333333333333334,0.34245831407839566,0.7352348614103859,0.8799442892279787,0.8333333333333334,benchmark,ok,170.9
weak,high,80,sparse,3,gamma_weak__noise_high__T_80__density_sparse__seed_003,1.0,1376.0,True,1,0.6976206355911593,0.6357564442071099,0.7575745973034427,0.7249457451708157,75.925506238148,61.43267564507683,230.79382919281633,342.1603858445058,388.4300956275974,0.6666666666666666,0.47265044117452026,1.022634655731989,1.1302811823886265,0.6666666666666666,0.49230044117452026,1.0090513223986557,1.1135981937553374,0.6666666666666666,benchmark,ok,210.0
weak,high,80,sparse,5,gamma_weak__noise_high__T_80__density_sparse__seed_005,1.0,1401.0,True,1,0.752322300753675,0.7034349166852449,0.7917932808556652,0.7691201014600046,77.4741765637198,64.33173689674565,102.38293880748536,297.7936681532581,409.4456696770776,0.6666666666666666,0.1618422108003699,0.8547736564431343,1.111940334650508,0.6666666666666666,0.17367554413370326,0.8480069897764676,1.1005066907401517,0.6666666666666666,benchmark,ok,232.4
weak,low,156,dense,1,gamma_weak__noise_low__T_156__density_dense__seed_001,1.0,1150.0,True,4,0.888017395083094,0.8745680155557378,0.9006090946462123,0.8968607954936008,51.61765466276397,41.616995420982406,68.95019831400221,185.17692124401069,237.27008409455848,0.8333333333333334,0.06158831126221409,0.2875954274312618,0.3816391487402553,0.8333333333333334,0.09745497792888075,0.27852876076459515,0.3557733382820857,0.8333333333333334,benchmark,ok,440.8
weak,low,156,dense,2,gamma_weak__noise_low__T_156__density_dense__seed_002,1.0,2001.0,True,0,0.8259401611713613,0.8058561587561056,0.8471911301230144,0.8354459037843401,60.277847162623075,46.90193711375465,-55.09070613223928,331.1583659497831,381.7290289250975,0.8333333333333334,-0.204225414610871,0.5099794477062937,0.5655244284382106,0.8333333333333334,-0.14857541461087098,0.4630294477062935,0.5123605706183381,1.0,benchmark,ok,438.5
weak,low,156,dense,3,gamma_weak__noise_low__T_156__density_dense__seed_003,1.0,576.0,True,1,0.8780605762508785,0.864682522133785,0.892600864147626,0.8873644174114982,52.17256534120834,42.746419218119996,-112.22841980722758,207.06470469840966,261.66982391524357,1.0,-0.21447327750457432,0.3394502247904793,0.4347177378516453,1.0,-0.1344566108379077,0.27604936696062093,0.3693314998637137,1.0,benchmark,ok,444.4
weak,low,156,dense,4,gamma_weak__noise_low__T_156__density_dense__seed_004,1.01,940.0,False,2,0.8758599077027249,0.8609529993488299,0.8904268850724332,0.8846086676550539,50.17247333593953,39.378443844065636,76.24211073099494,210.964878427959,322.7369812984016,0.8333333333333334,0.06090878490418026,0.2559808172425917,0.3722733614381576,0.8333333333333334,0.08969211823751361,0.2847641505759251,0.38097256988981376,0.8333333333333334,benchmark,ok,445.9
weak,low,156,dense,5,gamma_weak__noise_low__T_156__density_dense__seed_005,1.01,779.0,False,1,0.8322356114296127,0.8118343456199499,0.8543963598849577,0.8439800687730971,59.1764482407083,48.32806328013287,-140.09978729978388,279.7642046444616,308.66067490546516,0.6666666666666666,-0.24536061163492895,0.41568376694292875,0.48053210484729203,0.6666666666666666,-0.2050939449682622,0.382117100276262,0.4328615122034726,1.0,benchmark,ok,447.6
weak,low,156,medium,1,gamma_weak__noise_low__T_156__density_medium__seed_001,1.01,1030.0,False,1,0.8883559836252384,0.8741500531146935,0.8998456778102466,0.8970361819562765,51.504801646847355,41.492765336513756,111.86075814152154,225.73204291580666,247.05021564108438,0.8333333333333334,0.11211911092255868,0.33354419353097803,0.385947219640526,0.8333333333333334,0.132802444255892,0.3313608601976447,0.3777165308991244,0.8333333333333334,benchmark,ok,438.1
weak,low,156,medium,2,gamma_weak__noise_low__T_156__density_medium__seed_002,1.0,1743.0,True,1,0.8272333723646628,0.8056600776710837,0.8475432809447053,0.8362157068917098,60.107709997319205,46.70950253275482,-20.38523425708816,375.6387243806655,434.28518002017694,0.8333333333333334,-0.1668558669213326,0.5650125558069987,0.616133827388535,0.8333333333333334,-0.12730586692133267,0.5265292224736654,0.5764265891482674,0.8333333333333334,benchmark,ok,440.5
weak,low,156,medium,3,gamma_weak__noise_low__T_156__density_medium__seed_003,1.0,439.0,True,1,0.8778336388775922,0.8626888635238356,0.8922843660994905,0.8869451613527933,52.22630166071228,42.817583303629284,-88.73546630382894,217.59369294499265,276.09048221574557,1.0,-0.17764751620513186,0.347485974289965,0.4375070606810881,1.0,-0.13283084953846522,0.3071047555884869,0.4007500149838159,1.0,benchmark,ok,438.2
weak,low,156,medium,4,gamma_weak__noise_low__T_156__density_medium__seed_004,1.01,568.0,False,0,0.8751426378076974,0.860861062716131,0.8889279395370653,0.884343825318574,50.18862064743809,39.370264093427394,83.97023757209227,227.8924611809413,332.5940997396061,0.8333333333333334,0.06927097325458738,0.27768437433985027,0.38825122361252296,0.8333333333333334,0.0869709732545874,0.29498398424852507,0.39214065638431767,0.8333333333333334,benchmark,ok,458.0
weak,low,156,medium,5,gamma_weak__noise_low__T_156__density_medium__seed_005,1.01,945.0,False,4,0.8317450457828977,0.8091063175411778,0.8520175854586043,0.842670730489326,59.44509976523894,48.5278865042908,-92.18723829707551,271.72763887930586,329.19933170241654,0.6666666666666666,-0.19552595194696276,0.4144744685636497,0.5059602876055929,0.6666666666666666,-0.17070928528029608,0.39052446856364975,0.47647280031655614,0.6666666666666666,benchmark,ok,438.8
weak,low,156,sparse,2,gamma_weak__noise_low__T_156__density_sparse__seed_002,1.0,1748.0,True,1,0.8254830008277362,0.8012244992544181,0.8437688046782299,0.8354035518693692,60.19833468305757,46.785421334684756,-18.994706166838437,349.82630068422924,396.0320652656993,0.6666666666666666,-0.1496079903733944,0.5245402237531659,0.5639960619847393,0.6666666666666666,-0.1333913237067277,0.5083235570864991,0.5493693392150483,0.6666666666666666,benchmark,ok,420.5
weak,low,156,sparse,1,gamma_weak__noise_low__T_156__density_sparse__seed_001,1.01,836.0,False,0,0.8888486402387643,0.876263430987786,0.9017479936097895,0.8974796674289671,51.42061074129845,41.420514547872905,125.5865298652543,244.49252159013432,268.53961832755743,0.6666666666666666,0.13178948326093673,0.3630108209465274,0.41838339371558325,0.6666666666666666,0.14637281659427004,0.354527487613194,0.4032962187598428,0.6666666666666666,benchmark,ok,449.8
weak,low,156,sparse,3,gamma_weak__noise_low__T_156__density_sparse__seed_003,1.01,519.0,False,1,0.8793115452097865,0.8655939449837294,0.8923859449626949,0.8882223399361413,51.948476816355445,42.60202179614866,-74.07623490918455,208.17246852298976,270.4575380884823,0.8333333333333334,-0.14051305108349685,0.3172505688780842,0.40123090162915676,0.8333333333333334,-0.1072297177501635,0.2839672355447509,0.376454544068356,0.8333333333333334,benchmark,ok,446.7
weak,low,156,sparse,4,gamma_weak__noise_low__T_156__density_sparse__seed_004,1.01,779.0,False,0,0.8755243705971587,0.8608160790538918,0.8879264932254305,0.8844435324463541,50.14008731560072,39.25489013884282,98.20431366911635,237.0087067480491,323.7196406096504,0.6666666666666666,0.09074339232789687,0.2917145890420693,0.3795598329793696,0.6666666666666666,0.10176005899456354,0.302731255708736,0.3831553181903553,0.6666666666666666,benchmark,ok,444.2
weak,low,156,sparse,5,gamma_weak__noise_low__T_156__density_sparse__seed_005,1.01,871.0,False,0,0.8322351020710044,0.8078316621725142,0.8517894519941449,0.8433933914229662,59.380601326139576,48.50645529428906,-131.5868907985469,319.21322408971946,354.1098650903462,0.5,-0.23592980370027758,0.4647248271206396,0.5271438778533876,0.5,-0.21776313703361094,0.44655816045397295,0.5047911708713577,0.5,benchmark,ok,448.6
weak,low,300,dense,1,gamma_weak__noise_low__T_300__density_dense__seed_001,1.01,644.0,False,5,0.8824770235834721,0.8743691793521282,0.8906867944106481,0.8871004932100097,62.0216690524913,48.8407000481277,-151.047472743495,448.7379771687428,519.7053991023214,0.6666666666666666,-0.15290502470334902,0.32746185029614105,0.39217929194044493,0.6666666666666666,-0.11830502470334901,0.3069390898140654,0.36648697479937936,0.8333333333333334,benchmark,ok,663.8
weak,low,300,dense,2,gamma_weak__noise_low__T_300__density_dense__seed_002,1.01,1233.0,False,5,0.884762694586788,0.8751531281007994,0.8925125452020695,0.8893149420205765,63.8366135487448,50.49063897679273,407.62792700513484,1055.0629054471249,1589.1375320023121,0.5,0.1369924445785443,0.7157391333692263,0.9681112239392122,0.5,0.17427577791187757,0.6859224667025595,0.9406780753442713,0.5,benchmark,ok,669.8
weak,low,300,dense,3,gamma_weak__noise_low__T_300__density_dense__seed_003,1.0,1276.0,True,2,0.8692726066487316,0.8591073674623717,0.8787264483904513,0.8735891997688949,67.22850084737058,52.72303864761998,-257.4720283138379,499.91713016650397,594.835405460035,0.5,-0.294877020517127,0.4364742922894975,0.5725951881391507,0.5,-0.2385103538504603,0.3886742922894976,0.49233597603473905,0.5,benchmark,ok,670.0
weak,low,300,dense,5,gamma_weak__noise_low__T_300__density_dense__seed_005,1.01,954.0,False,2,0.8915637826802478,0.883918031503694,0.8988206031286347,0.896301819252101,59.44257038058394,47.72152143732288,-139.78568035361707,413.11939736055683,516.7582339904745,0.8333333333333334,-0.11140037256403838,0.3178297655884113,0.41631775130672727,0.8333333333333334,-0.06991703923070502,0.2931130989217447,0.3710214665611761,0.8333333333333334,benchmark,ok,662.6
weak,low,300,medium,1,gamma_weak__noise_low__T_300__density_medium__seed_001,1.01,839.0,False,3,0.8821550512066608,0.8725437362157648,0.8903436922627068,0.8867936118800162,62.06684573805705,48.80856574548363,-78.7738854501951,540.7608741767428,606.8590624614036,0.8333333333333334,-0.11358274405021739,0.3820144654372648,0.4355689428169983,0.8333333333333334,-0.091399410716884,0.3675644654372648,0.4164774796195198,0.8333333333333334,benchmark,ok,649.7
weak,low,300,dense,4,gamma_weak__noise_low__T_300__density_dense__seed_004,1.0,1195.0,True,2,0.8969817588837934,0.8889188933562255,0.9046271143515902,0.9009543504903796,61.315488673355716,49.05393312152937,-154.3474493081491,396.4838785861322,473.9699256905046,0.6666666666666666,-0.19730521109712126,0.35245705788487136,0.4759595392640089,0.6666666666666666,-0.15060521109712124,0.31189039121820467,0.40244015625179724,0.6666666666666666,benchmark,ok,676.2
weak,low,300,medium,2,gamma_weak__noise_low__T_300__density_medium__seed_002,1.0,1328.0,True,2,0.885079305581303,0.876859856760988,0.8938203592308746,0.8894145512587751,63.79385639633633,50.386836822670766,504.94707939316504,1144.365816815014,1713.6844493425908,0.5,0.1939765117367193,0.7663811499559533,1.0283083104354225,0.5,0.2175765117367192,0.7436811499559534,1.0125451699751484,0.5,benchmark,ok,654.2
weak,low,300,medium,3,gamma_weak__noise_low__T_300__density_medium__seed_003,1.01,1130.0,False,0,0.8687303270835057,0.8574949689030611,0.877216734403208,0.872668420558756,67.3623997743896,52.77569652807745,-234.3591920652192,518.9902381034555,608.0261034970176,0.5,-0.2792332721095491,0.44763899347121683,0.5759337196632793,0.5,-0.24373327210954912,0.4131389934712167,0.5231740817976256,0.6666666666666666,benchmark,ok,665.9
weak,low,300,medium,4,gamma_weak__noise_low__T_300__density_medium__seed_004,1.0,1079.0,True,1,0.8968196201745673,0.8896301183660817,0.9040002223220528,0.9007527043910508,61.314773040885335,49.20319250192851,-119.22952822116413,444.15818658182087,497.18862750327133,0.6666666666666666,-0.1775704128692899,0.37871189349547096,0.4793810344344796,0.6666666666666666,-0.1478370795359566,0.3497452268288043,0.4356998635017947,0.6666666666666666,benchmark,ok,678.1
weak,low,300,medium,5,gamma_weak__noise_low__T_300__density_medium__seed_005,1.01,990.0,False,2,0.8917918596122086,0.8837054166592332,0.8992111056384291,0.8960522549754809,59.43804999691534,47.71830545332598,-88.83446681427786,411.9011887933345,493.4048415711311,0.8333333333333334,-0.0822303019406037,0.31622334156367565,0.4007471206423614,0.8333333333333334,-0.054713635273937,0.299006674897009,0.3752113735791126,0.8333333333333334,benchmark,ok,669.4
weak,low,300,sparse,1,gamma_weak__noise_low__T_300__density_sparse__seed_001,1.0,864.0,True,0,0.8817975573666795,0.8726913307789935,0.8901429120966003,0.8865078623773481,62.05008314407421,48.80013809102667,-78.45589976433685,496.9286523395918,525.6058095168152,0.6666666666666666,-0.10361395759139502,0.3549229197614676,0.386160241060921,0.6666666666666666,-0.09098062425806164,0.3491895864281342,0.38262864908635186,0.6666666666666666,benchmark,ok,646.0
weak,low,80,dense,1,gamma_weak__noise_low__T_80__density_dense__seed_001,1.0,1859.0,True,1,0.8486822978562653,0.8199218433095754,0.8732445893309095,0.8641309967096141,46.55390505388943,37.06223543878544,59.84769729014158,127.1330894497,158.85717145082216,0.8333333333333334,0.12182116696492844,0.3245872850879556,0.40183765826582407,0.8333333333333334,0.13848783363159514,0.33348728508795555,0.4057789701716131,0.8333333333333334,benchmark,ok,317.8
weak,low,80,dense,2,gamma_weak__noise_low__T_80__density_dense__seed_002,1.01,1738.0,False,1,0.8489709724991545,0.8178789454750623,0.8742696161702199,0.8646183501063455,51.03626316155187,41.45194282090707,161.98770561023724,193.1609709456146,277.1544614222657,1.0,0.39278739728947293,0.4917104271446355,0.6556864264023288,1.0,0.4205540639561396,0.5031770938113022,0.6728121674473216,1.0,benchmark,ok,306.9
weak,low,80,dense,3,gamma_weak__noise_low__T_80__density_dense__seed_003,1.0,1876.0,True,0,0.8795790658280843,0.8581313207611782,0.8994557243624444,0.8943600636892367,41.301856126291646,34.28797206394681,110.59961368770746,245.17006348612392,272.9719117720247,0.8333333333333334,0.11720771870789859,0.8014860338380809,0.8696635703229068,0.8333333333333334,0.1829910520412318,0.7473360338380809,0.8042582361819445,0.8333333333333334,benchmark,ok,314.3
weak,low,300,sparse,2,gamma_weak__noise_low__T_300__density_sparse__seed_002,1.01,1000.0,False,1,0.8849889593149569,0.8762014840136065,0.8929370286291705,0.8892849785057045,63.848936897607715,50.46684534534637,461.5208028570383,1048.5059695174912,1530.523193101989,0.3333333333333333,0.17874107946775908,0.7077478217196719,0.9327801663550064,0.3333333333333333,0.19329107946775906,0.6931978217196719,0.9206264136236855,0.3333333333333333,benchmark,ok,642.6
weak,low,300,sparse,3,gamma_weak__noise_low__T_300__density_sparse__seed_003,1.01,1218.0,False,0,0.8675047927807289,0.8582577667129729,0.8774844161588669,0.8721918458161079,67.48555101900779,52.78154475127293,-241.8968407018714,484.92369796375306,588.1069148715501,0.5,-0.2763487906648121,0.4260263877236557,0.5604675690075063,0.5,-0.2546821239981454,0.404359721056989,0.5270345268443932,0.5,benchmark,ok,635.6
weak,low,80,dense,4,gamma_weak__noise_low__T_80__density_dense__seed_004,1.0,1816.0,True,1,0.8533137209592947,0.8262770884415013,0.8767151082457743,0.867098699011448,50.071072814820205,40.00003017635171,98.37856050347081,174.82431191883822,205.7539650973362,1.0,0.21434606415370694,0.5044779733374593,0.5841886410235158,1.0,0.24206273082037363,0.4887946400041259,0.5779080260474098,1.0,benchmark,ok,303.5
weak,low,300,sparse,4,gamma_weak__noise_low__T_300__density_sparse__seed_004,1.0,1062.0,True,4,0.8966953730548325,0.8893782646259241,0.9037155557987848,0.9005612886827791,61.38247893072078,49.24657247815764,-115.60991403901373,428.35949322224434,487.12612081692805,0.5,-0.16520116121078102,0.3719665342997698,0.47229119847284845,0.5,-0.1464178278774477,0.3531832009664364,0.43994083886891244,0.5,benchmark,ok,647.6
weak,low,300,sparse,5,gamma_weak__noise_low__T_300__density_sparse__seed_005,1.01,765.0,False,2,0.8917554586364865,0.8836321621770924,0.8997631143679365,0.8962901558453262,59.30167912958395,47.61052971554486,-115.80176798341627,479.65806657964157,567.7989299556311,0.6666666666666666,-0.08983564567985818,0.353175975425786,0.4336198740554041,0.6666666666666666,-0.07385231234652483,0.3466926420924526,0.4136424862632132,0.6666666666666666,benchmark,ok,648.6
weak,low,80,medium,1,gamma_weak__noise_low__T_80__density_medium__seed_001,1.0,1626.0,True,3,0.847719660317452,0.8247808074185354,0.8764225625642837,0.8629827341492043,46.66591154535061,37.22833078003221,66.81940957013818,134.29224156613154,173.66085660447155,0.8333333333333334,0.14306047692671442,0.34630760093156826,0.4461959799462537,0.8333333333333334,0.15279381026004776,0.3483076009315682,0.4441655877809358,0.8333333333333334,benchmark,ok,301.4
weak,low,80,medium,2,gamma_weak__noise_low__T_80__density_medium__seed_002,1.0,1728.0,True,3,0.8486799316105266,0.817087404232628,0.8714770904007733,0.865333444078277,50.88673015881916,41.255691651234955,179.34322327327268,213.59752520393758,305.3905164841023,0.8333333333333334,0.43570881992234706,0.5442576539991569,0.7268312071379378,0.8333333333333334,0.4522254865890138,0.5444743206658235,0.7316578967374124,0.8333333333333334,benchmark,ok,292.9
weak,low,80,dense,5,gamma_weak__noise_low__T_80__density_dense__seed_005,1.0,1391.0,True,0,0.9016604484373395,0.8855972498147902,0.915629364305106,0.9131554616908975,40.930372992430385,34.094134032247275,40.8269797028662,231.15941102996246,294.1315377312229,0.8333333333333334,0.02005709627017795,0.6923338917261309,0.8755827031281841,0.8333333333333334,0.04930709627017796,0.6722505583927975,0.8453630838463496,0.8333333333333334,benchmark,ok,320.4
weak,low,80,medium,4,gamma_weak__noise_low__T_80__density_medium__seed_004,1.0,1685.0,True,1,0.8511697414191008,0.8227500982845045,0.8744999730808413,0.866578808234417,50.11716486842314,40.061720395920055,100.13117403625829,182.0602696982089,217.61160080659533,1.0,0.21854483644388908,0.528193102424639,0.6208882395243429,1.0,0.2375115031105557,0.5145264357579723,0.6101557248747599,1.0,benchmark,ok,310.5
weak,low,80,medium,3,gamma_weak__noise_low__T_80__density_medium__seed_003,1.0,1532.0,True,0,0.8787564623525516,0.858462915053465,0.8976765124037964,0.8943974491821105,41.27884407126236,34.199767820864025,127.49370939366311,262.4574404248031,306.40711171753065,0.8333333333333334,0.1428329464755154,0.8292727395841677,0.9023290331196918,0.8333333333333334,0.19029961314218213,0.7885727395841678,0.8585134341524283,0.8333333333333334,benchmark,ok,313.6
weak,low,80,sparse,1,gamma_weak__noise_low__T_80__density_sparse__seed_001,1.0,1977.0,True,0,0.8480854324890642,0.8220955922448643,0.8710969002613203,0.8623134636399229,46.70661954708891,37.19827671487646,72.76666030941223,129.0291629802646,168.69757699583653,0.8333333333333334,0.1591652896971784,0.3291246456192268,0.42716515974267,0.8333333333333334,0.16474862303051177,0.33470797895256005,0.42940312897319305,0.8333333333333334,benchmark,ok,314.5
weak,low,80,sparse,2,gamma_weak__noise_low__T_80__density_sparse__seed_002,1.0,1961.0,True,2,0.8488338948212698,0.8218054930919001,0.8757845467537767,0.865769022769603,50.75913384122767,41.00738778778657,181.7093132380812,195.7165082313071,294.7327252446742,0.8333333333333334,0.45110082047817507,0.4909952888840486,0.7073732712997945,0.8333333333333334,0.4612674871448417,0.4965952888840486,0.7126367912514632,0.8333333333333334,benchmark,ok,312.0
weak,low,80,sparse,4,gamma_weak__noise_low__T_80__density_sparse__seed_004,1.0,1502.0,True,0,0.8519655474129152,0.8197393653662598,0.8742966901888151,0.8666244012204678,50.09234081503445,40.11196635756278,102.33670560212092,176.56309760906024,225.01791028524067,0.8333333333333334,0.23039936733876995,0.508101806394275,0.633760727916286,0.8333333333333334,0.23803270067210325,0.5048684730609417,0.631932382844316,0.8333333333333334,benchmark,ok,300.7
weak,low,80,medium,5,gamma_weak__noise_low__T_80__density_medium__seed_005,1.01,1380.0,False,0,0.9015735267481292,0.8860728118655917,0.9167084131261857,0.9131278474090135,40.87153177372933,33.98631492718846,39.954036184333596,247.69991389926236,304.7483404945352,0.6666666666666666,0.022051007900723157,0.7331535521846771,0.9013081335610373,0.6666666666666666,0.04046767456738978,0.7202368855180105,0.8838252248702112,0.6666666666666666,benchmark,ok,334.5
weak,low,80,sparse,3,gamma_weak__noise_low__T_80__density_sparse__seed_003,1.0,1892.0,True,0,0.8791585518760364,0.8558298889313131,0.8982888869309353,0.8947709588947486,41.098881318625274,33.993228241014336,141.94383811829718,281.4660573051521,322.5884325955988,0.6666666666666666,0.17627387082795168,0.8844399333237797,0.948901970579559,0.6666666666666666,0.1959238708279516,0.8708565999904465,0.9295820192220391,0.6666666666666666,benchmark,ok,314.3
weak,low,80,sparse,5,gamma_weak__noise_low__T_80__density_sparse__seed_005,1.0,1346.0,True,0,0.90136603377325,0.8843455988569948,0.9162052238806375,0.9125893644318609,41.019889858591554,34.22539733718328,47.700282595880005,246.75224029132758,314.0980843795216,0.6666666666666666,0.04312727850718265,0.7255169916229961,0.9133723137694179,0.6666666666666666,0.05496061184051599,0.7187503249563294,0.898683503057241,0.6666666666666666,benchmark,ok,342.9
weak,medium,156,dense,1,gamma_weak__noise_medium__T_156__density_dense__seed_001,1.0,1327.0,True,2,0.8294151332792318,0.8062946930751633,0.851027255546584,0.8409196924817959,69.03822347359758,54.79681014338847,135.21581212122632,247.7596551207167,308.9296432133377,0.8333333333333334,0.15429440094346747,0.3731400732450188,0.4676006967232649,0.8333333333333334,0.1901610676101341,0.3640734065783522,0.4526596117005666,0.8333333333333334,benchmark,ok,424.0
weak,medium,156,dense,2,gamma_weak__noise_medium__T_156__density_dense__seed_002,1.0,2041.0,True,0,0.7447262289731932,0.7013896822246586,0.7765059268885266,0.7575303519583672,78.48716248167007,60.89042843580279,-76.86243325213294,286.3966932145384,302.2989713677699,1.0,-0.22813734564759783,0.4722224776052671,0.5277045577938225,1.0,-0.1724873456475978,0.42527247760526715,0.4638443497103624,1.0,benchmark,ok,401.7
weak,medium,156,dense,3,gamma_weak__noise_medium__T_156__density_dense__seed_003,1.01,890.0,False,1,0.8156296080814052,0.7926507055737654,0.8405164650121154,0.8275423261094894,67.74451517979753,56.05227354539649,-138.98075393130514,253.33086756161094,295.2110250346171,1.0,-0.20232089727037103,0.353016879021882,0.3916820830594662,1.0,-0.12230423060370443,0.28763354568854876,0.36977360118830394,1.0,benchmark,ok,440.5
weak,medium,156,dense,5,gamma_weak__noise_medium__T_156__density_dense__seed_005,1.0,1326.0,True,0,0.7288478941022787,0.6839129801888876,0.7637878558065458,0.7444475166920869,80.2303856664605,65.08723417506701,-90.97247420987848,282.34265231308217,357.12228031561114,0.8333333333333334,-0.19756807655083888,0.43084962193961585,0.5443263453618185,0.8333333333333334,-0.15730140988417216,0.3972829552729491,0.5013884727480354,0.8333333333333334,benchmark,ok,428.0
weak,medium,156,dense,4,gamma_weak__noise_medium__T_156__density_dense__seed_004,1.0,1412.0,True,2,0.7995413588447209,0.773612288589439,0.8257947533303939,0.8103262140119465,67.21304189427771,53.21327708297393,37.451324686393114,172.6848966069077,228.12549226441428,1.0,0.025183121452187523,0.221112268049092,0.2932228690926024,1.0,0.05396645478552087,0.24793109627278442,0.30577125715752057,1.0,benchmark,ok,437.3
weak,medium,156,medium,2,gamma_weak__noise_medium__T_156__density_medium__seed_002,1.0,2095.0,True,1,0.7457011063674212,0.7072440547687845,0.7771128614961557,0.7580532175956385,78.37616065084619,60.81407900736068,-59.24531181757235,309.19181298819575,324.3047389381925,0.8333333333333334,-0.20796662558812404,0.5022027764053482,0.5508987923845116,0.8333333333333334,-0.1684166255881241,0.463719443072015,0.5006302910297726,0.8333333333333334,benchmark,ok,432.6
weak,medium,156,medium,1,gamma_weak__noise_medium__T_156__density_medium__seed_001,1.0,1637.0,True,3,0.8302935486984839,0.8079474273605199,0.8510276199807993,0.8414619708581522,68.84726769629583,54.768179632862974,176.2186463018862,274.0084071938957,303.2376593226542,0.8333333333333334,0.20937568528750472,0.39952987860290295,0.4490025807849131,0.8333333333333334,0.23005901862083802,0.39734654526956953,0.44804684735554573,0.8333333333333334,benchmark,ok,438.0
weak,medium,156,medium,3,gamma_weak__noise_medium__T_156__density_medium__seed_003,1.01,995.0,False,2,0.8132236451977992,0.7881104730704798,0.8346246488391308,0.8263338250192767,67.93818862529476,56.245193753036546,-120.25700140317456,286.2770993250064,335.3390136628618,1.0,-0.18858809780411664,0.40740553695162957,0.4617744979015133,1.0,-0.14377143113744997,0.3737626775273813,0.43414588316035735,1.0,benchmark,ok,437.4
weak,medium,156,medium,4,gamma_weak__noise_medium__T_156__density_medium__seed_004,1.0,1569.0,True,2,0.8003303784728011,0.7725787610949891,0.8253811212790755,0.8099965595779588,67.22598573710896,53.198224503449524,57.85024699672672,197.22188630706077,250.5233280584753,1.0,0.049830982078761965,0.2516382155944869,0.3194991595429906,1.0,0.06753098207876196,0.26933821559448684,0.32580058244603033,1.0,benchmark,ok,448.4
weak,medium,156,medium,5,gamma_weak__noise_medium__T_156__density_medium__seed_005,1.0,1408.0,True,0,0.7306719202098161,0.6907965233379045,0.769539442000708,0.7435391280088773,80.4085843621974,65.31364690570021,-49.53709631605691,297.9554871684596,374.4626436377643,0.8333333333333334,-0.14429148353352886,0.44139241153302294,0.5512882993502736,0.8333333333333334,-0.11947481686686219,0.4174424115330231,0.5242415080566263,0.8333333333333334,benchmark,ok,426.1
weak,medium,156,sparse,1,gamma_weak__noise_medium__T_156__density_sparse__seed_001,1.0,1391.0,True,2,0.8315389327060906,0.8083090121324671,0.851093321383282,0.8428936029316374,68.56904708712533,54.57603719111627,182.08350402547953,279.53086239741475,314.6414506693345,0.6666666666666666,0.2192638043762901,0.40875834099055597,0.46516791751876385,0.6666666666666666,0.2338471377096234,0.4002750076572226,0.45557504706198265,0.6666666666666666,benchmark,ok,423.0
weak,medium,156,sparse,2,gamma_weak__noise_medium__T_156__density_sparse__seed_002,1.0,1976.0,True,0,0.7463667887342833,0.7089948947751417,0.7773041055460844,0.757369834713208,78.43449769905749,60.713654801010094,-53.01111454143739,292.30148749202215,308.6311449451133,0.6666666666666666,-0.18782845466723538,0.47146914949374624,0.5146140504473916,0.6666666666666666,-0.17161178800056867,0.45525248282707964,0.49859537896002876,0.6666666666666666,benchmark,ok,409.7
weak,medium,156,sparse,5,gamma_weak__noise_medium__T_156__density_sparse__seed_005,1.01,1474.0,False,0,0.729967780279731,0.6904641888481204,0.7679662772573443,0.7442524083600263,80.38823700516828,65.32263537283329,-58.19112392436255,290.64977554658634,381.2995750824883,0.6666666666666666,-0.1517866937692764,0.43525107592311524,0.5590967129798364,0.6666666666666666,-0.13362002710260976,0.4170844092564486,0.5396670656021589,0.6666666666666666,benchmark,ok,424.6
weak,medium,156,sparse,3,gamma_weak__noise_medium__T_156__density_sparse__seed_003,1.0,877.0,True,1,0.8156364487702359,0.7923528312020535,0.838227021228176,0.828189481052233,67.59331119455669,56.03123026739309,-112.20274567646557,270.6962102601731,327.1962425107631,0.8333333333333334,-0.1594151938251069,0.36830802222371894,0.4239536986052659,0.8333333333333334,-0.12613186049177358,0.3350246888903856,0.4072607009898497,0.8333333333333334,benchmark,ok,438.4
weak,medium,156,sparse,4,gamma_weak__noise_medium__T_156__density_sparse__seed_004,1.0,1369.0,True,5,0.799154281177268,0.7709043292742159,0.8239270273046757,0.8102468569629139,67.14761165046662,52.96854376068817,65.61871090078967,206.01087803004478,247.4512780733965,0.8333333333333334,0.06290718113919158,0.26617735728314523,0.32025658990631656,0.8333333333333334,0.07392384780585826,0.2771940239498119,0.3256777759065802,0.8333333333333334,benchmark,ok,444.9
weak,medium,300,dense,2,gamma_weak__noise_medium__T_300__density_dense__seed_002,1.0,1692.0,True,0,0.8165741486749084,0.8007379883058341,0.8308836549612959,0.822360703513993,84.11583758258266,65.93867977164615,429.7848317895248,1129.60526747974,1630.2643697583521,0.6666666666666666,0.14461717768965432,0.7727228264128242,1.0066840803979427,0.6666666666666666,0.18190051102298757,0.7501728264128241,0.9788901348110813,0.6666666666666666,benchmark,ok,661.0
weak,medium,300,dense,1,gamma_weak__noise_medium__T_300__density_dense__seed_001,1.0,1120.0,True,1,0.8144600592574844,0.7978104685476476,0.8301853281933774,0.8202713695021648,82.11046729797732,64.41192265994343,-165.56491742243938,445.9750938523318,546.7527590708847,0.8333333333333334,-0.15767403658551288,0.3336044123602275,0.43044761405893595,0.8333333333333334,-0.12307403658551282,0.31347107902689403,0.41000942976079185,0.8333333333333334,benchmark,ok,673.6
weak,medium,300,dense,3,gamma_weak__noise_medium__T_300__density_dense__seed_003,1.01,1296.0,False,2,0.7892937333708964,0.7708952358251094,0.8072518538807654,0.7948524077901238,90.20306979016885,71.31236065781466,-304.2286986905669,494.6089207785456,628.8809925146587,0.6666666666666666,-0.3263354736380612,0.44600562221846296,0.6060551602285169,0.6666666666666666,-0.2699688069713946,0.39820562221846295,0.530154167319052,0.6666666666666666,benchmark,ok,647.0
weak,medium,300,dense,4,gamma_weak__noise_medium__T_300__density_dense__seed_004,1.01,1216.0,False,3,0.8331605005494426,0.8180893263967176,0.8465838450812002,0.8388702302188014,80.96631057106507,64.7449356256412,-112.04509496569176,440.37968163112674,544.071160297329,0.8333333333333334,-0.1650103004622123,0.3960742202412432,0.5283159078415396,0.8333333333333334,-0.11831030046221232,0.3555075535745765,0.4608124635367089,0.8333333333333334,benchmark,ok,642.8
weak,medium,300,dense,5,gamma_weak__noise_medium__T_300__density_dense__seed_005,1.0,1541.0,True,1,0.8223918896196094,0.8057020720430684,0.8375977109420767,0.8291082145269006,78.27577685246733,63.53593529387112,-191.77307600938232,581.8282430541944,725.6133929136384,0.8333333333333334,-0.13108527951717008,0.4248061329376687,0.534691750745773,0.8333333333333334,-0.08960194618383677,0.4000894662710021,0.4967907306406007,0.8333333333333334,benchmark,ok,650.9
weak,medium,300,medium,1,gamma_weak__noise_medium__T_300__density_medium__seed_001,1.0,1647.0,True,3,0.8143465412711246,0.7980923961636232,0.8307672723464449,0.8200405097682446,82.12303681153878,64.41842622279573,-87.50412589130565,520.846934421041,592.9397491406312,0.8333333333333334,-0.11382996797718033,0.37646915219986865,0.45402408751702983,0.8333333333333334,-0.09164663464384694,0.3620191521998686,0.4354625204933821,0.8333333333333334,benchmark,ok,651.6
weak,medium,300,medium,3,gamma_weak__noise_medium__T_300__density_medium__seed_003,1.0,1905.0,True,2,0.7880502206868375,0.7685071989033948,0.8074801846537017,0.793412746068059,90.38555948254327,71.41990197950665,-237.04605288409428,524.7239260416122,669.6942642793671,0.6666666666666666,-0.2800810778481108,0.46103286333523896,0.616722149358475,0.6666666666666666,-0.24458107784811087,0.426532863335239,0.5664089941310373,0.6666666666666666,benchmark,ok,650.0
weak,medium,300,medium,2,gamma_weak__noise_medium__T_300__density_medium__seed_002,1.0,1662.0,True,4,0.8160725202018568,0.7977390042454566,0.8288989828837684,0.8225823368303923,84.05532690160794,65.90006528242971,543.4365091633821,1256.6699515832922,1839.3306609392453,0.6666666666666666,0.2067052802568212,0.8472002642081952,1.1138409066418324,0.6666666666666666,0.2303052802568211,0.831273482400877,1.097346992819074,0.6666666666666666,benchmark,ok,660.7
weak,medium,300,medium,4,gamma_weak__noise_medium__T_300__density_medium__seed_004,1.0,1159.0,True,2,0.8327857241655815,0.8184752709278513,0.8462001226385796,0.8384372249343479,80.99293791296066,64.8234002452528,-98.1466635609767,457.16061155971784,555.634582385624,0.6666666666666666,-0.1556082789290868,0.40559634199831135,0.5299987667079665,0.6666666666666666,-0.12587494559575343,0.37662967533164476,0.48878277104095863,0.8333333333333334,benchmark,ok,644.9
weak,medium,80,dense,2,gamma_weak__noise_medium__T_80__density_dense__seed_002,1.0,1478.0,True,3,0.7789591332036144,0.7319620628324122,0.8169720540740505,0.7981908030533753,66.2339654085005,53.12822557435309,177.73803412885604,189.70313526296408,274.0750899051388,1.0,0.4494467512245148,0.4887036955629842,0.6739143000238055,1.0,0.4772134178911814,0.5001703622296509,0.6943303454053852,1.0,benchmark,ok,226.1
weak,medium,80,dense,1,gamma_weak__noise_medium__T_80__density_dense__seed_001,1.0,1469.0,True,0,0.772836801051063,0.7265421194823584,0.8136556160903456,0.7894630171689802,60.711822053610405,49.47726481445446,73.2491858487134,135.05585441097688,178.17943909718417,0.8333333333333334,0.1570836447636256,0.3438303748470884,0.45285721859229855,0.8333333333333334,0.1737503114302923,0.35273037484708847,0.45694881825359684,0.8333333333333334,benchmark,ok,250.3
weak,medium,300,medium,5,gamma_weak__noise_medium__T_300__density_medium__seed_005,1.01,1346.0,False,1,0.8227063233738902,0.8063893654984581,0.8368789421315399,0.8289808849457972,78.20335515531441,63.380079547946444,-130.51839243189875,645.3051458209496,776.9739682244178,0.8333333333333334,-0.08911876730334652,0.4689412994127032,0.5725824345642484,0.8333333333333334,-0.06160210063667981,0.4517246327460365,0.5528003020355284,0.8333333333333334,benchmark,ok,662.7
weak,medium,300,sparse,2,gamma_weak__noise_medium__T_300__density_sparse__seed_002,1.0,1986.0,True,3,0.8156753207147808,0.798596926323298,0.8319123679169604,0.8225821657924655,84.08637806473585,65.96361079282306,511.0198855665207,1151.6925352814853,1626.400998150468,0.5,0.2022981537268229,0.7808274231468016,0.9963221394931392,0.5,0.21684815372682284,0.7737440898134684,0.9850879194589188,0.5,benchmark,ok,634.0
weak,medium,300,sparse,1,gamma_weak__noise_medium__T_300__density_sparse__seed_001,1.0,1299.0,True,1,0.8136396956286394,0.7947522319207979,0.8296491192583151,0.8197028524935543,82.10073645517357,64.43587270101108,-76.31666543943585,512.611534043477,564.5009173437433,0.6666666666666666,-0.10099644967925188,0.3705506329113761,0.4286095145639752,0.6666666666666666,-0.0883631163459185,0.3648172995780426,0.42844303949051427,0.6666666666666666,benchmark,ok,661.5
weak,medium,80,dense,3,gamma_weak__noise_medium__T_80__density_dense__seed_003,1.0,1379.0,True,0,0.8085566559699416,0.7707787589788606,0.8418178282322072,0.829335887047012,55.0619689430551,45.412211142326115,137.75056040434126,261.01592962012006,291.51831282051444,0.8333333333333334,0.2176214584556537,0.8384575640232766,0.9215978832504315,0.8333333333333334,0.28340479178898703,0.7843075640232767,0.8667234662776024,0.8333333333333334,benchmark,ok,284.6
weak,medium,300,sparse,3,gamma_weak__noise_medium__T_300__density_sparse__seed_003,1.0,1355.0,True,1,0.7872121057833695,0.7658791218300721,0.8058343549411834,0.7932581086339168,90.42212964876646,71.33962456985432,-224.24320557055867,553.2690004673672,674.1113377520973,0.5,-0.2727225453664612,0.47740710114254714,0.6127729360037679,0.5,-0.2510558786997945,0.45574043447588036,0.5837498094566231,0.5,benchmark,ok,658.8
weak,medium,300,sparse,4,gamma_weak__noise_medium__T_300__density_sparse__seed_004,1.01,1114.0,False,1,0.8324932741793264,0.8180725913975977,0.8459726286579973,0.8382548765491967,81.05125109793305,64.82212115628363,-89.62625361947467,470.74187933338425,557.0346407371109,0.6666666666666666,-0.1466274823121404,0.4096554331373626,0.526031548372938,0.6666666666666666,-0.12784414897880705,0.3908720998040292,0.49583707238608304,0.6666666666666666,benchmark,ok,644.4
weak,medium,300,sparse,5,gamma_weak__noise_medium__T_300__density_sparse__seed_005,1.0,1664.0,True,1,0.8229813203752608,0.8081378342209479,0.8375424282631911,0.8292605295364923,78.03570348166059,63.21647778489902,-135.0836142078159,682.9829601537771,825.046660314593,0.6666666666666666,-0.08670813196624905,0.48884622901801816,0.5934804827976946,0.6666666666666666,-0.0707247986329157,0.4823628956846848,0.576997352226792,0.6666666666666666,benchmark,ok,632.3
weak,medium,80,medium,2,gamma_weak__noise_medium__T_80__density_medium__seed_002,1.0,1212.0,True,0,0.776669869555698,0.7281041918325559,0.8162852053682135,0.7985330189934609,66.16211064346476,53.27790608332432,184.90579493825794,200.1850791757355,294.03350799066686,0.8333333333333334,0.46499859775906627,0.5132350504765836,0.7242607110063243,0.8333333333333334,0.48151526442573295,0.5134517171432503,0.7307413148660512,0.8333333333333334,benchmark,ok,219.9
weak,medium,80,dense,4,gamma_weak__noise_medium__T_80__density_dense__seed_004,1.0,1458.0,True,0,0.7640141283369576,0.7189869747814325,0.8089574073985748,0.7801700107773415,66.64272336071446,53.86699535674461,102.92216045732191,210.28627639035122,247.36126498981943,1.0,0.2158449730086632,0.6069613160720125,0.7015705670979163,1.0,0.24356163967532987,0.5912779827386792,0.6930540503744863,1.0,benchmark,ok,264.1
weak,medium,80,medium,1,gamma_weak__noise_medium__T_80__density_medium__seed_001,1.0,1687.0,True,1,0.7722473673064999,0.7273355532904989,0.8132699772845454,0.788961851646278,60.67450311603358,49.545495362463285,76.33328486994147,137.22874720007772,187.18206993140416,0.8333333333333334,0.16957351318012726,0.3535599414656501,0.48228282612547163,0.8333333333333334,0.17930684651346063,0.35555994146565023,0.4803095673200369,0.8333333333333334,benchmark,ok,244.6
weak,medium,80,medium,3,gamma_weak__noise_medium__T_80__density_medium__seed_003,1.0,1463.0,True,0,0.8076462761079883,0.7687345466969561,0.8392745365184172,0.8295761287065376,55.00912177210503,45.28475022851344,162.73672264943323,286.300599417316,323.1583838035598,0.8333333333333334,0.26730374571367693,0.8906493873072225,0.9620387767068205,0.8333333333333334,0.3147704123803437,0.8499493873072225,0.9274064324438329,0.8333333333333334,benchmark,ok,282.7
weak,medium,80,dense,5,gamma_weak__noise_medium__T_80__density_dense__seed_005,1.0,2391.0,True,0,0.8441541821854198,0.8167078408450397,0.8693417206369022,0.8589765708945647,55.21759990570169,46.2187717641784,66.78162906943892,259.16319916051503,337.85205650757126,0.6666666666666666,0.07751232060833892,0.767476983309268,0.971088697880494,0.6666666666666666,0.10676232060833894,0.7473936499759346,0.9437529768425766,0.6666666666666666,benchmark,ok,299.8
weak,medium,80,medium,4,gamma_weak__noise_medium__T_80__density_medium__seed_004,1.0,1042.0,True,0,0.7642424175909069,0.7151611169911083,0.8039252335248191,0.7799840530359092,66.60904313301856,53.923121094350805,112.41429938855809,217.18304435830774,268.777765352797,1.0,0.24775125971368409,0.6272285587838989,0.7607336981433168,1.0,0.26671792638035074,0.6135618921172323,0.7514827359289524,1.0,benchmark,ok,257.4
weak,medium,80,sparse,2,gamma_weak__noise_medium__T_80__density_sparse__seed_002,1.0,1360.0,True,1,0.7790020003463689,0.7404188917771578,0.8229887081729704,0.7983695219936321,66.12482270264033,52.92212029813568,189.70531177630883,195.52290245251547,291.0403124266479,0.8333333333333334,0.4820566578683814,0.4997795921760472,0.7185090171527156,0.8333333333333334,0.4922233245350482,0.5053795921760472,0.7248026303059261,0.8333333333333334,benchmark,ok,192.7
weak,medium,80,sparse,1,gamma_weak__noise_medium__T_80__density_sparse__seed_001,1.0,1717.0,True,0,0.770216272917959,0.7291527298965216,0.8084968370023045,0.7881508685453595,60.70670915902369,49.6611129382488,83.83551238664755,141.6017939257299,192.78460618817002,0.6666666666666666,0.1899217821281316,0.36444765836314225,0.49460520996342616,0.6666666666666666,0.19550511546146496,0.37003099169647563,0.4961661165981092,0.6666666666666666,benchmark,ok,219.6
weak,medium,80,medium,5,gamma_weak__noise_medium__T_80__density_medium__seed_005,1.0,2058.0,True,0,0.8442068682479952,0.8194998152526346,0.8693693409758783,0.8590299733361577,55.1135984844793,46.120701573276065,64.24779167263397,274.5039230102701,344.04657415342524,0.8333333333333334,0.0769669661065568,0.8041652913813464,0.9849032933759331,0.8333333333333334,0.09538363277322348,0.7912486247146798,0.9686887891255591,0.8333333333333334,benchmark,ok,270.1
weak,medium,80,sparse,4,gamma_weak__noise_medium__T_80__density_sparse__seed_004,1.0,1062.0,True,1,0.7637506751990356,0.7099781873169668,0.8024770849907503,0.7798317607133385,66.6214429640939,53.94686306339412,120.44499960191024,219.1866283339259,272.5530775855678,0.8333333333333334,0.27027640313272017,0.6241022022652425,0.7613461034419645,0.8333333333333334,0.2779097364660535,0.6208688689319092,0.7579467983820455,0.8333333333333334,benchmark,ok,136.2
weak,medium,80,sparse,3,gamma_weak__noise_medium__T_80__density_sparse__seed_003,1.01,1831.0,False,0,0.808604163639443,0.7735455324927266,0.8425618849668558,0.8298701203978825,54.83508733039662,45.12921153803161,171.3022348263545,290.4355559937695,320.7046759404843,0.6666666666666666,0.3002868372470376,0.897486623268958,0.9595071836830311,0.6666666666666666,0.31993683724703753,0.8839032899356246,0.9408581121123768,0.6666666666666666,benchmark,ok,178.3
weak,medium,80,sparse,5,gamma_weak__noise_medium__T_80__density_sparse__seed_005,1.01,2015.0,False,0,0.8421391736015942,0.805906850013695,0.8660086774663118,0.8580673741541635,55.33929459158614,46.32694506001695,77.04029656244104,274.51773937943875,360.2953469557776,0.6666666666666666,0.10994287184808538,0.7997857246065369,1.0118915123101508,0.6666666666666666,0.1217762051814187,0.7930190579398703,0.9988769000179689,0.6666666666666666,benchmark,ok,176.5
