cell,setting,n_channel_edges_added,n_sales_edges_confirmed,n_cycle_removed,precision,recall,f1,shd,channel_f1
gamma_medium__noise_high__T_156__density_dense__seed_001,controlled,4,1,0,0.8,0.7273,0.7619,5,0.6
gamma_medium__noise_high__T_156__density_dense__seed_002,controlled,2,1,0,0.875,0.6364,0.7368,5,0.5
gamma_medium__noise_high__T_156__density_dense__seed_003,controlled,1,1,0,0.8571,0.5455,0.6667,6,0.2857
gamma_medium__noise_high__T_156__density_dense__seed_004,controlled,5,0,0,0.9091,0.9091,0.9091,2,0.9091
gamma_medium__noise_high__T_156__density_dense__seed_005,controlled,5,2,0,0.7273,0.7273,0.7273,5,0.5455
gamma_medium__noise_high__T_156__density_dense__seed_006,controlled,7,0,0,0.8462,1.0,0.9167,2,0.9231
gamma_medium__noise_high__T_156__density_dense__seed_007,controlled,4,2,0,0.8,0.7273,0.7619,4,0.6
gamma_medium__noise_high__T_156__density_dense__seed_008,controlled,8,1,1,0.6429,0.8182,0.72,6,0.5714
gamma_medium__noise_high__T_156__density_dense__seed_009,controlled,5,1,0,0.9091,0.9091,0.9091,2,0.9091
gamma_medium__noise_high__T_156__density_dense__seed_010,controlled,6,1,1,0.8333,0.9091,0.8696,3,0.8333
gamma_medium__noise_high__T_156__density_dense__seed_011,controlled,6,3,0,0.8333,0.9091,0.8696,3,0.8333
gamma_medium__noise_high__T_156__density_dense__seed_012,controlled,5,0,0,0.7273,0.7273,0.7273,4,0.5455
gamma_medium__noise_high__T_156__density_dense__seed_013,controlled,6,1,0,0.8333,0.9091,0.8696,3,0.8333
gamma_medium__noise_high__T_156__density_dense__seed_014,controlled,6,2,1,0.75,0.8182,0.7826,5,0.6667
gamma_medium__noise_high__T_156__density_dense__seed_015,controlled,4,2,1,0.8,0.7273,0.7619,4,0.6
gamma_medium__noise_high__T_156__density_medium__seed_001,controlled,3,0,0,0.7778,0.7778,0.7778,4,0.5714
gamma_medium__noise_high__T_156__density_medium__seed_002,controlled,2,1,0,0.875,0.7778,0.8235,3,0.6667
gamma_medium__noise_high__T_156__density_medium__seed_003,controlled,0,1,0,0.8333,0.5556,0.6667,5,0.0
gamma_medium__noise_high__T_156__density_medium__seed_004,controlled,4,0,0,0.9,1.0,0.9474,1,1.0
gamma_medium__noise_high__T_156__density_medium__seed_005,controlled,4,2,0,0.7,0.7778,0.7368,4,0.5
gamma_medium__noise_high__T_156__density_medium__seed_006,controlled,5,0,0,0.8182,1.0,0.9,2,0.8889
gamma_medium__noise_high__T_156__density_medium__seed_007,controlled,4,1,0,0.7,0.7778,0.7368,5,0.5
gamma_medium__noise_high__T_156__density_medium__seed_008,controlled,7,1,1,0.6923,1.0,0.8182,4,0.7273
gamma_medium__noise_high__T_156__density_medium__seed_009,controlled,3,1,0,0.8889,0.8889,0.8889,2,0.8571
gamma_medium__noise_high__T_156__density_medium__seed_010,controlled,5,1,0,0.8182,1.0,0.9,2,0.8889
gamma_medium__noise_high__T_156__density_medium__seed_011,controlled,5,2,0,0.7273,0.8889,0.8,4,0.6667
gamma_medium__noise_high__T_156__density_medium__seed_012,controlled,4,0,1,0.8,0.8889,0.8421,3,0.75
gamma_medium__noise_high__T_156__density_medium__seed_013,controlled,4,1,0,0.8,0.8889,0.8421,3,0.75
gamma_medium__noise_high__T_156__density_medium__seed_014,controlled,6,2,1,0.75,1.0,0.8571,3,0.8
gamma_medium__noise_high__T_156__density_medium__seed_015,controlled,4,1,1,0.8,0.8889,0.8421,2,0.75
gamma_medium__noise_high__T_156__density_sparse__seed_001,controlled,3,1,0,0.6667,0.8571,0.75,4,0.4
gamma_medium__noise_high__T_156__density_sparse__seed_002,controlled,3,1,0,0.7778,1.0,0.875,2,0.8
gamma_medium__noise_high__T_156__density_sparse__seed_003,controlled,1,1,0,0.7143,0.7143,0.7143,3,0.0
gamma_medium__noise_high__T_156__density_sparse__seed_004,controlled,2,0,0,0.875,1.0,0.9333,1,1.0
gamma_medium__noise_high__T_156__density_sparse__seed_005,controlled,3,2,1,0.6667,0.8571,0.75,3,0.4
gamma_medium__noise_high__T_156__density_sparse__seed_006,controlled,4,1,0,0.7,1.0,0.8235,3,0.6667
gamma_medium__noise_high__T_156__density_sparse__seed_007,controlled,3,2,0,0.6667,0.8571,0.75,4,0.4
gamma_medium__noise_high__T_156__density_sparse__seed_008,controlled,3,2,0,0.5556,0.7143,0.625,6,0.0
gamma_medium__noise_high__T_156__density_sparse__seed_009,controlled,3,2,0,0.7778,1.0,0.875,2,0.8
gamma_medium__noise_high__T_156__density_sparse__seed_010,controlled,3,1,0,0.7778,1.0,0.875,2,0.8
gamma_medium__noise_high__T_156__density_sparse__seed_011,controlled,3,3,0,0.6667,0.8571,0.75,4,0.4
gamma_medium__noise_high__T_156__density_sparse__seed_012,controlled,2,0,0,0.75,0.8571,0.8,3,0.5
gamma_medium__noise_high__T_156__density_sparse__seed_013,controlled,4,0,0,0.6,0.8571,0.7059,4,0.3333
gamma_medium__noise_high__T_156__density_sparse__seed_014,controlled,3,1,0,0.5556,0.7143,0.625,6,0.0
gamma_medium__noise_high__T_156__density_sparse__seed_015,controlled,2,2,1,0.75,0.8571,0.8,2,0.5
gamma_medium__noise_high__T_300__density_dense__seed_001,controlled,5,3,2,0.9091,0.9091,0.9091,2,0.9091
gamma_medium__noise_high__T_300__density_dense__seed_002,controlled,6,0,0,0.8333,0.9091,0.8696,3,0.8333
gamma_medium__noise_high__T_300__density_dense__seed_003,controlled,3,3,1,0.7778,0.6364,0.7,5,0.4444
gamma_medium__noise_high__T_300__density_dense__seed_004,controlled,4,1,0,0.9,0.8182,0.8571,3,0.8
gamma_medium__noise_high__T_300__density_dense__seed_005,controlled,5,3,0,0.7273,0.7273,0.7273,6,0.5455
gamma_medium__noise_high__T_300__density_dense__seed_006,controlled,5,1,0,0.9091,0.9091,0.9091,2,0.9091
gamma_medium__noise_high__T_300__density_dense__seed_007,controlled,4,1,1,0.9,0.8182,0.8571,3,0.8
gamma_medium__noise_high__T_300__density_dense__seed_008,controlled,6,2,0,0.8333,0.9091,0.8696,3,0.8333
gamma_medium__noise_high__T_300__density_dense__seed_009,controlled,8,0,0,0.7857,1.0,0.88,3,0.8571
gamma_medium__noise_high__T_300__density_dense__seed_010,controlled,9,1,1,0.7333,1.0,0.8462,4,0.8
gamma_medium__noise_high__T_300__density_dense__seed_011,controlled,4,1,0,0.9,0.8182,0.8571,3,0.8
gamma_medium__noise_high__T_300__density_dense__seed_012,controlled,2,3,0,0.875,0.6364,0.7368,5,0.5
gamma_medium__noise_high__T_300__density_dense__seed_013,controlled,5,1,0,0.8182,0.8182,0.8182,4,0.7273
gamma_medium__noise_high__T_300__density_dense__seed_014,controlled,5,4,2,0.9091,0.9091,0.9091,2,0.9091
gamma_medium__noise_high__T_300__density_dense__seed_015,controlled,4,2,0,0.9,0.8182,0.8571,3,0.8
gamma_medium__noise_high__T_300__density_medium__seed_001,controlled,4,4,2,0.9,1.0,0.9474,1,1.0
gamma_medium__noise_high__T_300__density_medium__seed_002,controlled,4,0,0,0.8,0.8889,0.8421,3,0.75
gamma_medium__noise_high__T_300__density_medium__seed_003,controlled,3,2,1,0.8889,0.8889,0.8889,2,0.8571
gamma_medium__noise_high__T_300__density_medium__seed_004,controlled,3,1,0,0.8889,0.8889,0.8889,2,0.8571
gamma_medium__noise_high__T_300__density_medium__seed_005,controlled,7,3,0,0.6154,0.8889,0.7273,6,0.5455
gamma_medium__noise_high__T_300__density_medium__seed_006,controlled,4,3,0,0.9,1.0,0.9474,1,1.0
gamma_medium__noise_high__T_300__density_medium__seed_007,controlled,4,1,0,0.9,1.0,0.9474,1,1.0
gamma_medium__noise_high__T_300__density_medium__seed_008,controlled,4,1,0,0.8,0.8889,0.8421,3,0.75
gamma_medium__noise_high__T_300__density_medium__seed_009,controlled,5,0,0,0.8182,1.0,0.9,2,0.8889
gamma_medium__noise_high__T_300__density_medium__seed_010,controlled,7,1,1,0.6923,1.0,0.8182,4,0.7273
gamma_medium__noise_high__T_300__density_medium__seed_011,controlled,3,2,0,0.8889,0.8889,0.8889,2,0.8571
gamma_medium__noise_high__T_300__density_medium__seed_012,controlled,3,3,0,0.7778,0.7778,0.7778,4,0.5714
gamma_medium__noise_high__T_300__density_medium__seed_013,controlled,3,0,1,0.8889,0.8889,0.8889,2,0.8571
gamma_medium__noise_high__T_300__density_medium__seed_014,controlled,4,2,1,0.9,1.0,0.9474,1,1.0
gamma_medium__noise_high__T_300__density_medium__seed_015,controlled,3,2,1,0.8889,0.8889,0.8889,2,0.8571
gamma_medium__noise_high__T_300__density_sparse__seed_001,controlled,4,3,0,0.7,1.0,0.8235,3,0.6667
gamma_medium__noise_high__T_300__density_sparse__seed_002,controlled,3,0,0,0.6667,0.8571,0.75,4,0.4
gamma_medium__noise_high__T_300__density_sparse__seed_003,controlled,3,3,0,0.6667,0.8571,0.75,4,0.4
gamma_medium__noise_high__T_300__density_sparse__seed_004,controlled,2,2,0,0.875,1.0,0.9333,1,1.0
gamma_medium__noise_high__T_300__density_sparse__seed_005,controlled,6,3,1,0.5833,1.0,0.7368,5,0.5
gamma_medium__noise_high__T_300__density_sparse__seed_006,controlled,2,4,1,0.875,1.0,0.9333,1,1.0
gamma_medium__noise_high__T_300__density_sparse__seed_007,controlled,2,2,0,0.875,1.0,0.9333,1,1.0
gamma_medium__noise_high__T_300__density_sparse__seed_008,controlled,2,1,0,0.75,0.8571,0.8,3,0.5
gamma_medium__noise_high__T_300__density_sparse__seed_009,controlled,5,1,0,0.6364,1.0,0.7778,4,0.5714
gamma_medium__noise_high__T_300__density_sparse__seed_010,controlled,5,1,1,0.6364,1.0,0.7778,4,0.5714
gamma_medium__noise_high__T_300__density_sparse__seed_011,controlled,1,2,0,0.8571,0.8571,0.8571,2,0.6667
gamma_medium__noise_high__T_300__density_sparse__seed_012,controlled,1,3,0,0.8571,0.8571,0.8571,2,0.6667
gamma_medium__noise_high__T_300__density_sparse__seed_013,controlled,3,0,1,0.6667,0.8571,0.75,4,0.4
gamma_medium__noise_high__T_300__density_sparse__seed_014,controlled,3,3,1,0.7778,1.0,0.875,2,0.8
gamma_medium__noise_high__T_300__density_sparse__seed_015,controlled,3,3,0,0.7778,1.0,0.875,2,0.8
gamma_medium__noise_high__T_80__density_dense__seed_001,controlled,4,1,0,0.9,0.8182,0.8571,3,0.8
gamma_medium__noise_high__T_80__density_dense__seed_002,controlled,5,1,0,0.8182,0.8182,0.8182,4,0.7273
gamma_medium__noise_high__T_80__density_dense__seed_003,controlled,3,0,1,0.7778,0.6364,0.7,5,0.4444
gamma_medium__noise_high__T_80__density_dense__seed_004,controlled,2,1,0,0.875,0.6364,0.7368,5,0.5
gamma_medium__noise_high__T_80__density_dense__seed_005,controlled,2,1,0,0.75,0.5455,0.6316,6,0.25
gamma_medium__noise_high__T_80__density_dense__seed_006,controlled,5,0,0,0.8182,0.8182,0.8182,4,0.7273
gamma_medium__noise_high__T_80__density_dense__seed_007,controlled,4,1,0,0.8,0.7273,0.7619,5,0.6
gamma_medium__noise_high__T_80__density_dense__seed_008,controlled,1,2,0,0.8571,0.5455,0.6667,6,0.2857
gamma_medium__noise_high__T_80__density_dense__seed_009,controlled,5,0,0,0.7273,0.7273,0.7273,6,0.5455
gamma_medium__noise_high__T_80__density_dense__seed_010,controlled,0,1,0,0.8333,0.4545,0.5882,7,0.0
gamma_medium__noise_high__T_80__density_dense__seed_011,controlled,0,0,0,0.8333,0.4545,0.5882,7,0.0
gamma_medium__noise_high__T_80__density_dense__seed_012,controlled,5,0,2,0.9091,0.9091,0.9091,2,0.9091
gamma_medium__noise_high__T_80__density_dense__seed_013,controlled,5,0,0,0.7273,0.7273,0.7273,5,0.5455
gamma_medium__noise_high__T_80__density_dense__seed_014,controlled,3,1,1,0.6667,0.5455,0.6,8,0.2222
gamma_medium__noise_high__T_80__density_dense__seed_015,controlled,6,3,0,0.8333,0.9091,0.8696,3,0.8333
gamma_medium__noise_high__T_80__density_medium__seed_001,controlled,4,2,0,0.9,1.0,0.9474,1,1.0
gamma_medium__noise_high__T_80__density_medium__seed_002,controlled,4,1,0,0.8,0.8889,0.8421,3,0.75
gamma_medium__noise_high__T_80__density_medium__seed_003,controlled,3,0,1,0.6667,0.6667,0.6667,5,0.2857
gamma_medium__noise_high__T_80__density_medium__seed_004,controlled,2,1,0,0.875,0.7778,0.8235,3,0.6667
gamma_medium__noise_high__T_80__density_medium__seed_005,controlled,2,0,0,0.75,0.6667,0.7059,4,0.3333
gamma_medium__noise_high__T_80__density_medium__seed_006,controlled,5,0,1,0.7273,0.8889,0.8,3,0.6667
gamma_medium__noise_high__T_80__density_medium__seed_007,controlled,4,1,0,0.8,0.8889,0.8421,3,0.75
gamma_medium__noise_high__T_80__density_medium__seed_008,controlled,4,2,0,0.8,0.8889,0.8421,3,0.75
gamma_medium__noise_high__T_80__density_medium__seed_009,controlled,3,1,0,0.6667,0.6667,0.6667,6,0.2857
gamma_medium__noise_high__T_80__density_medium__seed_010,controlled,2,0,0,0.875,0.7778,0.8235,3,0.6667
gamma_medium__noise_high__T_80__density_medium__seed_011,controlled,0,0,0,0.8333,0.5556,0.6667,5,0.0
gamma_medium__noise_high__T_80__density_medium__seed_012,controlled,6,0,0,0.6667,0.8889,0.7619,5,0.6
gamma_medium__noise_high__T_80__density_medium__seed_013,controlled,3,0,0,0.6667,0.6667,0.6667,6,0.2857
gamma_medium__noise_high__T_80__density_medium__seed_014,controlled,3,1,0,0.5556,0.5556,0.5556,7,0.0
gamma_medium__noise_high__T_80__density_medium__seed_015,controlled,4,3,0,0.8,0.8889,0.8421,3,0.75
gamma_medium__noise_high__T_80__density_sparse__seed_001,controlled,3,1,1,0.7778,1.0,0.875,2,0.8
gamma_medium__noise_high__T_80__density_sparse__seed_002,controlled,3,1,0,0.6667,0.8571,0.75,4,0.4
gamma_medium__noise_high__T_80__density_sparse__seed_003,controlled,5,0,0,0.6364,1.0,0.7778,4,0.5714
gamma_medium__noise_high__T_80__density_sparse__seed_004,controlled,2,1,0,0.875,1.0,0.9333,1,1.0
gamma_medium__noise_high__T_80__density_sparse__seed_005,controlled,2,1,0,0.625,0.7143,0.6667,4,0.0
gamma_medium__noise_high__T_80__density_sparse__seed_006,controlled,3,0,1,0.7778,1.0,0.875,2,0.8
gamma_medium__noise_high__T_80__density_sparse__seed_007,controlled,3,1,0,0.7778,1.0,0.875,2,0.8
gamma_medium__noise_high__T_80__density_sparse__seed_008,controlled,3,1,0,0.7778,1.0,0.875,2,0.8
gamma_medium__noise_high__T_80__density_sparse__seed_009,controlled,1,0,0,0.7143,0.7143,0.7143,4,0.0
gamma_medium__noise_high__T_80__density_sparse__seed_010,controlled,1,1,0,0.8571,0.8571,0.8571,2,0.6667
gamma_medium__noise_high__T_80__density_sparse__seed_011,controlled,2,0,0,0.875,1.0,0.9333,1,1.0
gamma_medium__noise_high__T_80__density_sparse__seed_012,controlled,4,0,0,0.6,0.8571,0.7059,5,0.3333
gamma_medium__noise_high__T_80__density_sparse__seed_013,controlled,3,0,0,0.5556,0.7143,0.625,5,0.0
gamma_medium__noise_high__T_80__density_sparse__seed_014,controlled,3,1,0,0.5556,0.7143,0.625,5,0.0
gamma_medium__noise_high__T_80__density_sparse__seed_015,controlled,2,2,0,0.75,0.8571,0.8,3,0.5
gamma_medium__noise_low__T_156__density_dense__seed_001,controlled,5,2,0,0.7273,0.7273,0.7273,6,0.5455
gamma_medium__noise_low__T_156__density_dense__seed_002,controlled,2,1,0,0.875,0.6364,0.7368,5,0.5
gamma_medium__noise_low__T_156__density_dense__seed_003,controlled,1,1,0,0.8571,0.5455,0.6667,6,0.2857
gamma_medium__noise_low__T_156__density_dense__seed_004,controlled,5,2,0,0.9091,0.9091,0.9091,2,0.9091
gamma_medium__noise_low__T_156__density_dense__seed_005,controlled,5,3,0,0.7273,0.7273,0.7273,5,0.5455
gamma_medium__noise_low__T_156__density_dense__seed_006,controlled,7,0,0,0.8462,1.0,0.9167,2,0.9231
gamma_medium__noise_low__T_156__density_dense__seed_007,controlled,4,2,0,0.8,0.7273,0.7619,4,0.6
gamma_medium__noise_low__T_156__density_dense__seed_008,controlled,7,1,1,0.6154,0.7273,0.6667,7,0.4615
gamma_medium__noise_low__T_156__density_dense__seed_009,controlled,4,2,0,0.9,0.8182,0.8571,3,0.8
gamma_medium__noise_low__T_156__density_dense__seed_010,controlled,6,2,0,0.8333,0.9091,0.8696,3,0.8333
gamma_medium__noise_low__T_156__density_dense__seed_011,controlled,7,1,0,0.7692,0.9091,0.8333,4,0.7692
gamma_medium__noise_low__T_156__density_dense__seed_012,controlled,4,0,0,0.8,0.7273,0.7619,4,0.6
gamma_medium__noise_low__T_156__density_dense__seed_013,controlled,6,1,0,0.8333,0.9091,0.8696,3,0.8333
gamma_medium__noise_low__T_156__density_dense__seed_014,controlled,6,1,1,0.75,0.8182,0.7826,5,0.6667
gamma_medium__noise_low__T_156__density_dense__seed_015,controlled,5,1,1,0.8182,0.8182,0.8182,3,0.7273
gamma_medium__noise_low__T_156__density_medium__seed_001,controlled,4,3,0,0.7,0.7778,0.7368,5,0.5
gamma_medium__noise_low__T_156__density_medium__seed_002,controlled,2,1,0,0.875,0.7778,0.8235,3,0.6667
gamma_medium__noise_low__T_156__density_medium__seed_003,controlled,0,1,0,0.8333,0.5556,0.6667,5,0.0
gamma_medium__noise_low__T_156__density_medium__seed_004,controlled,4,2,0,0.9,1.0,0.9474,1,1.0
gamma_medium__noise_low__T_156__density_medium__seed_005,controlled,4,3,0,0.7,0.7778,0.7368,4,0.5
gamma_medium__noise_low__T_156__density_medium__seed_006,controlled,5,0,0,0.8182,1.0,0.9,2,0.8889
gamma_medium__noise_low__T_156__density_medium__seed_007,controlled,4,1,0,0.7,0.7778,0.7368,5,0.5
gamma_medium__noise_low__T_156__density_medium__seed_008,controlled,7,1,1,0.6923,1.0,0.8182,4,0.7273
gamma_medium__noise_low__T_156__density_medium__seed_009,controlled,3,2,0,0.8889,0.8889,0.8889,2,0.8571
gamma_medium__noise_low__T_156__density_medium__seed_010,controlled,5,2,0,0.8182,1.0,0.9,2,0.8889
gamma_medium__noise_low__T_156__density_medium__seed_011,controlled,5,1,0,0.7273,0.8889,0.8,4,0.6667
gamma_medium__noise_low__T_156__density_medium__seed_012,controlled,4,0,0,0.8,0.8889,0.8421,3,0.75
gamma_medium__noise_low__T_156__density_medium__seed_013,controlled,4,0,0,0.8,0.8889,0.8421,3,0.75
gamma_medium__noise_low__T_156__density_medium__seed_014,controlled,6,3,1,0.75,1.0,0.8571,3,0.8
gamma_medium__noise_low__T_156__density_medium__seed_015,controlled,4,1,1,0.8,0.8889,0.8421,2,0.75
gamma_medium__noise_low__T_156__density_sparse__seed_001,controlled,3,3,0,0.6667,0.8571,0.75,4,0.4
gamma_medium__noise_low__T_156__density_sparse__seed_002,controlled,3,1,0,0.7778,1.0,0.875,2,0.8
gamma_medium__noise_low__T_156__density_sparse__seed_003,controlled,1,1,0,0.7143,0.7143,0.7143,3,0.0
gamma_medium__noise_low__T_156__density_sparse__seed_004,controlled,3,2,0,0.7778,1.0,0.875,2,0.8
gamma_medium__noise_low__T_156__density_sparse__seed_005,controlled,3,3,1,0.6667,0.8571,0.75,3,0.4
gamma_medium__noise_low__T_156__density_sparse__seed_006,controlled,4,1,0,0.7,1.0,0.8235,3,0.6667
gamma_medium__noise_low__T_156__density_sparse__seed_007,controlled,3,2,0,0.6667,0.8571,0.75,4,0.4
gamma_medium__noise_low__T_156__density_sparse__seed_008,controlled,3,2,0,0.5556,0.7143,0.625,6,0.0
gamma_medium__noise_low__T_156__density_sparse__seed_009,controlled,3,1,0,0.7778,1.0,0.875,2,0.8
gamma_medium__noise_low__T_156__density_sparse__seed_010,controlled,3,2,0,0.7778,1.0,0.875,2,0.8
gamma_medium__noise_low__T_156__density_sparse__seed_011,controlled,3,2,0,0.6667,0.8571,0.75,4,0.4
gamma_medium__noise_low__T_156__density_sparse__seed_012,controlled,2,3,0,0.75,0.8571,0.8,3,0.5
gamma_medium__noise_low__T_156__density_sparse__seed_013,controlled,2,1,0,0.625,0.7143,0.6667,4,0.0
gamma_medium__noise_low__T_156__density_sparse__seed_014,controlled,6,1,0,0.5833,1.0,0.7368,5,0.5
gamma_medium__noise_low__T_156__density_sparse__seed_015,controlled,2,1,1,0.75,0.8571,0.8,2,0.5
gamma_medium__noise_low__T_300__density_dense__seed_001,controlled,6,3,1,0.9167,1.0,0.9565,1,1.0
gamma_medium__noise_low__T_300__density_dense__seed_002,controlled,6,1,0,0.8333,0.9091,0.8696,3,0.8333
gamma_medium__noise_low__T_300__density_dense__seed_003,controlled,3,3,1,0.7778,0.6364,0.7,5,0.4444
gamma_medium__noise_low__T_300__density_dense__seed_004,controlled,4,1,0,0.9,0.8182,0.8571,3,0.8
gamma_medium__noise_low__T_300__density_dense__seed_005,controlled,6,3,0,0.75,0.8182,0.7826,5,0.6667
gamma_medium__noise_low__T_300__density_dense__seed_006,controlled,5,2,1,0.9091,0.9091,0.9091,2,0.9091
gamma_medium__noise_low__T_300__density_dense__seed_007,controlled,4,1,1,0.9,0.8182,0.8571,3,0.8
gamma_medium__noise_low__T_300__density_dense__seed_008,controlled,5,1,0,0.9091,0.9091,0.9091,2,0.9091
gamma_medium__noise_low__T_300__density_dense__seed_009,controlled,8,1,0,0.7857,1.0,0.88,3,0.8571
gamma_medium__noise_low__T_300__density_dense__seed_010,controlled,9,1,1,0.7333,1.0,0.8462,4,0.8
gamma_medium__noise_low__T_300__density_dense__seed_011,controlled,4,2,0,0.9,0.8182,0.8571,3,0.8
gamma_medium__noise_low__T_300__density_dense__seed_012,controlled,2,3,0,0.875,0.6364,0.7368,5,0.5
gamma_medium__noise_low__T_300__density_dense__seed_013,controlled,5,2,0,0.8182,0.8182,0.8182,4,0.7273
gamma_medium__noise_low__T_300__density_dense__seed_014,controlled,5,5,1,0.9091,0.9091,0.9091,2,0.9091
gamma_medium__noise_low__T_300__density_dense__seed_015,controlled,4,3,0,0.9,0.8182,0.8571,3,0.8
gamma_medium__noise_low__T_300__density_medium__seed_001,controlled,4,3,1,0.9,1.0,0.9474,1,1.0
gamma_medium__noise_low__T_300__density_medium__seed_002,controlled,4,1,0,0.8,0.8889,0.8421,3,0.75
gamma_medium__noise_low__T_300__density_medium__seed_003,controlled,3,3,1,0.8889,0.8889,0.8889,2,0.8571
gamma_medium__noise_low__T_300__density_medium__seed_004,controlled,3,1,0,0.8889,0.8889,0.8889,2,0.8571
gamma_medium__noise_low__T_300__density_medium__seed_005,controlled,7,3,0,0.6154,0.8889,0.7273,6,0.5455
gamma_medium__noise_low__T_300__density_medium__seed_006,controlled,4,2,1,0.9,1.0,0.9474,1,1.0
gamma_medium__noise_low__T_300__density_medium__seed_007,controlled,4,2,0,0.9,1.0,0.9474,1,1.0
gamma_medium__noise_low__T_300__density_medium__seed_008,controlled,4,2,0,0.8,0.8889,0.8421,3,0.75
gamma_medium__noise_low__T_300__density_medium__seed_009,controlled,6,4,0,0.75,1.0,0.8571,3,0.8
gamma_medium__noise_low__T_300__density_medium__seed_010,controlled,7,1,1,0.6923,1.0,0.8182,4,0.7273
gamma_medium__noise_low__T_300__density_medium__seed_011,controlled,3,2,0,0.8889,0.8889,0.8889,2,0.8571
gamma_medium__noise_low__T_300__density_medium__seed_012,controlled,2,3,0,0.875,0.7778,0.8235,3,0.6667
gamma_medium__noise_low__T_300__density_medium__seed_013,controlled,3,2,1,0.8889,0.8889,0.8889,2,0.8571
gamma_medium__noise_low__T_300__density_medium__seed_014,controlled,4,4,1,0.9,1.0,0.9474,1,1.0
gamma_medium__noise_low__T_300__density_medium__seed_015,controlled,3,3,1,0.8889,0.8889,0.8889,2,0.8571
gamma_medium__noise_low__T_300__density_sparse__seed_001,controlled,4,4,0,0.7,1.0,0.8235,3,0.6667
gamma_medium__noise_low__T_300__density_sparse__seed_002,controlled,2,2,0,0.75,0.8571,0.8,3,0.5
gamma_medium__noise_low__T_300__density_sparse__seed_003,controlled,3,3,0,0.6667,0.8571,0.75,4,0.4
gamma_medium__noise_low__T_300__density_sparse__seed_004,controlled,2,2,0,0.875,1.0,0.9333,1,1.0
gamma_medium__noise_low__T_300__density_sparse__seed_005,controlled,5,3,1,0.6364,1.0,0.7778,4,0.5714
gamma_medium__noise_low__T_300__density_sparse__seed_006,controlled,2,3,1,0.875,1.0,0.9333,1,1.0
gamma_medium__noise_low__T_300__density_sparse__seed_007,controlled,2,2,0,0.875,1.0,0.9333,1,1.0
gamma_medium__noise_low__T_300__density_sparse__seed_008,controlled,1,0,0,0.8571,0.8571,0.8571,2,0.6667
gamma_medium__noise_low__T_300__density_sparse__seed_009,controlled,4,3,0,0.7,1.0,0.8235,3,0.6667
gamma_medium__noise_low__T_300__density_sparse__seed_010,controlled,5,0,1,0.6364,1.0,0.7778,4,0.5714
gamma_medium__noise_low__T_300__density_sparse__seed_011,controlled,1,3,0,0.8571,0.8571,0.8571,2,0.6667
gamma_medium__noise_low__T_300__density_sparse__seed_012,controlled,1,3,0,0.8571,0.8571,0.8571,2,0.6667
gamma_medium__noise_low__T_300__density_sparse__seed_013,controlled,3,1,1,0.6667,0.8571,0.75,4,0.4
gamma_medium__noise_low__T_300__density_sparse__seed_014,controlled,2,6,1,0.875,1.0,0.9333,1,1.0
gamma_medium__noise_low__T_300__density_sparse__seed_015,controlled,3,3,0,0.7778,1.0,0.875,2,0.8
gamma_medium__noise_low__T_80__density_dense__seed_001,controlled,4,1,0,0.9,0.8182,0.8571,3,0.8
gamma_medium__noise_low__T_80__density_dense__seed_002,controlled,5,1,0,0.8182,0.8182,0.8182,4,0.7273
gamma_medium__noise_low__T_80__density_dense__seed_003,controlled,2,0,1,0.75,0.5455,0.6316,6,0.25
gamma_medium__noise_low__T_80__density_dense__seed_004,controlled,2,1,0,0.875,0.6364,0.7368,5,0.5
gamma_medium__noise_low__T_80__density_dense__seed_005,controlled,2,1,0,0.75,0.5455,0.6316,6,0.25
gamma_medium__noise_low__T_80__density_dense__seed_006,controlled,4,1,0,0.8,0.7273,0.7619,5,0.6
gamma_medium__noise_low__T_80__density_dense__seed_007,controlled,4,1,0,0.8,0.7273,0.7619,5,0.6
gamma_medium__noise_low__T_80__density_dense__seed_008,controlled,1,0,0,0.8571,0.5455,0.6667,6,0.2857
gamma_medium__noise_low__T_80__density_dense__seed_009,controlled,5,0,0,0.7273,0.7273,0.7273,6,0.5455
gamma_medium__noise_low__T_80__density_dense__seed_010,controlled,1,0,0,0.8571,0.5455,0.6667,6,0.2857
gamma_medium__noise_low__T_80__density_dense__seed_011,controlled,0,1,0,0.8333,0.4545,0.5882,7,0.0
gamma_medium__noise_low__T_80__density_dense__seed_012,controlled,5,1,2,0.9091,0.9091,0.9091,2,0.9091
gamma_medium__noise_low__T_80__density_dense__seed_013,controlled,5,1,0,0.7273,0.7273,0.7273,5,0.5455
gamma_medium__noise_low__T_80__density_dense__seed_014,controlled,3,2,1,0.6667,0.5455,0.6,8,0.2222
gamma_medium__noise_low__T_80__density_dense__seed_015,controlled,6,2,0,0.8333,0.9091,0.8696,3,0.8333
gamma_medium__noise_low__T_80__density_medium__seed_001,controlled,4,2,0,0.9,1.0,0.9474,1,1.0
gamma_medium__noise_low__T_80__density_medium__seed_002,controlled,4,1,0,0.8,0.8889,0.8421,3,0.75
gamma_medium__noise_low__T_80__density_medium__seed_003,controlled,3,0,1,0.6667,0.6667,0.6667,5,0.2857
gamma_medium__noise_low__T_80__density_medium__seed_004,controlled,2,1,0,0.875,0.7778,0.8235,3,0.6667
gamma_medium__noise_low__T_80__density_medium__seed_005,controlled,2,0,0,0.75,0.6667,0.7059,4,0.3333
gamma_medium__noise_low__T_80__density_medium__seed_006,controlled,4,1,1,0.7,0.7778,0.7368,4,0.5
gamma_medium__noise_low__T_80__density_medium__seed_007,controlled,4,1,0,0.8,0.8889,0.8421,3,0.75
gamma_medium__noise_low__T_80__density_medium__seed_008,controlled,4,1,0,0.8,0.8889,0.8421,3,0.75
gamma_medium__noise_low__T_80__density_medium__seed_009,controlled,3,1,0,0.6667,0.6667,0.6667,6,0.2857
gamma_medium__noise_low__T_80__density_medium__seed_010,controlled,1,0,0,0.8571,0.6667,0.75,4,0.4
gamma_medium__noise_low__T_80__density_medium__seed_011,controlled,0,1,0,0.8333,0.5556,0.6667,5,0.0
gamma_medium__noise_low__T_80__density_medium__seed_012,controlled,5,0,1,0.7273,0.8889,0.8,4,0.6667
gamma_medium__noise_low__T_80__density_medium__seed_013,controlled,3,1,0,0.6667,0.6667,0.6667,6,0.2857
gamma_medium__noise_low__T_80__density_medium__seed_014,controlled,3,1,0,0.5556,0.5556,0.5556,7,0.0
gamma_medium__noise_low__T_80__density_medium__seed_015,controlled,4,3,0,0.8,0.8889,0.8421,3,0.75
gamma_medium__noise_low__T_80__density_sparse__seed_001,controlled,3,1,1,0.7778,1.0,0.875,2,0.8
gamma_medium__noise_low__T_80__density_sparse__seed_002,controlled,3,0,0,0.6667,0.8571,0.75,4,0.4
gamma_medium__noise_low__T_80__density_sparse__seed_003,controlled,5,0,0,0.6364,1.0,0.7778,4,0.5714
gamma_medium__noise_low__T_80__density_sparse__seed_004,controlled,2,1,0,0.875,1.0,0.9333,1,1.0
gamma_medium__noise_low__T_80__density_sparse__seed_005,controlled,2,0,0,0.625,0.7143,0.6667,4,0.0
gamma_medium__noise_low__T_80__density_sparse__seed_006,controlled,2,1,1,0.75,0.8571,0.8,3,0.5
gamma_medium__noise_low__T_80__density_sparse__seed_007,controlled,3,1,0,0.7778,1.0,0.875,2,0.8
gamma_medium__noise_low__T_80__density_sparse__seed_008,controlled,3,1,0,0.7778,1.0,0.875,2,0.8
gamma_medium__noise_low__T_80__density_sparse__seed_009,controlled,2,0,0,0.625,0.7143,0.6667,5,0.0
gamma_medium__noise_low__T_80__density_sparse__seed_010,controlled,0,0,0,0.8333,0.7143,0.7692,3,0.0
gamma_medium__noise_low__T_80__density_sparse__seed_011,controlled,2,1,0,0.875,1.0,0.9333,1,1.0
gamma_medium__noise_low__T_80__density_sparse__seed_012,controlled,4,0,0,0.6,0.8571,0.7059,5,0.3333
gamma_medium__noise_low__T_80__density_sparse__seed_013,controlled,3,1,0,0.5556,0.7143,0.625,5,0.0
gamma_medium__noise_low__T_80__density_sparse__seed_014,controlled,3,2,0,0.5556,0.7143,0.625,5,0.0
gamma_medium__noise_low__T_80__density_sparse__seed_015,controlled,2,3,0,0.75,0.8571,0.8,3,0.5
gamma_medium__noise_medium__T_156__density_dense__seed_001,controlled,5,0,0,0.7273,0.7273,0.7273,6,0.5455
gamma_medium__noise_medium__T_156__density_dense__seed_002,controlled,2,1,0,0.875,0.6364,0.7368,5,0.5
gamma_medium__noise_medium__T_156__density_dense__seed_003,controlled,1,1,0,0.8571,0.5455,0.6667,6,0.2857
gamma_medium__noise_medium__T_156__density_dense__seed_004,controlled,5,2,0,0.9091,0.9091,0.9091,2,0.9091
gamma_medium__noise_medium__T_156__density_dense__seed_005,controlled,5,3,0,0.7273,0.7273,0.7273,5,0.5455
gamma_medium__noise_medium__T_156__density_dense__seed_006,controlled,7,0,0,0.8462,1.0,0.9167,2,0.9231
gamma_medium__noise_medium__T_156__density_dense__seed_007,controlled,4,2,0,0.8,0.7273,0.7619,4,0.6
gamma_medium__noise_medium__T_156__density_dense__seed_008,controlled,8,1,1,0.6429,0.8182,0.72,6,0.5714
gamma_medium__noise_medium__T_156__density_dense__seed_009,controlled,4,1,0,0.9,0.8182,0.8571,3,0.8
gamma_medium__noise_medium__T_156__density_dense__seed_010,controlled,6,2,0,0.8333,0.9091,0.8696,3,0.8333
gamma_medium__noise_medium__T_156__density_dense__seed_011,controlled,7,3,0,0.7692,0.9091,0.8333,4,0.7692
gamma_medium__noise_medium__T_156__density_dense__seed_012,controlled,5,0,0,0.7273,0.7273,0.7273,4,0.5455
gamma_medium__noise_medium__T_156__density_dense__seed_013,controlled,6,1,0,0.8333,0.9091,0.8696,3,0.8333
gamma_medium__noise_medium__T_156__density_dense__seed_014,controlled,6,1,1,0.75,0.8182,0.7826,5,0.6667
gamma_medium__noise_medium__T_156__density_dense__seed_015,controlled,5,1,1,0.8182,0.8182,0.8182,3,0.7273
gamma_medium__noise_medium__T_156__density_medium__seed_001,controlled,4,2,0,0.7,0.7778,0.7368,5,0.5
gamma_medium__noise_medium__T_156__density_medium__seed_002,controlled,2,1,0,0.875,0.7778,0.8235,3,0.6667
gamma_medium__noise_medium__T_156__density_medium__seed_003,controlled,0,1,0,0.8333,0.5556,0.6667,5,0.0
gamma_medium__noise_medium__T_156__density_medium__seed_004,controlled,4,1,0,0.9,1.0,0.9474,1,1.0
gamma_medium__noise_medium__T_156__density_medium__seed_005,controlled,4,3,0,0.7,0.7778,0.7368,4,0.5
gamma_medium__noise_medium__T_156__density_medium__seed_006,controlled,5,0,0,0.8182,1.0,0.9,2,0.8889
gamma_medium__noise_medium__T_156__density_medium__seed_007,controlled,4,1,0,0.7,0.7778,0.7368,5,0.5
gamma_medium__noise_medium__T_156__density_medium__seed_008,controlled,7,1,1,0.6923,1.0,0.8182,4,0.7273
gamma_medium__noise_medium__T_156__density_medium__seed_009,controlled,3,1,0,0.8889,0.8889,0.8889,2,0.8571
gamma_medium__noise_medium__T_156__density_medium__seed_010,controlled,5,2,0,0.8182,1.0,0.9,2,0.8889
gamma_medium__noise_medium__T_156__density_medium__seed_011,controlled,5,3,0,0.7273,0.8889,0.8,4,0.6667
gamma_medium__noise_medium__T_156__density_medium__seed_012,controlled,4,0,1,0.8,0.8889,0.8421,3,0.75
gamma_medium__noise_medium__T_156__density_medium__seed_013,controlled,4,0,0,0.8,0.8889,0.8421,3,0.75
gamma_medium__noise_medium__T_156__density_medium__seed_014,controlled,6,1,1,0.75,1.0,0.8571,3,0.8
gamma_medium__noise_medium__T_156__density_medium__seed_015,controlled,4,1,1,0.8,0.8889,0.8421,2,0.75
gamma_medium__noise_medium__T_156__density_sparse__seed_001,controlled,3,3,0,0.6667,0.8571,0.75,4,0.4
gamma_medium__noise_medium__T_156__density_sparse__seed_002,controlled,3,1,0,0.7778,1.0,0.875,2,0.8
gamma_medium__noise_medium__T_156__density_sparse__seed_003,controlled,1,1,0,0.7143,0.7143,0.7143,3,0.0
gamma_medium__noise_medium__T_156__density_sparse__seed_004,controlled,2,1,0,0.875,1.0,0.9333,1,1.0
gamma_medium__noise_medium__T_156__density_sparse__seed_005,controlled,3,3,1,0.6667,0.8571,0.75,3,0.4
gamma_medium__noise_medium__T_156__density_sparse__seed_006,controlled,4,0,0,0.7,1.0,0.8235,3,0.6667
gamma_medium__noise_medium__T_156__density_sparse__seed_007,controlled,3,2,0,0.6667,0.8571,0.75,4,0.4
gamma_medium__noise_medium__T_156__density_sparse__seed_008,controlled,3,2,0,0.5556,0.7143,0.625,6,0.0
gamma_medium__noise_medium__T_156__density_sparse__seed_009,controlled,3,1,0,0.7778,1.0,0.875,2,0.8
gamma_medium__noise_medium__T_156__density_sparse__seed_010,controlled,3,0,0,0.7778,1.0,0.875,2,0.8
gamma_medium__noise_medium__T_156__density_sparse__seed_011,controlled,3,3,0,0.6667,0.8571,0.75,4,0.4
gamma_medium__noise_medium__T_156__density_sparse__seed_012,controlled,2,1,0,0.75,0.8571,0.8,3,0.5
gamma_medium__noise_medium__T_156__density_sparse__seed_013,controlled,3,0,0,0.5556,0.7143,0.625,5,0.0
gamma_medium__noise_medium__T_156__density_sparse__seed_014,controlled,5,1,0,0.6364,1.0,0.7778,4,0.5714
gamma_medium__noise_medium__T_156__density_sparse__seed_015,controlled,2,1,1,0.75,0.8571,0.8,2,0.5
gamma_medium__noise_medium__T_300__density_dense__seed_001,controlled,6,3,1,0.9167,1.0,0.9565,1,1.0
gamma_medium__noise_medium__T_300__density_dense__seed_002,controlled,6,1,0,0.8333,0.9091,0.8696,3,0.8333
gamma_medium__noise_medium__T_300__density_dense__seed_003,controlled,3,3,1,0.7778,0.6364,0.7,5,0.4444
gamma_medium__noise_medium__T_300__density_dense__seed_004,controlled,4,2,0,0.9,0.8182,0.8571,3,0.8
gamma_medium__noise_medium__T_300__density_dense__seed_005,controlled,6,2,0,0.75,0.8182,0.7826,5,0.6667
gamma_medium__noise_medium__T_300__density_dense__seed_006,controlled,5,3,0,0.9091,0.9091,0.9091,2,0.9091
gamma_medium__noise_medium__T_300__density_dense__seed_007,controlled,4,1,1,0.9,0.8182,0.8571,3,0.8
gamma_medium__noise_medium__T_300__density_dense__seed_008,controlled,6,2,0,0.8333,0.9091,0.8696,3,0.8333
gamma_medium__noise_medium__T_300__density_dense__seed_009,controlled,8,1,0,0.7857,1.0,0.88,3,0.8571
gamma_medium__noise_medium__T_300__density_dense__seed_010,controlled,9,1,1,0.7333,1.0,0.8462,4,0.8
gamma_medium__noise_medium__T_300__density_dense__seed_011,controlled,4,1,0,0.9,0.8182,0.8571,3,0.8
gamma_medium__noise_medium__T_300__density_dense__seed_012,controlled,2,3,0,0.875,0.6364,0.7368,5,0.5
gamma_medium__noise_medium__T_300__density_dense__seed_013,controlled,5,2,0,0.8182,0.8182,0.8182,4,0.7273
gamma_medium__noise_medium__T_300__density_dense__seed_014,controlled,5,3,1,0.9091,0.9091,0.9091,2,0.9091
gamma_medium__noise_medium__T_300__density_dense__seed_015,controlled,4,3,0,0.9,0.8182,0.8571,3,0.8
gamma_medium__noise_medium__T_300__density_medium__seed_001,controlled,4,4,1,0.9,1.0,0.9474,1,1.0
gamma_medium__noise_medium__T_300__density_medium__seed_002,controlled,4,1,0,0.8,0.8889,0.8421,3,0.75
gamma_medium__noise_medium__T_300__density_medium__seed_003,controlled,3,3,1,0.8889,0.8889,0.8889,2,0.8571
gamma_medium__noise_medium__T_300__density_medium__seed_004,controlled,3,2,0,0.8889,0.8889,0.8889,2,0.8571
gamma_medium__noise_medium__T_300__density_medium__seed_005,controlled,7,3,0,0.6154,0.8889,0.7273,6,0.5455
gamma_medium__noise_medium__T_300__density_medium__seed_006,controlled,4,3,0,0.9,1.0,0.9474,1,1.0
gamma_medium__noise_medium__T_300__density_medium__seed_007,controlled,4,1,0,0.9,1.0,0.9474,1,1.0
gamma_medium__noise_medium__T_300__density_medium__seed_008,controlled,4,1,0,0.8,0.8889,0.8421,3,0.75
gamma_medium__noise_medium__T_300__density_medium__seed_009,controlled,6,0,0,0.75,1.0,0.8571,3,0.8
gamma_medium__noise_medium__T_300__density_medium__seed_010,controlled,7,1,1,0.6923,1.0,0.8182,4,0.7273
gamma_medium__noise_medium__T_300__density_medium__seed_011,controlled,3,2,0,0.8889,0.8889,0.8889,2,0.8571
gamma_medium__noise_medium__T_300__density_medium__seed_012,controlled,3,3,0,0.7778,0.7778,0.7778,4,0.5714
gamma_medium__noise_medium__T_300__density_medium__seed_013,controlled,4,2,1,0.8,0.8889,0.8421,3,0.75
gamma_medium__noise_medium__T_300__density_medium__seed_014,controlled,4,3,1,0.9,1.0,0.9474,1,1.0
gamma_medium__noise_medium__T_300__density_medium__seed_015,controlled,3,3,1,0.8889,0.8889,0.8889,2,0.8571
gamma_medium__noise_medium__T_300__density_sparse__seed_001,controlled,4,4,0,0.7,1.0,0.8235,3,0.6667
gamma_medium__noise_medium__T_300__density_sparse__seed_002,controlled,2,1,0,0.75,0.8571,0.8,3,0.5
gamma_medium__noise_medium__T_300__density_sparse__seed_003,controlled,3,3,0,0.6667,0.8571,0.75,4,0.4
gamma_medium__noise_medium__T_300__density_sparse__seed_004,controlled,2,1,0,0.875,1.0,0.9333,1,1.0
gamma_medium__noise_medium__T_300__density_sparse__seed_005,controlled,6,2,1,0.5833,1.0,0.7368,5,0.5
gamma_medium__noise_medium__T_300__density_sparse__seed_006,controlled,2,4,1,0.875,1.0,0.9333,1,1.0
gamma_medium__noise_medium__T_300__density_sparse__seed_007,controlled,2,2,0,0.875,1.0,0.9333,1,1.0
gamma_medium__noise_medium__T_300__density_sparse__seed_008,controlled,2,1,0,0.75,0.8571,0.8,3,0.5
gamma_medium__noise_medium__T_300__density_sparse__seed_009,controlled,4,1,0,0.7,1.0,0.8235,3,0.6667
gamma_medium__noise_medium__T_300__density_sparse__seed_010,controlled,5,0,1,0.6364,1.0,0.7778,4,0.5714
gamma_medium__noise_medium__T_300__density_sparse__seed_011,controlled,1,3,0,0.8571,0.8571,0.8571,2,0.6667
gamma_medium__noise_medium__T_300__density_sparse__seed_012,controlled,1,3,0,0.8571,0.8571,0.8571,2,0.6667
gamma_medium__noise_medium__T_300__density_sparse__seed_013,controlled,3,2,1,0.6667,0.8571,0.75,4,0.4
gamma_medium__noise_medium__T_300__density_sparse__seed_014,controlled,2,3,1,0.875,1.0,0.9333,1,1.0
gamma_medium__noise_medium__T_300__density_sparse__seed_015,controlled,3,3,0,0.7778,1.0,0.875,2,0.8
gamma_medium__noise_medium__T_80__density_dense__seed_001,controlled,4,1,0,0.9,0.8182,0.8571,3,0.8
gamma_medium__noise_medium__T_80__density_dense__seed_002,controlled,5,1,0,0.8182,0.8182,0.8182,4,0.7273
gamma_medium__noise_medium__T_80__density_dense__seed_003,controlled,4,0,1,0.8,0.7273,0.7619,4,0.6
gamma_medium__noise_medium__T_80__density_dense__seed_004,controlled,2,1,0,0.875,0.6364,0.7368,5,0.5
gamma_medium__noise_medium__T_80__density_dense__seed_005,controlled,2,0,0,0.75,0.5455,0.6316,6,0.25
gamma_medium__noise_medium__T_80__density_dense__seed_006,controlled,5,0,0,0.8182,0.8182,0.8182,4,0.7273
gamma_medium__noise_medium__T_80__density_dense__seed_007,controlled,4,1,0,0.8,0.7273,0.7619,5,0.6
gamma_medium__noise_medium__T_80__density_dense__seed_008,controlled,1,1,0,0.8571,0.5455,0.6667,6,0.2857
gamma_medium__noise_medium__T_80__density_dense__seed_009,controlled,5,0,0,0.7273,0.7273,0.7273,6,0.5455
gamma_medium__noise_medium__T_80__density_dense__seed_010,controlled,1,0,0,0.8571,0.5455,0.6667,6,0.2857
gamma_medium__noise_medium__T_80__density_dense__seed_011,controlled,0,0,0,0.8333,0.4545,0.5882,7,0.0
gamma_medium__noise_medium__T_80__density_dense__seed_012,controlled,5,1,2,0.9091,0.9091,0.9091,2,0.9091
gamma_medium__noise_medium__T_80__density_dense__seed_013,controlled,5,1,0,0.7273,0.7273,0.7273,5,0.5455
gamma_medium__noise_medium__T_80__density_dense__seed_014,controlled,3,2,1,0.6667,0.5455,0.6,8,0.2222
gamma_medium__noise_medium__T_80__density_dense__seed_015,controlled,6,2,0,0.8333,0.9091,0.8696,3,0.8333
gamma_medium__noise_medium__T_80__density_medium__seed_001,controlled,4,2,0,0.9,1.0,0.9474,1,1.0
gamma_medium__noise_medium__T_80__density_medium__seed_002,controlled,4,1,0,0.8,0.8889,0.8421,3,0.75
gamma_medium__noise_medium__T_80__density_medium__seed_003,controlled,3,0,1,0.6667,0.6667,0.6667,5,0.2857
gamma_medium__noise_medium__T_80__density_medium__seed_004,controlled,2,1,0,0.875,0.7778,0.8235,3,0.6667
gamma_medium__noise_medium__T_80__density_medium__seed_005,controlled,2,0,0,0.75,0.6667,0.7059,4,0.3333
gamma_medium__noise_medium__T_80__density_medium__seed_006,controlled,5,0,1,0.7273,0.8889,0.8,3,0.6667
gamma_medium__noise_medium__T_80__density_medium__seed_007,controlled,4,1,0,0.8,0.8889,0.8421,3,0.75
gamma_medium__noise_medium__T_80__density_medium__seed_008,controlled,4,1,0,0.8,0.8889,0.8421,3,0.75
gamma_medium__noise_medium__T_80__density_medium__seed_009,controlled,3,0,0,0.6667,0.6667,0.6667,6,0.2857
gamma_medium__noise_medium__T_80__density_medium__seed_010,controlled,2,0,0,0.875,0.7778,0.8235,3,0.6667
gamma_medium__noise_medium__T_80__density_medium__seed_011,controlled,0,1,0,0.8333,0.5556,0.6667,5,0.0
gamma_medium__noise_medium__T_80__density_medium__seed_012,controlled,5,1,1,0.7273,0.8889,0.8,4,0.6667
gamma_medium__noise_medium__T_80__density_medium__seed_013,controlled,2,0,0,0.75,0.6667,0.7059,5,0.3333
gamma_medium__noise_medium__T_80__density_medium__seed_014,controlled,3,2,0,0.5556,0.5556,0.5556,7,0.0
gamma_medium__noise_medium__T_80__density_medium__seed_015,controlled,4,3,0,0.8,0.8889,0.8421,3,0.75
gamma_medium__noise_medium__T_80__density_sparse__seed_001,controlled,3,1,0,0.7778,1.0,0.875,2,0.8
gamma_medium__noise_medium__T_80__density_sparse__seed_002,controlled,3,1,0,0.6667,0.8571,0.75,4,0.4
gamma_medium__noise_medium__T_80__density_sparse__seed_003,controlled,5,1,0,0.6364,1.0,0.7778,4,0.5714
gamma_medium__noise_medium__T_80__density_sparse__seed_004,controlled,2,1,0,0.875,1.0,0.9333,1,1.0
gamma_medium__noise_medium__T_80__density_sparse__seed_005,controlled,2,1,0,0.625,0.7143,0.6667,4,0.0
gamma_medium__noise_medium__T_80__density_sparse__seed_006,controlled,2,0,1,0.75,0.8571,0.8,3,0.5
gamma_medium__noise_medium__T_80__density_sparse__seed_007,controlled,3,1,0,0.7778,1.0,0.875,2,0.8
gamma_medium__noise_medium__T_80__density_sparse__seed_008,controlled,3,1,0,0.7778,1.0,0.875,2,0.8
gamma_medium__noise_medium__T_80__density_sparse__seed_009,controlled,1,0,0,0.7143,0.7143,0.7143,4,0.0
gamma_medium__noise_medium__T_80__density_sparse__seed_010,controlled,1,0,0,0.8571,0.8571,0.8571,2,0.6667
gamma_medium__noise_medium__T_80__density_sparse__seed_011,controlled,2,0,0,0.875,1.0,0.9333,1,1.0
gamma_medium__noise_medium__T_80__density_sparse__seed_012,controlled,4,1,0,0.6,0.8571,0.7059,5,0.3333
gamma_medium__noise_medium__T_80__density_sparse__seed_013,controlled,2,1,0,0.625,0.7143,0.6667,4,0.0
gamma_medium__noise_medium__T_80__density_sparse__seed_014,controlled,3,1,0,0.5556,0.7143,0.625,5,0.0
gamma_medium__noise_medium__T_80__density_sparse__seed_015,controlled,2,3,0,0.75,0.8571,0.8,3,0.5
gamma_strong__noise_high__T_156__density_dense__seed_001,controlled,7,0,0,0.7692,0.9091,0.8333,4,0.7692
gamma_strong__noise_high__T_156__density_dense__seed_002,controlled,3,1,0,0.8889,0.7273,0.8,4,0.6667
gamma_strong__noise_high__T_156__density_dense__seed_003,controlled,2,1,0,0.875,0.6364,0.7368,5,0.5
gamma_strong__noise_high__T_156__density_dense__seed_004,controlled,7,0,0,0.8462,1.0,0.9167,2,0.9231
gamma_strong__noise_high__T_156__density_dense__seed_005,controlled,5,2,0,0.8182,0.8182,0.8182,3,0.7273
gamma_strong__noise_high__T_156__density_dense__seed_006,controlled,7,0,0,0.8462,1.0,0.9167,2,0.9231
gamma_strong__noise_high__T_156__density_dense__seed_007,controlled,6,1,1,0.9167,1.0,0.9565,1,1.0
gamma_strong__noise_high__T_156__density_dense__seed_008,controlled,9,1,1,0.6667,0.9091,0.7692,5,0.6667
gamma_strong__noise_high__T_156__density_dense__seed_009,controlled,7,1,0,0.8462,1.0,0.9167,2,0.9231
gamma_strong__noise_high__T_156__density_dense__seed_010,controlled,6,1,0,0.8333,0.9091,0.8696,3,0.8333
gamma_strong__noise_high__T_156__density_dense__seed_011,controlled,6,1,0,0.8333,0.9091,0.8696,3,0.8333
gamma_strong__noise_high__T_156__density_dense__seed_012,controlled,6,0,2,0.8333,0.9091,0.8696,2,0.8333
gamma_strong__noise_high__T_156__density_dense__seed_013,controlled,6,0,0,0.8333,0.9091,0.8696,3,0.8333
gamma_strong__noise_high__T_156__density_dense__seed_014,controlled,8,2,1,0.7857,1.0,0.88,3,0.8571
gamma_strong__noise_high__T_156__density_dense__seed_015,controlled,6,2,1,0.9167,1.0,0.9565,1,1.0
gamma_strong__noise_high__T_156__density_medium__seed_001,controlled,6,0,0,0.75,1.0,0.8571,3,0.8
gamma_strong__noise_high__T_156__density_medium__seed_002,controlled,4,1,0,0.9,1.0,0.9474,1,1.0
gamma_strong__noise_high__T_156__density_medium__seed_003,controlled,3,1,0,0.8889,0.8889,0.8889,2,0.8571
gamma_strong__noise_high__T_156__density_medium__seed_004,controlled,4,0,0,0.9,1.0,0.9474,1,1.0
gamma_strong__noise_high__T_156__density_medium__seed_005,controlled,4,2,1,0.9,1.0,0.9474,1,1.0
gamma_strong__noise_high__T_156__density_medium__seed_006,controlled,5,1,0,0.8182,1.0,0.9,2,0.8889
gamma_strong__noise_high__T_156__density_medium__seed_007,controlled,5,2,0,0.8182,1.0,0.9,2,0.8889
gamma_strong__noise_high__T_156__density_medium__seed_008,controlled,7,1,1,0.6923,1.0,0.8182,4,0.7273
gamma_strong__noise_high__T_156__density_medium__seed_009,controlled,5,1,0,0.8182,1.0,0.9,2,0.8889
gamma_strong__noise_high__T_156__density_medium__seed_010,controlled,5,1,0,0.8182,1.0,0.9,2,0.8889
gamma_strong__noise_high__T_156__density_medium__seed_011,controlled,6,2,0,0.75,1.0,0.8571,3,0.8
gamma_strong__noise_high__T_156__density_medium__seed_012,controlled,5,0,1,0.8182,1.0,0.9,2,0.8889
gamma_strong__noise_high__T_156__density_medium__seed_013,controlled,5,0,0,0.8182,1.0,0.9,2,0.8889
gamma_strong__noise_high__T_156__density_medium__seed_014,controlled,6,1,1,0.75,1.0,0.8571,3,0.8
gamma_strong__noise_high__T_156__density_medium__seed_015,controlled,4,2,0,0.9,1.0,0.9474,1,1.0
gamma_strong__noise_high__T_156__density_sparse__seed_001,controlled,3,1,0,0.7778,1.0,0.875,2,0.8
gamma_strong__noise_high__T_156__density_sparse__seed_002,controlled,3,1,0,0.7778,1.0,0.875,2,0.8
gamma_strong__noise_high__T_156__density_sparse__seed_003,controlled,1,1,0,0.8571,0.8571,0.8571,2,0.6667
gamma_strong__noise_high__T_156__density_sparse__seed_004,controlled,3,0,0,0.7778,1.0,0.875,2,0.8
gamma_strong__noise_high__T_156__density_sparse__seed_005,controlled,3,2,1,0.7778,1.0,0.875,2,0.8
gamma_strong__noise_high__T_156__density_sparse__seed_006,controlled,3,1,0,0.7778,1.0,0.875,2,0.8
gamma_strong__noise_high__T_156__density_sparse__seed_007,controlled,3,2,1,0.7778,1.0,0.875,2,0.8
gamma_strong__noise_high__T_156__density_sparse__seed_008,controlled,4,2,1,0.7,1.0,0.8235,3,0.6667
gamma_strong__noise_high__T_156__density_sparse__seed_009,controlled,3,2,0,0.7778,1.0,0.875,2,0.8
gamma_strong__noise_high__T_156__density_sparse__seed_010,controlled,3,1,0,0.7778,1.0,0.875,2,0.8
gamma_strong__noise_high__T_156__density_sparse__seed_011,controlled,4,3,0,0.7,1.0,0.8235,3,0.6667
gamma_strong__noise_high__T_156__density_sparse__seed_012,controlled,2,0,0,0.75,0.8571,0.8,3,0.5
gamma_strong__noise_high__T_156__density_sparse__seed_013,controlled,4,1,1,0.6,0.8571,0.7059,4,0.3333
gamma_strong__noise_high__T_156__density_sparse__seed_014,controlled,5,1,0,0.6364,1.0,0.7778,4,0.5714
gamma_strong__noise_high__T_156__density_sparse__seed_015,controlled,2,2,1,0.875,1.0,0.9333,1,1.0
gamma_strong__noise_high__T_300__density_dense__seed_001,controlled,7,1,1,0.8462,1.0,0.9167,2,0.9231
gamma_strong__noise_high__T_300__density_dense__seed_002,controlled,7,0,0,0.8462,1.0,0.9167,2,0.9231
gamma_strong__noise_high__T_300__density_dense__seed_003,controlled,5,2,0,0.9091,0.9091,0.9091,2,0.9091
gamma_strong__noise_high__T_300__density_dense__seed_004,controlled,5,1,0,0.9091,0.9091,0.9091,2,0.9091
gamma_strong__noise_high__T_300__density_dense__seed_005,controlled,8,3,0,0.7857,1.0,0.88,3,0.8571
gamma_strong__noise_high__T_300__density_dense__seed_006,controlled,5,2,0,0.9091,0.9091,0.9091,2,0.9091
gamma_strong__noise_high__T_300__density_dense__seed_007,controlled,5,1,0,0.9091,0.9091,0.9091,2,0.9091
gamma_strong__noise_high__T_300__density_dense__seed_008,controlled,7,1,0,0.8462,1.0,0.9167,2,0.9231
gamma_strong__noise_high__T_300__density_dense__seed_009,controlled,8,0,1,0.7857,1.0,0.88,3,0.8571
gamma_strong__noise_high__T_300__density_dense__seed_010,controlled,9,0,1,0.7333,1.0,0.8462,4,0.8
gamma_strong__noise_high__T_300__density_dense__seed_011,controlled,5,0,0,0.9091,0.9091,0.9091,2,0.9091
gamma_strong__noise_high__T_300__density_dense__seed_012,controlled,6,2,0,0.9167,1.0,0.9565,1,1.0
gamma_strong__noise_high__T_300__density_dense__seed_013,controlled,5,0,0,0.9091,0.9091,0.9091,2,0.9091
gamma_strong__noise_high__T_300__density_dense__seed_014,controlled,6,0,1,0.9167,1.0,0.9565,1,1.0
gamma_strong__noise_high__T_300__density_dense__seed_015,controlled,5,3,1,0.9091,0.9091,0.9091,2,0.9091
gamma_strong__noise_high__T_300__density_medium__seed_001,controlled,4,2,0,0.9,1.0,0.9474,1,1.0
gamma_strong__noise_high__T_300__density_medium__seed_002,controlled,5,1,0,0.8182,1.0,0.9,2,0.8889
gamma_strong__noise_high__T_300__density_medium__seed_003,controlled,3,1,0,0.8889,0.8889,0.8889,2,0.8571
gamma_strong__noise_high__T_300__density_medium__seed_004,controlled,4,2,0,0.9,1.0,0.9474,1,1.0
gamma_strong__noise_high__T_300__density_medium__seed_005,controlled,7,3,0,0.6923,1.0,0.8182,4,0.7273
gamma_strong__noise_high__T_300__density_medium__seed_006,controlled,4,2,0,0.9,1.0,0.9474,1,1.0
gamma_strong__noise_high__T_300__density_medium__seed_007,controlled,4,2,0,0.9,1.0,0.9474,1,1.0
gamma_strong__noise_high__T_300__density_medium__seed_008,controlled,5,1,0,0.8182,1.0,0.9,2,0.8889
gamma_strong__noise_high__T_300__density_medium__seed_009,controlled,5,0,0,0.8182,1.0,0.9,2,0.8889
gamma_strong__noise_high__T_300__density_medium__seed_010,controlled,7,1,1,0.6923,1.0,0.8182,4,0.7273
gamma_strong__noise_high__T_300__density_medium__seed_011,controlled,4,2,0,0.9,1.0,0.9474,1,1.0
gamma_strong__noise_high__T_300__density_medium__seed_012,controlled,5,2,1,0.8182,1.0,0.9,2,0.8889
gamma_strong__noise_high__T_300__density_medium__seed_013,controlled,4,1,1,0.9,1.0,0.9474,1,1.0
gamma_strong__noise_high__T_300__density_medium__seed_014,controlled,4,0,1,0.9,1.0,0.9474,1,1.0
gamma_strong__noise_high__T_300__density_medium__seed_015,controlled,4,3,1,0.9,1.0,0.9474,1,1.0
gamma_strong__noise_high__T_300__density_sparse__seed_001,controlled,3,4,0,0.7778,1.0,0.875,2,0.8
gamma_strong__noise_high__T_300__density_sparse__seed_002,controlled,4,0,0,0.7,1.0,0.8235,3,0.6667
gamma_strong__noise_high__T_300__density_sparse__seed_003,controlled,3,2,0,0.6667,0.8571,0.75,4,0.4
gamma_strong__noise_high__T_300__density_sparse__seed_004,controlled,2,2,0,0.875,1.0,0.9333,1,1.0
gamma_strong__noise_high__T_300__density_sparse__seed_005,controlled,5,3,0,0.6364,1.0,0.7778,4,0.5714
gamma_strong__noise_high__T_300__density_sparse__seed_006,controlled,2,3,1,0.875,1.0,0.9333,1,1.0
gamma_strong__noise_high__T_300__density_sparse__seed_007,controlled,2,3,1,0.875,1.0,0.9333,1,1.0
gamma_strong__noise_high__T_300__density_sparse__seed_008,controlled,3,1,0,0.7778,1.0,0.875,2,0.8
gamma_strong__noise_high__T_300__density_sparse__seed_009,controlled,4,0,0,0.7,1.0,0.8235,3,0.6667
gamma_strong__noise_high__T_300__density_sparse__seed_010,controlled,5,1,1,0.6364,1.0,0.7778,4,0.5714
gamma_strong__noise_high__T_300__density_sparse__seed_011,controlled,2,1,0,0.875,1.0,0.9333,1,1.0
gamma_strong__noise_high__T_300__density_sparse__seed_012,controlled,2,3,0,0.875,1.0,0.9333,1,1.0
gamma_strong__noise_high__T_300__density_sparse__seed_013,controlled,4,1,1,0.7,1.0,0.8235,3,0.6667
gamma_strong__noise_high__T_300__density_sparse__seed_014,controlled,2,3,1,0.875,1.0,0.9333,1,1.0
gamma_strong__noise_high__T_300__density_sparse__seed_015,controlled,2,2,0,0.875,1.0,0.9333,1,1.0
gamma_strong__noise_high__T_80__density_dense__seed_001,controlled,5,1,0,0.9091,0.9091,0.9091,2,0.9091
gamma_strong__noise_high__T_80__density_dense__seed_002,controlled,6,1,0,0.9167,1.0,0.9565,1,1.0
gamma_strong__noise_high__T_80__density_dense__seed_003,controlled,4,0,0,0.9,0.8182,0.8571,3,0.8
gamma_strong__noise_high__T_80__density_dense__seed_004,controlled,5,1,0,0.9091,0.9091,0.9091,2,0.9091
gamma_strong__noise_high__T_80__density_dense__seed_005,controlled,4,0,0,0.9,0.8182,0.8571,3,0.8
gamma_strong__noise_high__T_80__density_dense__seed_006,controlled,4,0,0,0.8,0.7273,0.7619,5,0.6
gamma_strong__noise_high__T_80__density_dense__seed_007,controlled,5,1,0,0.7273,0.7273,0.7273,6,0.5455
gamma_strong__noise_high__T_80__density_dense__seed_008,controlled,6,0,0,0.9167,1.0,0.9565,1,1.0
gamma_strong__noise_high__T_80__density_dense__seed_009,controlled,8,0,1,0.7857,1.0,0.88,3,0.8571
gamma_strong__noise_high__T_80__density_dense__seed_010,controlled,4,1,0,0.9,0.8182,0.8571,3,0.8
gamma_strong__noise_high__T_80__density_dense__seed_011,controlled,4,2,0,0.9,0.8182,0.8571,3,0.8
gamma_strong__noise_high__T_80__density_dense__seed_012,controlled,6,0,0,0.8333,0.9091,0.8696,3,0.8333
gamma_strong__noise_high__T_80__density_dense__seed_013,controlled,6,0,0,0.8333,0.9091,0.8696,3,0.8333
gamma_strong__noise_high__T_80__density_dense__seed_014,controlled,5,1,1,0.7273,0.7273,0.7273,5,0.5455
gamma_strong__noise_high__T_80__density_dense__seed_015,controlled,6,2,1,0.8333,0.9091,0.8696,3,0.8333
gamma_strong__noise_high__T_80__density_medium__seed_001,controlled,6,1,0,0.75,1.0,0.8571,3,0.8
gamma_strong__noise_high__T_80__density_medium__seed_002,controlled,5,0,0,0.8182,1.0,0.9,2,0.8889
gamma_strong__noise_high__T_80__density_medium__seed_003,controlled,3,0,0,0.8889,0.8889,0.8889,2,0.8571
gamma_strong__noise_high__T_80__density_medium__seed_004,controlled,2,1,0,0.875,0.7778,0.8235,3,0.6667
gamma_strong__noise_high__T_80__density_medium__seed_005,controlled,3,0,0,0.7778,0.7778,0.7778,4,0.5714
gamma_strong__noise_high__T_80__density_medium__seed_006,controlled,5,0,0,0.8182,1.0,0.9,2,0.8889
gamma_strong__noise_high__T_80__density_medium__seed_007,controlled,4,1,0,0.9,1.0,0.9474,1,1.0
gamma_strong__noise_high__T_80__density_medium__seed_008,controlled,4,1,0,0.8,0.8889,0.8421,3,0.75
gamma_strong__noise_high__T_80__density_medium__seed_009,controlled,6,1,0,0.75,1.0,0.8571,3,0.8
gamma_strong__noise_high__T_80__density_medium__seed_010,controlled,3,0,0,0.8889,0.8889,0.8889,2,0.8571
gamma_strong__noise_high__T_80__density_medium__seed_011,controlled,5,0,0,0.8182,1.0,0.9,2,0.8889
gamma_strong__noise_high__T_80__density_medium__seed_012,controlled,5,1,1,0.7273,0.8889,0.8,4,0.6667
gamma_strong__noise_high__T_80__density_medium__seed_013,controlled,5,1,0,0.8182,1.0,0.9,2,0.8889
gamma_strong__noise_high__T_80__density_medium__seed_014,controlled,5,2,1,0.7273,0.8889,0.8,3,0.6667
gamma_strong__noise_high__T_80__density_medium__seed_015,controlled,5,3,0,0.8182,1.0,0.9,2,0.8889
gamma_strong__noise_high__T_80__density_sparse__seed_001,controlled,3,1,1,0.7778,1.0,0.875,2,0.8
gamma_strong__noise_high__T_80__density_sparse__seed_002,controlled,3,1,0,0.7778,1.0,0.875,2,0.8
gamma_strong__noise_high__T_80__density_sparse__seed_003,controlled,5,0,1,0.6364,1.0,0.7778,4,0.5714
gamma_strong__noise_high__T_80__density_sparse__seed_004,controlled,2,1,0,0.875,1.0,0.9333,1,1.0
gamma_strong__noise_high__T_80__density_sparse__seed_005,controlled,2,1,0,0.875,1.0,0.9333,1,1.0
gamma_strong__noise_high__T_80__density_sparse__seed_006,controlled,3,0,0,0.7778,1.0,0.875,2,0.8
gamma_strong__noise_high__T_80__density_sparse__seed_007,controlled,3,0,0,0.7778,1.0,0.875,2,0.8
gamma_strong__noise_high__T_80__density_sparse__seed_008,controlled,3,1,0,0.7778,1.0,0.875,2,0.8
gamma_strong__noise_high__T_80__density_sparse__seed_009,controlled,4,1,0,0.7,1.0,0.8235,3,0.6667
gamma_strong__noise_high__T_80__density_sparse__seed_010,controlled,2,1,0,0.875,1.0,0.9333,1,1.0
gamma_strong__noise_high__T_80__density_sparse__seed_011,controlled,2,0,0,0.875,1.0,0.9333,1,1.0
gamma_strong__noise_high__T_80__density_sparse__seed_012,controlled,5,1,0,0.6364,1.0,0.7778,4,0.5714
gamma_strong__noise_high__T_80__density_sparse__seed_013,controlled,4,0,0,0.7,1.0,0.8235,3,0.6667
gamma_strong__noise_high__T_80__density_sparse__seed_014,controlled,3,3,0,0.6667,0.8571,0.75,3,0.4
gamma_strong__noise_high__T_80__density_sparse__seed_015,controlled,3,3,0,0.7778,1.0,0.875,2,0.8
gamma_strong__noise_low__T_156__density_dense__seed_001,controlled,7,0,0,0.7692,0.9091,0.8333,4,0.7692
gamma_strong__noise_low__T_156__density_dense__seed_002,controlled,3,1,0,0.8889,0.7273,0.8,4,0.6667
gamma_strong__noise_low__T_156__density_dense__seed_003,controlled,2,1,0,0.875,0.6364,0.7368,5,0.5
gamma_strong__noise_low__T_156__density_dense__seed_004,controlled,7,1,0,0.8462,1.0,0.9167,2,0.9231
gamma_strong__noise_low__T_156__density_dense__seed_005,controlled,5,3,0,0.8182,0.8182,0.8182,3,0.7273
gamma_strong__noise_low__T_156__density_dense__seed_006,controlled,7,0,0,0.8462,1.0,0.9167,2,0.9231
gamma_strong__noise_low__T_156__density_dense__seed_007,controlled,6,0,1,0.8333,0.9091,0.8696,2,0.8333
gamma_strong__noise_low__T_156__density_dense__seed_008,controlled,9,1,1,0.6667,0.9091,0.7692,5,0.6667
gamma_strong__noise_low__T_156__density_dense__seed_009,controlled,8,2,0,0.7857,1.0,0.88,3,0.8571
gamma_strong__noise_low__T_156__density_dense__seed_010,controlled,6,1,0,0.8333,0.9091,0.8696,3,0.8333
gamma_strong__noise_low__T_156__density_dense__seed_011,controlled,7,2,0,0.7692,0.9091,0.8333,4,0.7692
gamma_strong__noise_low__T_156__density_dense__seed_012,controlled,6,0,2,0.8333,0.9091,0.8696,2,0.8333
gamma_strong__noise_low__T_156__density_dense__seed_013,controlled,6,2,0,0.8333,0.9091,0.8696,3,0.8333
gamma_strong__noise_low__T_156__density_dense__seed_014,controlled,8,3,1,0.7857,1.0,0.88,3,0.8571
gamma_strong__noise_low__T_156__density_dense__seed_015,controlled,5,1,1,0.9091,0.9091,0.9091,2,0.9091
gamma_strong__noise_low__T_156__density_medium__seed_001,controlled,6,3,0,0.75,1.0,0.8571,3,0.8
gamma_strong__noise_low__T_156__density_medium__seed_002,controlled,4,1,0,0.9,1.0,0.9474,1,1.0
gamma_strong__noise_low__T_156__density_medium__seed_003,controlled,3,1,0,0.8889,0.8889,0.8889,2,0.8571
gamma_strong__noise_low__T_156__density_medium__seed_004,controlled,4,1,0,0.9,1.0,0.9474,1,1.0
gamma_strong__noise_low__T_156__density_medium__seed_005,controlled,4,3,1,0.9,1.0,0.9474,1,1.0
gamma_strong__noise_low__T_156__density_medium__seed_006,controlled,5,1,0,0.8182,1.0,0.9,2,0.8889
gamma_strong__noise_low__T_156__density_medium__seed_007,controlled,5,1,1,0.8182,1.0,0.9,2,0.8889
gamma_strong__noise_low__T_156__density_medium__seed_008,controlled,7,1,1,0.6923,1.0,0.8182,4,0.7273
gamma_strong__noise_low__T_156__density_medium__seed_009,controlled,5,3,0,0.8182,1.0,0.9,2,0.8889
gamma_strong__noise_low__T_156__density_medium__seed_010,controlled,5,0,0,0.8182,1.0,0.9,2,0.8889
gamma_strong__noise_low__T_156__density_medium__seed_011,controlled,6,2,0,0.75,1.0,0.8571,3,0.8
gamma_strong__noise_low__T_156__density_medium__seed_012,controlled,5,0,1,0.8182,1.0,0.9,2,0.8889
gamma_strong__noise_low__T_156__density_medium__seed_013,controlled,5,0,0,0.8182,1.0,0.9,2,0.8889
gamma_strong__noise_low__T_156__density_medium__seed_014,controlled,6,2,1,0.75,1.0,0.8571,3,0.8
gamma_strong__noise_low__T_156__density_medium__seed_015,controlled,4,1,0,0.9,1.0,0.9474,1,1.0
gamma_strong__noise_low__T_156__density_sparse__seed_001,controlled,4,3,0,0.7,1.0,0.8235,3,0.6667
gamma_strong__noise_low__T_156__density_sparse__seed_002,controlled,3,1,0,0.7778,1.0,0.875,2,0.8
gamma_strong__noise_low__T_156__density_sparse__seed_003,controlled,1,1,0,0.8571,0.8571,0.8571,2,0.6667
gamma_strong__noise_low__T_156__density_sparse__seed_004,controlled,3,2,0,0.7778,1.0,0.875,2,0.8
gamma_strong__noise_low__T_156__density_sparse__seed_005,controlled,3,3,1,0.7778,1.0,0.875,2,0.8
gamma_strong__noise_low__T_156__density_sparse__seed_006,controlled,3,1,0,0.7778,1.0,0.875,2,0.8
gamma_strong__noise_low__T_156__density_sparse__seed_007,controlled,4,1,1,0.7,1.0,0.8235,3,0.6667
gamma_strong__noise_low__T_156__density_sparse__seed_008,controlled,4,2,1,0.7,1.0,0.8235,3,0.6667
gamma_strong__noise_low__T_156__density_sparse__seed_009,controlled,3,2,0,0.7778,1.0,0.875,2,0.8
gamma_strong__noise_low__T_156__density_sparse__seed_010,controlled,3,0,0,0.7778,1.0,0.875,2,0.8
gamma_strong__noise_low__T_156__density_sparse__seed_011,controlled,4,1,0,0.7,1.0,0.8235,3,0.6667
gamma_strong__noise_low__T_156__density_sparse__seed_012,controlled,2,2,0,0.75,0.8571,0.8,3,0.5
gamma_strong__noise_low__T_156__density_sparse__seed_013,controlled,3,2,1,0.7778,1.0,0.875,2,0.8
gamma_strong__noise_low__T_156__density_sparse__seed_014,controlled,5,2,0,0.6364,1.0,0.7778,4,0.5714
gamma_strong__noise_low__T_156__density_sparse__seed_015,controlled,2,1,1,0.875,1.0,0.9333,1,1.0
gamma_strong__noise_low__T_300__density_dense__seed_001,controlled,7,3,1,0.8462,1.0,0.9167,2,0.9231
gamma_strong__noise_low__T_300__density_dense__seed_002,controlled,7,1,0,0.8462,1.0,0.9167,2,0.9231
gamma_strong__noise_low__T_300__density_dense__seed_003,controlled,5,2,0,0.9091,0.9091,0.9091,2,0.9091
gamma_strong__noise_low__T_300__density_dense__seed_004,controlled,5,1,0,0.9091,0.9091,0.9091,2,0.9091
gamma_strong__noise_low__T_300__density_dense__seed_005,controlled,8,3,0,0.7857,1.0,0.88,3,0.8571
gamma_strong__noise_low__T_300__density_dense__seed_006,controlled,5,2,1,0.9091,0.9091,0.9091,2,0.9091
gamma_strong__noise_low__T_300__density_dense__seed_007,controlled,5,2,0,0.9091,0.9091,0.9091,2,0.9091
gamma_strong__noise_low__T_300__density_dense__seed_008,controlled,6,1,0,0.9167,1.0,0.9565,1,1.0
gamma_strong__noise_low__T_300__density_dense__seed_009,controlled,8,0,0,0.7857,1.0,0.88,3,0.8571
gamma_strong__noise_low__T_300__density_dense__seed_010,controlled,8,0,1,0.7857,1.0,0.88,3,0.8571
gamma_strong__noise_low__T_300__density_dense__seed_011,controlled,5,2,0,0.9091,0.9091,0.9091,2,0.9091
gamma_strong__noise_low__T_300__density_dense__seed_012,controlled,6,3,0,0.9167,1.0,0.9565,1,1.0
gamma_strong__noise_low__T_300__density_dense__seed_013,controlled,5,2,0,0.9091,0.9091,0.9091,2,0.9091
gamma_strong__noise_low__T_300__density_dense__seed_014,controlled,6,3,1,0.9167,1.0,0.9565,1,1.0
gamma_strong__noise_low__T_300__density_dense__seed_015,controlled,5,4,1,0.9091,0.9091,0.9091,2,0.9091
gamma_strong__noise_low__T_300__density_medium__seed_001,controlled,4,3,0,0.9,1.0,0.9474,1,1.0
gamma_strong__noise_low__T_300__density_medium__seed_002,controlled,5,1,0,0.8182,1.0,0.9,2,0.8889
gamma_strong__noise_low__T_300__density_medium__seed_003,controlled,3,2,0,0.8889,0.8889,0.8889,2,0.8571
gamma_strong__noise_low__T_300__density_medium__seed_004,controlled,4,2,0,0.9,1.0,0.9474,1,1.0
gamma_strong__noise_low__T_300__density_medium__seed_005,controlled,7,3,0,0.6923,1.0,0.8182,4,0.7273
gamma_strong__noise_low__T_300__density_medium__seed_006,controlled,4,2,1,0.9,1.0,0.9474,1,1.0
gamma_strong__noise_low__T_300__density_medium__seed_007,controlled,4,2,0,0.9,1.0,0.9474,1,1.0
gamma_strong__noise_low__T_300__density_medium__seed_008,controlled,4,1,0,0.9,1.0,0.9474,1,1.0
gamma_strong__noise_low__T_300__density_medium__seed_009,controlled,6,0,0,0.75,1.0,0.8571,3,0.8
gamma_strong__noise_low__T_300__density_medium__seed_010,controlled,7,1,1,0.6923,1.0,0.8182,4,0.7273
gamma_strong__noise_low__T_300__density_medium__seed_011,controlled,4,2,0,0.9,1.0,0.9474,1,1.0
gamma_strong__noise_low__T_300__density_medium__seed_012,controlled,4,3,0,0.9,1.0,0.9474,1,1.0
gamma_strong__noise_low__T_300__density_medium__seed_013,controlled,4,3,1,0.9,1.0,0.9474,1,1.0
gamma_strong__noise_low__T_300__density_medium__seed_014,controlled,4,3,1,0.9,1.0,0.9474,1,1.0
gamma_strong__noise_low__T_300__density_medium__seed_015,controlled,4,4,1,0.9,1.0,0.9474,1,1.0
gamma_strong__noise_low__T_300__density_sparse__seed_001,controlled,3,4,0,0.7778,1.0,0.875,2,0.8
gamma_strong__noise_low__T_300__density_sparse__seed_002,controlled,4,1,0,0.7,1.0,0.8235,3,0.6667
gamma_strong__noise_low__T_300__density_sparse__seed_003,controlled,2,3,0,0.75,0.8571,0.8,3,0.5
gamma_strong__noise_low__T_300__density_sparse__seed_004,controlled,2,3,0,0.875,1.0,0.9333,1,1.0
gamma_strong__noise_low__T_300__density_sparse__seed_005,controlled,6,3,0,0.5833,1.0,0.7368,5,0.5
gamma_strong__noise_low__T_300__density_sparse__seed_006,controlled,2,3,1,0.875,1.0,0.9333,1,1.0
gamma_strong__noise_low__T_300__density_sparse__seed_007,controlled,2,1,1,0.875,1.0,0.9333,1,1.0
gamma_strong__noise_low__T_300__density_sparse__seed_008,controlled,2,2,0,0.875,1.0,0.9333,1,1.0
gamma_strong__noise_low__T_300__density_sparse__seed_009,controlled,3,3,0,0.7778,1.0,0.875,2,0.8
gamma_strong__noise_low__T_300__density_sparse__seed_010,controlled,5,0,1,0.6364,1.0,0.7778,4,0.5714
gamma_strong__noise_low__T_300__density_sparse__seed_011,controlled,2,3,0,0.875,1.0,0.9333,1,1.0
gamma_strong__noise_low__T_300__density_sparse__seed_012,controlled,2,3,0,0.875,1.0,0.9333,1,1.0
gamma_strong__noise_low__T_300__density_sparse__seed_013,controlled,4,1,1,0.7,1.0,0.8235,3,0.6667
gamma_strong__noise_low__T_300__density_sparse__seed_014,controlled,2,4,1,0.875,1.0,0.9333,1,1.0
gamma_strong__noise_low__T_300__density_sparse__seed_015,controlled,3,4,0,0.7778,1.0,0.875,2,0.8
gamma_strong__noise_low__T_80__density_dense__seed_001,controlled,5,2,0,0.9091,0.9091,0.9091,2,0.9091
gamma_strong__noise_low__T_80__density_dense__seed_002,controlled,6,1,0,0.9167,1.0,0.9565,1,1.0
gamma_strong__noise_low__T_80__density_dense__seed_003,controlled,5,0,0,0.9091,0.9091,0.9091,2,0.9091
gamma_strong__noise_low__T_80__density_dense__seed_004,controlled,4,1,0,0.9,0.8182,0.8571,3,0.8
gamma_strong__noise_low__T_80__density_dense__seed_005,controlled,4,1,0,0.9,0.8182,0.8571,3,0.8
gamma_strong__noise_low__T_80__density_dense__seed_006,controlled,5,1,0,0.8182,0.8182,0.8182,4,0.7273
gamma_strong__noise_low__T_80__density_dense__seed_007,controlled,5,1,0,0.7273,0.7273,0.7273,6,0.5455
gamma_strong__noise_low__T_80__density_dense__seed_008,controlled,6,0,0,0.9167,1.0,0.9565,1,1.0
gamma_strong__noise_low__T_80__density_dense__seed_009,controlled,8,1,1,0.7857,1.0,0.88,3,0.8571
gamma_strong__noise_low__T_80__density_dense__seed_010,controlled,4,1,0,0.9,0.8182,0.8571,3,0.8
gamma_strong__noise_low__T_80__density_dense__seed_011,controlled,4,2,0,0.9,0.8182,0.8571,3,0.8
gamma_strong__noise_low__T_80__density_dense__seed_012,controlled,6,2,0,0.8333,0.9091,0.8696,3,0.8333
gamma_strong__noise_low__T_80__density_dense__seed_013,controlled,5,1,0,0.9091,0.9091,0.9091,2,0.9091
gamma_strong__noise_low__T_80__density_dense__seed_014,controlled,5,1,1,0.7273,0.7273,0.7273,5,0.5455
gamma_strong__noise_low__T_80__density_dense__seed_015,controlled,6,1,1,0.8333,0.9091,0.8696,3,0.8333
gamma_strong__noise_low__T_80__density_medium__seed_001,controlled,6,1,0,0.75,1.0,0.8571,3,0.8
gamma_strong__noise_low__T_80__density_medium__seed_002,controlled,5,1,0,0.8182,1.0,0.9,2,0.8889
gamma_strong__noise_low__T_80__density_medium__seed_003,controlled,3,0,0,0.8889,0.8889,0.8889,2,0.8571
gamma_strong__noise_low__T_80__density_medium__seed_004,controlled,2,1,0,0.875,0.7778,0.8235,3,0.6667
gamma_strong__noise_low__T_80__density_medium__seed_005,controlled,3,1,0,0.7778,0.7778,0.7778,4,0.5714
gamma_strong__noise_low__T_80__density_medium__seed_006,controlled,5,1,0,0.8182,1.0,0.9,2,0.8889
gamma_strong__noise_low__T_80__density_medium__seed_007,controlled,5,1,0,0.8182,1.0,0.9,2,0.8889
gamma_strong__noise_low__T_80__density_medium__seed_008,controlled,4,0,0,0.8,0.8889,0.8421,3,0.75
gamma_strong__noise_low__T_80__density_medium__seed_009,controlled,6,1,0,0.75,1.0,0.8571,3,0.8
gamma_strong__noise_low__T_80__density_medium__seed_010,controlled,3,0,0,0.8889,0.8889,0.8889,2,0.8571
gamma_strong__noise_low__T_80__density_medium__seed_011,controlled,5,2,0,0.8182,1.0,0.9,2,0.8889
gamma_strong__noise_low__T_80__density_medium__seed_012,controlled,4,2,1,0.8,0.8889,0.8421,3,0.75
gamma_strong__noise_low__T_80__density_medium__seed_013,controlled,5,0,0,0.8182,1.0,0.9,2,0.8889
gamma_strong__noise_low__T_80__density_medium__seed_014,controlled,5,1,1,0.7273,0.8889,0.8,3,0.6667
gamma_strong__noise_low__T_80__density_medium__seed_015,controlled,5,3,0,0.8182,1.0,0.9,2,0.8889
gamma_strong__noise_low__T_80__density_sparse__seed_001,controlled,3,1,0,0.7778,1.0,0.875,2,0.8
gamma_strong__noise_low__T_80__density_sparse__seed_002,controlled,3,0,0,0.7778,1.0,0.875,2,0.8
gamma_strong__noise_low__T_80__density_sparse__seed_003,controlled,5,1,0,0.6364,1.0,0.7778,4,0.5714
gamma_strong__noise_low__T_80__density_sparse__seed_004,controlled,2,1,0,0.875,1.0,0.9333,1,1.0
gamma_strong__noise_low__T_80__density_sparse__seed_005,controlled,2,0,0,0.875,1.0,0.9333,1,1.0
gamma_strong__noise_low__T_80__density_sparse__seed_006,controlled,3,0,0,0.7778,1.0,0.875,2,0.8
gamma_strong__noise_low__T_80__density_sparse__seed_007,controlled,3,1,0,0.7778,1.0,0.875,2,0.8
gamma_strong__noise_low__T_80__density_sparse__seed_008,controlled,3,1,0,0.7778,1.0,0.875,2,0.8
gamma_strong__noise_low__T_80__density_sparse__seed_009,controlled,4,1,0,0.7,1.0,0.8235,3,0.6667
gamma_strong__noise_low__T_80__density_sparse__seed_010,controlled,2,0,0,0.875,1.0,0.9333,1,1.0
gamma_strong__noise_low__T_80__density_sparse__seed_011,controlled,2,1,0,0.875,1.0,0.9333,1,1.0
gamma_strong__noise_low__T_80__density_sparse__seed_012,controlled,4,0,0,0.7,1.0,0.8235,3,0.6667
gamma_strong__noise_low__T_80__density_sparse__seed_013,controlled,4,1,0,0.7,1.0,0.8235,3,0.6667
gamma_strong__noise_low__T_80__density_sparse__seed_014,controlled,3,3,0,0.6667,0.8571,0.75,3,0.4
gamma_strong__noise_low__T_80__density_sparse__seed_015,controlled,3,3,0,0.7778,1.0,0.875,2,0.8
gamma_strong__noise_medium__T_156__density_dense__seed_001,controlled,7,0,0,0.7692,0.9091,0.8333,4,0.7692
gamma_strong__noise_medium__T_156__density_dense__seed_002,controlled,3,1,0,0.8889,0.7273,0.8,4,0.6667
gamma_strong__noise_medium__T_156__density_dense__seed_003,controlled,2,1,0,0.875,0.6364,0.7368,5,0.5
gamma_strong__noise_medium__T_156__density_dense__seed_004,controlled,7,1,0,0.8462,1.0,0.9167,2,0.9231
gamma_strong__noise_medium__T_156__density_dense__seed_005,controlled,5,3,0,0.8182,0.8182,0.8182,3,0.7273
gamma_strong__noise_medium__T_156__density_dense__seed_006,controlled,7,0,0,0.8462,1.0,0.9167,2,0.9231
gamma_strong__noise_medium__T_156__density_dense__seed_007,controlled,6,0,1,0.9167,1.0,0.9565,1,1.0
gamma_strong__noise_medium__T_156__density_dense__seed_008,controlled,9,1,1,0.6667,0.9091,0.7692,5,0.6667
gamma_strong__noise_medium__T_156__density_dense__seed_009,controlled,7,2,0,0.8462,1.0,0.9167,2,0.9231
gamma_strong__noise_medium__T_156__density_dense__seed_010,controlled,6,0,0,0.8333,0.9091,0.8696,3,0.8333
gamma_strong__noise_medium__T_156__density_dense__seed_011,controlled,7,2,0,0.7692,0.9091,0.8333,4,0.7692
gamma_strong__noise_medium__T_156__density_dense__seed_012,controlled,6,0,2,0.8333,0.9091,0.8696,2,0.8333
gamma_strong__noise_medium__T_156__density_dense__seed_013,controlled,6,2,0,0.8333,0.9091,0.8696,3,0.8333
gamma_strong__noise_medium__T_156__density_dense__seed_014,controlled,8,3,1,0.7857,1.0,0.88,3,0.8571
gamma_strong__noise_medium__T_156__density_dense__seed_015,controlled,5,1,1,0.9091,0.9091,0.9091,2,0.9091
gamma_strong__noise_medium__T_156__density_medium__seed_001,controlled,6,1,0,0.75,1.0,0.8571,3,0.8
gamma_strong__noise_medium__T_156__density_medium__seed_002,controlled,4,1,0,0.9,1.0,0.9474,1,1.0
gamma_strong__noise_medium__T_156__density_medium__seed_003,controlled,3,1,0,0.8889,0.8889,0.8889,2,0.8571
gamma_strong__noise_medium__T_156__density_medium__seed_004,controlled,4,1,0,0.9,1.0,0.9474,1,1.0
gamma_strong__noise_medium__T_156__density_medium__seed_005,controlled,4,3,1,0.9,1.0,0.9474,1,1.0
gamma_strong__noise_medium__T_156__density_medium__seed_006,controlled,5,1,0,0.8182,1.0,0.9,2,0.8889
gamma_strong__noise_medium__T_156__density_medium__seed_007,controlled,5,1,1,0.8182,1.0,0.9,2,0.8889
gamma_strong__noise_medium__T_156__density_medium__seed_008,controlled,7,1,1,0.6923,1.0,0.8182,4,0.7273
gamma_strong__noise_medium__T_156__density_medium__seed_009,controlled,5,2,0,0.8182,1.0,0.9,2,0.8889
gamma_strong__noise_medium__T_156__density_medium__seed_010,controlled,5,2,0,0.8182,1.0,0.9,2,0.8889
gamma_strong__noise_medium__T_156__density_medium__seed_011,controlled,6,3,0,0.75,1.0,0.8571,3,0.8
gamma_strong__noise_medium__T_156__density_medium__seed_012,controlled,5,0,1,0.8182,1.0,0.9,2,0.8889
gamma_strong__noise_medium__T_156__density_medium__seed_013,controlled,5,1,0,0.8182,1.0,0.9,2,0.8889
gamma_strong__noise_medium__T_156__density_medium__seed_014,controlled,6,1,1,0.75,1.0,0.8571,3,0.8
gamma_strong__noise_medium__T_156__density_medium__seed_015,controlled,4,1,0,0.9,1.0,0.9474,1,1.0
gamma_strong__noise_medium__T_156__density_sparse__seed_001,controlled,4,2,0,0.7,1.0,0.8235,3,0.6667
gamma_strong__noise_medium__T_156__density_sparse__seed_002,controlled,3,1,0,0.7778,1.0,0.875,2,0.8
gamma_strong__noise_medium__T_156__density_sparse__seed_003,controlled,1,1,0,0.8571,0.8571,0.8571,2,0.6667
gamma_strong__noise_medium__T_156__density_sparse__seed_004,controlled,3,1,0,0.7778,1.0,0.875,2,0.8
gamma_strong__noise_medium__T_156__density_sparse__seed_005,controlled,3,3,1,0.7778,1.0,0.875,2,0.8
gamma_strong__noise_medium__T_156__density_sparse__seed_006,controlled,3,0,0,0.7778,1.0,0.875,2,0.8
gamma_strong__noise_medium__T_156__density_sparse__seed_007,controlled,4,2,1,0.7,1.0,0.8235,3,0.6667
gamma_strong__noise_medium__T_156__density_sparse__seed_008,controlled,4,2,1,0.7,1.0,0.8235,3,0.6667
gamma_strong__noise_medium__T_156__density_sparse__seed_009,controlled,3,2,0,0.7778,1.0,0.875,2,0.8
gamma_strong__noise_medium__T_156__density_sparse__seed_010,controlled,3,0,0,0.7778,1.0,0.875,2,0.8
gamma_strong__noise_medium__T_156__density_sparse__seed_011,controlled,4,3,0,0.7,1.0,0.8235,3,0.6667
gamma_strong__noise_medium__T_156__density_sparse__seed_012,controlled,2,0,0,0.75,0.8571,0.8,3,0.5
gamma_strong__noise_medium__T_156__density_sparse__seed_013,controlled,4,0,1,0.7,1.0,0.8235,3,0.6667
gamma_strong__noise_medium__T_156__density_sparse__seed_014,controlled,5,1,0,0.6364,1.0,0.7778,4,0.5714
gamma_strong__noise_medium__T_156__density_sparse__seed_015,controlled,2,1,1,0.875,1.0,0.9333,1,1.0
gamma_strong__noise_medium__T_300__density_dense__seed_001,controlled,7,1,1,0.8462,1.0,0.9167,2,0.9231
gamma_strong__noise_medium__T_300__density_dense__seed_002,controlled,7,0,0,0.8462,1.0,0.9167,2,0.9231
gamma_strong__noise_medium__T_300__density_dense__seed_003,controlled,5,2,0,0.9091,0.9091,0.9091,2,0.9091
gamma_strong__noise_medium__T_300__density_dense__seed_004,controlled,5,2,0,0.9091,0.9091,0.9091,2,0.9091
gamma_strong__noise_medium__T_300__density_dense__seed_005,controlled,8,2,0,0.7857,1.0,0.88,3,0.8571
gamma_strong__noise_medium__T_300__density_dense__seed_006,controlled,5,3,0,0.9091,0.9091,0.9091,2,0.9091
gamma_strong__noise_medium__T_300__density_dense__seed_007,controlled,5,2,0,0.9091,0.9091,0.9091,2,0.9091
gamma_strong__noise_medium__T_300__density_dense__seed_008,controlled,7,1,0,0.8462,1.0,0.9167,2,0.9231
gamma_strong__noise_medium__T_300__density_dense__seed_009,controlled,8,0,0,0.7857,1.0,0.88,3,0.8571
gamma_strong__noise_medium__T_300__density_dense__seed_010,controlled,9,0,1,0.7333,1.0,0.8462,4,0.8
gamma_strong__noise_medium__T_300__density_dense__seed_011,controlled,5,1,0,0.9091,0.9091,0.9091,2,0.9091
gamma_strong__noise_medium__T_300__density_dense__seed_012,controlled,6,3,0,0.9167,1.0,0.9565,1,1.0
gamma_strong__noise_medium__T_300__density_dense__seed_013,controlled,5,2,0,0.9091,0.9091,0.9091,2,0.9091
gamma_strong__noise_medium__T_300__density_dense__seed_014,controlled,6,3,1,0.9167,1.0,0.9565,1,1.0
gamma_strong__noise_medium__T_300__density_dense__seed_015,controlled,5,4,1,0.9091,0.9091,0.9091,2,0.9091
gamma_strong__noise_medium__T_300__density_medium__seed_001,controlled,4,2,0,0.9,1.0,0.9474,1,1.0
gamma_strong__noise_medium__T_300__density_medium__seed_002,controlled,5,1,0,0.8182,1.0,0.9,2,0.8889
gamma_strong__noise_medium__T_300__density_medium__seed_003,controlled,3,2,0,0.8889,0.8889,0.8889,2,0.8571
gamma_strong__noise_medium__T_300__density_medium__seed_004,controlled,4,2,0,0.9,1.0,0.9474,1,1.0
gamma_strong__noise_medium__T_300__density_medium__seed_005,controlled,6,3,0,0.6667,0.8889,0.7619,5,0.6
gamma_strong__noise_medium__T_300__density_medium__seed_006,controlled,4,3,0,0.9,1.0,0.9474,1,1.0
gamma_strong__noise_medium__T_300__density_medium__seed_007,controlled,4,2,0,0.9,1.0,0.9474,1,1.0
gamma_strong__noise_medium__T_300__density_medium__seed_008,controlled,5,1,0,0.8182,1.0,0.9,2,0.8889
gamma_strong__noise_medium__T_300__density_medium__seed_009,controlled,6,0,0,0.75,1.0,0.8571,3,0.8
gamma_strong__noise_medium__T_300__density_medium__seed_010,controlled,7,1,1,0.6923,1.0,0.8182,4,0.7273
gamma_strong__noise_medium__T_300__density_medium__seed_011,controlled,4,2,0,0.9,1.0,0.9474,1,1.0
gamma_strong__noise_medium__T_300__density_medium__seed_012,controlled,5,3,1,0.8182,1.0,0.9,2,0.8889
gamma_strong__noise_medium__T_300__density_medium__seed_013,controlled,4,3,1,0.9,1.0,0.9474,1,1.0
gamma_strong__noise_medium__T_300__density_medium__seed_014,controlled,4,3,1,0.9,1.0,0.9474,1,1.0
gamma_strong__noise_medium__T_300__density_medium__seed_015,controlled,4,4,1,0.9,1.0,0.9474,1,1.0
gamma_strong__noise_medium__T_300__density_sparse__seed_001,controlled,3,4,0,0.7778,1.0,0.875,2,0.8
gamma_strong__noise_medium__T_300__density_sparse__seed_002,controlled,4,0,0,0.7,1.0,0.8235,3,0.6667
gamma_strong__noise_medium__T_300__density_sparse__seed_003,controlled,2,3,0,0.75,0.8571,0.8,3,0.5
gamma_strong__noise_medium__T_300__density_sparse__seed_004,controlled,2,1,0,0.875,1.0,0.9333,1,1.0
gamma_strong__noise_medium__T_300__density_sparse__seed_005,controlled,6,3,0,0.5833,1.0,0.7368,5,0.5
gamma_strong__noise_medium__T_300__density_sparse__seed_006,controlled,2,3,0,0.875,1.0,0.9333,1,1.0
gamma_strong__noise_medium__T_300__density_sparse__seed_007,controlled,2,1,1,0.875,1.0,0.9333,1,1.0
gamma_strong__noise_medium__T_300__density_sparse__seed_008,controlled,3,1,0,0.7778,1.0,0.875,2,0.8
gamma_strong__noise_medium__T_300__density_sparse__seed_009,controlled,3,0,0,0.7778,1.0,0.875,2,0.8
gamma_strong__noise_medium__T_300__density_sparse__seed_010,controlled,5,1,1,0.6364,1.0,0.7778,4,0.5714
gamma_strong__noise_medium__T_300__density_sparse__seed_011,controlled,2,2,0,0.875,1.0,0.9333,1,1.0
gamma_strong__noise_medium__T_300__density_sparse__seed_012,controlled,2,3,0,0.875,1.0,0.9333,1,1.0
gamma_strong__noise_medium__T_300__density_sparse__seed_013,controlled,4,2,1,0.7,1.0,0.8235,3,0.6667
gamma_strong__noise_medium__T_300__density_sparse__seed_014,controlled,2,4,1,0.875,1.0,0.9333,1,1.0
gamma_strong__noise_medium__T_300__density_sparse__seed_015,controlled,2,3,0,0.875,1.0,0.9333,1,1.0
gamma_strong__noise_medium__T_80__density_dense__seed_001,controlled,5,2,0,0.9091,0.9091,0.9091,2,0.9091
gamma_strong__noise_medium__T_80__density_dense__seed_002,controlled,6,1,0,0.9167,1.0,0.9565,1,1.0
gamma_strong__noise_medium__T_80__density_dense__seed_003,controlled,5,0,0,0.9091,0.9091,0.9091,2,0.9091
gamma_strong__noise_medium__T_80__density_dense__seed_004,controlled,5,1,0,0.9091,0.9091,0.9091,2,0.9091
gamma_strong__noise_medium__T_80__density_dense__seed_005,controlled,4,0,0,0.9,0.8182,0.8571,3,0.8
gamma_strong__noise_medium__T_80__density_dense__seed_006,controlled,4,0,0,0.8,0.7273,0.7619,5,0.6
gamma_strong__noise_medium__T_80__density_dense__seed_007,controlled,5,1,0,0.7273,0.7273,0.7273,6,0.5455
gamma_strong__noise_medium__T_80__density_dense__seed_008,controlled,6,0,0,0.9167,1.0,0.9565,1,1.0
gamma_strong__noise_medium__T_80__density_dense__seed_009,controlled,8,1,1,0.7857,1.0,0.88,3,0.8571
gamma_strong__noise_medium__T_80__density_dense__seed_010,controlled,4,1,0,0.9,0.8182,0.8571,3,0.8
gamma_strong__noise_medium__T_80__density_dense__seed_011,controlled,4,2,0,0.9,0.8182,0.8571,3,0.8
gamma_strong__noise_medium__T_80__density_dense__seed_012,controlled,6,1,0,0.8333,0.9091,0.8696,3,0.8333
gamma_strong__noise_medium__T_80__density_dense__seed_013,controlled,5,1,0,0.9091,0.9091,0.9091,2,0.9091
gamma_strong__noise_medium__T_80__density_dense__seed_014,controlled,5,1,1,0.7273,0.7273,0.7273,5,0.5455
gamma_strong__noise_medium__T_80__density_dense__seed_015,controlled,6,1,1,0.8333,0.9091,0.8696,3,0.8333
gamma_strong__noise_medium__T_80__density_medium__seed_001,controlled,6,1,0,0.75,1.0,0.8571,3,0.8
gamma_strong__noise_medium__T_80__density_medium__seed_002,controlled,5,0,0,0.8182,1.0,0.9,2,0.8889
gamma_strong__noise_medium__T_80__density_medium__seed_003,controlled,3,0,0,0.8889,0.8889,0.8889,2,0.8571
gamma_strong__noise_medium__T_80__density_medium__seed_004,controlled,2,1,0,0.875,0.7778,0.8235,3,0.6667
gamma_strong__noise_medium__T_80__density_medium__seed_005,controlled,3,0,0,0.7778,0.7778,0.7778,4,0.5714
gamma_strong__noise_medium__T_80__density_medium__seed_006,controlled,5,0,0,0.8182,1.0,0.9,2,0.8889
gamma_strong__noise_medium__T_80__density_medium__seed_007,controlled,4,1,0,0.9,1.0,0.9474,1,1.0
gamma_strong__noise_medium__T_80__density_medium__seed_008,controlled,4,1,0,0.8,0.8889,0.8421,3,0.75
gamma_strong__noise_medium__T_80__density_medium__seed_009,controlled,6,1,0,0.75,1.0,0.8571,3,0.8
gamma_strong__noise_medium__T_80__density_medium__seed_010,controlled,3,0,0,0.8889,0.8889,0.8889,2,0.8571
gamma_strong__noise_medium__T_80__density_medium__seed_011,controlled,5,2,0,0.8182,1.0,0.9,2,0.8889
gamma_strong__noise_medium__T_80__density_medium__seed_012,controlled,4,1,1,0.8,0.8889,0.8421,3,0.75
gamma_strong__noise_medium__T_80__density_medium__seed_013,controlled,4,1,0,0.9,1.0,0.9474,1,1.0
gamma_strong__noise_medium__T_80__density_medium__seed_014,controlled,5,1,1,0.7273,0.8889,0.8,3,0.6667
gamma_strong__noise_medium__T_80__density_medium__seed_015,controlled,5,3,0,0.8182,1.0,0.9,2,0.8889
gamma_strong__noise_medium__T_80__density_sparse__seed_001,controlled,3,1,0,0.7778,1.0,0.875,2,0.8
gamma_strong__noise_medium__T_80__density_sparse__seed_002,controlled,3,1,0,0.7778,1.0,0.875,2,0.8
gamma_strong__noise_medium__T_80__density_sparse__seed_003,controlled,5,0,0,0.6364,1.0,0.7778,4,0.5714
gamma_strong__noise_medium__T_80__density_sparse__seed_004,controlled,2,1,0,0.875,1.0,0.9333,1,1.0
gamma_strong__noise_medium__T_80__density_sparse__seed_005,controlled,2,1,0,0.875,1.0,0.9333,1,1.0
gamma_strong__noise_medium__T_80__density_sparse__seed_006,controlled,3,0,0,0.7778,1.0,0.875,2,0.8
gamma_strong__noise_medium__T_80__density_sparse__seed_007,controlled,3,1,0,0.7778,1.0,0.875,2,0.8
gamma_strong__noise_medium__T_80__density_sparse__seed_008,controlled,3,1,0,0.7778,1.0,0.875,2,0.8
gamma_strong__noise_medium__T_80__density_sparse__seed_009,controlled,3,1,0,0.7778,1.0,0.875,2,0.8
gamma_strong__noise_medium__T_80__density_sparse__seed_010,controlled,2,0,0,0.875,1.0,0.9333,1,1.0
gamma_strong__noise_medium__T_80__density_sparse__seed_011,controlled,2,1,0,0.875,1.0,0.9333,1,1.0
gamma_strong__noise_medium__T_80__density_sparse__seed_012,controlled,4,0,0,0.7,1.0,0.8235,3,0.6667
gamma_strong__noise_medium__T_80__density_sparse__seed_013,controlled,4,1,0,0.7,1.0,0.8235,3,0.6667
gamma_strong__noise_medium__T_80__density_sparse__seed_014,controlled,3,3,0,0.6667,0.8571,0.75,3,0.4
gamma_strong__noise_medium__T_80__density_sparse__seed_015,controlled,3,2,0,0.7778,1.0,0.875,2,0.8
gamma_weak__noise_high__T_156__density_dense__seed_001,controlled,1,0,1,0.8571,0.5455,0.6667,6,0.2857
gamma_weak__noise_high__T_156__density_dense__seed_002,controlled,3,1,0,0.7778,0.6364,0.7,6,0.4444
gamma_weak__noise_high__T_156__density_dense__seed_003,controlled,2,2,0,0.625,0.4545,0.5263,9,0.0
gamma_weak__noise_high__T_156__density_dense__seed_004,controlled,1,0,0,0.7143,0.4545,0.5556,8,0.0
gamma_weak__noise_high__T_156__density_dense__seed_005,controlled,2,1,0,0.625,0.4545,0.5263,9,0.0
gamma_weak__noise_high__T_156__density_dense__seed_006,controlled,2,0,0,0.75,0.5455,0.6316,7,0.25
gamma_weak__noise_high__T_156__density_dense__seed_007,controlled,5,2,0,0.5455,0.5455,0.5455,9,0.1818
gamma_weak__noise_high__T_156__density_dense__seed_008,controlled,1,1,0,0.7143,0.4545,0.5556,7,0.0
gamma_weak__noise_high__T_156__density_dense__seed_009,controlled,2,0,0,0.75,0.5455,0.6316,7,0.25
gamma_weak__noise_high__T_156__density_dense__seed_010,controlled,2,0,1,0.875,0.6364,0.7368,5,0.5
gamma_weak__noise_high__T_156__density_dense__seed_011,controlled,2,0,0,0.75,0.5455,0.6316,7,0.25
gamma_weak__noise_high__T_156__density_dense__seed_012,controlled,4,1,0,0.6,0.5455,0.5714,8,0.2
gamma_weak__noise_high__T_156__density_dense__seed_013,controlled,2,2,0,0.625,0.4545,0.5263,8,0.0
gamma_weak__noise_high__T_156__density_dense__seed_014,controlled,3,0,0,0.6667,0.5455,0.6,8,0.2222
gamma_weak__noise_high__T_156__density_dense__seed_015,controlled,3,0,1,0.6667,0.5455,0.6,7,0.2222
gamma_weak__noise_high__T_156__density_medium__seed_001,controlled,1,0,0,0.7143,0.5556,0.625,6,0.0
gamma_weak__noise_high__T_156__density_medium__seed_002,controlled,1,1,0,0.7143,0.5556,0.625,6,0.0
gamma_weak__noise_high__T_156__density_medium__seed_003,controlled,2,2,0,0.625,0.5556,0.5882,7,0.0
gamma_weak__noise_high__T_156__density_medium__seed_004,controlled,2,0,0,0.75,0.6667,0.7059,5,0.3333
gamma_weak__noise_high__T_156__density_medium__seed_005,controlled,2,1,0,0.625,0.5556,0.5882,7,0.0
gamma_weak__noise_high__T_156__density_medium__seed_006,controlled,2,0,0,0.75,0.6667,0.7059,5,0.3333
gamma_weak__noise_high__T_156__density_medium__seed_007,controlled,4,2,0,0.5,0.5556,0.5263,9,0.0
gamma_weak__noise_high__T_156__density_medium__seed_008,controlled,2,2,0,0.75,0.6667,0.7059,5,0.3333
gamma_weak__noise_high__T_156__density_medium__seed_009,controlled,2,0,0,0.75,0.6667,0.7059,5,0.3333
gamma_weak__noise_high__T_156__density_medium__seed_010,controlled,2,0,1,0.875,0.7778,0.8235,3,0.6667
gamma_weak__noise_high__T_156__density_medium__seed_011,controlled,1,0,0,0.7143,0.5556,0.625,6,0.0
gamma_weak__noise_high__T_156__density_medium__seed_012,controlled,4,1,0,0.6,0.6667,0.6316,7,0.25
gamma_weak__noise_high__T_156__density_medium__seed_013,controlled,2,2,0,0.625,0.5556,0.5882,7,0.0
gamma_weak__noise_high__T_156__density_medium__seed_014,controlled,3,0,0,0.6667,0.6667,0.6667,6,0.2857
gamma_weak__noise_high__T_156__density_medium__seed_015,controlled,3,1,0,0.5556,0.5556,0.5556,7,0.0
gamma_weak__noise_high__T_156__density_sparse__seed_001,controlled,1,0,0,0.7143,0.7143,0.7143,4,0.0
gamma_weak__noise_high__T_156__density_sparse__seed_002,controlled,2,1,0,0.75,0.8571,0.8,3,0.5
gamma_weak__noise_high__T_156__density_sparse__seed_003,controlled,2,0,0,0.625,0.7143,0.6667,5,0.0
gamma_weak__noise_high__T_156__density_sparse__seed_004,controlled,2,1,0,0.75,0.8571,0.8,3,0.5
gamma_weak__noise_high__T_156__density_sparse__seed_005,controlled,2,2,0,0.625,0.7143,0.6667,5,0.0
gamma_weak__noise_high__T_156__density_sparse__seed_006,controlled,2,0,0,0.625,0.7143,0.6667,5,0.0
gamma_weak__noise_high__T_156__density_sparse__seed_007,controlled,5,2,0,0.4545,0.7143,0.5556,8,0.0
gamma_weak__noise_high__T_156__density_sparse__seed_008,controlled,2,1,0,0.625,0.7143,0.6667,5,0.0
gamma_weak__noise_high__T_156__density_sparse__seed_009,controlled,2,1,0,0.625,0.7143,0.6667,5,0.0
gamma_weak__noise_high__T_156__density_sparse__seed_010,controlled,2,0,1,0.75,0.8571,0.8,3,0.5
gamma_weak__noise_high__T_156__density_sparse__seed_011,controlled,1,0,0,0.7143,0.7143,0.7143,4,0.0
gamma_weak__noise_high__T_156__density_sparse__seed_012,controlled,4,0,0,0.6,0.8571,0.7059,5,0.3333
gamma_weak__noise_high__T_156__density_sparse__seed_013,controlled,2,0,0,0.625,0.7143,0.6667,5,0.0
gamma_weak__noise_high__T_156__density_sparse__seed_014,controlled,3,0,0,0.5556,0.7143,0.625,6,0.0
gamma_weak__noise_high__T_156__density_sparse__seed_015,controlled,3,0,0,0.5556,0.7143,0.625,5,0.0
gamma_weak__noise_high__T_300__density_dense__seed_001,controlled,5,1,0,0.8182,0.8182,0.8182,3,0.7273
gamma_weak__noise_high__T_300__density_dense__seed_002,controlled,5,1,0,0.6364,0.6364,0.6364,8,0.3636
gamma_weak__noise_high__T_300__density_dense__seed_003,controlled,1,2,0,0.8571,0.5455,0.6667,6,0.2857
gamma_weak__noise_high__T_300__density_dense__seed_004,controlled,3,0,0,0.5556,0.4545,0.5,9,0.0
gamma_weak__noise_high__T_300__density_dense__seed_005,controlled,4,1,0,0.7,0.6364,0.6667,7,0.4
gamma_weak__noise_high__T_300__density_dense__seed_006,controlled,2,3,0,0.875,0.6364,0.7368,5,0.5
gamma_weak__noise_high__T_300__density_dense__seed_007,controlled,4,3,0,0.6,0.5455,0.5714,7,0.2
gamma_weak__noise_high__T_300__density_dense__seed_008,controlled,4,2,0,0.6,0.5455,0.5714,9,0.2
gamma_weak__noise_high__T_300__density_dense__seed_009,controlled,3,1,0,0.7778,0.6364,0.7,6,0.4444
gamma_weak__noise_high__T_300__density_dense__seed_010,controlled,1,3,0,0.8571,0.5455,0.6667,6,0.2857
gamma_weak__noise_high__T_300__density_dense__seed_011,controlled,1,0,0,0.7143,0.4545,0.5556,8,0.0
gamma_weak__noise_high__T_300__density_dense__seed_012,controlled,2,2,0,0.75,0.5455,0.6316,7,0.25
gamma_weak__noise_high__T_300__density_dense__seed_013,controlled,2,1,0,0.625,0.4545,0.5263,8,0.0
gamma_weak__noise_high__T_300__density_dense__seed_014,controlled,1,2,0,0.7143,0.4545,0.5556,8,0.0
gamma_weak__noise_high__T_300__density_dense__seed_015,controlled,4,4,0,0.7,0.6364,0.6667,7,0.4
gamma_weak__noise_high__T_300__density_medium__seed_001,controlled,5,1,0,0.7273,0.8889,0.8,4,0.6667
gamma_weak__noise_high__T_300__density_medium__seed_002,controlled,5,2,0,0.6364,0.7778,0.7,6,0.4444
gamma_weak__noise_high__T_300__density_medium__seed_003,controlled,0,2,0,0.8333,0.5556,0.6667,5,0.0
gamma_weak__noise_high__T_300__density_medium__seed_004,controlled,3,0,0,0.5556,0.5556,0.5556,7,0.0
gamma_weak__noise_high__T_300__density_medium__seed_005,controlled,4,1,0,0.6,0.6667,0.6316,7,0.25
gamma_weak__noise_high__T_300__density_medium__seed_006,controlled,2,3,0,0.875,0.7778,0.8235,3,0.6667
gamma_weak__noise_high__T_300__density_medium__seed_007,controlled,3,3,0,0.6667,0.6667,0.6667,5,0.2857
gamma_weak__noise_high__T_300__density_medium__seed_008,controlled,4,1,0,0.6,0.6667,0.6316,7,0.25
gamma_weak__noise_high__T_300__density_medium__seed_009,controlled,3,1,0,0.7778,0.7778,0.7778,4,0.5714
gamma_weak__noise_high__T_300__density_medium__seed_010,controlled,0,3,0,0.8333,0.5556,0.6667,5,0.0
gamma_weak__noise_high__T_300__density_medium__seed_011,controlled,1,1,0,0.7143,0.5556,0.625,6,0.0
gamma_weak__noise_high__T_300__density_medium__seed_012,controlled,2,2,0,0.75,0.6667,0.7059,5,0.3333
gamma_weak__noise_high__T_300__density_medium__seed_013,controlled,2,1,0,0.625,0.5556,0.5882,6,0.0
gamma_weak__noise_high__T_300__density_medium__seed_014,controlled,2,2,0,0.75,0.6667,0.7059,5,0.3333
gamma_weak__noise_high__T_300__density_medium__seed_015,controlled,3,4,0,0.6667,0.6667,0.6667,6,0.2857
gamma_weak__noise_high__T_300__density_sparse__seed_001,controlled,3,1,0,0.7778,1.0,0.875,2,0.8
gamma_weak__noise_high__T_300__density_sparse__seed_002,controlled,4,1,0,0.5,0.7143,0.5882,7,0.0
gamma_weak__noise_high__T_300__density_sparse__seed_003,controlled,0,2,0,0.8333,0.7143,0.7692,3,0.0
gamma_weak__noise_high__T_300__density_sparse__seed_004,controlled,3,0,0,0.5556,0.7143,0.625,5,0.0
gamma_weak__noise_high__T_300__density_sparse__seed_005,controlled,3,1,0,0.6667,0.8571,0.75,4,0.4
gamma_weak__noise_high__T_300__density_sparse__seed_006,controlled,1,3,0,0.8571,0.8571,0.8571,2,0.6667
gamma_weak__noise_high__T_300__density_sparse__seed_007,controlled,3,4,0,0.6667,0.8571,0.75,3,0.4
gamma_weak__noise_high__T_300__density_sparse__seed_008,controlled,4,1,0,0.6,0.8571,0.7059,5,0.3333
gamma_weak__noise_high__T_300__density_sparse__seed_009,controlled,2,1,0,0.625,0.7143,0.6667,5,0.0
gamma_weak__noise_high__T_300__density_sparse__seed_010,controlled,0,3,0,0.8333,0.7143,0.7692,3,0.0
gamma_weak__noise_high__T_300__density_sparse__seed_011,controlled,1,1,0,0.7143,0.7143,0.7143,4,0.0
gamma_weak__noise_high__T_300__density_sparse__seed_012,controlled,2,2,0,0.625,0.7143,0.6667,5,0.0
gamma_weak__noise_high__T_300__density_sparse__seed_013,controlled,2,1,0,0.625,0.7143,0.6667,5,0.0
gamma_weak__noise_high__T_300__density_sparse__seed_014,controlled,1,4,0,0.7143,0.7143,0.7143,4,0.0
gamma_weak__noise_high__T_300__density_sparse__seed_015,controlled,2,4,0,0.625,0.7143,0.6667,5,0.0
gamma_weak__noise_high__T_80__density_dense__seed_001,controlled,5,1,0,0.6364,0.6364,0.6364,8,0.3636
gamma_weak__noise_high__T_80__density_dense__seed_002,controlled,1,0,0,0.8571,0.5455,0.6667,6,0.2857
gamma_weak__noise_high__T_80__density_dense__seed_003,controlled,3,1,0,0.6667,0.5455,0.6,6,0.2222
gamma_weak__noise_high__T_80__density_dense__seed_004,controlled,2,1,0,0.625,0.4545,0.5263,9,0.0
gamma_weak__noise_high__T_80__density_dense__seed_005,controlled,3,0,0,0.7778,0.6364,0.7,6,0.4444
gamma_weak__noise_high__T_80__density_dense__seed_006,controlled,2,0,0,0.625,0.4545,0.5263,8,0.0
gamma_weak__noise_high__T_80__density_dense__seed_007,controlled,2,0,0,0.625,0.4545,0.5263,9,0.0
gamma_weak__noise_high__T_80__density_dense__seed_008,controlled,2,1,0,0.75,0.5455,0.6316,7,0.25
gamma_weak__noise_high__T_80__density_dense__seed_009,controlled,5,0,0,0.5455,0.5455,0.5455,10,0.1818
gamma_weak__noise_high__T_80__density_dense__seed_010,controlled,0,1,0,0.8333,0.4545,0.5882,7,0.0
gamma_weak__noise_high__T_80__density_dense__seed_011,controlled,1,0,0,0.8571,0.5455,0.6667,6,0.2857
gamma_weak__noise_high__T_80__density_dense__seed_012,controlled,4,0,0,0.6,0.5455,0.5714,9,0.2
gamma_weak__noise_high__T_80__density_dense__seed_013,controlled,2,0,0,0.75,0.5455,0.6316,7,0.25
gamma_weak__noise_high__T_80__density_dense__seed_014,controlled,1,0,0,0.7143,0.4545,0.5556,8,0.0
gamma_weak__noise_high__T_80__density_dense__seed_015,controlled,1,0,0,0.8571,0.5455,0.6667,6,0.2857
gamma_weak__noise_high__T_80__density_medium__seed_001,controlled,4,1,0,0.6,0.6667,0.6316,7,0.25
gamma_weak__noise_high__T_80__density_medium__seed_002,controlled,1,1,0,0.8571,0.6667,0.75,4,0.4
gamma_weak__noise_high__T_80__density_medium__seed_003,controlled,3,1,0,0.5556,0.5556,0.5556,6,0.0
gamma_weak__noise_high__T_80__density_medium__seed_004,controlled,2,1,0,0.625,0.5556,0.5882,7,0.0
gamma_weak__noise_high__T_80__density_medium__seed_005,controlled,2,0,0,0.75,0.6667,0.7059,5,0.3333
gamma_weak__noise_high__T_80__density_medium__seed_006,controlled,1,0,0,0.7143,0.5556,0.625,5,0.0
gamma_weak__noise_high__T_80__density_medium__seed_007,controlled,2,0,0,0.625,0.5556,0.5882,7,0.0
gamma_weak__noise_high__T_80__density_medium__seed_008,controlled,2,1,0,0.625,0.5556,0.5882,7,0.0
gamma_weak__noise_high__T_80__density_medium__seed_009,controlled,4,0,0,0.5,0.5556,0.5263,9,0.0
gamma_weak__noise_high__T_80__density_medium__seed_010,controlled,0,1,0,0.8333,0.5556,0.6667,5,0.0
gamma_weak__noise_high__T_80__density_medium__seed_011,controlled,1,0,0,0.8571,0.6667,0.75,4,0.4
gamma_weak__noise_high__T_80__density_medium__seed_012,controlled,4,0,0,0.5,0.5556,0.5263,9,0.0
gamma_weak__noise_high__T_80__density_medium__seed_013,controlled,2,0,0,0.75,0.6667,0.7059,5,0.3333
gamma_weak__noise_high__T_80__density_medium__seed_014,controlled,2,0,0,0.625,0.5556,0.5882,6,0.0
gamma_weak__noise_high__T_80__density_medium__seed_015,controlled,1,0,0,0.8571,0.6667,0.75,4,0.4
gamma_weak__noise_high__T_80__density_sparse__seed_001,controlled,5,1,0,0.5455,0.8571,0.6667,6,0.2857
gamma_weak__noise_high__T_80__density_sparse__seed_002,controlled,1,1,0,0.7143,0.7143,0.7143,4,0.0
gamma_weak__noise_high__T_80__density_sparse__seed_003,controlled,4,1,0,0.6,0.8571,0.7059,5,0.3333
gamma_weak__noise_high__T_80__density_sparse__seed_004,controlled,2,1,0,0.625,0.7143,0.6667,5,0.0
gamma_weak__noise_high__T_80__density_sparse__seed_005,controlled,1,0,0,0.7143,0.7143,0.7143,4,0.0
gamma_weak__noise_high__T_80__density_sparse__seed_006,controlled,2,0,0,0.625,0.7143,0.6667,4,0.0
gamma_weak__noise_high__T_80__density_sparse__seed_007,controlled,2,0,0,0.625,0.7143,0.6667,5,0.0
gamma_weak__noise_high__T_80__density_sparse__seed_008,controlled,3,1,0,0.6667,0.8571,0.75,4,0.4
gamma_weak__noise_high__T_80__density_sparse__seed_009,controlled,5,0,0,0.4545,0.7143,0.5556,7,0.0
gamma_weak__noise_high__T_80__density_sparse__seed_010,controlled,0,1,0,0.8333,0.7143,0.7692,3,0.0
gamma_weak__noise_high__T_80__density_sparse__seed_011,controlled,1,0,0,0.8571,0.8571,0.8571,2,0.6667
gamma_weak__noise_high__T_80__density_sparse__seed_012,controlled,4,0,0,0.5,0.7143,0.5882,7,0.0
gamma_weak__noise_high__T_80__density_sparse__seed_013,controlled,1,0,0,0.7143,0.7143,0.7143,4,0.0
gamma_weak__noise_high__T_80__density_sparse__seed_014,controlled,2,1,0,0.625,0.7143,0.6667,4,0.0
gamma_weak__noise_high__T_80__density_sparse__seed_015,controlled,1,0,0,0.7143,0.7143,0.7143,4,0.0
gamma_weak__noise_low__T_156__density_dense__seed_001,controlled,1,1,1,0.8571,0.5455,0.6667,6,0.2857
gamma_weak__noise_low__T_156__density_dense__seed_002,controlled,3,2,0,0.7778,0.6364,0.7,6,0.4444
gamma_weak__noise_low__T_156__density_dense__seed_003,controlled,2,2,0,0.625,0.4545,0.5263,9,0.0
gamma_weak__noise_low__T_156__density_dense__seed_004,controlled,1,2,0,0.7143,0.4545,0.5556,8,0.0
gamma_weak__noise_low__T_156__density_dense__seed_005,controlled,2,2,0,0.625,0.4545,0.5263,9,0.0
gamma_weak__noise_low__T_156__density_dense__seed_006,controlled,2,1,0,0.75,0.5455,0.6316,7,0.25
gamma_weak__noise_low__T_156__density_dense__seed_007,controlled,5,1,0,0.5455,0.5455,0.5455,9,0.1818
gamma_weak__noise_low__T_156__density_dense__seed_008,controlled,1,0,0,0.7143,0.4545,0.5556,7,0.0
gamma_weak__noise_low__T_156__density_dense__seed_009,controlled,2,1,0,0.75,0.5455,0.6316,7,0.25
gamma_weak__noise_low__T_156__density_dense__seed_010,controlled,2,0,0,0.875,0.6364,0.7368,5,0.5
gamma_weak__noise_low__T_156__density_dense__seed_011,controlled,1,0,0,0.7143,0.4545,0.5556,8,0.0
gamma_weak__noise_low__T_156__density_dense__seed_012,controlled,4,1,0,0.6,0.5455,0.5714,8,0.2
gamma_weak__noise_low__T_156__density_dense__seed_013,controlled,2,1,0,0.625,0.4545,0.5263,8,0.0
gamma_weak__noise_low__T_156__density_dense__seed_014,controlled,3,0,0,0.6667,0.5455,0.6,8,0.2222
gamma_weak__noise_low__T_156__density_dense__seed_015,controlled,3,0,1,0.6667,0.5455,0.6,7,0.2222
gamma_weak__noise_low__T_156__density_medium__seed_001,controlled,1,1,0,0.7143,0.5556,0.625,6,0.0
gamma_weak__noise_low__T_156__density_medium__seed_002,controlled,1,2,0,0.7143,0.5556,0.625,6,0.0
gamma_weak__noise_low__T_156__density_medium__seed_003,controlled,2,2,0,0.625,0.5556,0.5882,7,0.0
gamma_weak__noise_low__T_156__density_medium__seed_004,controlled,2,2,0,0.75,0.6667,0.7059,5,0.3333
gamma_weak__noise_low__T_156__density_medium__seed_005,controlled,2,3,0,0.625,0.5556,0.5882,7,0.0
gamma_weak__noise_low__T_156__density_medium__seed_006,controlled,2,1,0,0.75,0.6667,0.7059,5,0.3333
gamma_weak__noise_low__T_156__density_medium__seed_007,controlled,4,1,0,0.5,0.5556,0.5263,9,0.0
gamma_weak__noise_low__T_156__density_medium__seed_008,controlled,2,0,0,0.75,0.6667,0.7059,5,0.3333
gamma_weak__noise_low__T_156__density_medium__seed_009,controlled,2,1,0,0.75,0.6667,0.7059,5,0.3333
gamma_weak__noise_low__T_156__density_medium__seed_010,controlled,2,0,0,0.875,0.7778,0.8235,3,0.6667
gamma_weak__noise_low__T_156__density_medium__seed_011,controlled,1,0,0,0.7143,0.5556,0.625,6,0.0
gamma_weak__noise_low__T_156__density_medium__seed_012,controlled,4,1,0,0.6,0.6667,0.6316,7,0.25
gamma_weak__noise_low__T_156__density_medium__seed_013,controlled,2,1,0,0.625,0.5556,0.5882,7,0.0
gamma_weak__noise_low__T_156__density_medium__seed_014,controlled,3,0,0,0.6667,0.6667,0.6667,6,0.2857
gamma_weak__noise_low__T_156__density_medium__seed_015,controlled,3,0,0,0.5556,0.5556,0.5556,7,0.0
gamma_weak__noise_low__T_156__density_sparse__seed_001,controlled,1,1,0,0.7143,0.7143,0.7143,4,0.0
gamma_weak__noise_low__T_156__density_sparse__seed_002,controlled,2,2,0,0.75,0.8571,0.8,3,0.5
gamma_weak__noise_low__T_156__density_sparse__seed_003,controlled,2,1,0,0.625,0.7143,0.6667,5,0.0
gamma_weak__noise_low__T_156__density_sparse__seed_004,controlled,2,2,0,0.75,0.8571,0.8,3,0.5
gamma_weak__noise_low__T_156__density_sparse__seed_005,controlled,2,2,0,0.625,0.7143,0.6667,5,0.0
gamma_weak__noise_low__T_156__density_sparse__seed_006,controlled,2,1,0,0.625,0.7143,0.6667,5,0.0
gamma_weak__noise_low__T_156__density_sparse__seed_007,controlled,5,1,0,0.4545,0.7143,0.5556,8,0.0
gamma_weak__noise_low__T_156__density_sparse__seed_008,controlled,2,1,0,0.625,0.7143,0.6667,5,0.0
gamma_weak__noise_low__T_156__density_sparse__seed_009,controlled,2,1,0,0.625,0.7143,0.6667,5,0.0
gamma_weak__noise_low__T_156__density_sparse__seed_010,controlled,2,0,0,0.75,0.8571,0.8,3,0.5
gamma_weak__noise_low__T_156__density_sparse__seed_011,controlled,1,0,0,0.7143,0.7143,0.7143,4,0.0
gamma_weak__noise_low__T_156__density_sparse__seed_012,controlled,4,0,0,0.6,0.8571,0.7059,5,0.3333
gamma_weak__noise_low__T_156__density_sparse__seed_013,controlled,2,1,0,0.625,0.7143,0.6667,5,0.0
gamma_weak__noise_low__T_156__density_sparse__seed_014,controlled,3,0,0,0.5556,0.7143,0.625,6,0.0
gamma_weak__noise_low__T_156__density_sparse__seed_015,controlled,3,0,0,0.5556,0.7143,0.625,5,0.0
gamma_weak__noise_low__T_300__density_dense__seed_001,controlled,5,1,0,0.8182,0.8182,0.8182,3,0.7273
gamma_weak__noise_low__T_300__density_dense__seed_002,controlled,2,0,0,0.75,0.5455,0.6316,7,0.25
gamma_weak__noise_low__T_300__density_dense__seed_003,controlled,1,3,0,0.8571,0.5455,0.6667,6,0.2857
gamma_weak__noise_low__T_300__density_dense__seed_004,controlled,3,1,0,0.5556,0.4545,0.5,9,0.0
gamma_weak__noise_low__T_300__density_dense__seed_005,controlled,4,0,0,0.7,0.6364,0.6667,7,0.4
gamma_weak__noise_low__T_300__density_dense__seed_006,controlled,2,3,0,0.875,0.6364,0.7368,5,0.5
gamma_weak__noise_low__T_300__density_dense__seed_007,controlled,3,4,0,0.6667,0.5455,0.6,7,0.2222
gamma_weak__noise_low__T_300__density_dense__seed_008,controlled,4,2,0,0.6,0.5455,0.5714,9,0.2
gamma_weak__noise_low__T_300__density_dense__seed_009,controlled,2,1,0,0.75,0.5455,0.6316,7,0.25
gamma_weak__noise_low__T_300__density_dense__seed_010,controlled,0,3,0,0.8333,0.4545,0.5882,7,0.0
gamma_weak__noise_low__T_300__density_dense__seed_011,controlled,1,0,0,0.7143,0.4545,0.5556,8,0.0
gamma_weak__noise_low__T_300__density_dense__seed_012,controlled,2,3,0,0.75,0.5455,0.6316,7,0.25
gamma_weak__noise_low__T_300__density_dense__seed_013,controlled,2,2,0,0.625,0.4545,0.5263,8,0.0
gamma_weak__noise_low__T_300__density_dense__seed_014,controlled,2,2,0,0.625,0.4545,0.5263,8,0.0
gamma_weak__noise_low__T_300__density_dense__seed_015,controlled,4,5,0,0.7,0.6364,0.6667,7,0.4
gamma_weak__noise_low__T_300__density_medium__seed_001,controlled,4,1,0,0.8,0.8889,0.8421,3,0.75
gamma_weak__noise_low__T_300__density_medium__seed_002,controlled,2,0,0,0.75,0.6667,0.7059,5,0.3333
gamma_weak__noise_low__T_300__density_medium__seed_003,controlled,0,3,0,0.8333,0.5556,0.6667,5,0.0
gamma_weak__noise_low__T_300__density_medium__seed_004,controlled,3,1,0,0.5556,0.5556,0.5556,7,0.0
gamma_weak__noise_low__T_300__density_medium__seed_005,controlled,3,0,0,0.6667,0.6667,0.6667,6,0.2857
gamma_weak__noise_low__T_300__density_medium__seed_006,controlled,2,3,0,0.875,0.7778,0.8235,3,0.6667
gamma_weak__noise_low__T_300__density_medium__seed_007,controlled,3,4,0,0.6667,0.6667,0.6667,5,0.2857
gamma_weak__noise_low__T_300__density_medium__seed_008,controlled,4,2,0,0.6,0.6667,0.6316,7,0.25
gamma_weak__noise_low__T_300__density_medium__seed_009,controlled,2,1,0,0.75,0.6667,0.7059,5,0.3333
gamma_weak__noise_low__T_300__density_medium__seed_010,controlled,0,3,0,0.8333,0.5556,0.6667,5,0.0
gamma_weak__noise_low__T_300__density_medium__seed_011,controlled,1,1,0,0.7143,0.5556,0.625,6,0.0
gamma_weak__noise_low__T_300__density_medium__seed_012,controlled,2,3,0,0.75,0.6667,0.7059,5,0.3333
gamma_weak__noise_low__T_300__density_medium__seed_013,controlled,2,2,0,0.625,0.5556,0.5882,6,0.0
gamma_weak__noise_low__T_300__density_medium__seed_014,controlled,2,3,0,0.625,0.5556,0.5882,6,0.0
gamma_weak__noise_low__T_300__density_medium__seed_015,controlled,3,5,0,0.6667,0.6667,0.6667,6,0.2857
gamma_weak__noise_low__T_300__density_sparse__seed_001,controlled,3,1,0,0.7778,1.0,0.875,2,0.8
gamma_weak__noise_low__T_300__density_sparse__seed_002,controlled,1,0,0,0.7143,0.7143,0.7143,4,0.0
gamma_weak__noise_low__T_300__density_sparse__seed_003,controlled,0,3,0,0.8333,0.7143,0.7692,3,0.0
gamma_weak__noise_low__T_300__density_sparse__seed_004,controlled,3,1,0,0.5556,0.7143,0.625,5,0.0
gamma_weak__noise_low__T_300__density_sparse__seed_005,controlled,3,1,0,0.6667,0.8571,0.75,4,0.4
gamma_weak__noise_low__T_300__density_sparse__seed_006,controlled,1,3,0,0.8571,0.8571,0.8571,2,0.6667
gamma_weak__noise_low__T_300__density_sparse__seed_007,controlled,3,3,0,0.6667,0.8571,0.75,3,0.4
gamma_weak__noise_low__T_300__density_sparse__seed_008,controlled,4,2,0,0.6,0.8571,0.7059,5,0.3333
gamma_weak__noise_low__T_300__density_sparse__seed_009,controlled,2,1,0,0.625,0.7143,0.6667,5,0.0
gamma_weak__noise_low__T_300__density_sparse__seed_010,controlled,0,3,0,0.8333,0.7143,0.7692,3,0.0
gamma_weak__noise_low__T_300__density_sparse__seed_011,controlled,1,0,0,0.7143,0.7143,0.7143,4,0.0
gamma_weak__noise_low__T_300__density_sparse__seed_012,controlled,1,3,0,0.7143,0.7143,0.7143,4,0.0
gamma_weak__noise_low__T_300__density_sparse__seed_013,controlled,2,3,0,0.625,0.7143,0.6667,5,0.0
gamma_weak__noise_low__T_300__density_sparse__seed_014,controlled,1,4,0,0.7143,0.7143,0.7143,4,0.0
gamma_weak__noise_low__T_300__density_sparse__seed_015,controlled,2,5,0,0.625,0.7143,0.6667,5,0.0
gamma_weak__noise_low__T_80__density_dense__seed_001,controlled,4,0,0,0.6,0.5455,0.5714,9,0.2
gamma_weak__noise_low__T_80__density_dense__seed_002,controlled,1,1,0,0.8571,0.5455,0.6667,6,0.2857
gamma_weak__noise_low__T_80__density_dense__seed_003,controlled,3,0,0,0.6667,0.5455,0.6,6,0.2222
gamma_weak__noise_low__T_80__density_dense__seed_004,controlled,2,1,0,0.625,0.4545,0.5263,9,0.0
gamma_weak__noise_low__T_80__density_dense__seed_005,controlled,2,0,0,0.75,0.5455,0.6316,7,0.25
gamma_weak__noise_low__T_80__density_dense__seed_006,controlled,2,0,0,0.625,0.4545,0.5263,8,0.0
gamma_weak__noise_low__T_80__density_dense__seed_007,controlled,2,1,0,0.625,0.4545,0.5263,9,0.0
gamma_weak__noise_low__T_80__density_dense__seed_008,controlled,2,1,0,0.75,0.5455,0.6316,7,0.25
gamma_weak__noise_low__T_80__density_dense__seed_009,controlled,5,0,0,0.5455,0.5455,0.5455,10,0.1818
gamma_weak__noise_low__T_80__density_dense__seed_010,controlled,0,0,0,0.8333,0.4545,0.5882,7,0.0
gamma_weak__noise_low__T_80__density_dense__seed_011,controlled,1,0,0,0.8571,0.5455,0.6667,6,0.2857
gamma_weak__noise_low__T_80__density_dense__seed_012,controlled,4,1,0,0.6,0.5455,0.5714,9,0.2
gamma_weak__noise_low__T_80__density_dense__seed_013,controlled,2,1,0,0.75,0.5455,0.6316,7,0.25
gamma_weak__noise_low__T_80__density_dense__seed_014,controlled,1,1,0,0.7143,0.4545,0.5556,8,0.0
gamma_weak__noise_low__T_80__density_dense__seed_015,controlled,1,0,0,0.8571,0.5455,0.6667,6,0.2857
gamma_weak__noise_low__T_80__density_medium__seed_001,controlled,5,0,0,0.5455,0.6667,0.6,8,0.2222
gamma_weak__noise_low__T_80__density_medium__seed_002,controlled,1,1,0,0.8571,0.6667,0.75,4,0.4
gamma_weak__noise_low__T_80__density_medium__seed_003,controlled,3,0,0,0.5556,0.5556,0.5556,6,0.0
gamma_weak__noise_low__T_80__density_medium__seed_004,controlled,2,1,0,0.625,0.5556,0.5882,7,0.0
gamma_weak__noise_low__T_80__density_medium__seed_005,controlled,2,0,0,0.75,0.6667,0.7059,5,0.3333
gamma_weak__noise_low__T_80__density_medium__seed_006,controlled,1,0,0,0.7143,0.5556,0.625,5,0.0
gamma_weak__noise_low__T_80__density_medium__seed_007,controlled,2,0,0,0.625,0.5556,0.5882,7,0.0
gamma_weak__noise_low__T_80__density_medium__seed_008,controlled,2,1,0,0.625,0.5556,0.5882,7,0.0
gamma_weak__noise_low__T_80__density_medium__seed_009,controlled,4,0,0,0.5,0.5556,0.5263,9,0.0
gamma_weak__noise_low__T_80__density_medium__seed_010,controlled,0,0,0,0.8333,0.5556,0.6667,5,0.0
gamma_weak__noise_low__T_80__density_medium__seed_011,controlled,1,0,0,0.8571,0.6667,0.75,4,0.4
gamma_weak__noise_low__T_80__density_medium__seed_012,controlled,4,0,0,0.5,0.5556,0.5263,9,0.0
gamma_weak__noise_low__T_80__density_medium__seed_013,controlled,2,1,0,0.75,0.6667,0.7059,5,0.3333
gamma_weak__noise_low__T_80__density_medium__seed_014,controlled,2,1,0,0.625,0.5556,0.5882,6,0.0
gamma_weak__noise_low__T_80__density_medium__seed_015,controlled,1,0,0,0.8571,0.6667,0.75,4,0.4
gamma_weak__noise_low__T_80__density_sparse__seed_001,controlled,5,0,0,0.5455,0.8571,0.6667,6,0.2857
gamma_weak__noise_low__T_80__density_sparse__seed_002,controlled,1,1,0,0.7143,0.7143,0.7143,4,0.0
gamma_weak__noise_low__T_80__density_sparse__seed_003,controlled,3,0,0,0.5556,0.7143,0.625,6,0.0
gamma_weak__noise_low__T_80__density_sparse__seed_004,controlled,2,1,0,0.625,0.7143,0.6667,5,0.0
gamma_weak__noise_low__T_80__density_sparse__seed_005,controlled,1,0,0,0.7143,0.7143,0.7143,4,0.0
gamma_weak__noise_low__T_80__density_sparse__seed_006,controlled,2,0,0,0.625,0.7143,0.6667,4,0.0
gamma_weak__noise_low__T_80__density_sparse__seed_007,controlled,2,1,0,0.625,0.7143,0.6667,5,0.0
gamma_weak__noise_low__T_80__density_sparse__seed_008,controlled,3,1,0,0.6667,0.8571,0.75,4,0.4
gamma_weak__noise_low__T_80__density_sparse__seed_009,controlled,5,0,0,0.4545,0.7143,0.5556,7,0.0
gamma_weak__noise_low__T_80__density_sparse__seed_010,controlled,0,0,0,0.8333,0.7143,0.7692,3,0.0
gamma_weak__noise_low__T_80__density_sparse__seed_011,controlled,1,0,0,0.8571,0.8571,0.8571,2,0.6667
gamma_weak__noise_low__T_80__density_sparse__seed_012,controlled,4,0,0,0.5,0.7143,0.5882,7,0.0
gamma_weak__noise_low__T_80__density_sparse__seed_013,controlled,1,0,0,0.7143,0.7143,0.7143,4,0.0
gamma_weak__noise_low__T_80__density_sparse__seed_014,controlled,2,2,0,0.625,0.7143,0.6667,4,0.0
gamma_weak__noise_low__T_80__density_sparse__seed_015,controlled,1,0,0,0.7143,0.7143,0.7143,4,0.0
gamma_weak__noise_medium__T_156__density_dense__seed_001,controlled,1,0,1,0.8571,0.5455,0.6667,6,0.2857
gamma_weak__noise_medium__T_156__density_dense__seed_002,controlled,3,2,0,0.7778,0.6364,0.7,6,0.4444
gamma_weak__noise_medium__T_156__density_dense__seed_003,controlled,2,2,0,0.625,0.4545,0.5263,9,0.0
gamma_weak__noise_medium__T_156__density_dense__seed_004,controlled,1,1,0,0.7143,0.4545,0.5556,8,0.0
gamma_weak__noise_medium__T_156__density_dense__seed_005,controlled,2,2,0,0.625,0.4545,0.5263,9,0.0
gamma_weak__noise_medium__T_156__density_dense__seed_006,controlled,2,0,0,0.75,0.5455,0.6316,7,0.25
gamma_weak__noise_medium__T_156__density_dense__seed_007,controlled,5,2,0,0.5455,0.5455,0.5455,9,0.1818
gamma_weak__noise_medium__T_156__density_dense__seed_008,controlled,1,0,0,0.7143,0.4545,0.5556,7,0.0
gamma_weak__noise_medium__T_156__density_dense__seed_009,controlled,2,2,0,0.75,0.5455,0.6316,7,0.25
gamma_weak__noise_medium__T_156__density_dense__seed_010,controlled,2,0,0,0.875,0.6364,0.7368,5,0.5
gamma_weak__noise_medium__T_156__density_dense__seed_011,controlled,0,0,0,0.8333,0.4545,0.5882,7,0.0
gamma_weak__noise_medium__T_156__density_dense__seed_012,controlled,4,1,0,0.6,0.5455,0.5714,8,0.2
gamma_weak__noise_medium__T_156__density_dense__seed_013,controlled,2,0,0,0.625,0.4545,0.5263,8,0.0
gamma_weak__noise_medium__T_156__density_dense__seed_014,controlled,3,0,0,0.6667,0.5455,0.6,8,0.2222
gamma_weak__noise_medium__T_156__density_dense__seed_015,controlled,3,0,1,0.6667,0.5455,0.6,7,0.2222
gamma_weak__noise_medium__T_156__density_medium__seed_001,controlled,1,0,0,0.7143,0.5556,0.625,6,0.0
gamma_weak__noise_medium__T_156__density_medium__seed_002,controlled,1,2,0,0.7143,0.5556,0.625,6,0.0
gamma_weak__noise_medium__T_156__density_medium__seed_003,controlled,2,2,0,0.625,0.5556,0.5882,7,0.0
gamma_weak__noise_medium__T_156__density_medium__seed_004,controlled,2,2,0,0.75,0.6667,0.7059,5,0.3333
gamma_weak__noise_medium__T_156__density_medium__seed_005,controlled,2,2,0,0.625,0.5556,0.5882,7,0.0
gamma_weak__noise_medium__T_156__density_medium__seed_006,controlled,2,0,0,0.75,0.6667,0.7059,5,0.3333
gamma_weak__noise_medium__T_156__density_medium__seed_007,controlled,4,2,0,0.5,0.5556,0.5263,9,0.0
gamma_weak__noise_medium__T_156__density_medium__seed_008,controlled,2,2,0,0.75,0.6667,0.7059,5,0.3333
gamma_weak__noise_medium__T_156__density_medium__seed_009,controlled,2,0,0,0.75,0.6667,0.7059,5,0.3333
gamma_weak__noise_medium__T_156__density_medium__seed_010,controlled,2,0,0,0.875,0.7778,0.8235,3,0.6667
gamma_weak__noise_medium__T_156__density_medium__seed_011,controlled,1,0,0,0.7143,0.5556,0.625,6,0.0
gamma_weak__noise_medium__T_156__density_medium__seed_012,controlled,4,1,0,0.6,0.6667,0.6316,7,0.25
gamma_weak__noise_medium__T_156__density_medium__seed_013,controlled,2,1,0,0.625,0.5556,0.5882,7,0.0
gamma_weak__noise_medium__T_156__density_medium__seed_014,controlled,3,0,0,0.6667,0.6667,0.6667,6,0.2857
gamma_weak__noise_medium__T_156__density_medium__seed_015,controlled,3,0,0,0.5556,0.5556,0.5556,7,0.0
gamma_weak__noise_medium__T_156__density_sparse__seed_001,controlled,1,0,0,0.7143,0.7143,0.7143,4,0.0
gamma_weak__noise_medium__T_156__density_sparse__seed_002,controlled,2,2,0,0.75,0.8571,0.8,3,0.5
gamma_weak__noise_medium__T_156__density_sparse__seed_003,controlled,2,0,0,0.625,0.7143,0.6667,5,0.0
gamma_weak__noise_medium__T_156__density_sparse__seed_004,controlled,2,2,0,0.75,0.8571,0.8,3,0.5
gamma_weak__noise_medium__T_156__density_sparse__seed_005,controlled,2,2,0,0.625,0.7143,0.6667,5,0.0
gamma_weak__noise_medium__T_156__density_sparse__seed_006,controlled,2,0,0,0.625,0.7143,0.6667,5,0.0
gamma_weak__noise_medium__T_156__density_sparse__seed_007,controlled,5,2,0,0.4545,0.7143,0.5556,8,0.0
gamma_weak__noise_medium__T_156__density_sparse__seed_008,controlled,2,0,0,0.625,0.7143,0.6667,5,0.0
gamma_weak__noise_medium__T_156__density_sparse__seed_009,controlled,2,0,0,0.625,0.7143,0.6667,5,0.0
gamma_weak__noise_medium__T_156__density_sparse__seed_010,controlled,2,0,0,0.75,0.8571,0.8,3,0.5
gamma_weak__noise_medium__T_156__density_sparse__seed_011,controlled,1,0,0,0.7143,0.7143,0.7143,4,0.0
gamma_weak__noise_medium__T_156__density_sparse__seed_012,controlled,4,0,0,0.6,0.8571,0.7059,5,0.3333
gamma_weak__noise_medium__T_156__density_sparse__seed_013,controlled,2,1,0,0.625,0.7143,0.6667,5,0.0
gamma_weak__noise_medium__T_156__density_sparse__seed_014,controlled,3,0,0,0.5556,0.7143,0.625,6,0.0
gamma_weak__noise_medium__T_156__density_sparse__seed_015,controlled,3,0,0,0.5556,0.7143,0.625,5,0.0
gamma_weak__noise_medium__T_300__density_dense__seed_001,controlled,5,1,0,0.8182,0.8182,0.8182,3,0.7273
gamma_weak__noise_medium__T_300__density_dense__seed_002,controlled,2,0,0,0.75,0.5455,0.6316,7,0.25
gamma_weak__noise_medium__T_300__density_dense__seed_003,controlled,1,2,0,0.8571,0.5455,0.6667,6,0.2857
gamma_weak__noise_medium__T_300__density_dense__seed_004,controlled,3,1,0,0.5556,0.4545,0.5,9,0.0
gamma_weak__noise_medium__T_300__density_dense__seed_005,controlled,4,1,0,0.7,0.6364,0.6667,7,0.4
gamma_weak__noise_medium__T_300__density_dense__seed_006,controlled,2,3,0,0.875,0.6364,0.7368,5,0.5
gamma_weak__noise_medium__T_300__density_dense__seed_007,controlled,3,2,0,0.6667,0.5455,0.6,7,0.2222
gamma_weak__noise_medium__T_300__density_dense__seed_008,controlled,4,1,0,0.6,0.5455,0.5714,9,0.2
gamma_weak__noise_medium__T_300__density_dense__seed_009,controlled,2,0,0,0.75,0.5455,0.6316,7,0.25
gamma_weak__noise_medium__T_300__density_dense__seed_010,controlled,0,3,0,0.8333,0.4545,0.5882,7,0.0
gamma_weak__noise_medium__T_300__density_dense__seed_011,controlled,1,0,0,0.7143,0.4545,0.5556,8,0.0
gamma_weak__noise_medium__T_300__density_dense__seed_012,controlled,2,3,0,0.75,0.5455,0.6316,7,0.25
gamma_weak__noise_medium__T_300__density_dense__seed_013,controlled,2,1,0,0.625,0.4545,0.5263,8,0.0
gamma_weak__noise_medium__T_300__density_dense__seed_014,controlled,2,5,0,0.625,0.4545,0.5263,8,0.0
gamma_weak__noise_medium__T_300__density_dense__seed_015,controlled,4,4,0,0.7,0.6364,0.6667,7,0.4
gamma_weak__noise_medium__T_300__density_medium__seed_001,controlled,4,1,0,0.8,0.8889,0.8421,3,0.75
gamma_weak__noise_medium__T_300__density_medium__seed_002,controlled,2,0,0,0.75,0.6667,0.7059,5,0.3333
gamma_weak__noise_medium__T_300__density_medium__seed_003,controlled,0,2,0,0.8333,0.5556,0.6667,5,0.0
gamma_weak__noise_medium__T_300__density_medium__seed_004,controlled,3,1,0,0.5556,0.5556,0.5556,7,0.0
gamma_weak__noise_medium__T_300__density_medium__seed_005,controlled,4,1,0,0.6,0.6667,0.6316,7,0.25
gamma_weak__noise_medium__T_300__density_medium__seed_006,controlled,2,3,0,0.875,0.7778,0.8235,3,0.6667
gamma_weak__noise_medium__T_300__density_medium__seed_007,controlled,3,2,0,0.6667,0.6667,0.6667,5,0.2857
gamma_weak__noise_medium__T_300__density_medium__seed_008,controlled,4,1,0,0.6,0.6667,0.6316,7,0.25
gamma_weak__noise_medium__T_300__density_medium__seed_009,controlled,3,1,0,0.7778,0.7778,0.7778,4,0.5714
gamma_weak__noise_medium__T_300__density_medium__seed_010,controlled,0,3,0,0.8333,0.5556,0.6667,5,0.0
gamma_weak__noise_medium__T_300__density_medium__seed_011,controlled,1,1,0,0.7143,0.5556,0.625,6,0.0
gamma_weak__noise_medium__T_300__density_medium__seed_012,controlled,2,3,0,0.75,0.6667,0.7059,5,0.3333
gamma_weak__noise_medium__T_300__density_medium__seed_013,controlled,2,1,0,0.625,0.5556,0.5882,6,0.0
gamma_weak__noise_medium__T_300__density_medium__seed_014,controlled,3,4,0,0.6667,0.6667,0.6667,5,0.2857
gamma_weak__noise_medium__T_300__density_medium__seed_015,controlled,3,4,0,0.6667,0.6667,0.6667,6,0.2857
gamma_weak__noise_medium__T_300__density_sparse__seed_001,controlled,3,1,0,0.7778,1.0,0.875,2,0.8
gamma_weak__noise_medium__T_300__density_sparse__seed_002,controlled,3,0,0,0.5556,0.7143,0.625,6,0.0
gamma_weak__noise_medium__T_300__density_sparse__seed_003,controlled,0,3,0,0.8333,0.7143,0.7692,3,0.0
gamma_weak__noise_medium__T_300__density_sparse__seed_004,controlled,3,1,0,0.5556,0.7143,0.625,5,0.0
gamma_weak__noise_medium__T_300__density_sparse__seed_005,controlled,3,1,0,0.6667,0.8571,0.75,4,0.4
gamma_weak__noise_medium__T_300__density_sparse__seed_006,controlled,1,3,0,0.8571,0.8571,0.8571,2,0.6667
gamma_weak__noise_medium__T_300__density_sparse__seed_007,controlled,3,4,0,0.6667,0.8571,0.75,3,0.4
gamma_weak__noise_medium__T_300__density_sparse__seed_008,controlled,4,1,0,0.6,0.8571,0.7059,5,0.3333
gamma_weak__noise_medium__T_300__density_sparse__seed_009,controlled,2,1,0,0.625,0.7143,0.6667,5,0.0
gamma_weak__noise_medium__T_300__density_sparse__seed_010,controlled,0,3,0,0.8333,0.7143,0.7692,3,0.0
gamma_weak__noise_medium__T_300__density_sparse__seed_011,controlled,1,0,0,0.7143,0.7143,0.7143,4,0.0
gamma_weak__noise_medium__T_300__density_sparse__seed_012,controlled,1,3,0,0.7143,0.7143,0.7143,4,0.0
gamma_weak__noise_medium__T_300__density_sparse__seed_013,controlled,2,1,0,0.625,0.7143,0.6667,5,0.0
gamma_weak__noise_medium__T_300__density_sparse__seed_014,controlled,1,4,0,0.7143,0.7143,0.7143,4,0.0
gamma_weak__noise_medium__T_300__density_sparse__seed_015,controlled,2,4,0,0.625,0.7143,0.6667,5,0.0
gamma_weak__noise_medium__T_80__density_dense__seed_001,controlled,4,0,0,0.6,0.5455,0.5714,9,0.2
gamma_weak__noise_medium__T_80__density_dense__seed_002,controlled,1,1,0,0.8571,0.5455,0.6667,6,0.2857
gamma_weak__noise_medium__T_80__density_dense__seed_003,controlled,3,0,0,0.6667,0.5455,0.6,6,0.2222
gamma_weak__noise_medium__T_80__density_dense__seed_004,controlled,2,1,0,0.625,0.4545,0.5263,9,0.0
gamma_weak__noise_medium__T_80__density_dense__seed_005,controlled,2,0,0,0.75,0.5455,0.6316,7,0.25
gamma_weak__noise_medium__T_80__density_dense__seed_006,controlled,2,0,0,0.625,0.4545,0.5263,8,0.0
gamma_weak__noise_medium__T_80__density_dense__seed_007,controlled,2,0,0,0.625,0.4545,0.5263,9,0.0
gamma_weak__noise_medium__T_80__density_dense__seed_008,controlled,2,1,0,0.75,0.5455,0.6316,7,0.25
gamma_weak__noise_medium__T_80__density_dense__seed_009,controlled,5,0,0,0.5455,0.5455,0.5455,10,0.1818
gamma_weak__noise_medium__T_80__density_dense__seed_010,controlled,0,1,0,0.8333,0.4545,0.5882,7,0.0
gamma_weak__noise_medium__T_80__density_dense__seed_011,controlled,1,0,0,0.8571,0.5455,0.6667,6,0.2857
gamma_weak__noise_medium__T_80__density_dense__seed_012,controlled,4,0,0,0.6,0.5455,0.5714,9,0.2
gamma_weak__noise_medium__T_80__density_dense__seed_014,controlled,2,2,0,0.75,0.5455,0.6316,7,0.25
gamma_weak__noise_medium__T_80__density_dense__seed_015,controlled,2,2,0,0.875,0.6364,0.7368,5,0.5
gamma_weak__noise_medium__T_80__density_medium__seed_001,controlled,3,1,0,0.8889,0.8889,0.8889,2,0.8571
gamma_weak__noise_medium__T_80__density_medium__seed_002,controlled,2,1,0,0.75,0.6667,0.7059,5,0.3333
gamma_weak__noise_medium__T_80__density_medium__seed_003,controlled,4,0,0,0.5,0.5556,0.5263,8,0.0
gamma_weak__noise_medium__T_80__density_medium__seed_004,controlled,0,1,0,0.8333,0.5556,0.6667,5,0.0
gamma_weak__noise_medium__T_80__density_medium__seed_005,controlled,1,0,0,0.7143,0.5556,0.625,5,0.0
gamma_weak__noise_medium__T_80__density_medium__seed_006,controlled,2,0,1,0.625,0.5556,0.5882,6,0.0
gamma_weak__noise_medium__T_80__density_medium__seed_007,controlled,1,1,0,0.8571,0.6667,0.75,4,0.4
gamma_weak__noise_medium__T_80__density_medium__seed_008,controlled,3,1,0,0.7778,0.7778,0.7778,4,0.5714
gamma_weak__noise_medium__T_80__density_medium__seed_009,controlled,3,0,0,0.5556,0.5556,0.5556,7,0.0
gamma_weak__noise_medium__T_80__density_medium__seed_010,controlled,1,1,0,0.8571,0.6667,0.75,4,0.4
gamma_weak__noise_medium__T_80__density_medium__seed_011,controlled,0,0,0,0.8333,0.5556,0.6667,5,0.0
gamma_weak__noise_medium__T_80__density_medium__seed_012,controlled,3,0,0,0.5556,0.5556,0.5556,8,0.0
gamma_weak__noise_medium__T_80__density_medium__seed_013,controlled,1,1,0,0.7143,0.5556,0.625,6,0.0
gamma_weak__noise_medium__T_80__density_medium__seed_014,controlled,1,2,0,0.7143,0.5556,0.625,6,0.0
gamma_weak__noise_medium__T_80__density_medium__seed_015,controlled,2,3,0,0.75,0.6667,0.7059,5,0.3333
gamma_weak__noise_medium__T_80__density_sparse__seed_001,controlled,3,1,0,0.7778,1.0,0.875,2,0.8
gamma_weak__noise_medium__T_80__density_sparse__seed_002,controlled,2,1,0,0.625,0.7143,0.6667,5,0.0
gamma_weak__noise_medium__T_80__density_sparse__seed_003,controlled,4,0,1,0.5,0.7143,0.5882,7,0.0
gamma_weak__noise_medium__T_80__density_sparse__seed_004,controlled,0,1,0,0.8333,0.7143,0.7692,3,0.0
gamma_weak__noise_medium__T_80__density_sparse__seed_005,controlled,1,1,0,0.8571,0.8571,0.8571,2,0.6667
gamma_weak__noise_medium__T_80__density_sparse__seed_006,controlled,2,0,1,0.625,0.7143,0.6667,4,0.0
gamma_weak__noise_medium__T_80__density_sparse__seed_007,controlled,2,1,0,0.75,0.8571,0.8,3,0.5
gamma_weak__noise_medium__T_80__density_sparse__seed_008,controlled,2,1,0,0.75,0.8571,0.8,3,0.5
gamma_weak__noise_medium__T_80__density_sparse__seed_009,controlled,3,0,0,0.5556,0.7143,0.625,6,0.0
gamma_weak__noise_medium__T_80__density_sparse__seed_010,controlled,1,1,0,0.8571,0.8571,0.8571,2,0.6667
gamma_weak__noise_medium__T_80__density_sparse__seed_011,controlled,0,0,0,0.8333,0.7143,0.7692,3,0.0
gamma_weak__noise_medium__T_80__density_sparse__seed_012,controlled,3,1,0,0.5556,0.7143,0.625,6,0.0
gamma_weak__noise_medium__T_80__density_sparse__seed_013,controlled,1,2,0,0.7143,0.7143,0.7143,4,0.0
gamma_weak__noise_medium__T_80__density_sparse__seed_014,controlled,2,4,0,0.625,0.7143,0.6667,4,0.0
gamma_weak__noise_medium__T_80__density_sparse__seed_015,controlled,2,3,0,0.75,0.8571,0.8,3,0.5
