cell,channel,true_indirect_share,true_direct,true_indirect,true_total,seed,share_oracle_hybrid,share_hybrid,share_pcmci_dag,bias_oracle_hybrid,bias_hybrid,bias_pcmci_dag,gamma,noise,T,density
gamma_medium__noise_high__T_156__density_dense__seed_001,TV,0.0691466087048521,1150.478940437325,85.46105956267502,1235.94,1,0.1874782369383413,0.100079654398772,,0.11833162823348921,0.0309330456939199,,medium,high,156,dense
gamma_medium__noise_high__T_156__density_dense__seed_001,Video,0.1078266794321873,764.4230227957075,92.3869772042924,856.81,1,0.0376438515496317,0.0,,-0.07018282788255559,-0.1078266794321873,,medium,high,156,dense
gamma_medium__noise_high__T_156__density_dense__seed_001,Display,1.0,0.0,420.09,420.09,1,0.6403595037544912,0.6120156598767245,1.0,-0.35964049624550876,-0.38798434012327554,0.0,medium,high,156,dense
gamma_medium__noise_high__T_156__density_dense__seed_001,Social,0.4151296119088505,219.41412609239472,155.73587390760525,375.15,1,0.1438416127864082,0.0,,-0.2712879991224423,-0.4151296119088505,,medium,high,156,dense
gamma_medium__noise_high__T_156__density_dense__seed_001,Search,-4.095765121865784e-06,1407.1757634378066,-0.0057634378065358,1407.17,1,0.0,0.0,0.0,4.095765121865784e-06,4.095765121865784e-06,4.095765121865784e-06,medium,high,156,dense
gamma_medium__noise_high__T_156__density_dense__seed_001,Affiliate,-6.579205400755789e-06,668.3243970145535,-0.0043970145534331,668.32,1,0.0,0.6495502410864643,,6.579205400755789e-06,0.649556820291865,,medium,high,156,dense
gamma_medium__noise_high__T_156__density_dense__seed_002,TV,0.0733728322551128,1321.676128169565,104.65387183043504,1426.33,2,0.1909576357153296,0.1029804091389224,0.0,0.11758480346021678,0.02960757688380959,-0.0733728322551128,medium,high,156,dense
gamma_medium__noise_high__T_156__density_dense__seed_002,Video,0.0919597811163205,1071.796191957162,108.54380804283778,1180.34,2,0.1201242895071479,0.0,,0.028164508390827403,-0.0919597811163205,,medium,high,156,dense
gamma_medium__noise_high__T_156__density_dense__seed_002,Display,1.0,0.0,450.78,450.78,2,0.3740502227588892,0.0,,-0.6259497772411108,-1.0,,medium,high,156,dense
gamma_medium__noise_high__T_156__density_dense__seed_002,Social,0.4153108975754213,255.93596080431087,181.79403919568915,437.73,2,0.3220864536507244,0.3318170352997813,,-0.09322444392469686,-0.08349386227563999,,medium,high,156,dense
gamma_medium__noise_high__T_156__density_dense__seed_002,Search,1.01209279757159e-06,1648.8283312310325,0.0016687689674199,1648.83,2,0.0,0.0,,-1.01209279757159e-06,-1.01209279757159e-06,,medium,high,156,dense
gamma_medium__noise_high__T_156__density_dense__seed_002,Affiliate,-4.2130649058082105e-06,786.5033135755484,-0.0033135755484181,786.5,2,0.0,0.0,,4.2130649058082105e-06,4.2130649058082105e-06,,medium,high,156,dense
gamma_medium__noise_high__T_156__density_dense__seed_003,TV,0.0643396096509809,1623.408203671162,111.63179632883794,1735.04,3,0.0532814728857297,0.0,,-0.011058136765251199,-0.0643396096509809,,medium,high,156,dense
gamma_medium__noise_high__T_156__density_dense__seed_003,Video,0.1090077095056944,1021.2375435187632,124.94245648123685,1146.18,3,0.0499710491011541,0.0,,-0.059036660404540295,-0.1090077095056944,,medium,high,156,dense
gamma_medium__noise_high__T_156__density_dense__seed_003,Display,1.0,0.0,588.31,588.31,3,0.3178029326416263,0.2255483963862632,1.0,-0.6821970673583737,-0.7744516036137368,0.0,medium,high,156,dense
gamma_medium__noise_high__T_156__density_dense__seed_003,Social,0.4282044682765968,270.8652613326933,202.84473866730667,473.71,3,0.3264601344815455,0.0,,-0.10174433379505132,-0.4282044682765968,,medium,high,156,dense
gamma_medium__noise_high__T_156__density_dense__seed_003,Search,7.486778941915493e-07,1755.6986855462212,0.0013144537788321,1755.7,3,0.0,0.0,0.0,-7.486778941915493e-07,-7.486778941915493e-07,-7.486778941915493e-07,medium,high,156,dense
gamma_medium__noise_high__T_156__density_dense__seed_003,Affiliate,3.5425079586621924e-06,834.5970434228577,0.0029565771422994,834.6,3,0.0,0.0,,-3.5425079586621924e-06,-3.5425079586621924e-06,,medium,high,156,dense
gamma_medium__noise_high__T_156__density_dense__seed_004,TV,0.078619815446005,1060.7757926751688,90.5142073248312,1151.29,4,0.1065033716081625,0.1071427149613323,,0.0278835561621575,0.0285228995153273,,medium,high,156,dense
gamma_medium__noise_high__T_156__density_dense__seed_004,Video,0.1033278228702581,726.7527995636558,83.7472004363442,810.5,4,0.1033108373069295,0.1224923437517003,,-1.6985563328603126e-05,0.0191645208814422,,medium,high,156,dense
gamma_medium__noise_high__T_156__density_dense__seed_004,Display,1.0,0.0,351.46,351.46,4,0.4779898458557099,0.2867984975806331,,-0.5220101541442901,-0.713201502419367,,medium,high,156,dense
gamma_medium__noise_high__T_156__density_dense__seed_004,Social,0.407997375421807,206.94043744755317,142.6195625524469,349.56,4,0.2752368695589376,0.2871055464587061,,-0.13276050586286936,-0.12089182896310086,,medium,high,156,dense
gamma_medium__noise_high__T_156__density_dense__seed_004,Search,4.151593584321827e-06,1329.9144787126604,0.0055212873396612,1329.92,4,0.0,0.0,,-4.151593584321827e-06,-4.151593584321827e-06,,medium,high,156,dense
gamma_medium__noise_high__T_156__density_dense__seed_004,Affiliate,-4.288469381012103e-06,639.3427417900141,-0.0027417900140562,639.34,4,0.0,0.0,,4.288469381012103e-06,4.288469381012103e-06,,medium,high,156,dense
gamma_medium__noise_high__T_156__density_dense__seed_005,TV,0.0673155472208437,1243.2030876429208,89.7269123570793,1332.93,5,0.1816991016213781,0.0,0.0,0.1143835544005344,-0.0673155472208437,-0.0673155472208437,medium,high,156,dense
gamma_medium__noise_high__T_156__density_dense__seed_005,Video,0.0956989239773937,825.7173125162418,87.38268748375822,913.1,5,0.1382620688569115,0.362122271610745,1.0,0.0425631448795178,0.2664233476333513,0.9043010760226063,medium,high,156,dense
gamma_medium__noise_high__T_156__density_dense__seed_005,Display,1.0,0.0,386.95,386.95,5,0.3643496236991568,0.4052720835584745,1.0,-0.6356503763008432,-0.5947279164415256,0.0,medium,high,156,dense
gamma_medium__noise_high__T_156__density_dense__seed_005,Social,0.4251125877836579,239.96375473322337,177.44624526677666,417.41,5,0.2855101323680166,0.1550974374142702,,-0.1396024554156413,-0.2700151503693877,,medium,high,156,dense
gamma_medium__noise_high__T_156__density_dense__seed_005,Search,7.475069799324644e-07,1468.2289024878269,0.0010975121731462,1468.23,5,0.0,0.4402233597720654,0.2894887995353449,-7.475069799324644e-07,0.44022261226508547,0.289488052028365,medium,high,156,dense
gamma_medium__noise_high__T_156__density_dense__seed_005,Affiliate,-1.2675850427215624e-07,705.0700893736187,-8.937361860716919e-05,705.07,5,0.0,0.0,,1.2675850427215624e-07,1.2675850427215624e-07,,medium,high,156,dense
gamma_medium__noise_high__T_156__density_medium__seed_001,TV,0.0525225160196177,1169.2440638808305,64.81593611916946,1234.06,1,0.1067573998905831,0.0991747710899235,,0.054234883870965395,0.04665225507030579,,medium,high,156,medium
gamma_medium__noise_high__T_156__density_medium__seed_001,Video,0.1075448836381003,776.8911033441973,93.6188966558027,870.51,1,0.0419800609440294,0.0,,-0.0655648226940709,-0.1075448836381003,,medium,high,156,medium
gamma_medium__noise_high__T_156__density_medium__seed_001,Display,1.0,0.0,117.68,117.68,1,0.4254480775432575,0.3656688078583135,,-0.5745519224567426,-0.6343311921416865,,medium,high,156,medium
gamma_medium__noise_high__T_156__density_medium__seed_001,Social,0.423957925401942,223.3891165291269,164.4108834708731,387.8,1,0.1920018978940602,0.0,,-0.2319560275078818,-0.423957925401942,,medium,high,156,medium
gamma_medium__noise_high__T_156__density_medium__seed_001,Search,3.1618687075551177e-06,1435.4054614220386,0.0045385779615116,1435.41,1,0.0,0.0,,-3.1618687075551177e-06,-3.1618687075551177e-06,,medium,high,156,medium
gamma_medium__noise_high__T_156__density_medium__seed_001,Affiliate,-8.01796625116813e-06,679.2254459630371,-0.0054459630371184,679.22,1,0.0,0.6409883434259954,,8.01796625116813e-06,0.6409963613922466,,medium,high,156,medium
gamma_medium__noise_high__T_156__density_medium__seed_002,TV,0.0558674530014376,1327.7524834950182,78.56751650498177,1406.32,2,0.1270380194820719,0.1161048809343872,0.0,0.07117056648063431,0.0602374279329496,-0.0558674530014376,medium,high,156,medium
gamma_medium__noise_high__T_156__density_medium__seed_002,Video,0.091939568626426,1076.7235758969016,109.01642410309842,1185.74,2,0.1349747647667619,0.0,,0.04303519614033591,-0.091939568626426,,medium,high,156,medium
gamma_medium__noise_high__T_156__density_medium__seed_002,Display,1.0,0.0,125.9,125.9,2,0.0722949270469567,0.0,,-0.9277050729530433,-1.0,,medium,high,156,medium
gamma_medium__noise_high__T_156__density_medium__seed_002,Social,0.4245083834565589,259.05179627086454,191.08820372913544,450.14,2,0.3651592196570532,0.3609873037133017,,-0.059349163799505666,-0.06352107974325721,,medium,high,156,medium
gamma_medium__noise_high__T_156__density_medium__seed_002,Search,7.97127814144287e-07,1659.9686767917424,0.001323208257645,1659.97,2,0.0,0.0,,-7.97127814144287e-07,-7.97127814144287e-07,,medium,high,156,medium
gamma_medium__noise_high__T_156__density_medium__seed_002,Affiliate,5.726409306699951e-07,790.1195475449479,0.0004524550521409,790.12,2,0.0,0.0,,-5.726409306699951e-07,-5.726409306699951e-07,,medium,high,156,medium
gamma_medium__noise_high__T_156__density_medium__seed_003,TV,0.0484052822683179,1642.205068178273,83.53493182172701,1725.74,3,0.0366842391689014,0.0,,-0.011721043099416496,-0.0484052822683179,,medium,high,156,medium
gamma_medium__noise_high__T_156__density_medium__seed_003,Video,0.1087761226169214,1033.0621574685956,126.08784253140448,1159.15,3,0.052595521126595,0.0,,-0.05618060149032641,-0.1087761226169214,,medium,high,156,medium
gamma_medium__noise_high__T_156__density_medium__seed_003,Display,1.0,0.0,159.24,159.24,3,0.1581839530440786,0.0,,-0.8418160469559214,-1.0,,medium,high,156,medium
gamma_medium__noise_high__T_156__density_medium__seed_003,Social,0.4278777904947867,274.93332777773026,205.61667222226976,480.55,3,0.3317463447736695,0.0,,-0.0961314457211172,-0.4278777904947867,,medium,high,156,medium
gamma_medium__noise_high__T_156__density_medium__seed_003,Search,-1.580545470568785e-06,1777.7128097514883,-0.0028097514884848,1777.71,3,0.0,0.0,0.0,1.580545470568785e-06,1.580545470568785e-06,1.580545470568785e-06,medium,high,156,medium
gamma_medium__noise_high__T_156__density_medium__seed_003,Affiliate,-7.709371481712352e-07,844.2606508713967,-0.000650871396715,844.26,3,0.0,0.0,,7.709371481712352e-07,7.709371481712352e-07,,medium,high,156,medium
gamma_medium__noise_high__T_156__density_medium__seed_004,TV,0.0599261527936992,1085.146043307177,69.17395669282291,1154.32,4,0.0747486029953413,0.0748554624183255,,0.014822450201642107,0.014929309624626297,,medium,high,156,medium
gamma_medium__noise_high__T_156__density_medium__seed_004,Video,0.1051945882371066,743.4490763632,87.40092363680003,830.85,4,0.1066199390704809,0.1074482051962432,,0.001425350833374292,0.0022536169591365895,,medium,high,156,medium
gamma_medium__noise_high__T_156__density_medium__seed_004,Display,1.0,0.0,98.52,98.52,4,0.3031832706619502,0.2890128913698259,,-0.6968167293380498,-0.7109871086301741,,medium,high,156,medium
gamma_medium__noise_high__T_156__density_medium__seed_004,Social,0.4135368484032422,213.64852612669887,150.65147387330114,364.3,4,0.2839824415831526,0.2860526473356098,,-0.12955440682008956,-0.12748420106763236,,medium,high,156,medium
gamma_medium__noise_high__T_156__density_medium__seed_004,Search,-3.0093919340253645e-06,1366.0541109798514,-0.0041109798514753,1366.05,4,0.0,0.0,,3.0093919340253645e-06,3.0093919340253645e-06,,medium,high,156,medium
gamma_medium__noise_high__T_156__density_medium__seed_004,Affiliate,-2.00053166919898e-06,654.0313084077276,-0.0013084077276062,654.03,4,0.0,0.0,,2.00053166919898e-06,2.00053166919898e-06,,medium,high,156,medium
gamma_medium__noise_high__T_156__density_medium__seed_005,TV,0.0484445203223546,1280.1941956939136,65.17580430608632,1345.37,5,0.1322797177675681,0.0,0.0,0.0838351974452135,-0.0484445203223546,-0.0484445203223546,medium,high,156,medium
gamma_medium__noise_high__T_156__density_medium__seed_005,Video,0.0964880507122206,850.2860603552363,90.80393964476376,941.09,5,0.1593566258559777,0.0,,0.06286857514375711,-0.0964880507122206,,medium,high,156,medium
gamma_medium__noise_high__T_156__density_medium__seed_005,Display,1.0,0.0,122.43,122.43,5,0.1662299168012015,0.208524016164693,1.0,-0.8337700831987985,-0.791475983835307,0.0,medium,high,156,medium
gamma_medium__noise_high__T_156__density_medium__seed_005,Social,0.4329079028201699,248.14248896297823,189.42751103702176,437.57,5,0.3363649601990218,0.5545508159157404,1.0,-0.0965429426211481,0.12164291309557052,0.5670920971798301,medium,high,156,medium
gamma_medium__noise_high__T_156__density_medium__seed_005,Search,-9.4547448948853e-07,1514.9414323371232,-0.0014323371231057,1514.94,5,0.0,0.4103745503404039,0.2992490612864969,9.4547448948853e-07,0.41037549581489335,0.2992500067609864,medium,high,156,medium
gamma_medium__noise_high__T_156__density_medium__seed_005,Affiliate,1.5125209495230803e-06,726.0489018341646,0.0010981658354012,726.05,5,0.0,0.0,,-1.5125209495230803e-06,-1.5125209495230803e-06,,medium,high,156,medium
gamma_medium__noise_high__T_156__density_sparse__seed_001,TV,0.0520711814004508,1204.817528440027,66.18247155997301,1271.0,1,0.1095682594428121,0.1155445900827874,1.0,0.057497078042361295,0.06347340868233661,0.9479288185995492,medium,high,156,sparse
gamma_medium__noise_high__T_156__density_sparse__seed_001,Video,3.1330854392572544e-06,800.5274918711133,0.0025081288866886,800.53,1,0.0,0.0,,-3.1330854392572544e-06,-3.1330854392572544e-06,,medium,high,156,sparse
gamma_medium__noise_high__T_156__density_sparse__seed_001,Display,,0.0,0.0,0.0,1,0.0,0.0,,,,,medium,high,156,sparse
gamma_medium__noise_high__T_156__density_sparse__seed_001,Social,0.4229968301707105,231.63215249626995,169.80784750373004,401.44,1,0.2073679055386961,0.0,,-0.21562892463201438,-0.4229968301707105,,medium,high,156,sparse
gamma_medium__noise_high__T_156__density_sparse__seed_001,Search,2.443879856842777e-06,1477.556389020879,0.0036109791212766,1477.56,1,0.0,0.0,0.0,-2.443879856842777e-06,-2.443879856842777e-06,-2.443879856842777e-06,medium,high,156,sparse
gamma_medium__noise_high__T_156__density_sparse__seed_001,Affiliate,1.516967365735886e-07,699.889893828971,0.0001061710289604,699.89,1,0.0,0.6268974146882217,,-1.516967365735886e-07,0.6268972629914851,,medium,high,156,sparse
gamma_medium__noise_high__T_156__density_sparse__seed_002,TV,0.0549085861655268,1344.420888921953,78.10911107804691,1422.53,2,0.1221538061918864,0.1240500083539229,0.0,0.0672452200263596,0.06914142218839608,-0.0549085861655268,medium,high,156,sparse
gamma_medium__noise_high__T_156__density_sparse__seed_002,Video,-7.286046067622988e-07,1090.2407943538865,-0.0007943538864765,1090.24,2,0.0,0.0,,7.286046067622988e-07,7.286046067622988e-07,,medium,high,156,sparse
gamma_medium__noise_high__T_156__density_sparse__seed_002,Display,,0.0,0.0,0.0,2,0.0,0.0457133175430348,,,,,medium,high,156,sparse
gamma_medium__noise_high__T_156__density_sparse__seed_002,Social,0.4176319840811527,261.6055364309054,187.6044635690946,449.21,2,0.3363197762169294,0.3150990636724284,,-0.08131220786422333,-0.1025329204087243,,medium,high,156,sparse
gamma_medium__noise_high__T_156__density_sparse__seed_002,Search,1.9096496893404404e-06,1679.5667926096712,0.0032073903287255,1679.57,2,0.0,0.0,,-1.9096496893404404e-06,-1.9096496893404404e-06,,medium,high,156,sparse
gamma_medium__noise_high__T_156__density_sparse__seed_002,Affiliate,1.7676387286389471e-06,800.0385858183115,0.0014141816884603,800.04,2,0.0,0.0,,-1.7676387286389471e-06,-1.7676387286389471e-06,,medium,high,156,sparse
gamma_medium__noise_high__T_156__density_sparse__seed_003,TV,0.0478554670628179,1677.5548882460328,84.31511175396713,1761.87,3,0.0345944730363712,0.0,,-0.013260994026446704,-0.0478554670628179,,medium,high,156,sparse
gamma_medium__noise_high__T_156__density_sparse__seed_003,Video,5.11842609416241e-07,1055.2994598524942,0.0005401475057169,1055.3,3,0.0,0.0,,-5.11842609416241e-07,-5.11842609416241e-07,,medium,high,156,sparse
gamma_medium__noise_high__T_156__density_sparse__seed_003,Display,,0.0,0.0,0.0,3,0.0,0.0,,,,,medium,high,156,sparse
gamma_medium__noise_high__T_156__density_sparse__seed_003,Social,0.4258692364684848,281.05997397921794,208.48002602078208,489.54,3,0.3163457140570453,0.0,,-0.10952352241143948,-0.4258692364684848,,medium,high,156,sparse
gamma_medium__noise_high__T_156__density_sparse__seed_003,Search,2.202000448381179e-06,1815.366002554446,0.0039974455539777,1815.37,3,0.0,0.1775669275184072,0.0,-2.202000448381179e-06,0.17756472551795882,-2.202000448381179e-06,medium,high,156,sparse
gamma_medium__noise_high__T_156__density_sparse__seed_003,Affiliate,7.253653635459607e-06,862.4337441589587,0.0062558410413657,862.44,3,0.0,0.0,,-7.253653635459607e-06,-7.253653635459607e-06,,medium,high,156,sparse
gamma_medium__noise_high__T_156__density_sparse__seed_004,TV,0.0607224080468354,1114.208650678522,72.03134932147805,1186.24,4,0.0693858464858654,0.0697458597462803,,0.008663438439030002,0.009023451699444893,,medium,high,156,sparse
gamma_medium__noise_high__T_156__density_sparse__seed_004,Video,-1.3386562574269305e-05,763.3602186325411,-0.0102186325410684,763.35,4,0.0,0.0,,1.3386562574269305e-05,1.3386562574269305e-05,,medium,high,156,sparse
gamma_medium__noise_high__T_156__density_sparse__seed_004,Display,,0.0,0.0,0.0,4,0.0,0.0,,,,,medium,high,156,sparse
gamma_medium__noise_high__T_156__density_sparse__seed_004,Social,0.4158170144172317,219.78132283594908,156.43867716405094,376.22,4,0.2577406889785324,0.2659067494980042,,-0.15807632543869926,-0.1499102649192275,,medium,high,156,sparse
gamma_medium__noise_high__T_156__density_sparse__seed_004,Search,-1.040877638347102e-06,1405.621463078426,-0.0014630784260134,1405.62,4,0.0,0.0,,1.040877638347102e-06,1.040877638347102e-06,,medium,high,156,sparse
gamma_medium__noise_high__T_156__density_sparse__seed_004,Affiliate,3.5766735134366823e-06,671.547598084902,0.0024019150979484,671.55,4,0.0,0.0,,-3.5766735134366823e-06,-3.5766735134366823e-06,,medium,high,156,sparse
gamma_medium__noise_high__T_156__density_sparse__seed_005,TV,0.0496578929218297,1327.0387114818154,69.34128851818468,1396.38,5,0.111950941835714,0.0,0.0,0.0622930489138843,-0.0496578929218297,-0.0496578929218297,medium,high,156,sparse
gamma_medium__noise_high__T_156__density_sparse__seed_005,Video,-1.062362191938235e-05,881.3993635541235,-0.0093635541235244,881.39,5,0.0,0.0,,1.062362191938235e-05,1.062362191938235e-05,,medium,high,156,sparse
gamma_medium__noise_high__T_156__density_sparse__seed_005,Display,,0.0,0.0,0.0,5,0.0,0.0,,,,,medium,high,156,sparse
gamma_medium__noise_high__T_156__density_sparse__seed_005,Social,0.4377855473527981,258.86602257687764,201.5739774231224,460.44,5,0.3301440698032034,0.4956401758777038,1.0,-0.10764147754959474,0.057854628524905694,0.5622144526472019,medium,high,156,sparse
gamma_medium__noise_high__T_156__density_sparse__seed_005,Search,3.666163709302573e-06,1574.1642288350738,0.0057711649262728,1574.17,5,0.0,0.4425823663157194,0.3345743990399717,-3.666163709302573e-06,0.4425787001520101,0.33457073287626243,medium,high,156,sparse
gamma_medium__noise_high__T_156__density_sparse__seed_005,Affiliate,5.210545938168891e-06,752.616078438916,0.0039215610839846,752.62,5,0.0,0.0,,-5.210545938168891e-06,-5.210545938168891e-06,,medium,high,156,sparse
gamma_medium__noise_high__T_300__density_dense__seed_001,TV,0.0723203553497658,2497.1744514517327,194.6755485482672,2691.85,1,0.1594387498614418,0.1055429610415267,0.128100988880856,0.087118394511676,0.0332226056917609,0.055780633531090196,medium,high,300,dense
gamma_medium__noise_high__T_300__density_dense__seed_001,Video,0.1000164035527982,1801.2361697653942,200.17383023460596,2001.41,1,0.2513548749151219,0.2504158444524813,0.4068843497358119,0.15133847136232367,0.15039944089968307,0.3068679461830137,medium,high,300,dense
gamma_medium__noise_high__T_300__density_dense__seed_001,Display,1.0,0.0,822.96,822.96,1,0.4501864350478898,0.4680870664936924,1.0,-0.5498135649521102,-0.5319129335063075,0.0,medium,high,300,dense
gamma_medium__noise_high__T_300__density_dense__seed_001,Social,0.4180721945418885,500.469551250085,359.5504487499149,860.02,1,0.1955629481568954,0.2181482396747023,1.0,-0.2225092463849931,-0.1999239548671862,0.5819278054581115,medium,high,300,dense
gamma_medium__noise_high__T_300__density_dense__seed_001,Search,-7.153147734995615e-07,3217.6923016611936,-0.0023016611935418,3217.69,1,0.0,0.0,0.0,7.153147734995615e-07,7.153147734995615e-07,7.153147734995615e-07,medium,high,300,dense
gamma_medium__noise_high__T_300__density_dense__seed_001,Affiliate,-3.929668218470642e-06,1525.3359940408236,-0.0059940408236798,1525.33,1,0.0,0.0,,3.929668218470642e-06,3.929668218470642e-06,,medium,high,300,dense
gamma_medium__noise_high__T_300__density_dense__seed_002,TV,0.0668713182939914,2479.4348827346694,177.68511726533052,2657.12,2,0.1891218324348389,0.0736737850376963,,0.1222505141408475,0.006802466743704896,,medium,high,300,dense
gamma_medium__noise_high__T_300__density_dense__seed_002,Video,0.1016719964215836,1735.3630874726773,196.40691252732267,1931.77,2,0.3464953472673791,0.4239757227352258,,0.24482335084579548,0.32230372631364224,,medium,high,300,dense
gamma_medium__noise_high__T_300__density_dense__seed_002,Display,1.0,0.0,806.39,806.39,2,0.4894405822720228,0.4831030441688538,,-0.5105594177279772,-0.5168969558311463,,medium,high,300,dense
gamma_medium__noise_high__T_300__density_dense__seed_002,Social,0.4272847733017408,487.2603877226119,363.5296122773881,850.79,2,0.3633156561399942,0.3950051124028031,,-0.06396911716174658,-0.03227966089893769,,medium,high,300,dense
gamma_medium__noise_high__T_300__density_dense__seed_002,Search,8.649811508881822e-07,3100.517318108642,0.0026818913579518,3100.52,2,0.0,0.0,,-8.649811508881822e-07,-8.649811508881822e-07,,medium,high,300,dense
gamma_medium__noise_high__T_300__density_dense__seed_002,Affiliate,-2.992759856250562e-06,1483.9444410760611,-0.0044410760610844,1483.94,2,0.0,0.0,,2.992759856250562e-06,2.992759856250562e-06,,medium,high,300,dense
gamma_medium__noise_high__T_300__density_dense__seed_003,TV,0.0663061253712015,3029.341765416897,215.1282345831023,3244.47,3,0.1074434000903747,0.0,0.0,0.04113727471917321,-0.0663061253712015,-0.0663061253712015,medium,high,300,dense
gamma_medium__noise_high__T_300__density_dense__seed_003,Video,0.0865076612942801,2099.461172200582,198.81882779941816,2298.28,3,0.2359822120018431,0.0,0.0,0.149474550707563,-0.0865076612942801,-0.0865076612942801,medium,high,300,dense
gamma_medium__noise_high__T_300__density_dense__seed_003,Display,1.0,0.0,915.18,915.18,3,0.3851651096849952,0.4180843105194129,1.0,-0.6148348903150048,-0.581915689480587,0.0,medium,high,300,dense
gamma_medium__noise_high__T_300__density_dense__seed_003,Social,0.4008913587661464,547.6991287295766,366.4908712704234,914.19,3,0.3770822146524301,0.0,,-0.02380914411371632,-0.4008913587661464,,medium,high,300,dense
gamma_medium__noise_high__T_300__density_dense__seed_003,Search,-2.3773282160476055e-07,3497.2808314182425,-0.0008314182423418,3497.28,3,0.0,0.1269560852963341,0.0975288347110112,2.3773282160476055e-07,0.1269563230291557,0.09752907244383281,medium,high,300,dense
gamma_medium__noise_high__T_300__density_dense__seed_003,Affiliate,-1.2081049482650983e-06,1688.192039510693,-0.0020395106926116,1688.19,3,0.0,0.0,,1.2081049482650983e-06,1.2081049482650983e-06,,medium,high,300,dense
gamma_medium__noise_high__T_300__density_dense__seed_004,TV,0.0664435207430827,2511.2575936363146,178.7324063636852,2689.99,4,0.1377618717982602,0.1291542535563741,0.0,0.07131835105517749,0.06271073281329141,-0.0664435207430827,medium,high,300,dense
gamma_medium__noise_high__T_300__density_dense__seed_004,Video,0.0870450514582567,1793.198721277236,170.97127872276403,1964.17,4,0.20597204820365,0.0,,0.11892699674539331,-0.0870450514582567,,medium,high,300,dense
gamma_medium__noise_high__T_300__density_dense__seed_004,Display,1.0,0.0,744.05,744.05,4,0.4243608459541785,0.439936925278204,,-0.5756391540458214,-0.5600630747217961,,medium,high,300,dense
gamma_medium__noise_high__T_300__density_dense__seed_004,Social,0.4005017201180211,475.8637496219183,317.90625037808167,793.77,4,0.2696853122441229,0.280439235788363,,-0.1308164078738982,-0.1200624843296581,,medium,high,300,dense
gamma_medium__noise_high__T_300__density_dense__seed_004,Search,5.109819832515452e-07,3030.3584515406374,0.0015484593627661,3030.36,4,0.0,0.0,,-5.109819832515452e-07,-5.109819832515452e-07,,medium,high,300,dense
gamma_medium__noise_high__T_300__density_dense__seed_004,Affiliate,-2.61959833569051e-06,1458.0238194267654,-0.0038194267654034,1458.02,4,0.0,0.0,,2.61959833569051e-06,2.61959833569051e-06,,medium,high,300,dense
gamma_medium__noise_high__T_300__density_dense__seed_005,TV,0.0783683356977101,2627.369115959682,223.41088404031825,2850.78,5,0.1150989794937144,0.1618910617799742,0.134872131168058,0.03673064379600431,0.0835227260822641,0.056503795470347895,medium,high,300,dense
gamma_medium__noise_high__T_300__density_dense__seed_005,Video,0.0893989248346747,1955.1515684874696,191.94843151253008,2147.1,5,0.0813012332405765,0.0,0.0,-0.008097691594098191,-0.0893989248346747,-0.0893989248346747,medium,high,300,dense
gamma_medium__noise_high__T_300__density_dense__seed_005,Display,1.0,0.0,843.33,843.33,5,0.4685724124831894,0.418911687388407,1.0,-0.5314275875168106,-0.581088312611593,0.0,medium,high,300,dense
gamma_medium__noise_high__T_300__density_dense__seed_005,Social,0.4145095712361784,533.8677376597154,377.9622623402846,911.83,5,0.2944796332508723,0.0,,-0.12002993798530609,-0.4145095712361784,,medium,high,300,dense
gamma_medium__noise_high__T_300__density_dense__seed_005,Search,3.5751210021561853e-08,3317.109881409304,0.0001185906962746,3317.11,5,0.0,0.0,0.0,-3.5751210021561853e-08,-3.5751210021561853e-08,-3.5751210021561853e-08,medium,high,300,dense
gamma_medium__noise_high__T_300__density_dense__seed_005,Affiliate,2.0754954781476376e-06,1607.936662727801,0.0033372721991327,1607.94,5,0.0,0.1321598853266108,,-2.0754954781476376e-06,0.13215780983113265,,medium,high,300,dense
gamma_medium__noise_high__T_300__density_medium__seed_001,TV,0.0553140452664081,2545.626348501515,149.05365149848467,2694.68,1,0.0911614472118013,0.0907856555001887,0.0991651007957446,0.0358474019453932,0.0354716102337806,0.0438510555293365,medium,high,300,medium
gamma_medium__noise_high__T_300__density_medium__seed_001,Video,0.1011344637428303,1836.184540155421,206.59545984457893,2042.78,1,0.3090610872927968,0.3098554726924127,0.3401277484350709,0.2079266235499665,0.2087210089495824,0.23899328469224057,medium,high,300,medium
gamma_medium__noise_high__T_300__density_medium__seed_001,Display,1.0,0.0,229.41,229.41,1,0.218922829893331,0.2070597428547334,1.0,-0.781077170106669,-0.7929402571452666,0.0,medium,high,300,medium
gamma_medium__noise_high__T_300__density_medium__seed_001,Social,0.4267282278262279,512.8603928221,381.7596071779,894.62,1,0.2640219550688782,0.2636800682426135,0.2865717366178763,-0.16270627275734967,-0.1630481595836144,-0.14015649120835155,medium,high,300,medium
gamma_medium__noise_high__T_300__density_medium__seed_001,Search,4.397568510991176e-07,3292.8585519422554,0.0014480577447102,3292.86,1,0.0,0.0,0.0,-4.397568510991176e-07,-4.397568510991176e-07,-4.397568510991176e-07,medium,high,300,medium
gamma_medium__noise_high__T_300__density_medium__seed_001,Affiliate,-9.041827397189228e-07,1554.9314059408675,-0.0014059408674711,1554.93,1,0.0,0.0,,9.041827397189228e-07,9.041827397189228e-07,,medium,high,300,medium
gamma_medium__noise_high__T_300__density_medium__seed_002,TV,0.0503338853254414,2531.401505293063,134.16849470693705,2665.57,2,0.1700960901056549,0.0,,0.11976220478021352,-0.0503338853254414,,medium,high,300,medium
gamma_medium__noise_high__T_300__density_medium__seed_002,Video,0.1024144254826195,1771.735189684112,202.154810315888,1973.89,2,0.430391782046666,0.5034978764841083,,0.3279773565640465,0.4010834510014888,,medium,high,300,medium
gamma_medium__noise_high__T_300__density_medium__seed_002,Display,1.0,0.0,229.43,229.43,2,0.2208997635761528,0.2228114523991549,,-0.7791002364238472,-0.7771885476008451,,medium,high,300,medium
gamma_medium__noise_high__T_300__density_medium__seed_002,Social,0.4338520003161593,499.6086252809989,382.8613747190011,882.47,2,0.433316171662562,0.4314904508947785,,-0.0005358286535973034,-0.002361549421380782,,medium,high,300,medium
gamma_medium__noise_high__T_300__density_medium__seed_002,Search,-2.917994488466743e-07,3175.700926667509,-0.0009266675097023,3175.7,2,0.0,0.0,,2.917994488466743e-07,2.917994488466743e-07,,medium,high,300,medium
gamma_medium__noise_high__T_300__density_medium__seed_002,Affiliate,2.4376153800471413e-06,1515.0463068908184,0.0036931091815404,1515.05,2,0.0,0.0,,-2.4376153800471413e-06,-2.4376153800471413e-06,,medium,high,300,medium
gamma_medium__noise_high__T_300__density_medium__seed_003,TV,0.0497575273486938,3111.9300688363096,162.9499311636905,3274.88,3,0.0860632231170504,0.0,0.0,0.036305695768356606,-0.0497575273486938,-0.0497575273486938,medium,high,300,medium
gamma_medium__noise_high__T_300__density_medium__seed_003,Video,0.0872742545735419,2156.6979183830863,206.22208161691375,2362.92,3,0.2266249421723296,0.2285410175854691,1.0,0.1393506875987877,0.1412667630119272,0.9127257454264581,medium,high,300,medium
gamma_medium__noise_high__T_300__density_medium__seed_003,Display,1.0,0.0,255.41,255.41,3,0.1886766717850912,0.1830960299175388,1.0,-0.8113233282149088,-0.8169039700824612,0.0,medium,high,300,medium
gamma_medium__noise_high__T_300__density_medium__seed_003,Social,0.4033377213675564,565.0511111104967,381.9688888895033,947.02,3,0.3652562812642417,0.3829283045426894,1.0,-0.03808144010331471,-0.02040941682486702,0.5966622786324436,medium,high,300,medium
gamma_medium__noise_high__T_300__density_medium__seed_003,Search,1.443745245977743e-07,3607.2994791977776,0.0005208022225815,3607.3,3,0.0,0.0,0.0,-1.443745245977743e-07,-1.443745245977743e-07,-1.443745245977743e-07,medium,high,300,medium
gamma_medium__noise_high__T_300__density_medium__seed_003,Affiliate,1.5718861771218038e-06,1734.217274003554,0.0027259964460881,1734.22,3,0.0,0.0,,-1.5718861771218038e-06,-1.5718861771218038e-06,,medium,high,300,medium
gamma_medium__noise_high__T_300__density_medium__seed_004,TV,0.0494797994404908,2573.115214126625,133.94478587337517,2707.06,4,0.1082158052017312,0.1265976607733631,0.0,0.0587360057612404,0.0771178613328723,-0.0494797994404908,medium,high,300,medium
gamma_medium__noise_high__T_300__density_medium__seed_004,Video,0.0875658670291733,1837.3686135633536,176.33138643664643,2013.7,4,0.1939389668471841,0.0,,0.1063730998180108,-0.0875658670291733,,medium,high,300,medium
gamma_medium__noise_high__T_300__density_medium__seed_004,Display,1.0,0.0,210.23,210.23,4,0.1755289771723579,0.179813022023023,,-0.8244710228276421,-0.820186977976977,,medium,high,300,medium
gamma_medium__noise_high__T_300__density_medium__seed_004,Social,0.4041526539946101,488.5590728836594,331.3809271163407,819.94,4,0.2584427195500428,0.2703877366942295,,-0.1457099344445673,-0.1337649173003806,,medium,high,300,medium
gamma_medium__noise_high__T_300__density_medium__seed_004,Search,1.3123776408782382e-06,3115.085911825535,0.0040881744653233,3115.09,4,0.0,0.0,,-1.3123776408782382e-06,-1.3123776408782382e-06,,medium,high,300,medium
gamma_medium__noise_high__T_300__density_medium__seed_004,Affiliate,1.027226183472819e-06,1493.9384653857155,0.0015346142845373,1493.94,4,0.0,0.0,,-1.027226183472819e-06,-1.027226183472819e-06,,medium,high,300,medium
gamma_medium__noise_high__T_300__density_medium__seed_005,TV,0.0575136430332732,2691.9201079047957,164.2698920952048,2856.19,5,0.0623574777730737,0.2128984886154588,0.2376730419625435,0.004843834739800497,0.1553848455821856,0.1801593989292703,medium,high,300,medium
gamma_medium__noise_high__T_300__density_medium__seed_005,Video,0.090431634487278,2003.187889786943,199.16211021305685,2202.35,5,0.0877946376707075,0.0,0.0,-0.0026369968165705082,-0.090431634487278,-0.090431634487278,medium,high,300,medium
gamma_medium__noise_high__T_300__density_medium__seed_005,Display,1.0,0.0,254.15,254.15,5,0.2313298538979733,0.6866025673403839,1.0,-0.7686701461020267,-0.31339743265961606,0.0,medium,high,300,medium
gamma_medium__noise_high__T_300__density_medium__seed_005,Social,0.4171772993774507,550.6742004562095,394.1657995437905,944.84,5,0.3419962510270493,0.3470881978598978,1.0,-0.0751810483504014,-0.07008910151755288,0.5828227006225493,medium,high,300,medium
gamma_medium__noise_high__T_300__density_medium__seed_005,Search,1.1073872303066827e-06,3411.8362217719523,0.0037782280478495,3411.84,5,0.0,0.0,0.0,-1.1073872303066827e-06,-1.1073872303066827e-06,-1.1073872303066827e-06,medium,high,300,medium
gamma_medium__noise_high__T_300__density_medium__seed_005,Affiliate,-1.0599312566850367e-06,1647.4417461731496,-0.0017461731495131,1647.44,5,0.0,0.1677207289993861,1.0,1.0599312566850367e-06,0.16772178893064277,1.0000010599312568,medium,high,300,medium
gamma_medium__noise_high__T_300__density_sparse__seed_001,TV,0.0554230870475456,2622.126618817754,153.8533811822458,2775.98,1,0.0837162396225701,0.0861775042514947,0.1250336785023204,0.028293152575024502,0.0307544172039491,0.06961059145477479,medium,high,300,sparse
gamma_medium__noise_high__T_300__density_sparse__seed_001,Video,2.402501066755711e-06,1891.3654559815573,0.0045440184426297,1891.37,1,0.0,0.0649211328270276,0.1168134421009427,-2.402501066755711e-06,0.06491873032596085,0.11681103959987595,medium,high,300,sparse
gamma_medium__noise_high__T_300__density_sparse__seed_001,Display,,0.0,0.0,0.0,1,0.0,0.0,,,,,medium,high,300,sparse
gamma_medium__noise_high__T_300__density_sparse__seed_001,Social,0.4283794968950784,529.8178957128587,397.0521042871413,926.87,1,0.2054303921811844,0.2115109929440753,1.0,-0.22294910471389404,-0.21686850395100313,0.5716205031049215,medium,high,300,sparse
gamma_medium__noise_high__T_300__density_sparse__seed_001,Search,7.105387721469666e-07,3403.707581532076,0.0024184679241443,3403.71,1,0.0,0.0338930814832713,0.0,-7.105387721469666e-07,0.03389237094449916,-7.105387721469666e-07,medium,high,300,sparse
gamma_medium__noise_high__T_300__density_sparse__seed_001,Affiliate,3.393139454412474e-07,1601.6594565344262,0.0005434655738554,1601.66,1,0.0,0.0,,-3.393139454412474e-07,-3.393139454412474e-07,,medium,high,300,sparse
gamma_medium__noise_high__T_300__density_sparse__seed_002,TV,0.050352065500706,2608.369492251176,138.3005077488242,2746.67,2,0.1506584948896931,0.0,,0.1003064293889871,-0.050352065500706,,medium,high,300,sparse
gamma_medium__noise_high__T_300__density_sparse__seed_002,Video,2.579372498532694e-06,1825.6052910717729,0.0047089282270462,1825.61,2,0.0,0.2432986391244192,,-2.579372498532694e-06,0.24329605975192067,,medium,high,300,sparse
gamma_medium__noise_high__T_300__density_sparse__seed_002,Display,,0.0,0.0,0.0,2,0.0,0.0,,,,,medium,high,300,sparse
gamma_medium__noise_high__T_300__density_sparse__seed_002,Social,0.4367710841479973,516.649884511042,400.6501154889579,917.3,2,0.3779577561211344,0.3743910112635714,,-0.0588133280268629,-0.06238007288442593,,medium,high,300,sparse
gamma_medium__noise_high__T_300__density_sparse__seed_002,Search,-4.911346667722532e-07,3282.32161206114,-0.0016120611394399,3282.32,2,0.0,0.0,,4.911346667722532e-07,4.911346667722532e-07,,medium,high,300,sparse
gamma_medium__noise_high__T_300__density_sparse__seed_002,Affiliate,-1.0998881017512225e-06,1561.1117170463144,-0.0017170463145248,1561.11,2,0.0,0.0,,1.0998881017512225e-06,1.0998881017512225e-06,,medium,high,300,sparse
gamma_medium__noise_high__T_300__density_sparse__seed_003,TV,0.0499017770907161,3218.638248767552,169.05175123244817,3387.69,3,0.0748417408096721,0.0,0.0,0.024939963718955994,-0.0499017770907161,-0.0499017770907161,medium,high,300,sparse
gamma_medium__noise_high__T_300__density_sparse__seed_003,Video,-5.321905697288629e-06,2230.6518712557245,-0.0118712557245999,2230.64,3,0.0,0.0,0.0,5.321905697288629e-06,5.321905697288629e-06,5.321905697288629e-06,medium,high,300,sparse
gamma_medium__noise_high__T_300__density_sparse__seed_003,Display,,0.0,0.0,0.0,3,0.0,0.0,,,,,medium,high,300,sparse
gamma_medium__noise_high__T_300__density_sparse__seed_003,Social,0.409441144193914,588.5922948162518,408.0777051837482,996.67,3,0.3366356315313116,0.3977967609939124,1.0,-0.07280551266260238,-0.011644383200001551,0.590558855806086,medium,high,300,sparse
gamma_medium__noise_high__T_300__density_sparse__seed_003,Search,-1.219710889775949e-06,3745.5045684271377,-0.0045684271376558,3745.5,3,0.0,0.2126867422838223,0.1248016491455229,1.219710889775949e-06,0.2126879619947121,0.12480286885641267,medium,high,300,sparse
gamma_medium__noise_high__T_300__density_sparse__seed_003,Affiliate,3.554273058929967e-06,1793.683624735957,0.006375264043072,1793.69,3,0.0,0.0,,-3.554273058929967e-06,-3.554273058929967e-06,,medium,high,300,sparse
gamma_medium__noise_high__T_300__density_sparse__seed_004,TV,0.0503161435333337,2661.868881290419,141.03111870958128,2802.9,4,0.0956122398885721,0.0925490030376003,0.0,0.04529609635523841,0.042232859504266605,-0.0503161435333337,medium,high,300,sparse
gamma_medium__noise_high__T_300__density_sparse__seed_004,Video,-2.94089686099471e-06,1900.7455898803,-0.005589880299567,1900.74,4,0.0,0.0,,2.94089686099471e-06,2.94089686099471e-06,,medium,high,300,sparse
gamma_medium__noise_high__T_300__density_sparse__seed_004,Display,,0.0,0.0,0.0,4,0.0,0.0,0.0,,,,medium,high,300,sparse
gamma_medium__noise_high__T_300__density_sparse__seed_004,Social,0.4056982490449673,510.493318035354,348.48668196464604,858.98,4,0.2336819952258246,0.2264920081101245,,-0.1720162538191427,-0.17920624093484283,,medium,high,300,sparse
gamma_medium__noise_high__T_300__density_sparse__seed_004,Search,-8.731786299539605e-07,3236.442825990245,-0.0028259902451281,3236.44,4,0.0,0.0,,8.731786299539605e-07,8.731786299539605e-07,,medium,high,300,sparse
gamma_medium__noise_high__T_300__density_sparse__seed_004,Affiliate,8.923589441813367e-07,1545.4686208860226,0.0013791139774639,1545.47,4,0.0,0.0,,-8.923589441813367e-07,-8.923589441813367e-07,,medium,high,300,sparse
gamma_medium__noise_high__T_300__density_sparse__seed_005,TV,0.058090918456175,2785.3758595781374,171.7841404218625,2957.16,5,0.050778862520702,0.1934570131185415,0.2277511834277087,-0.0073120559354729955,0.1353660946623665,0.1696602649715337,medium,high,300,sparse
gamma_medium__noise_high__T_300__density_sparse__seed_005,Video,-7.942208959945807e-07,2072.731646205478,-0.0016462054777548,2072.73,5,0.0,0.0,0.0,7.942208959945807e-07,7.942208959945807e-07,7.942208959945807e-07,medium,high,300,sparse
gamma_medium__noise_high__T_300__density_sparse__seed_005,Display,,0.0,0.0,0.0,5,0.0,0.6340689837186644,1.0,,,,medium,high,300,sparse
gamma_medium__noise_high__T_300__density_sparse__seed_005,Social,0.4220832106442992,570.8719836934547,416.9380163065453,987.81,5,0.2638187038174349,0.2623108326169234,1.0,-0.15826450682686433,-0.15977237802737582,0.5779167893557008,medium,high,300,sparse
gamma_medium__noise_high__T_300__density_sparse__seed_005,Search,8.232358219845775e-07,3542.687083530686,0.0029164693141865,3542.69,5,0.0,0.0,0.0,-8.232358219845775e-07,-8.232358219845775e-07,-8.232358219845775e-07,medium,high,300,sparse
gamma_medium__noise_high__T_300__density_sparse__seed_005,Affiliate,2.357457566839633e-06,1704.6359813835334,0.0040186164667375,1704.64,5,0.0,0.162411044555238,1.0,-2.357457566839633e-06,0.16240868709767117,0.9999976425424332,medium,high,300,sparse
gamma_medium__noise_high__T_80__density_dense__seed_001,TV,0.0822963976015237,346.1853299327772,31.0446700672228,377.23,1,0.2875769741453269,0.1514168565221933,0.0,0.20528057654380322,0.0691204589206696,-0.0822963976015237,medium,high,80,dense
gamma_medium__noise_high__T_80__density_dense__seed_001,Video,0.0970963005624867,252.65051317660496,27.169486823395037,279.82,1,0.3530514083358129,0.3330006754074538,,0.2559551077733262,0.23590437484496712,,medium,high,80,dense
gamma_medium__noise_high__T_80__density_dense__seed_001,Display,1.0,0.0,144.53,144.53,1,0.4101531540230281,0.3238024919802469,,-0.5898468459769719,-0.6761975080197531,,medium,high,80,dense
gamma_medium__noise_high__T_80__density_dense__seed_001,Social,0.3937395732683515,71.00522117881067,46.11477882118933,117.12,1,0.3647906819558943,0.3827161151039824,,-0.028948891312457203,-0.011023458164369115,,medium,high,80,dense
gamma_medium__noise_high__T_80__density_dense__seed_001,Search,7.439526143480259e-06,475.4164631004809,0.0035368995191333,475.42,1,0.0,0.0,,-7.439526143480259e-06,-7.439526143480259e-06,,medium,high,80,dense
gamma_medium__noise_high__T_80__density_dense__seed_001,Affiliate,-1.4595807511353297e-05,229.4333487161173,-0.0033487161173297,229.43,1,0.0,0.0,,1.4595807511353297e-05,1.4595807511353297e-05,,medium,high,80,dense
gamma_medium__noise_high__T_80__density_dense__seed_002,TV,0.0896860242516329,403.8516922010056,39.78830779899442,443.64,2,0.1362014639946328,0.1751981051678412,,0.04651543974299989,0.08551208091620831,,medium,high,80,dense
gamma_medium__noise_high__T_80__density_dense__seed_002,Video,0.0992491454117536,291.7712168182248,32.14878318177523,323.92,2,0.1873363597994932,0.1862684163951898,0.0,0.0880872143877396,0.08701927098343619,-0.0992491454117536,medium,high,80,dense
gamma_medium__noise_high__T_80__density_dense__seed_002,Display,1.0,0.0,169.07,169.07,2,0.2913303452462558,0.2202724314126582,,-0.7086696547537442,-0.7797275685873418,,medium,high,80,dense
gamma_medium__noise_high__T_80__density_dense__seed_002,Social,0.4103835481529631,81.85055584540567,56.96944415459433,138.82,2,0.3398473155184623,0.0,,-0.07053623263450076,-0.4103835481529631,,medium,high,80,dense
gamma_medium__noise_high__T_80__density_dense__seed_002,Search,7.133442050167756e-06,518.3463023803133,0.0036976196867044,518.35,2,0.0,0.0,,-7.133442050167756e-06,-7.133442050167756e-06,,medium,high,80,dense
gamma_medium__noise_high__T_80__density_dense__seed_002,Affiliate,-1.8513574262369724e-06,247.95045904407385,-0.0004590440738354,247.95,2,0.0,0.0,,1.8513574262369724e-06,1.8513574262369724e-06,,medium,high,80,dense
gamma_medium__noise_high__T_80__density_dense__seed_003,TV,0.0643742289160554,566.371704267955,38.96829573204502,605.34,3,0.3607144369220637,0.1824032234923842,,0.29634020800600824,0.11802899457632879,,medium,high,80,dense
gamma_medium__noise_high__T_80__density_dense__seed_003,Video,0.1099049336966633,422.4124156155745,52.15758438442555,474.57,3,0.0649303417190764,0.0,,-0.04497459197758691,-0.1099049336966633,,medium,high,80,dense
gamma_medium__noise_high__T_80__density_dense__seed_003,Display,1.0,0.0,171.18,171.18,3,0.5082017412116087,0.5297335553976116,,-0.49179825878839134,-0.4702664446023884,,medium,high,80,dense
gamma_medium__noise_high__T_80__density_dense__seed_003,Social,0.3771290548969092,101.47813437619554,61.441865623804446,162.92,3,0.1712883455715812,0.450192964838737,,-0.20584070932532797,0.07306390994182782,,medium,high,80,dense
gamma_medium__noise_high__T_80__density_dense__seed_003,Search,8.437235239640923e-06,636.4046304591211,0.0053695408788598,636.41,3,0.0,0.0,,-8.437235239640923e-06,-8.437235239640923e-06,,medium,high,80,dense
gamma_medium__noise_high__T_80__density_dense__seed_003,Affiliate,8.429061059222579e-07,303.66974403470283,0.0002559652971854,303.67,3,0.0,0.0,,-8.429061059222579e-07,-8.429061059222579e-07,,medium,high,80,dense
gamma_medium__noise_high__T_80__density_dense__seed_005,TV,0.0736253226981931,477.47203617489726,37.947963825102704,515.42,5,0.6211605040704509,0.4889180027776513,,0.5475351813722578,0.4152926800794582,,medium,high,80,dense
gamma_medium__noise_high__T_80__density_dense__seed_005,Video,0.1033119608333373,331.97184586028186,38.24815413971817,370.22,5,0.1426115397445129,0.0,,0.03929957891117561,-0.1033119608333373,,medium,high,80,dense
gamma_medium__noise_high__T_80__density_dense__seed_005,Display,1.0,0.0,138.51,138.51,5,0.2445808675441227,0.0,,-0.7554191324558773,-1.0,,medium,high,80,dense
gamma_medium__noise_high__T_80__density_dense__seed_005,Social,0.4212453351676083,89.91532472836037,65.44467527163964,155.36,5,0.2518010855092512,0.0,,-0.16944424965835714,-0.4212453351676083,,medium,high,80,dense
gamma_medium__noise_high__T_80__density_dense__seed_005,Search,1.6769989236495953e-06,581.7190244561862,0.0009755438138654,581.72,5,0.0,0.2680621869788596,0.0,-1.6769989236495953e-06,0.2680605099799359,-1.6769989236495953e-06,medium,high,80,dense
gamma_medium__noise_high__T_80__density_dense__seed_005,Affiliate,-1.450082977825075e-05,281.2840787934,-0.0040787934000263,281.28,5,0.0,0.0,,1.450082977825075e-05,1.450082977825075e-05,,medium,high,80,dense
gamma_medium__noise_high__T_80__density_medium__seed_001,TV,0.0631704337980352,351.20803607345454,23.68196392654545,374.89,1,0.1498376500862485,0.146558081925099,0.0,0.08666721628821329,0.0833876481270638,-0.0631704337980352,medium,high,80,medium
gamma_medium__noise_high__T_80__density_medium__seed_001,Video,0.097096727475977,256.31618100411964,27.563818995880357,283.88,1,0.3364888908695309,0.3341369732870552,0.0,0.23939216339355388,0.23704024581107822,-0.097096727475977,medium,high,80,medium
gamma_medium__noise_high__T_80__density_medium__seed_001,Display,1.0,0.0,36.11,36.11,1,0.3125842557323293,0.310546399472494,,-0.6874157442676707,-0.689453600527506,,medium,high,80,medium
gamma_medium__noise_high__T_80__density_medium__seed_001,Social,0.4029384328293905,72.15489039256815,48.695109607431846,120.85,1,0.329995752117059,0.3233028791513286,,-0.07294268071233151,-0.07963555367806191,,medium,high,80,medium
gamma_medium__noise_high__T_80__density_medium__seed_001,Search,-3.052933242294279e-07,482.9001474261463,-0.0001474261462703,482.9,1,0.0,0.0,,3.052933242294279e-07,3.052933242294279e-07,,medium,high,80,medium
gamma_medium__noise_high__T_80__density_medium__seed_001,Affiliate,-9.394210287333638e-06,232.76218659638647,-0.0021865963864797,232.76,1,0.0,0.0,,9.394210287333638e-06,9.394210287333638e-06,,medium,high,80,medium
gamma_medium__noise_high__T_80__density_medium__seed_002,TV,0.0671858376363141,407.1827100133725,29.32728998662748,436.51,2,0.0784342809588902,0.1271835553720353,,0.011248443322576102,0.0599977177357212,,medium,high,80,medium
gamma_medium__noise_high__T_80__density_medium__seed_002,Video,0.0986095141492806,294.1777989622408,32.18220103775923,326.36,2,0.2059564227207612,0.2091543919087579,0.0,0.1073469085714806,0.1105448777594773,-0.0986095141492806,medium,high,80,medium
gamma_medium__noise_high__T_80__density_medium__seed_002,Display,1.0,0.0,47.08,47.08,2,0.1634663220980571,0.0,,-0.8365336779019429,-1.0,,medium,high,80,medium
gamma_medium__noise_high__T_80__density_medium__seed_002,Social,0.4139830324566613,82.8627992106281,58.53720078937191,141.4,2,0.3315505989644968,0.3432651840832452,,-0.0824324334921645,-0.0707178483734161,,medium,high,80,medium
gamma_medium__noise_high__T_80__density_medium__seed_002,Search,3.596150788440808e-07,523.9598115760833,0.0001884239167111,523.96,2,0.0,0.0,,-3.596150788440808e-07,-3.596150788440808e-07,,medium,high,80,medium
gamma_medium__noise_high__T_80__density_medium__seed_002,Affiliate,1.7034138503277064e-05,249.99574146537415,0.0042585346258192,250.0,2,0.0,0.0,,-1.7034138503277064e-05,-1.7034138503277064e-05,,medium,high,80,medium
gamma_medium__noise_high__T_80__density_medium__seed_003,TV,0.0492011979075262,577.6102722711778,29.88972772882221,607.5,3,0.1760786739099528,0.0,,0.1268774760024266,-0.0492011979075262,,medium,high,80,medium
gamma_medium__noise_high__T_80__density_medium__seed_003,Video,0.1097627530217841,430.7947061852285,53.115293814771576,483.91,3,0.0911381807027579,0.0,,-0.0186245723190262,-0.1097627530217841,,medium,high,80,medium
gamma_medium__noise_high__T_80__density_medium__seed_003,Display,1.0,0.0,49.39,49.39,3,0.4373522572312238,0.3213977917862644,,-0.5626477427687762,-0.6786022082137356,,medium,high,80,medium
gamma_medium__noise_high__T_80__density_medium__seed_003,Social,0.3924979478780269,104.6240034164462,67.5959965835538,172.22,3,0.244631048477289,0.0,,-0.14786689940073788,-0.3924979478780269,,medium,high,80,medium
gamma_medium__noise_high__T_80__density_medium__seed_003,Search,-2.2634953152550336e-06,650.5614725395122,-0.0014725395122923,650.56,3,0.0,0.4264667561501814,,2.2634953152550336e-06,0.42646901964549666,,medium,high,80,medium
gamma_medium__noise_high__T_80__density_medium__seed_003,Affiliate,1.4893288003887736e-05,309.6953875487052,0.004612451294804,309.7,3,0.0,0.0,,-1.4893288003887736e-05,-1.4893288003887736e-05,,medium,high,80,medium
gamma_medium__noise_high__T_80__density_medium__seed_004,TV,0.0555698399425962,386.2624911618776,22.727508838122446,408.99,4,0.1860185684234835,0.0,,0.1304487284808873,-0.0555698399425962,,medium,high,80,medium
gamma_medium__noise_high__T_80__density_medium__seed_004,Video,0.1113635631589795,305.8242297388372,38.3257702611628,344.15,4,0.0673547099300915,0.0,,-0.04400885322888799,-0.1113635631589795,,medium,high,80,medium
gamma_medium__noise_high__T_80__density_medium__seed_004,Display,1.0,0.0,43.4,43.4,4,0.163191598284008,0.1533384040005297,1.0,-0.836808401715992,-0.8466615959994703,0.0,medium,high,80,medium
gamma_medium__noise_high__T_80__density_medium__seed_004,Social,0.440781016542183,77.84328249732812,61.35671750267187,139.2,4,0.2257266944455935,0.1740361124007819,1.0,-0.21505432209658948,-0.26674490414140106,0.559218983457817,medium,high,80,medium
gamma_medium__noise_high__T_80__density_medium__seed_004,Search,1.0519354458922245e-05,496.5247768249305,0.0052231750694886,496.53,4,0.0,0.0,0.0,-1.0519354458922245e-05,-1.0519354458922245e-05,-1.0519354458922245e-05,medium,high,80,medium
gamma_medium__noise_high__T_80__density_medium__seed_004,Affiliate,5.575288593886413e-06,235.3286879673352,0.0013120326647992,235.33,4,0.0,0.0,,-5.575288593886413e-06,-5.575288593886413e-06,,medium,high,80,medium
gamma_medium__noise_high__T_80__density_medium__seed_005,TV,0.0562784518226382,479.6747885075894,28.605211492410547,508.28,5,0.2756960883227632,0.4080378466073261,,0.21941763650012502,0.35175939478468793,,medium,high,80,medium
gamma_medium__noise_high__T_80__density_medium__seed_005,Video,0.1036547353007769,333.5031826366399,38.56681736336009,372.07,5,0.1270522028596374,0.0,,0.02339746755886049,-0.1036547353007769,,medium,high,80,medium
gamma_medium__noise_high__T_80__density_medium__seed_005,Display,1.0,0.0,38.67,38.67,5,0.2010248880503679,0.0,,-0.7989751119496321,-1.0,,medium,high,80,medium
gamma_medium__noise_high__T_80__density_medium__seed_005,Social,0.4347341994669687,91.39782728818584,70.29217271181416,161.69,5,0.1935714560414017,0.0,,-0.24116274342556698,-0.4347341994669687,,medium,high,80,medium
gamma_medium__noise_high__T_80__density_medium__seed_005,Search,1.8202387490249464e-06,585.8489336131289,0.0010663868711162,585.85,5,0.0,0.4046096753640573,,-1.8202387490249464e-06,0.4046078551253083,,medium,high,80,medium
gamma_medium__noise_high__T_80__density_medium__seed_005,Affiliate,-6.172294349061656e-06,282.58174416693714,-0.0017441669371578,282.58,5,0.0,0.0,,6.172294349061656e-06,6.172294349061656e-06,,medium,high,80,medium
gamma_medium__noise_high__T_80__density_sparse__seed_001,TV,0.0642000024340901,357.4475250702506,24.52247492974942,381.97,1,0.1747346634479587,0.2058667484892652,0.0,0.11053466101386861,0.1416667460551751,-0.0642000024340901,medium,high,80,sparse
gamma_medium__noise_high__T_80__density_sparse__seed_001,Video,9.070432000657314e-07,260.8697633796404,0.0002366203596011,260.87,1,0.0,0.0,,-9.070432000657314e-07,-9.070432000657314e-07,,medium,high,80,sparse
gamma_medium__noise_high__T_80__density_sparse__seed_001,Display,,0.0,0.0,0.0,1,0.0,0.0,,,,,medium,high,80,sparse
gamma_medium__noise_high__T_80__density_sparse__seed_001,Social,0.412965228014135,73.7374377091445,51.8725622908555,125.61,1,0.360639447679544,0.4092493105294522,,-0.05232578033459101,-0.003715917484682807,,medium,high,80,sparse
gamma_medium__noise_high__T_80__density_sparse__seed_001,Search,-2.380737156568239e-06,493.68117532231946,-0.0011753223194546,493.68,1,0.0,0.2199715958394291,,2.380737156568239e-06,0.21997397657658568,,medium,high,80,sparse
gamma_medium__noise_high__T_80__density_sparse__seed_001,Affiliate,1.100816149574378e-05,236.8973921665417,0.0026078334583417,236.9,1,0.0,0.0,,-1.100816149574378e-05,-1.100816149574378e-05,,medium,high,80,sparse
gamma_medium__noise_high__T_80__density_sparse__seed_002,TV,0.0684599098230849,415.59729583152887,30.54270416847112,446.14,2,0.0759713398477237,0.0540729318101471,,0.0075114300246387905,-0.014386978012937805,,medium,high,80,sparse
gamma_medium__noise_high__T_80__density_sparse__seed_002,Video,-2.4251334408009908e-05,300.257281463156,-0.0072814631560049,300.25,2,0.0,0.1651180394820789,0.0,2.4251334408009908e-05,0.1651422908164869,2.4251334408009908e-05,medium,high,80,sparse
gamma_medium__noise_high__T_80__density_sparse__seed_002,Display,,0.0,0.0,0.0,2,0.0,0.0,,,,,medium,high,80,sparse
gamma_medium__noise_high__T_80__density_sparse__seed_002,Social,0.4167125780324228,84.37835846182972,60.28164153817028,144.66,2,0.3195483559534033,0.3664997684748958,,-0.09716422207901948,-0.050212809557526994,,medium,high,80,sparse
gamma_medium__noise_high__T_80__density_sparse__seed_002,Search,7.009746391296559e-06,536.2362410935951,0.0037589064048688,536.24,2,0.0,0.0,,-7.009746391296559e-06,-7.009746391296559e-06,,medium,high,80,sparse
gamma_medium__noise_high__T_80__density_sparse__seed_002,Affiliate,-7.4158092014763315e-06,255.16189221787585,-0.0018922178758487,255.16,2,0.0,0.0,,7.4158092014763315e-06,7.4158092014763315e-06,,medium,high,80,sparse
gamma_medium__noise_high__T_80__density_sparse__seed_003,TV,0.0488541172312636,587.903270139356,30.19672986064404,618.1,3,0.2321642902436677,0.432000493457593,,0.1833101730124041,0.3831463762263294,,medium,high,80,sparse
gamma_medium__noise_high__T_80__density_sparse__seed_003,Video,-2.681808325844342e-06,438.4711758924967,-0.0011758924966329,438.47,3,0.0,0.371754935976558,,2.681808325844342e-06,0.37175761778488386,,medium,high,80,sparse
gamma_medium__noise_high__T_80__density_sparse__seed_003,Display,,0.0,0.0,0.0,3,0.0,0.1514201721360033,,,,,medium,high,80,sparse
gamma_medium__noise_high__T_80__density_sparse__seed_003,Social,0.3981312623924457,107.16874741840113,70.89125258159889,178.06,3,0.2183312389188587,0.2132866740302876,,-0.17980002347358698,-0.18484458836215809,,medium,high,80,sparse
gamma_medium__noise_high__T_80__density_sparse__seed_003,Search,6.323798135851944e-06,663.5158040334609,0.0041959665391004,663.52,3,0.0,0.0,,-6.323798135851944e-06,-6.323798135851944e-06,,medium,high,80,sparse
gamma_medium__noise_high__T_80__density_sparse__seed_003,Affiliate,-1.3668591689098142e-05,315.2143084767863,-0.0043084767863206,315.21,3,0.0,0.0,,1.3668591689098142e-05,1.3668591689098142e-05,,medium,high,80,sparse
gamma_medium__noise_high__T_80__density_sparse__seed_004,TV,0.0580470111113491,396.19484665645547,24.415153343544542,420.61,4,0.150617415464116,0.157561220395683,1.0,0.0925704043527669,0.09951420928433388,0.9419529888886509,medium,high,80,sparse
gamma_medium__noise_high__T_80__density_sparse__seed_004,Video,5.6267405847471785e-06,313.688234947746,0.0017650522540293,313.69,4,0.0,0.0,,-5.6267405847471785e-06,-5.6267405847471785e-06,,medium,high,80,sparse
gamma_medium__noise_high__T_80__density_sparse__seed_004,Display,,0.0,0.0,0.0,4,0.0,0.0,,,,,medium,high,80,sparse
gamma_medium__noise_high__T_80__density_sparse__seed_004,Social,0.4452410142914786,80.27917282188014,64.43082717811987,144.71,4,0.2175249767360714,0.2243659672714582,1.0,-0.2277160375554072,-0.22087504702002042,0.5547589857085213,medium,high,80,sparse
gamma_medium__noise_high__T_80__density_sparse__seed_004,Search,4.28405684619507e-06,510.9478110611544,0.0021889388455633,510.95,4,0.0,0.0,0.0,-4.28405684619507e-06,-4.28405684619507e-06,-4.28405684619507e-06,medium,high,80,sparse
gamma_medium__noise_high__T_80__density_sparse__seed_004,Affiliate,1.1553367395965672e-06,241.3797211248178,0.0002788751822038,241.38,4,0.0,0.0,,-1.1553367395965672e-06,-1.1553367395965672e-06,,medium,high,80,sparse
gamma_medium__noise_high__T_80__density_sparse__seed_005,TV,0.0552976423726215,486.72010167320167,28.489898326798368,515.21,5,0.279524463675923,0.0,,0.2242268213033015,-0.0552976423726215,,medium,high,80,sparse
gamma_medium__noise_high__T_80__density_sparse__seed_005,Video,-5.104625726622666e-06,338.40172740534587,-0.0017274053458891,338.4,5,0.0,0.0,,5.104625726622666e-06,5.104625726622666e-06,,medium,high,80,sparse
gamma_medium__noise_high__T_80__density_sparse__seed_005,Display,,0.0,0.0,0.0,5,0.0,0.0,,,,,medium,high,80,sparse
gamma_medium__noise_high__T_80__density_sparse__seed_005,Social,0.4325776084461859,92.62035697332908,70.60964302667092,163.23,5,0.2414165404819982,0.0,,-0.19116106796418772,-0.4325776084461859,,medium,high,80,sparse
gamma_medium__noise_high__T_80__density_sparse__seed_005,Search,-1.5980247765837105e-07,592.6800947117324,-9.471173245856336e-05,592.68,5,0.0,0.3818104951426617,0.0,1.5980247765837105e-07,0.3818106549451393,1.5980247765837105e-07,medium,high,80,sparse
gamma_medium__noise_high__T_80__density_sparse__seed_005,Affiliate,-7.17219772374841e-06,286.7320564842533,-0.0020564842533303,286.73,5,0.0,0.0,,7.17219772374841e-06,7.17219772374841e-06,,medium,high,80,sparse
gamma_medium__noise_low__T_156__density_dense__seed_001,TV,0.0691466087048521,1150.478940437325,85.46105956267502,1235.94,1,0.1623345501261885,0.1039366712286963,0.0,0.09318794142133639,0.0347900625238442,-0.0691466087048521,medium,low,156,dense
gamma_medium__noise_low__T_156__density_dense__seed_001,Video,0.1078266794321873,764.4230227957075,92.3869772042924,856.81,1,0.0497898889364027,0.0,,-0.05803679049578459,-0.1078266794321873,,medium,low,156,dense
gamma_medium__noise_low__T_156__density_dense__seed_001,Display,1.0,0.0,420.09,420.09,1,0.6800517278931976,0.6772875731938205,,-0.31994827210680243,-0.3227124268061795,,medium,low,156,dense
gamma_medium__noise_low__T_156__density_dense__seed_001,Social,0.4151296119088505,219.41412609239472,155.73587390760525,375.15,1,0.2019262751345208,0.0,,-0.2132033367743297,-0.4151296119088505,,medium,low,156,dense
gamma_medium__noise_low__T_156__density_dense__seed_001,Search,-4.095765121865784e-06,1407.1757634378066,-0.0057634378065358,1407.17,1,0.0,0.0,,4.095765121865784e-06,4.095765121865784e-06,,medium,low,156,dense
gamma_medium__noise_low__T_156__density_dense__seed_001,Affiliate,-6.579205400755789e-06,668.3243970145535,-0.0043970145534331,668.32,1,0.0,0.6126077987974357,0.0,6.579205400755789e-06,0.6126143780028364,6.579205400755789e-06,medium,low,156,dense
gamma_medium__noise_low__T_156__density_dense__seed_002,TV,0.0733728322551128,1321.676128169565,104.65387183043504,1426.33,2,0.2082672602067828,0.0933022779812407,0.0,0.13489442795167,0.019929445726127898,-0.0733728322551128,medium,low,156,dense
gamma_medium__noise_low__T_156__density_dense__seed_002,Video,0.0919597811163205,1071.796191957162,108.54380804283778,1180.34,2,0.1319521269943455,0.0,,0.039992345878025,-0.0919597811163205,,medium,low,156,dense
gamma_medium__noise_low__T_156__density_dense__seed_002,Display,1.0,0.0,450.78,450.78,2,0.5559603670574633,0.0,,-0.4440396329425367,-1.0,,medium,low,156,dense
gamma_medium__noise_low__T_156__density_dense__seed_002,Social,0.4153108975754213,255.93596080431087,181.79403919568915,437.73,2,0.4161279735720447,0.432658476394794,,0.0008170759966233954,0.01734757881937271,,medium,low,156,dense
gamma_medium__noise_low__T_156__density_dense__seed_002,Search,1.01209279757159e-06,1648.8283312310325,0.0016687689674199,1648.83,2,0.0,0.0,,-1.01209279757159e-06,-1.01209279757159e-06,,medium,low,156,dense
gamma_medium__noise_low__T_156__density_dense__seed_002,Affiliate,-4.2130649058082105e-06,786.5033135755484,-0.0033135755484181,786.5,2,0.0,0.0,,4.2130649058082105e-06,4.2130649058082105e-06,,medium,low,156,dense
gamma_medium__noise_low__T_156__density_dense__seed_003,TV,0.0643396096509809,1623.408203671162,111.63179632883794,1735.04,3,0.0780558417461892,0.0,,0.013716232095208294,-0.0643396096509809,,medium,low,156,dense
gamma_medium__noise_low__T_156__density_dense__seed_003,Video,0.1090077095056944,1021.2375435187632,124.94245648123685,1146.18,3,0.0913911826049902,0.0,,-0.0176165269007042,-0.1090077095056944,,medium,low,156,dense
gamma_medium__noise_low__T_156__density_dense__seed_003,Display,1.0,0.0,588.31,588.31,3,0.5192370540570622,0.411338216830324,1.0,-0.4807629459429378,-0.588661783169676,0.0,medium,low,156,dense
gamma_medium__noise_low__T_156__density_dense__seed_003,Social,0.4282044682765968,270.8652613326933,202.84473866730667,473.71,3,0.4543292888138004,0.0,,0.026124820537203608,-0.4282044682765968,,medium,low,156,dense
gamma_medium__noise_low__T_156__density_dense__seed_003,Search,7.486778941915493e-07,1755.6986855462212,0.0013144537788321,1755.7,3,0.0,0.0,0.0,-7.486778941915493e-07,-7.486778941915493e-07,-7.486778941915493e-07,medium,low,156,dense
gamma_medium__noise_low__T_156__density_dense__seed_003,Affiliate,3.5425079586621924e-06,834.5970434228577,0.0029565771422994,834.6,3,0.0,0.0,,-3.5425079586621924e-06,-3.5425079586621924e-06,,medium,low,156,dense
gamma_medium__noise_low__T_156__density_dense__seed_004,TV,0.078619815446005,1060.7757926751688,90.5142073248312,1151.29,4,0.1558721644262297,0.1523835729167906,0.1247836010419768,0.07725234898022469,0.0737637574707856,0.0461637855959718,medium,low,156,dense
gamma_medium__noise_low__T_156__density_dense__seed_004,Video,0.1033278228702581,726.7527995636558,83.7472004363442,810.5,4,0.1565338561867582,0.1831044030201483,1.0,0.05320603331650009,0.0797765801498902,0.8966721771297419,medium,low,156,dense
gamma_medium__noise_low__T_156__density_dense__seed_004,Display,1.0,0.0,351.46,351.46,4,0.5582387196142755,0.3443424993282787,1.0,-0.4417612803857245,-0.6556575006717213,0.0,medium,low,156,dense
gamma_medium__noise_low__T_156__density_dense__seed_004,Social,0.407997375421807,206.94043744755317,142.6195625524469,349.56,4,0.4377714974482163,0.4581270549775217,1.0,0.029774122026409333,0.050129679555714735,0.5920026245781931,medium,low,156,dense
gamma_medium__noise_low__T_156__density_dense__seed_004,Search,4.151593584321827e-06,1329.9144787126604,0.0055212873396612,1329.92,4,0.0,0.0,0.0,-4.151593584321827e-06,-4.151593584321827e-06,-4.151593584321827e-06,medium,low,156,dense
gamma_medium__noise_low__T_156__density_dense__seed_004,Affiliate,-4.288469381012103e-06,639.3427417900141,-0.0027417900140562,639.34,4,0.0,0.0,,4.288469381012103e-06,4.288469381012103e-06,,medium,low,156,dense
gamma_medium__noise_low__T_156__density_dense__seed_005,TV,0.0673155472208437,1243.2030876429208,89.7269123570793,1332.93,5,0.1858963908063572,,0.0,0.1185808435855135,,-0.0673155472208437,medium,low,156,dense
gamma_medium__noise_low__T_156__density_dense__seed_005,Video,0.0956989239773937,825.7173125162418,87.38268748375822,913.1,5,0.1105426929978265,,1.0,0.014843769020432801,,0.9043010760226063,medium,low,156,dense
gamma_medium__noise_low__T_156__density_dense__seed_005,Display,1.0,0.0,386.95,386.95,5,0.4282259645996881,,1.0,-0.5717740354003119,,0.0,medium,low,156,dense
gamma_medium__noise_low__T_156__density_dense__seed_005,Social,0.4251125877836579,239.96375473322337,177.44624526677666,417.41,5,0.3176763800819275,,1.0,-0.1074362077017304,,0.5748874122163421,medium,low,156,dense
gamma_medium__noise_low__T_156__density_dense__seed_005,Search,7.475069799324644e-07,1468.2289024878269,0.0010975121731462,1468.23,5,0.0,,0.2780764396658939,-7.475069799324644e-07,,0.278075692158914,medium,low,156,dense
gamma_medium__noise_low__T_156__density_dense__seed_005,Affiliate,-1.2675850427215624e-07,705.0700893736187,-8.937361860716919e-05,705.07,5,0.0,,0.0,1.2675850427215624e-07,,1.2675850427215624e-07,medium,low,156,dense
gamma_medium__noise_low__T_156__density_medium__seed_001,TV,0.0525225160196177,1169.2440638808305,64.81593611916946,1234.06,1,0.112687740678662,0.1201317631142882,0.108333183587918,0.060165224659044295,0.0676092470946705,0.055810667568300304,medium,low,156,medium
gamma_medium__noise_low__T_156__density_medium__seed_001,Video,0.1075448836381003,776.8911033441973,93.6188966558027,870.51,1,0.0571439374930491,0.0,,-0.0504009461450512,-0.1075448836381003,,medium,low,156,medium
gamma_medium__noise_low__T_156__density_medium__seed_001,Display,1.0,0.0,117.68,117.68,1,0.4448421528165943,0.3419007903579776,,-0.5551578471834058,-0.6580992096420224,,medium,low,156,medium
gamma_medium__noise_low__T_156__density_medium__seed_001,Social,0.423957925401942,223.3891165291269,164.4108834708731,387.8,1,0.2793704894633784,0.0,,-0.1445874359385636,-0.423957925401942,,medium,low,156,medium
gamma_medium__noise_low__T_156__density_medium__seed_001,Search,3.1618687075551177e-06,1435.4054614220386,0.0045385779615116,1435.41,1,0.0,0.0,0.0,-3.1618687075551177e-06,-3.1618687075551177e-06,-3.1618687075551177e-06,medium,low,156,medium
gamma_medium__noise_low__T_156__density_medium__seed_001,Affiliate,-8.01796625116813e-06,679.2254459630371,-0.0054459630371184,679.22,1,0.0,0.620554641310413,0.0,8.01796625116813e-06,0.6205626592766642,8.01796625116813e-06,medium,low,156,medium
gamma_medium__noise_low__T_156__density_medium__seed_002,TV,0.0558674530014376,1327.7524834950182,78.56751650498177,1406.32,2,0.1496343325843732,0.1402907648539321,0.0,0.0937668795829356,0.0844233118524945,-0.0558674530014376,medium,low,156,medium
gamma_medium__noise_low__T_156__density_medium__seed_002,Video,0.091939568626426,1076.7235758969016,109.01642410309842,1185.74,2,0.1459285181019041,0.0,,0.05398894947547811,-0.091939568626426,,medium,low,156,medium
gamma_medium__noise_low__T_156__density_medium__seed_002,Display,1.0,0.0,125.9,125.9,2,0.0954154314699864,0.0,,-0.9045845685300136,-1.0,,medium,low,156,medium
gamma_medium__noise_low__T_156__density_medium__seed_002,Social,0.4245083834565589,259.05179627086454,191.08820372913544,450.14,2,0.4855731317678006,0.4764383694151808,,0.0610647483112417,0.051929985958621916,,medium,low,156,medium
gamma_medium__noise_low__T_156__density_medium__seed_002,Search,7.97127814144287e-07,1659.9686767917424,0.001323208257645,1659.97,2,0.0,0.0,,-7.97127814144287e-07,-7.97127814144287e-07,,medium,low,156,medium
gamma_medium__noise_low__T_156__density_medium__seed_002,Affiliate,5.726409306699951e-07,790.1195475449479,0.0004524550521409,790.12,2,0.0,0.0,,-5.726409306699951e-07,-5.726409306699951e-07,,medium,low,156,medium
gamma_medium__noise_low__T_156__density_medium__seed_003,TV,0.0484052822683179,1642.205068178273,83.53493182172701,1725.74,3,0.0538313000299129,0.0,,0.005426017761595001,-0.0484052822683179,,medium,low,156,medium
gamma_medium__noise_low__T_156__density_medium__seed_003,Video,0.1087761226169214,1033.0621574685956,126.08784253140448,1159.15,3,0.0900290252306895,0.0,,-0.018747097386231912,-0.1087761226169214,,medium,low,156,medium
gamma_medium__noise_low__T_156__density_medium__seed_003,Display,1.0,0.0,159.24,159.24,3,0.2075116220002512,0.0,,-0.7924883779997488,-1.0,,medium,low,156,medium
gamma_medium__noise_low__T_156__density_medium__seed_003,Social,0.4278777904947867,274.93332777773026,205.61667222226976,480.55,3,0.45971891619193,0.0,,0.03184112569714331,-0.4278777904947867,,medium,low,156,medium
gamma_medium__noise_low__T_156__density_medium__seed_003,Search,-1.580545470568785e-06,1777.7128097514883,-0.0028097514884848,1777.71,3,0.0,0.0,0.0,1.580545470568785e-06,1.580545470568785e-06,1.580545470568785e-06,medium,low,156,medium
gamma_medium__noise_low__T_156__density_medium__seed_003,Affiliate,-7.709371481712352e-07,844.2606508713967,-0.000650871396715,844.26,3,0.0,0.0,,7.709371481712352e-07,7.709371481712352e-07,,medium,low,156,medium
gamma_medium__noise_low__T_156__density_medium__seed_004,TV,0.0599261527936992,1085.146043307177,69.17395669282291,1154.32,4,0.122440192584427,0.1241927940754053,0.137588178389555,0.0625140397907278,0.0642666412817061,0.0776620255958558,medium,low,156,medium
gamma_medium__noise_low__T_156__density_medium__seed_004,Video,0.1051945882371066,743.4490763632,87.40092363680003,830.85,4,0.1522762432817153,0.1565323071802391,1.0,0.04708165504460869,0.05133771894313251,0.8948054117628934,medium,low,156,medium
gamma_medium__noise_low__T_156__density_medium__seed_004,Display,1.0,0.0,98.52,98.52,4,0.3078565365854356,0.309737588250526,1.0,-0.6921434634145645,-0.690262411749474,0.0,medium,low,156,medium
gamma_medium__noise_low__T_156__density_medium__seed_004,Social,0.4135368484032422,213.64852612669887,150.65147387330114,364.3,4,0.4279939096703347,0.432365691657721,1.0,0.014457061267092508,0.01882884325447881,0.5864631515967578,medium,low,156,medium
gamma_medium__noise_low__T_156__density_medium__seed_004,Search,-3.0093919340253645e-06,1366.0541109798514,-0.0041109798514753,1366.05,4,0.0,0.0,0.0,3.0093919340253645e-06,3.0093919340253645e-06,3.0093919340253645e-06,medium,low,156,medium
gamma_medium__noise_low__T_156__density_medium__seed_004,Affiliate,-2.00053166919898e-06,654.0313084077276,-0.0013084077276062,654.03,4,0.0,0.0,,2.00053166919898e-06,2.00053166919898e-06,,medium,low,156,medium
gamma_medium__noise_low__T_156__density_medium__seed_005,TV,0.0484445203223546,1280.1941956939136,65.17580430608632,1345.37,5,0.1401018351536849,0.0,0.0,0.0916573148313303,-0.0484445203223546,-0.0484445203223546,medium,low,156,medium
gamma_medium__noise_low__T_156__density_medium__seed_005,Video,0.0964880507122206,850.2860603552363,90.80393964476376,941.09,5,0.1248631831899624,0.0,,0.028375132477741802,-0.0964880507122206,,medium,low,156,medium
gamma_medium__noise_low__T_156__density_medium__seed_005,Display,1.0,0.0,122.43,122.43,5,0.192382120644376,0.2499753668001009,1.0,-0.807617879355624,-0.7500246331998991,0.0,medium,low,156,medium
gamma_medium__noise_low__T_156__density_medium__seed_005,Social,0.4329079028201699,248.14248896297823,189.42751103702176,437.57,5,0.3770489974188215,0.5137898050238117,1.0,-0.05585890540134841,0.08088190220364178,0.5670920971798301,medium,low,156,medium
gamma_medium__noise_low__T_156__density_medium__seed_005,Search,-9.4547448948853e-07,1514.9414323371232,-0.0014323371231057,1514.94,5,0.0,0.3633684399051082,0.2982169686749173,9.4547448948853e-07,0.3633693853795977,0.2982179141494068,medium,low,156,medium
gamma_medium__noise_low__T_156__density_medium__seed_005,Affiliate,1.5125209495230803e-06,726.0489018341646,0.0010981658354012,726.05,5,0.0,0.0,0.0,-1.5125209495230803e-06,-1.5125209495230803e-06,-1.5125209495230803e-06,medium,low,156,medium
gamma_medium__noise_low__T_156__density_sparse__seed_001,TV,0.0520711814004508,1204.817528440027,66.18247155997301,1271.0,1,0.1012770771350029,0.1113928730551739,0.0557871994473576,0.049205895734552106,0.0593216916547231,0.0037160180469067994,medium,low,156,sparse
gamma_medium__noise_low__T_156__density_sparse__seed_001,Video,3.1330854392572544e-06,800.5274918711133,0.0025081288866886,800.53,1,0.0,0.0,,-3.1330854392572544e-06,-3.1330854392572544e-06,,medium,low,156,sparse
gamma_medium__noise_low__T_156__density_sparse__seed_001,Display,,0.0,0.0,0.0,1,0.0,0.0,,,,,medium,low,156,sparse
gamma_medium__noise_low__T_156__density_sparse__seed_001,Social,0.4229968301707105,231.63215249626995,169.80784750373004,401.44,1,0.2644329712106945,0.0,,-0.158563858960016,-0.4229968301707105,,medium,low,156,sparse
gamma_medium__noise_low__T_156__density_sparse__seed_001,Search,2.443879856842777e-06,1477.556389020879,0.0036109791212766,1477.56,1,0.0,0.0,0.0,-2.443879856842777e-06,-2.443879856842777e-06,-2.443879856842777e-06,medium,low,156,sparse
gamma_medium__noise_low__T_156__density_sparse__seed_001,Affiliate,1.516967365735886e-07,699.889893828971,0.0001061710289604,699.89,1,0.0,0.5975698749242787,0.0,-1.516967365735886e-07,0.5975697232275421,-1.516967365735886e-07,medium,low,156,sparse
gamma_medium__noise_low__T_156__density_sparse__seed_002,TV,0.0549085861655268,1344.420888921953,78.10911107804691,1422.53,2,0.1445364036654725,0.1464127956292571,0.0,0.0896278174999457,0.09150420946373031,-0.0549085861655268,medium,low,156,sparse
gamma_medium__noise_low__T_156__density_sparse__seed_002,Video,-7.286046067622988e-07,1090.2407943538865,-0.0007943538864765,1090.24,2,0.0,0.0,,7.286046067622988e-07,7.286046067622988e-07,,medium,low,156,sparse
gamma_medium__noise_low__T_156__density_sparse__seed_002,Display,,0.0,0.0,0.0,2,0.0,0.0663698219322285,,,,,medium,low,156,sparse
gamma_medium__noise_low__T_156__density_sparse__seed_002,Social,0.4176319840811527,261.6055364309054,187.6044635690946,449.21,2,0.437777435131409,0.4109945778273134,,0.02014545105025628,-0.006637406253839295,,medium,low,156,sparse
gamma_medium__noise_low__T_156__density_sparse__seed_002,Search,1.9096496893404404e-06,1679.5667926096712,0.0032073903287255,1679.57,2,0.0,0.0,,-1.9096496893404404e-06,-1.9096496893404404e-06,,medium,low,156,sparse
gamma_medium__noise_low__T_156__density_sparse__seed_002,Affiliate,1.7676387286389471e-06,800.0385858183115,0.0014141816884603,800.04,2,0.0,0.0,,-1.7676387286389471e-06,-1.7676387286389471e-06,,medium,low,156,sparse
gamma_medium__noise_low__T_156__density_sparse__seed_003,TV,0.0478554670628179,1677.5548882460328,84.31511175396713,1761.87,3,0.0499860457478687,0.0,,0.002130578685050795,-0.0478554670628179,,medium,low,156,sparse
gamma_medium__noise_low__T_156__density_sparse__seed_003,Video,5.11842609416241e-07,1055.2994598524942,0.0005401475057169,1055.3,3,0.0,0.0,,-5.11842609416241e-07,-5.11842609416241e-07,,medium,low,156,sparse
gamma_medium__noise_low__T_156__density_sparse__seed_003,Display,,0.0,0.0,0.0,3,0.0,0.0,,,,,medium,low,156,sparse
gamma_medium__noise_low__T_156__density_sparse__seed_003,Social,0.4258692364684848,281.05997397921794,208.48002602078208,489.54,3,0.3991937133408882,0.0,,-0.02667552312759658,-0.4258692364684848,,medium,low,156,sparse
gamma_medium__noise_low__T_156__density_sparse__seed_003,Search,2.202000448381179e-06,1815.366002554446,0.0039974455539777,1815.37,3,0.0,0.1244826156270419,0.0,-2.202000448381179e-06,0.12448041362659351,-2.202000448381179e-06,medium,low,156,sparse
gamma_medium__noise_low__T_156__density_sparse__seed_003,Affiliate,7.253653635459607e-06,862.4337441589587,0.0062558410413657,862.44,3,0.0,0.0,,-7.253653635459607e-06,-7.253653635459607e-06,,medium,low,156,sparse
gamma_medium__noise_low__T_156__density_sparse__seed_004,TV,0.0607224080468354,1114.208650678522,72.03134932147805,1186.24,4,0.1141097863485915,0.1121130985397679,0.0649330068814487,0.05338737830175609,0.0513906904929325,0.004210598834613291,medium,low,156,sparse
gamma_medium__noise_low__T_156__density_sparse__seed_004,Video,-1.3386562574269305e-05,763.3602186325411,-0.0102186325410684,763.35,4,0.0,0.0,,1.3386562574269305e-05,1.3386562574269305e-05,,medium,low,156,sparse
gamma_medium__noise_low__T_156__density_sparse__seed_004,Display,,0.0,0.0,0.0,4,0.0,0.1566030256428361,1.0,,,,medium,low,156,sparse
gamma_medium__noise_low__T_156__density_sparse__seed_004,Social,0.4158170144172317,219.78132283594908,156.43867716405094,376.22,4,0.4122950354013693,0.4126176040437415,1.0,-0.0035219790158623754,-0.003199410373490197,0.5841829855827683,medium,low,156,sparse
gamma_medium__noise_low__T_156__density_sparse__seed_004,Search,-1.040877638347102e-06,1405.621463078426,-0.0014630784260134,1405.62,4,0.0,0.0,0.0,1.040877638347102e-06,1.040877638347102e-06,1.040877638347102e-06,medium,low,156,sparse
gamma_medium__noise_low__T_156__density_sparse__seed_004,Affiliate,3.5766735134366823e-06,671.547598084902,0.0024019150979484,671.55,4,0.0,0.0,,-3.5766735134366823e-06,-3.5766735134366823e-06,,medium,low,156,sparse
gamma_medium__noise_low__T_156__density_sparse__seed_005,TV,0.0496578929218297,1327.0387114818154,69.34128851818468,1396.38,5,0.114302011883573,0.0,0.0,0.0646441189617433,-0.0496578929218297,-0.0496578929218297,medium,low,156,sparse
gamma_medium__noise_low__T_156__density_sparse__seed_005,Video,-1.062362191938235e-05,881.3993635541235,-0.0093635541235244,881.39,5,0.0,0.0,,1.062362191938235e-05,1.062362191938235e-05,,medium,low,156,sparse
gamma_medium__noise_low__T_156__density_sparse__seed_005,Display,,0.0,0.0,0.0,5,0.0,0.0,,,,,medium,low,156,sparse
gamma_medium__noise_low__T_156__density_sparse__seed_005,Social,0.4377855473527981,258.86602257687764,201.5739774231224,460.44,5,0.3033846876209229,0.4656889222107131,1.0,-0.1344008597318752,0.027903374857914998,0.5622144526472019,medium,low,156,sparse
gamma_medium__noise_low__T_156__density_sparse__seed_005,Search,3.666163709302573e-06,1574.1642288350738,0.0057711649262728,1574.17,5,0.0,0.4013059417244619,0.3821091583575826,-3.666163709302573e-06,0.4013022755607526,0.3821054921938733,medium,low,156,sparse
gamma_medium__noise_low__T_156__density_sparse__seed_005,Affiliate,5.210545938168891e-06,752.616078438916,0.0039215610839846,752.62,5,0.0,0.0,0.0,-5.210545938168891e-06,-5.210545938168891e-06,-5.210545938168891e-06,medium,low,156,sparse
gamma_medium__noise_low__T_300__density_dense__seed_001,TV,0.0723203553497658,2497.1744514517327,194.6755485482672,2691.85,1,0.1692968139131285,0.1685313659197937,0.1506927692165034,0.0969764585633627,0.0962110105700279,0.0783724138667376,medium,low,300,dense
gamma_medium__noise_low__T_300__density_dense__seed_001,Video,0.1000164035527982,1801.2361697653942,200.17383023460596,2001.41,1,0.2096680151365432,0.2045840134234601,0.3054136554751931,0.109651611583745,0.10456760987066191,0.2053972519223949,medium,low,300,dense
gamma_medium__noise_low__T_300__density_dense__seed_001,Display,1.0,0.0,822.96,822.96,1,0.5628988699901398,0.5683679812152269,1.0,-0.4371011300098602,-0.4316320187847731,0.0,medium,low,300,dense
gamma_medium__noise_low__T_300__density_dense__seed_001,Social,0.4180721945418885,500.469551250085,359.5504487499149,860.02,1,0.2855233956006893,0.2823924328323998,1.0,-0.1325487989411992,-0.1356797617094887,0.5819278054581115,medium,low,300,dense
gamma_medium__noise_low__T_300__density_dense__seed_001,Search,-7.153147734995615e-07,3217.6923016611936,-0.0023016611935418,3217.69,1,0.0,0.0,0.0,7.153147734995615e-07,7.153147734995615e-07,7.153147734995615e-07,medium,low,300,dense
gamma_medium__noise_low__T_300__density_dense__seed_001,Affiliate,-3.929668218470642e-06,1525.3359940408236,-0.0059940408236798,1525.33,1,0.0,0.0,,3.929668218470642e-06,3.929668218470642e-06,,medium,low,300,dense
gamma_medium__noise_low__T_300__density_dense__seed_002,TV,0.0668713182939914,2479.4348827346694,177.68511726533052,2657.12,2,0.1885043471469707,0.0605908823857966,1.0,0.1216330288529793,-0.006280435908194798,0.9331286817060086,medium,low,300,dense
gamma_medium__noise_low__T_300__density_dense__seed_002,Video,0.1016719964215836,1735.3630874726773,196.40691252732267,1931.77,2,0.2799853829261785,0.3392704153714281,1.0,0.17831338650459494,0.23759841894984451,0.8983280035784164,medium,low,300,dense
gamma_medium__noise_low__T_300__density_dense__seed_002,Display,1.0,0.0,806.39,806.39,2,0.5947800362231442,0.5853893630023584,1.0,-0.40521996377685576,-0.41461063699764156,0.0,medium,low,300,dense
gamma_medium__noise_low__T_300__density_dense__seed_002,Social,0.4272847733017408,487.2603877226119,363.5296122773881,850.79,2,0.4866303053404721,0.526434930330223,1.0,0.059345532038731275,0.09915015702848223,0.5727152266982591,medium,low,300,dense
gamma_medium__noise_low__T_300__density_dense__seed_002,Search,8.649811508881822e-07,3100.517318108642,0.0026818913579518,3100.52,2,0.0,0.0,0.0,-8.649811508881822e-07,-8.649811508881822e-07,-8.649811508881822e-07,medium,low,300,dense
gamma_medium__noise_low__T_300__density_dense__seed_002,Affiliate,-2.992759856250562e-06,1483.9444410760611,-0.0044410760610844,1483.94,2,0.0,0.0,,2.992759856250562e-06,2.992759856250562e-06,,medium,low,300,dense
gamma_medium__noise_low__T_300__density_dense__seed_003,TV,0.0663061253712015,3029.341765416897,215.1282345831023,3244.47,3,0.1182240409426154,0.0,0.0,0.05191791557141391,-0.0663061253712015,-0.0663061253712015,medium,low,300,dense
gamma_medium__noise_low__T_300__density_dense__seed_003,Video,0.0865076612942801,2099.461172200582,198.81882779941816,2298.28,3,0.1946831738574991,0.0,0.0,0.10817551256321899,-0.0865076612942801,-0.0865076612942801,medium,low,300,dense
gamma_medium__noise_low__T_300__density_dense__seed_003,Display,1.0,0.0,915.18,915.18,3,0.5423283427948296,0.5814621000853802,1.0,-0.45767165720517045,-0.41853789991461976,0.0,medium,low,300,dense
gamma_medium__noise_low__T_300__density_dense__seed_003,Social,0.4008913587661464,547.6991287295766,366.4908712704234,914.19,3,0.4808111977845976,0.0,,0.07991983901845118,-0.4008913587661464,,medium,low,300,dense
gamma_medium__noise_low__T_300__density_dense__seed_003,Search,-2.3773282160476055e-07,3497.2808314182425,-0.0008314182423418,3497.28,3,0.0,0.1561456459909145,0.1443705659333809,2.3773282160476055e-07,0.15614588372373608,0.1443708036662025,medium,low,300,dense
gamma_medium__noise_low__T_300__density_dense__seed_003,Affiliate,-1.2081049482650983e-06,1688.192039510693,-0.0020395106926116,1688.19,3,0.0,0.0,,1.2081049482650983e-06,1.2081049482650983e-06,,medium,low,300,dense
gamma_medium__noise_low__T_300__density_dense__seed_005,TV,0.0783683356977101,2627.369115959682,223.41088404031825,2850.78,5,0.1185334810672494,0.1633787627357106,0.1587604905955164,0.0401651453695393,0.08501042703800049,0.0803921548978063,medium,low,300,dense
gamma_medium__noise_low__T_300__density_dense__seed_005,Video,0.0893989248346747,1955.1515684874696,191.94843151253008,2147.1,5,0.1084386829868359,0.0,0.0,0.019039758152161204,-0.0893989248346747,-0.0893989248346747,medium,low,300,dense
gamma_medium__noise_low__T_300__density_dense__seed_005,Display,1.0,0.0,843.33,843.33,5,0.581392397118811,0.5694692944345591,1.0,-0.41860760288118903,-0.43053070556544093,0.0,medium,low,300,dense
gamma_medium__noise_low__T_300__density_dense__seed_005,Social,0.4145095712361784,533.8677376597154,377.9622623402846,911.83,5,0.3978682736844,0.4334319340919315,1.0,-0.0166412975517784,0.018922362855753105,0.5854904287638216,medium,low,300,dense
gamma_medium__noise_low__T_300__density_dense__seed_005,Search,3.5751210021561853e-08,3317.109881409304,0.0001185906962746,3317.11,5,0.0,0.0,0.0,-3.5751210021561853e-08,-3.5751210021561853e-08,-3.5751210021561853e-08,medium,low,300,dense
gamma_medium__noise_low__T_300__density_dense__seed_005,Affiliate,2.0754954781476376e-06,1607.936662727801,0.0033372721991327,1607.94,5,0.0,0.2064513673887217,1.0,-2.0754954781476376e-06,0.20644929189324354,0.9999979245045219,medium,low,300,dense
gamma_medium__noise_low__T_300__density_medium__seed_001,TV,0.0553140452664081,2545.626348501515,149.05365149848467,2694.68,1,0.1090168922022194,0.1104365444479384,0.1343637251602867,0.053702846935811295,0.0551224991815303,0.0790496798938786,medium,low,300,medium
gamma_medium__noise_low__T_300__density_medium__seed_001,Video,0.1011344637428303,1836.184540155421,206.59545984457893,2042.78,1,0.242446829858531,0.2408882552964101,0.3461114906792845,0.1413123661157007,0.13975379155357978,0.24497702693645418,medium,low,300,medium
gamma_medium__noise_low__T_300__density_medium__seed_001,Display,1.0,0.0,229.41,229.41,1,0.2376557413932357,0.2431989476015466,1.0,-0.7623442586067644,-0.7568010523984534,0.0,medium,low,300,medium
gamma_medium__noise_low__T_300__density_medium__seed_001,Social,0.4267282278262279,512.8603928221,381.7596071779,894.62,1,0.3615636164447773,0.3639141833311279,1.0,-0.06516461138145058,-0.06281404449509997,0.5732717721737721,medium,low,300,medium
gamma_medium__noise_low__T_300__density_medium__seed_001,Search,4.397568510991176e-07,3292.8585519422554,0.0014480577447102,3292.86,1,0.0,0.0,0.0,-4.397568510991176e-07,-4.397568510991176e-07,-4.397568510991176e-07,medium,low,300,medium
gamma_medium__noise_low__T_300__density_medium__seed_001,Affiliate,-9.041827397189228e-07,1554.9314059408675,-0.0014059408674711,1554.93,1,0.0,0.0,,9.041827397189228e-07,9.041827397189228e-07,,medium,low,300,medium
gamma_medium__noise_low__T_300__density_medium__seed_002,TV,0.0503338853254414,2531.401505293063,134.16849470693705,2665.57,2,0.1680257375413287,0.0,,0.11769185221588732,-0.0503338853254414,,medium,low,300,medium
gamma_medium__noise_low__T_300__density_medium__seed_002,Video,0.1024144254826195,1771.735189684112,202.154810315888,1973.89,2,0.3207675996567734,0.3797936362506428,1.0,0.21835317417415387,0.2773792107680233,0.8975855745173805,medium,low,300,medium
gamma_medium__noise_low__T_300__density_medium__seed_002,Display,1.0,0.0,229.43,229.43,2,0.2722062750049909,0.2605500892764631,1.0,-0.727793724995009,-0.7394499107235368,0.0,medium,low,300,medium
gamma_medium__noise_low__T_300__density_medium__seed_002,Social,0.4338520003161593,499.6086252809989,382.8613747190011,882.47,2,0.5080421654991084,0.5218681574501751,1.0,0.07419016518294913,0.08801615713401584,0.5661479996838408,medium,low,300,medium
gamma_medium__noise_low__T_300__density_medium__seed_002,Search,-2.917994488466743e-07,3175.700926667509,-0.0009266675097023,3175.7,2,0.0,0.0,0.0,2.917994488466743e-07,2.917994488466743e-07,2.917994488466743e-07,medium,low,300,medium
gamma_medium__noise_low__T_300__density_medium__seed_002,Affiliate,2.4376153800471413e-06,1515.0463068908184,0.0036931091815404,1515.05,2,0.0,0.0,,-2.4376153800471413e-06,-2.4376153800471413e-06,,medium,low,300,medium
gamma_medium__noise_low__T_300__density_medium__seed_003,TV,0.0497575273486938,3111.9300688363096,162.9499311636905,3274.88,3,0.0978689943348088,0.0,0.0,0.04811146698611501,-0.0497575273486938,-0.0497575273486938,medium,low,300,medium
gamma_medium__noise_low__T_300__density_medium__seed_003,Video,0.0872742545735419,2156.6979183830863,206.22208161691375,2362.92,3,0.1927011697693814,0.1993984943930248,0.2088706155318895,0.1054269151958395,0.11212423981948288,0.12159636095834758,medium,low,300,medium
gamma_medium__noise_low__T_300__density_medium__seed_003,Display,1.0,0.0,255.41,255.41,3,0.2348829652085793,0.2538808526879261,1.0,-0.7651170347914207,-0.7461191473120738,0.0,medium,low,300,medium
gamma_medium__noise_low__T_300__density_medium__seed_003,Social,0.4033377213675564,565.0511111104967,381.9688888895033,947.02,3,0.493513911414273,0.478059743994815,1.0,0.09017619004671656,0.07472202262725858,0.5966622786324436,medium,low,300,medium
gamma_medium__noise_low__T_300__density_medium__seed_003,Search,1.443745245977743e-07,3607.2994791977776,0.0005208022225815,3607.3,3,0.0,0.0,0.0,-1.443745245977743e-07,-1.443745245977743e-07,-1.443745245977743e-07,medium,low,300,medium
gamma_medium__noise_low__T_300__density_medium__seed_003,Affiliate,1.5718861771218038e-06,1734.217274003554,0.0027259964460881,1734.22,3,0.0,0.0,,-1.5718861771218038e-06,-1.5718861771218038e-06,,medium,low,300,medium
gamma_medium__noise_low__T_300__density_medium__seed_004,TV,0.0494797994404908,2573.115214126625,133.94478587337517,2707.06,4,0.1174993589473685,0.1335603185747316,0.0,0.0680195595068777,0.0840805191342408,-0.0494797994404908,medium,low,300,medium
gamma_medium__noise_low__T_300__density_medium__seed_004,Video,0.0875658670291733,1837.3686135633536,176.33138643664643,2013.7,4,0.2057617017916866,0.0,,0.1181958347625133,-0.0875658670291733,,medium,low,300,medium
gamma_medium__noise_low__T_300__density_medium__seed_004,Display,1.0,0.0,210.23,210.23,4,0.1755496441299145,0.1894405747052712,,-0.8244503558700855,-0.8105594252947288,,medium,low,300,medium
gamma_medium__noise_low__T_300__density_medium__seed_004,Social,0.4041526539946101,488.5590728836594,331.3809271163407,819.94,4,0.4102957026857773,0.3950577329058834,,0.006143048691167219,-0.00909492108872667,,medium,low,300,medium
gamma_medium__noise_low__T_300__density_medium__seed_004,Search,1.3123776408782382e-06,3115.085911825535,0.0040881744653233,3115.09,4,0.0,0.0,,-1.3123776408782382e-06,-1.3123776408782382e-06,,medium,low,300,medium
gamma_medium__noise_low__T_300__density_medium__seed_004,Affiliate,1.027226183472819e-06,1493.9384653857155,0.0015346142845373,1493.94,4,0.0,0.0,,-1.027226183472819e-06,-1.027226183472819e-06,,medium,low,300,medium
gamma_medium__noise_low__T_300__density_medium__seed_005,TV,0.0575136430332732,2691.9201079047957,164.2698920952048,2856.19,5,0.0742043340313542,0.2167719871105702,0.2375129449940088,0.016690690998080994,0.159258344077297,0.1799993019607356,medium,low,300,medium
gamma_medium__noise_low__T_300__density_medium__seed_005,Video,0.090431634487278,2003.187889786943,199.16211021305685,2202.35,5,0.1143772889990943,0.0,0.0,0.023945654511816294,-0.090431634487278,-0.090431634487278,medium,low,300,medium
gamma_medium__noise_low__T_300__density_medium__seed_005,Display,1.0,0.0,254.15,254.15,5,0.2831223641972323,0.7392824803498795,1.0,-0.7168776358027678,-0.26071751965012047,0.0,medium,low,300,medium
gamma_medium__noise_low__T_300__density_medium__seed_005,Social,0.4171772993774507,550.6742004562095,394.1657995437905,944.84,5,0.4472184448035725,0.4692526112297051,1.0,0.030041145426121796,0.05207531185225439,0.5828227006225493,medium,low,300,medium
gamma_medium__noise_low__T_300__density_medium__seed_005,Search,1.1073872303066827e-06,3411.8362217719523,0.0037782280478495,3411.84,5,0.0,0.0,0.0,-1.1073872303066827e-06,-1.1073872303066827e-06,-1.1073872303066827e-06,medium,low,300,medium
gamma_medium__noise_low__T_300__density_medium__seed_005,Affiliate,-1.0599312566850367e-06,1647.4417461731496,-0.0017461731495131,1647.44,5,0.0,0.1957903713984124,1.0,1.0599312566850367e-06,0.19579143132966909,1.0000010599312568,medium,low,300,medium
gamma_medium__noise_low__T_300__density_sparse__seed_001,TV,0.0554230870475456,2622.126618817754,153.8533811822458,2775.98,1,0.0967712637651238,0.0996801664444518,0.1332237891620337,0.04134817671757819,0.04425707939690619,0.0778007021144881,medium,low,300,sparse
gamma_medium__noise_low__T_300__density_sparse__seed_001,Video,2.402501066755711e-06,1891.3654559815573,0.0045440184426297,1891.37,1,0.0,0.0430927650841077,0.0630737546239213,-2.402501066755711e-06,0.04309036258304094,0.06307135212285454,medium,low,300,sparse
gamma_medium__noise_low__T_300__density_sparse__seed_001,Display,,0.0,0.0,0.0,1,0.0,0.0,,,,,medium,low,300,sparse
gamma_medium__noise_low__T_300__density_sparse__seed_001,Social,0.4283794968950784,529.8178957128587,397.0521042871413,926.87,1,0.278434884374746,0.2810709262373023,1.0,-0.14994461252033242,-0.14730857065777614,0.5716205031049215,medium,low,300,sparse
gamma_medium__noise_low__T_300__density_sparse__seed_001,Search,7.105387721469666e-07,3403.707581532076,0.0024184679241443,3403.71,1,0.0,0.0213020455404517,0.0,-7.105387721469666e-07,0.021301335001679553,-7.105387721469666e-07,medium,low,300,sparse
gamma_medium__noise_low__T_300__density_sparse__seed_001,Affiliate,3.393139454412474e-07,1601.6594565344262,0.0005434655738554,1601.66,1,0.0,0.0,0.0,-3.393139454412474e-07,-3.393139454412474e-07,-3.393139454412474e-07,medium,low,300,sparse
gamma_medium__noise_low__T_300__density_sparse__seed_002,TV,0.050352065500706,2608.369492251176,138.3005077488242,2746.67,2,0.1432490825121567,0.0,0.0,0.0928970170114507,-0.050352065500706,-0.050352065500706,medium,low,300,sparse
gamma_medium__noise_low__T_300__density_sparse__seed_002,Video,2.579372498532694e-06,1825.6052910717729,0.0047089282270462,1825.61,2,0.0,0.1200584896686927,,-2.579372498532694e-06,0.12005591029619417,,medium,low,300,sparse
gamma_medium__noise_low__T_300__density_sparse__seed_002,Display,,0.0,0.0,0.0,2,0.0,0.0,,,,,medium,low,300,sparse
gamma_medium__noise_low__T_300__density_sparse__seed_002,Social,0.4367710841479973,516.649884511042,400.6501154889579,917.3,2,0.4335618128608228,0.4440143541343485,1.0,-0.00320927128717452,0.007243269986351164,0.5632289158520027,medium,low,300,sparse
gamma_medium__noise_low__T_300__density_sparse__seed_002,Search,-4.911346667722532e-07,3282.32161206114,-0.0016120611394399,3282.32,2,0.0,0.0,0.0,4.911346667722532e-07,4.911346667722532e-07,4.911346667722532e-07,medium,low,300,sparse
gamma_medium__noise_low__T_300__density_sparse__seed_002,Affiliate,-1.0998881017512225e-06,1561.1117170463144,-0.0017170463145248,1561.11,2,0.0,0.0,,1.0998881017512225e-06,1.0998881017512225e-06,,medium,low,300,sparse
gamma_medium__noise_low__T_300__density_sparse__seed_003,TV,0.0499017770907161,3218.638248767552,169.05175123244817,3387.69,3,0.0900762387241816,0.0,0.0,0.040174461633465504,-0.0499017770907161,-0.0499017770907161,medium,low,300,sparse
gamma_medium__noise_low__T_300__density_sparse__seed_003,Video,-5.321905697288629e-06,2230.6518712557245,-0.0118712557245999,2230.64,3,0.0,0.0,0.0,5.321905697288629e-06,5.321905697288629e-06,5.321905697288629e-06,medium,low,300,sparse
gamma_medium__noise_low__T_300__density_sparse__seed_003,Display,,0.0,0.0,0.0,3,0.0,0.0,,,,,medium,low,300,sparse
gamma_medium__noise_low__T_300__density_sparse__seed_003,Social,0.409441144193914,588.5922948162518,408.0777051837482,996.67,3,0.4242021049632244,0.5008941077452703,1.0,0.014760960769310438,0.09145296355135635,0.590558855806086,medium,low,300,sparse
gamma_medium__noise_low__T_300__density_sparse__seed_003,Search,-1.219710889775949e-06,3745.5045684271377,-0.0045684271376558,3745.5,3,0.0,0.2239223822100666,0.1591159399260989,1.219710889775949e-06,0.2239236019209564,0.1591171596369887,medium,low,300,sparse
gamma_medium__noise_low__T_300__density_sparse__seed_003,Affiliate,3.554273058929967e-06,1793.683624735957,0.006375264043072,1793.69,3,0.0,0.0,,-3.554273058929967e-06,-3.554273058929967e-06,,medium,low,300,sparse
gamma_medium__noise_low__T_300__density_sparse__seed_004,TV,0.0503161435333337,2661.868881290419,141.03111870958128,2802.9,4,0.1112568581404472,0.1120362250897619,0.0,0.0609407146071135,0.0617200815564282,-0.0503161435333337,medium,low,300,sparse
gamma_medium__noise_low__T_300__density_sparse__seed_004,Video,-2.94089686099471e-06,1900.7455898803,-0.005589880299567,1900.74,4,0.0,0.0,,2.94089686099471e-06,2.94089686099471e-06,,medium,low,300,sparse
gamma_medium__noise_low__T_300__density_sparse__seed_004,Display,,0.0,0.0,0.0,4,0.0,0.0,,,,,medium,low,300,sparse
gamma_medium__noise_low__T_300__density_sparse__seed_004,Social,0.4056982490449673,510.493318035354,348.48668196464604,858.98,4,0.3979289626301082,0.3653921428737642,,-0.007769286414859133,-0.040306106171203115,,medium,low,300,sparse
gamma_medium__noise_low__T_300__density_sparse__seed_004,Search,-8.731786299539605e-07,3236.442825990245,-0.0028259902451281,3236.44,4,0.0,0.0,,8.731786299539605e-07,8.731786299539605e-07,,medium,low,300,sparse
gamma_medium__noise_low__T_300__density_sparse__seed_004,Affiliate,8.923589441813367e-07,1545.4686208860226,0.0013791139774639,1545.47,4,0.0,0.0,0.0,-8.923589441813367e-07,-8.923589441813367e-07,-8.923589441813367e-07,medium,low,300,sparse
gamma_medium__noise_low__T_300__density_sparse__seed_005,TV,0.058090918456175,2785.3758595781374,171.7841404218625,2957.16,5,0.0632141722783848,0.2057545905532506,0.2504940644350198,0.0051232538222098015,0.1476636720970756,0.1924031459788448,medium,low,300,sparse
gamma_medium__noise_low__T_300__density_sparse__seed_005,Video,-7.942208959945807e-07,2072.731646205478,-0.0016462054777548,2072.73,5,0.0,0.0,0.0,7.942208959945807e-07,7.942208959945807e-07,7.942208959945807e-07,medium,low,300,sparse
gamma_medium__noise_low__T_300__density_sparse__seed_005,Display,,0.0,0.0,0.0,5,0.0,0.6927136926891841,1.0,,,,medium,low,300,sparse
gamma_medium__noise_low__T_300__density_sparse__seed_005,Social,0.4220832106442992,570.8719836934547,416.9380163065453,987.81,5,0.3517894042555755,0.3482086446965562,1.0,-0.07029380638872373,-0.073874565947743,0.5779167893557008,medium,low,300,sparse
gamma_medium__noise_low__T_300__density_sparse__seed_005,Search,8.232358219845775e-07,3542.687083530686,0.0029164693141865,3542.69,5,0.0,0.0,0.0,-8.232358219845775e-07,-8.232358219845775e-07,-8.232358219845775e-07,medium,low,300,sparse
gamma_medium__noise_low__T_300__density_sparse__seed_005,Affiliate,2.357457566839633e-06,1704.6359813835334,0.0040186164667375,1704.64,5,0.0,0.0,,-2.357457566839633e-06,-2.357457566839633e-06,,medium,low,300,sparse
gamma_medium__noise_low__T_80__density_dense__seed_001,TV,0.0822963976015237,346.1853299327772,31.0446700672228,377.23,1,0.2705634699303292,0.156481470439624,0.0,0.18826707232880552,0.07418507283810029,-0.0822963976015237,medium,low,80,dense
gamma_medium__noise_low__T_80__density_dense__seed_001,Video,0.0970963005624867,252.65051317660496,27.169486823395037,279.82,1,0.4238241750547685,0.4232213139640362,,0.3267278744922818,0.32612501340154953,,medium,low,80,dense
gamma_medium__noise_low__T_80__density_dense__seed_001,Display,1.0,0.0,144.53,144.53,1,0.4538890235236402,0.3658554114601728,,-0.5461109764763599,-0.6341445885398271,,medium,low,80,dense
gamma_medium__noise_low__T_80__density_dense__seed_001,Social,0.3937395732683515,71.00522117881067,46.11477882118933,117.12,1,0.4812137429991433,0.4767431405618587,,0.0874741697307918,0.08300356729350716,,medium,low,80,dense
gamma_medium__noise_low__T_80__density_dense__seed_001,Search,7.439526143480259e-06,475.4164631004809,0.0035368995191333,475.42,1,0.0,0.0,,-7.439526143480259e-06,-7.439526143480259e-06,,medium,low,80,dense
gamma_medium__noise_low__T_80__density_dense__seed_001,Affiliate,-1.4595807511353297e-05,229.4333487161173,-0.0033487161173297,229.43,1,0.0,0.0,,1.4595807511353297e-05,1.4595807511353297e-05,,medium,low,80,dense
gamma_medium__noise_low__T_80__density_dense__seed_002,TV,0.0896860242516329,403.8516922010056,39.78830779899442,443.64,2,0.1434078958713692,0.1757244300026478,,0.05372187161973631,0.08603840575101492,,medium,low,80,dense
gamma_medium__noise_low__T_80__density_dense__seed_002,Video,0.0992491454117536,291.7712168182248,32.14878318177523,323.92,2,0.2460783624013727,0.2265173174148766,0.0,0.1468292169896191,0.12726817200312301,-0.0992491454117536,medium,low,80,dense
gamma_medium__noise_low__T_80__density_dense__seed_002,Display,1.0,0.0,169.07,169.07,2,0.3600034465994941,0.2962995599172117,,-0.6399965534005059,-0.7037004400827883,,medium,low,80,dense
gamma_medium__noise_low__T_80__density_dense__seed_002,Social,0.4103835481529631,81.85055584540567,56.96944415459433,138.82,2,0.4582669256317406,0.0,,0.04788337747877752,-0.4103835481529631,,medium,low,80,dense
gamma_medium__noise_low__T_80__density_dense__seed_002,Search,7.133442050167756e-06,518.3463023803133,0.0036976196867044,518.35,2,0.0,0.0,,-7.133442050167756e-06,-7.133442050167756e-06,,medium,low,80,dense
gamma_medium__noise_low__T_80__density_dense__seed_002,Affiliate,-1.8513574262369724e-06,247.95045904407385,-0.0004590440738354,247.95,2,0.0,0.0,,1.8513574262369724e-06,1.8513574262369724e-06,,medium,low,80,dense
gamma_medium__noise_low__T_80__density_dense__seed_003,TV,0.0643742289160554,566.371704267955,38.96829573204502,605.34,3,0.3188938891198566,0.0,,0.25451966020380123,-0.0643742289160554,,medium,low,80,dense
gamma_medium__noise_low__T_80__density_dense__seed_003,Video,0.1099049336966633,422.4124156155745,52.15758438442555,474.57,3,0.0819146387331453,0.0,,-0.027990294963518,-0.1099049336966633,,medium,low,80,dense
gamma_medium__noise_low__T_80__density_dense__seed_003,Display,1.0,0.0,171.18,171.18,3,0.5824164596227577,0.569189800809578,,-0.4175835403772423,-0.43081019919042196,,medium,low,80,dense
gamma_medium__noise_low__T_80__density_dense__seed_003,Social,0.3771290548969092,101.47813437619554,61.441865623804446,162.92,3,0.2212873343461105,0.4717061648139894,,-0.15584172055079867,0.09457710991708024,,medium,low,80,dense
gamma_medium__noise_low__T_80__density_dense__seed_003,Search,8.437235239640923e-06,636.4046304591211,0.0053695408788598,636.41,3,0.0,0.0,,-8.437235239640923e-06,-8.437235239640923e-06,,medium,low,80,dense
gamma_medium__noise_low__T_80__density_dense__seed_003,Affiliate,8.429061059222579e-07,303.66974403470283,0.0002559652971854,303.67,3,0.0,0.0,,-8.429061059222579e-07,-8.429061059222579e-07,,medium,low,80,dense
gamma_medium__noise_low__T_80__density_dense__seed_004,TV,0.0750683271672921,384.23511552816353,31.184884471836483,415.42,4,0.1726094346998656,0.1314006204339948,1.0,0.09754110753257349,0.05633229326670271,0.9249316728327079,medium,low,80,dense
gamma_medium__noise_low__T_80__density_dense__seed_004,Video,0.1126500706843761,304.21904976656845,38.62095023343153,342.84,4,0.0801667586513601,0.0,,-0.03248331203301601,-0.1126500706843761,,medium,low,80,dense
gamma_medium__noise_low__T_80__density_dense__seed_004,Display,1.0,0.0,157.15,157.15,4,0.3011445723387598,0.0,,-0.6988554276612402,-1.0,,medium,low,80,dense
gamma_medium__noise_low__T_80__density_dense__seed_004,Social,0.4407236596851009,77.3199540485348,60.9300459514652,138.25,4,0.2895905594708924,0.2845278236951571,1.0,-0.1511331002142085,-0.1561958359899438,0.559276340314899,medium,low,80,dense
gamma_medium__noise_low__T_80__density_dense__seed_004,Search,-7.179998268020755e-06,493.62354419074506,-0.0035441907450604,493.62,4,0.0,0.0,0.0,7.179998268020755e-06,7.179998268020755e-06,7.179998268020755e-06,medium,low,80,dense
gamma_medium__noise_low__T_80__density_dense__seed_004,Affiliate,-1.3926550358515966e-05,234.09326006617343,-0.003260066173425,234.09,4,0.0,0.0,,1.3926550358515966e-05,1.3926550358515966e-05,,medium,low,80,dense
gamma_medium__noise_low__T_80__density_dense__seed_005,TV,0.0736253226981931,477.47203617489726,37.947963825102704,515.42,5,0.6059963250329459,0.4122250128199037,,0.5323710023347528,0.3385996901217106,,medium,low,80,dense
gamma_medium__noise_low__T_80__density_dense__seed_005,Video,0.1033119608333373,331.97184586028186,38.24815413971817,370.22,5,0.128666968731889,0.0,,0.02535500789855169,-0.1033119608333373,,medium,low,80,dense
gamma_medium__noise_low__T_80__density_dense__seed_005,Display,1.0,0.0,138.51,138.51,5,0.2826167275209013,0.0,,-0.7173832724790987,-1.0,,medium,low,80,dense
gamma_medium__noise_low__T_80__density_dense__seed_005,Social,0.4212453351676083,89.91532472836037,65.44467527163964,155.36,5,0.3380520207452778,0.0,,-0.08319331442233052,-0.4212453351676083,,medium,low,80,dense
gamma_medium__noise_low__T_80__density_dense__seed_005,Search,1.6769989236495953e-06,581.7190244561862,0.0009755438138654,581.72,5,0.0,0.2975899235560195,0.0,-1.6769989236495953e-06,0.2975882465570958,-1.6769989236495953e-06,medium,low,80,dense
gamma_medium__noise_low__T_80__density_dense__seed_005,Affiliate,-1.450082977825075e-05,281.2840787934,-0.0040787934000263,281.28,5,0.0,0.0,,1.450082977825075e-05,1.450082977825075e-05,,medium,low,80,dense
gamma_medium__noise_low__T_80__density_medium__seed_001,TV,0.0631704337980352,351.20803607345454,23.68196392654545,374.89,1,0.1640580077595467,0.1673670403133424,0.0,0.1008875739615115,0.1041966065153072,-0.0631704337980352,medium,low,80,medium
gamma_medium__noise_low__T_80__density_medium__seed_001,Video,0.097096727475977,256.31618100411964,27.563818995880357,283.88,1,0.3941199767054333,0.4039990308273406,0.0,0.29702324922945633,0.3069023033513636,-0.097096727475977,medium,low,80,medium
gamma_medium__noise_low__T_80__density_medium__seed_001,Display,1.0,0.0,36.11,36.11,1,0.3472225820081909,0.3492718696451892,,-0.6527774179918091,-0.6507281303548108,,medium,low,80,medium
gamma_medium__noise_low__T_80__density_medium__seed_001,Social,0.4029384328293905,72.15489039256815,48.695109607431846,120.85,1,0.4320065389398352,0.451740155277173,,0.02906810611044469,0.04880172244778247,,medium,low,80,medium
gamma_medium__noise_low__T_80__density_medium__seed_001,Search,-3.052933242294279e-07,482.9001474261463,-0.0001474261462703,482.9,1,0.0,0.0,,3.052933242294279e-07,3.052933242294279e-07,,medium,low,80,medium
gamma_medium__noise_low__T_80__density_medium__seed_001,Affiliate,-9.394210287333638e-06,232.76218659638647,-0.0021865963864797,232.76,1,0.0,0.0,,9.394210287333638e-06,9.394210287333638e-06,,medium,low,80,medium
gamma_medium__noise_low__T_80__density_medium__seed_002,TV,0.0671858376363141,407.1827100133725,29.32728998662748,436.51,2,0.0945619701154869,0.1355131038303627,,0.02737613247917281,0.0683272661940486,,medium,low,80,medium
gamma_medium__noise_low__T_80__density_medium__seed_002,Video,0.0986095141492806,294.1777989622408,32.18220103775923,326.36,2,0.247982161750085,0.2547536466120226,0.0,0.1493726476008044,0.156144132462742,-0.0986095141492806,medium,low,80,medium
gamma_medium__noise_low__T_80__density_medium__seed_002,Display,1.0,0.0,47.08,47.08,2,0.171549735791767,0.0,,-0.828450264208233,-1.0,,medium,low,80,medium
gamma_medium__noise_low__T_80__density_medium__seed_002,Social,0.4139830324566613,82.8627992106281,58.53720078937191,141.4,2,0.4342963091262022,0.422367303485114,,0.020313276669540914,0.008384271028452683,,medium,low,80,medium
gamma_medium__noise_low__T_80__density_medium__seed_002,Search,3.596150788440808e-07,523.9598115760833,0.0001884239167111,523.96,2,0.0,0.0,,-3.596150788440808e-07,-3.596150788440808e-07,,medium,low,80,medium
gamma_medium__noise_low__T_80__density_medium__seed_002,Affiliate,1.7034138503277064e-05,249.99574146537415,0.0042585346258192,250.0,2,0.0,0.0,,-1.7034138503277064e-05,-1.7034138503277064e-05,,medium,low,80,medium
gamma_medium__noise_low__T_80__density_medium__seed_003,TV,0.0492011979075262,577.6102722711778,29.88972772882221,607.5,3,0.1944722221159386,0.0,,0.1452710242084124,-0.0492011979075262,,medium,low,80,medium
gamma_medium__noise_low__T_80__density_medium__seed_003,Video,0.1097627530217841,430.7947061852285,53.115293814771576,483.91,3,0.1312068078962701,0.0,,0.021444054874485988,-0.1097627530217841,,medium,low,80,medium
gamma_medium__noise_low__T_80__density_medium__seed_003,Display,1.0,0.0,49.39,49.39,3,0.4837434913554943,0.3407693245336509,,-0.5162565086445057,-0.6592306754663491,,medium,low,80,medium
gamma_medium__noise_low__T_80__density_medium__seed_003,Social,0.3924979478780269,104.6240034164462,67.5959965835538,172.22,3,0.34279030356598,0.0,,-0.049707644312046884,-0.3924979478780269,,medium,low,80,medium
gamma_medium__noise_low__T_80__density_medium__seed_003,Search,-2.2634953152550336e-06,650.5614725395122,-0.0014725395122923,650.56,3,0.0,0.3152488179130487,,2.2634953152550336e-06,0.31525108140836394,,medium,low,80,medium
gamma_medium__noise_low__T_80__density_medium__seed_003,Affiliate,1.4893288003887736e-05,309.6953875487052,0.004612451294804,309.7,3,0.0,0.0,,-1.4893288003887736e-05,-1.4893288003887736e-05,,medium,low,80,medium
gamma_medium__noise_low__T_80__density_medium__seed_004,TV,0.0555698399425962,386.2624911618776,22.727508838122446,408.99,4,0.1163055930076208,0.0,,0.06073575306502461,-0.0555698399425962,,medium,low,80,medium
gamma_medium__noise_low__T_80__density_medium__seed_004,Video,0.1113635631589795,305.8242297388372,38.3257702611628,344.15,4,0.0795861230449878,0.0,,-0.031777440113991695,-0.1113635631589795,,medium,low,80,medium
gamma_medium__noise_low__T_80__density_medium__seed_004,Display,1.0,0.0,43.4,43.4,4,0.1656289443861632,0.1570946621519127,1.0,-0.8343710556138368,-0.8429053378480873,0.0,medium,low,80,medium
gamma_medium__noise_low__T_80__density_medium__seed_004,Social,0.440781016542183,77.84328249732812,61.35671750267187,139.2,4,0.2798532221389559,0.2321290791443319,1.0,-0.16092779440322708,-0.2086519373978511,0.559218983457817,medium,low,80,medium
gamma_medium__noise_low__T_80__density_medium__seed_004,Search,1.0519354458922245e-05,496.5247768249305,0.0052231750694886,496.53,4,0.0,0.0,0.0,-1.0519354458922245e-05,-1.0519354458922245e-05,-1.0519354458922245e-05,medium,low,80,medium
gamma_medium__noise_low__T_80__density_medium__seed_004,Affiliate,5.575288593886413e-06,235.3286879673352,0.0013120326647992,235.33,4,0.0,0.0,,-5.575288593886413e-06,-5.575288593886413e-06,,medium,low,80,medium
gamma_medium__noise_low__T_80__density_medium__seed_005,TV,0.0562784518226382,479.6747885075894,28.605211492410547,508.28,5,0.2750113804983559,0.4387423833704345,,0.2187329286757177,0.3824639315477963,,medium,low,80,medium
gamma_medium__noise_low__T_80__density_medium__seed_005,Video,0.1036547353007769,333.5031826366399,38.56681736336009,372.07,5,0.1151776494859882,0.0,,0.0115229141852113,-0.1036547353007769,,medium,low,80,medium
gamma_medium__noise_low__T_80__density_medium__seed_005,Display,1.0,0.0,38.67,38.67,5,0.2064848607501577,0.0,,-0.7935151392498423,-1.0,,medium,low,80,medium
gamma_medium__noise_low__T_80__density_medium__seed_005,Social,0.4347341994669687,91.39782728818584,70.29217271181416,161.69,5,0.2744378547908859,0.0,,-0.16029634467608278,-0.4347341994669687,,medium,low,80,medium
gamma_medium__noise_low__T_80__density_medium__seed_005,Search,1.8202387490249464e-06,585.8489336131289,0.0010663868711162,585.85,5,0.0,0.4190284933388474,,-1.8202387490249464e-06,0.4190266731000984,,medium,low,80,medium
gamma_medium__noise_low__T_80__density_medium__seed_005,Affiliate,-6.172294349061656e-06,282.58174416693714,-0.0017441669371578,282.58,5,0.0,0.0,,6.172294349061656e-06,6.172294349061656e-06,,medium,low,80,medium
gamma_medium__noise_low__T_80__density_sparse__seed_001,TV,0.0642000024340901,357.4475250702506,24.52247492974942,381.97,1,0.1789841911193026,0.2068219641623386,0.0,0.11478418868521251,0.1426219617282485,-0.0642000024340901,medium,low,80,sparse
gamma_medium__noise_low__T_80__density_sparse__seed_001,Video,9.070432000657314e-07,260.8697633796404,0.0002366203596011,260.87,1,0.0,0.0,,-9.070432000657314e-07,-9.070432000657314e-07,,medium,low,80,sparse
gamma_medium__noise_low__T_80__density_sparse__seed_001,Display,,0.0,0.0,0.0,1,0.0,0.0,,,,,medium,low,80,sparse
gamma_medium__noise_low__T_80__density_sparse__seed_001,Social,0.412965228014135,73.7374377091445,51.8725622908555,125.61,1,0.463084953305195,0.5000456823557778,,0.05011972529106001,0.08708045434164285,,medium,low,80,sparse
gamma_medium__noise_low__T_80__density_sparse__seed_001,Search,-2.380737156568239e-06,493.68117532231946,-0.0011753223194546,493.68,1,0.0,0.1487163207141928,,2.380737156568239e-06,0.14871870145134938,,medium,low,80,sparse
gamma_medium__noise_low__T_80__density_sparse__seed_001,Affiliate,1.100816149574378e-05,236.8973921665417,0.0026078334583417,236.9,1,0.0,0.0,,-1.100816149574378e-05,-1.100816149574378e-05,,medium,low,80,sparse
gamma_medium__noise_low__T_80__density_sparse__seed_002,TV,0.0684599098230849,415.59729583152887,30.54270416847112,446.14,2,0.0886633191372746,0.0478892084314477,,0.020203409314189694,-0.020570701391637206,,medium,low,80,sparse
gamma_medium__noise_low__T_80__density_sparse__seed_002,Video,-2.4251334408009908e-05,300.257281463156,-0.0072814631560049,300.25,2,0.0,0.1797794571864802,,2.4251334408009908e-05,0.1798037085208882,,medium,low,80,sparse
gamma_medium__noise_low__T_80__density_sparse__seed_002,Display,,0.0,0.0,0.0,2,0.0,0.0,,,,,medium,low,80,sparse
gamma_medium__noise_low__T_80__density_sparse__seed_002,Social,0.4167125780324228,84.37835846182972,60.28164153817028,144.66,2,0.4242370478379454,0.4494036787953847,,0.007524469805522627,0.03269110076296189,,medium,low,80,sparse
gamma_medium__noise_low__T_80__density_sparse__seed_002,Search,7.009746391296559e-06,536.2362410935951,0.0037589064048688,536.24,2,0.0,0.0,,-7.009746391296559e-06,-7.009746391296559e-06,,medium,low,80,sparse
gamma_medium__noise_low__T_80__density_sparse__seed_002,Affiliate,-7.4158092014763315e-06,255.16189221787585,-0.0018922178758487,255.16,2,0.0,0.0,,7.4158092014763315e-06,7.4158092014763315e-06,,medium,low,80,sparse
gamma_medium__noise_low__T_80__density_sparse__seed_003,TV,0.0488541172312636,587.903270139356,30.19672986064404,618.1,3,0.2282062906979382,0.398090779877681,,0.17935217346667462,0.3492366626464174,,medium,low,80,sparse
gamma_medium__noise_low__T_80__density_sparse__seed_003,Video,-2.681808325844342e-06,438.4711758924967,-0.0011758924966329,438.47,3,0.0,0.3972549718220363,,2.681808325844342e-06,0.39725765363036214,,medium,low,80,sparse
gamma_medium__noise_low__T_80__density_sparse__seed_003,Display,,0.0,0.0,0.0,3,0.0,0.2261715486977379,,,,,medium,low,80,sparse
gamma_medium__noise_low__T_80__density_sparse__seed_003,Social,0.3981312623924457,107.16874741840113,70.89125258159889,178.06,3,0.260142446679907,0.2666400628993992,,-0.13798881571253868,-0.1314911994930465,,medium,low,80,sparse
gamma_medium__noise_low__T_80__density_sparse__seed_003,Search,6.323798135851944e-06,663.5158040334609,0.0041959665391004,663.52,3,0.0,0.0,,-6.323798135851944e-06,-6.323798135851944e-06,,medium,low,80,sparse
gamma_medium__noise_low__T_80__density_sparse__seed_003,Affiliate,-1.3668591689098142e-05,315.2143084767863,-0.0043084767863206,315.21,3,0.0,0.0,,1.3668591689098142e-05,1.3668591689098142e-05,,medium,low,80,sparse
gamma_medium__noise_low__T_80__density_sparse__seed_004,TV,0.0580470111113491,396.19484665645547,24.415153343544542,420.61,4,0.0839090981777975,0.0837341904941555,1.0,0.0258620870664484,0.025687179382806395,0.9419529888886509,medium,low,80,sparse
gamma_medium__noise_low__T_80__density_sparse__seed_004,Video,5.6267405847471785e-06,313.688234947746,0.0017650522540293,313.69,4,0.0,0.0,,-5.6267405847471785e-06,-5.6267405847471785e-06,,medium,low,80,sparse
gamma_medium__noise_low__T_80__density_sparse__seed_004,Display,,0.0,0.0,0.0,4,0.0,0.0,,,,,medium,low,80,sparse
gamma_medium__noise_low__T_80__density_sparse__seed_004,Social,0.4452410142914786,80.27917282188014,64.43082717811987,144.71,4,0.2687533912280091,0.2739840437002177,1.0,-0.1764876230634695,-0.17125697059126088,0.5547589857085213,medium,low,80,sparse
gamma_medium__noise_low__T_80__density_sparse__seed_004,Search,4.28405684619507e-06,510.9478110611544,0.0021889388455633,510.95,4,0.0,0.0,0.0,-4.28405684619507e-06,-4.28405684619507e-06,-4.28405684619507e-06,medium,low,80,sparse
gamma_medium__noise_low__T_80__density_sparse__seed_004,Affiliate,1.1553367395965672e-06,241.3797211248178,0.0002788751822038,241.38,4,0.0,0.0,,-1.1553367395965672e-06,-1.1553367395965672e-06,,medium,low,80,sparse
gamma_medium__noise_low__T_80__density_sparse__seed_005,TV,0.0552976423726215,486.72010167320167,28.489898326798368,515.21,5,0.2875364183562039,0.0,,0.23223877598358242,-0.0552976423726215,,medium,low,80,sparse
gamma_medium__noise_low__T_80__density_sparse__seed_005,Video,-5.104625726622666e-06,338.40172740534587,-0.0017274053458891,338.4,5,0.0,0.0,,5.104625726622666e-06,5.104625726622666e-06,,medium,low,80,sparse
gamma_medium__noise_low__T_80__density_sparse__seed_005,Display,,0.0,0.0,0.0,5,0.0,0.0,,,,,medium,low,80,sparse
gamma_medium__noise_low__T_80__density_sparse__seed_005,Social,0.4325776084461859,92.62035697332908,70.60964302667092,163.23,5,0.3346950707082765,0.0,,-0.09788253773790945,-0.4325776084461859,,medium,low,80,sparse
gamma_medium__noise_low__T_80__density_sparse__seed_005,Search,-1.5980247765837105e-07,592.6800947117324,-9.471173245856336e-05,592.68,5,0.0,0.3910553755408484,,1.5980247765837105e-07,0.39105553534332604,,medium,low,80,sparse
gamma_medium__noise_low__T_80__density_sparse__seed_005,Affiliate,-7.17219772374841e-06,286.7320564842533,-0.0020564842533303,286.73,5,0.0,0.0,,7.17219772374841e-06,7.17219772374841e-06,,medium,low,80,sparse
gamma_medium__noise_medium__T_156__density_dense__seed_001,TV,0.0691466087048521,1150.478940437325,85.46105956267502,1235.94,1,0.1653873450259086,0.1210643695662886,,0.0962407363210565,0.0519177608614365,,medium,medium,156,dense
gamma_medium__noise_medium__T_156__density_dense__seed_001,Video,0.1078266794321873,764.4230227957075,92.3869772042924,856.81,1,0.0419742783646537,0.0,,-0.0658524010675336,-0.1078266794321873,,medium,medium,156,dense
gamma_medium__noise_medium__T_156__density_dense__seed_001,Display,1.0,0.0,420.09,420.09,1,0.6516278913382932,0.6427109170922368,,-0.34837210866170676,-0.3572890829077632,,medium,medium,156,dense
gamma_medium__noise_medium__T_156__density_dense__seed_001,Social,0.4151296119088505,219.41412609239472,155.73587390760525,375.15,1,0.1605326769664484,0.0,,-0.2545969349424021,-0.4151296119088505,,medium,medium,156,dense
gamma_medium__noise_medium__T_156__density_dense__seed_001,Search,-4.095765121865784e-06,1407.1757634378066,-0.0057634378065358,1407.17,1,0.0,0.0,,4.095765121865784e-06,4.095765121865784e-06,,medium,medium,156,dense
gamma_medium__noise_medium__T_156__density_dense__seed_001,Affiliate,-6.579205400755789e-06,668.3243970145535,-0.0043970145534331,668.32,1,0.0,0.6298207488785695,,6.579205400755789e-06,0.6298273280839702,,medium,medium,156,dense
gamma_medium__noise_medium__T_156__density_dense__seed_002,TV,0.0733728322551128,1321.676128169565,104.65387183043504,1426.33,2,0.1959789523593996,0.0949194192033798,0.0,0.1226061201042868,0.021546586948267,-0.0733728322551128,medium,medium,156,dense
gamma_medium__noise_medium__T_156__density_dense__seed_002,Video,0.0919597811163205,1071.796191957162,108.54380804283778,1180.34,2,0.1220939221659723,0.0,,0.0301341410496518,-0.0919597811163205,,medium,medium,156,dense
gamma_medium__noise_medium__T_156__density_dense__seed_002,Display,1.0,0.0,450.78,450.78,2,0.46114684406642,0.0,,-0.5388531559335801,-1.0,,medium,medium,156,dense
gamma_medium__noise_medium__T_156__density_dense__seed_002,Social,0.4153108975754213,255.93596080431087,181.79403919568915,437.73,2,0.366230410425059,0.3877757621722857,,-0.049080487150362284,-0.02753513540313557,,medium,medium,156,dense
gamma_medium__noise_medium__T_156__density_dense__seed_002,Search,1.01209279757159e-06,1648.8283312310325,0.0016687689674199,1648.83,2,0.0,0.0,,-1.01209279757159e-06,-1.01209279757159e-06,,medium,medium,156,dense
gamma_medium__noise_medium__T_156__density_dense__seed_002,Affiliate,-4.2130649058082105e-06,786.5033135755484,-0.0033135755484181,786.5,2,0.0,0.0,,4.2130649058082105e-06,4.2130649058082105e-06,,medium,medium,156,dense
gamma_medium__noise_medium__T_156__density_dense__seed_003,TV,0.0643396096509809,1623.408203671162,111.63179632883794,1735.04,3,0.0622280341654759,0.0,,-0.0021115754855050017,-0.0643396096509809,,medium,medium,156,dense
gamma_medium__noise_medium__T_156__density_dense__seed_003,Video,0.1090077095056944,1021.2375435187632,124.94245648123685,1146.18,3,0.0653581999855439,0.0,,-0.043649509520150495,-0.1090077095056944,,medium,medium,156,dense
gamma_medium__noise_medium__T_156__density_dense__seed_003,Display,1.0,0.0,588.31,588.31,3,0.3839360607642424,0.3056107696692325,1.0,-0.6160639392357576,-0.6943892303307675,0.0,medium,medium,156,dense
gamma_medium__noise_medium__T_156__density_dense__seed_003,Social,0.4282044682765968,270.8652613326933,202.84473866730667,473.71,3,0.3960409030698874,0.0,,-0.03216356520670943,-0.4282044682765968,,medium,medium,156,dense
gamma_medium__noise_medium__T_156__density_dense__seed_003,Search,7.486778941915493e-07,1755.6986855462212,0.0013144537788321,1755.7,3,0.0,0.0,0.0,-7.486778941915493e-07,-7.486778941915493e-07,-7.486778941915493e-07,medium,medium,156,dense
gamma_medium__noise_medium__T_156__density_dense__seed_003,Affiliate,3.5425079586621924e-06,834.5970434228577,0.0029565771422994,834.6,3,0.0,0.0,,-3.5425079586621924e-06,-3.5425079586621924e-06,,medium,medium,156,dense
gamma_medium__noise_medium__T_156__density_dense__seed_004,TV,0.078619815446005,1060.7757926751688,90.5142073248312,1151.29,4,0.1306644826160503,0.1302433111902622,0.1340748060011848,0.052044667170045286,0.05162349574425719,0.05545499055517979,medium,medium,156,dense
gamma_medium__noise_medium__T_156__density_dense__seed_004,Video,0.1033278228702581,726.7527995636558,83.7472004363442,810.5,4,0.1331228098995478,0.1565466384709231,1.0,0.029794987029289705,0.05321881560066499,0.8966721771297419,medium,medium,156,dense
gamma_medium__noise_medium__T_156__density_dense__seed_004,Display,1.0,0.0,351.46,351.46,4,0.5452559022857324,0.2869913324696039,1.0,-0.4547440977142676,-0.7130086675303962,0.0,medium,medium,156,dense
gamma_medium__noise_medium__T_156__density_dense__seed_004,Social,0.407997375421807,206.94043744755317,142.6195625524469,349.56,4,0.3681657741764084,0.3670259750492317,1.0,-0.039831601245398585,-0.040971400372575295,0.5920026245781931,medium,medium,156,dense
gamma_medium__noise_medium__T_156__density_dense__seed_004,Search,4.151593584321827e-06,1329.9144787126604,0.0055212873396612,1329.92,4,0.0,0.0,0.0,-4.151593584321827e-06,-4.151593584321827e-06,-4.151593584321827e-06,medium,medium,156,dense
gamma_medium__noise_medium__T_156__density_dense__seed_004,Affiliate,-4.288469381012103e-06,639.3427417900141,-0.0027417900140562,639.34,4,0.0,0.0,,4.288469381012103e-06,4.288469381012103e-06,,medium,medium,156,dense
gamma_medium__noise_medium__T_156__density_dense__seed_005,TV,0.0673155472208437,1243.2030876429208,89.7269123570793,1332.93,5,0.1837024947438335,0.0,0.0,0.1163869475229898,-0.0673155472208437,-0.0673155472208437,medium,medium,156,dense
gamma_medium__noise_medium__T_156__density_dense__seed_005,Video,0.0956989239773937,825.7173125162418,87.38268748375822,913.1,5,0.1342986053908829,0.3090780098129064,1.0,0.0385996814134892,0.21337908583551268,0.9043010760226063,medium,medium,156,dense
gamma_medium__noise_medium__T_156__density_dense__seed_005,Display,1.0,0.0,386.95,386.95,5,0.3880250896360341,0.4357051135124854,1.0,-0.6119749103639659,-0.5642948864875146,0.0,medium,medium,156,dense
gamma_medium__noise_medium__T_156__density_dense__seed_005,Social,0.4251125877836579,239.96375473322337,177.44624526677666,417.41,5,0.336356351341384,0.1541071166196802,1.0,-0.08875623644227393,-0.27100547116397766,0.5748874122163421,medium,medium,156,dense
gamma_medium__noise_medium__T_156__density_dense__seed_005,Search,7.475069799324644e-07,1468.2289024878269,0.0010975121731462,1468.23,5,0.0,0.4008236609575607,0.2997437547732058,-7.475069799324644e-07,0.4008229134505808,0.2997430072662259,medium,medium,156,dense
gamma_medium__noise_medium__T_156__density_dense__seed_005,Affiliate,-1.2675850427215624e-07,705.0700893736187,-8.937361860716919e-05,705.07,5,0.0,0.0,0.0,1.2675850427215624e-07,1.2675850427215624e-07,1.2675850427215624e-07,medium,medium,156,dense
gamma_medium__noise_medium__T_156__density_medium__seed_001,TV,0.0525225160196177,1169.2440638808305,64.81593611916946,1234.06,1,0.1012693922674725,0.1166983921340371,0.0934581977112606,0.0487468762478548,0.0641758761144194,0.0409356816916429,medium,medium,156,medium
gamma_medium__noise_medium__T_156__density_medium__seed_001,Video,0.1075448836381003,776.8911033441973,93.6188966558027,870.51,1,0.0463669633672701,0.0,,-0.0611779202708302,-0.1075448836381003,,medium,medium,156,medium
gamma_medium__noise_medium__T_156__density_medium__seed_001,Display,1.0,0.0,117.68,117.68,1,0.4292817647770907,0.3624237277215884,,-0.5707182352229093,-0.6375762722784116,,medium,medium,156,medium
gamma_medium__noise_medium__T_156__density_medium__seed_001,Social,0.423957925401942,223.3891165291269,164.4108834708731,387.8,1,0.2191303028641179,0.0,,-0.2048276225378241,-0.423957925401942,,medium,medium,156,medium
gamma_medium__noise_medium__T_156__density_medium__seed_001,Search,3.1618687075551177e-06,1435.4054614220386,0.0045385779615116,1435.41,1,0.0,0.0,0.0,-3.1618687075551177e-06,-3.1618687075551177e-06,-3.1618687075551177e-06,medium,medium,156,medium
gamma_medium__noise_medium__T_156__density_medium__seed_001,Affiliate,-8.01796625116813e-06,679.2254459630371,-0.0054459630371184,679.22,1,0.0,0.634167370011449,,8.01796625116813e-06,0.6341753879777001,,medium,medium,156,medium
gamma_medium__noise_medium__T_156__density_medium__seed_002,TV,0.0558674530014376,1327.7524834950182,78.56751650498177,1406.32,2,0.135749140500469,0.1263217222218657,0.0,0.07988168749903139,0.07045426922042809,-0.0558674530014376,medium,medium,156,medium
gamma_medium__noise_medium__T_156__density_medium__seed_002,Video,0.091939568626426,1076.7235758969016,109.01642410309842,1185.74,2,0.1345147292064428,0.0,,0.04257516058001681,-0.091939568626426,,medium,medium,156,medium
gamma_medium__noise_medium__T_156__density_medium__seed_002,Display,1.0,0.0,125.9,125.9,2,0.0878001058678285,0.0,,-0.9121998941321715,-1.0,,medium,medium,156,medium
gamma_medium__noise_medium__T_156__density_medium__seed_002,Social,0.4245083834565589,259.05179627086454,191.08820372913544,450.14,2,0.4168348194879607,0.4197547414043789,,-0.007673563968598196,-0.004753642052179985,,medium,medium,156,medium
gamma_medium__noise_medium__T_156__density_medium__seed_002,Search,7.97127814144287e-07,1659.9686767917424,0.001323208257645,1659.97,2,0.0,0.0,,-7.97127814144287e-07,-7.97127814144287e-07,,medium,medium,156,medium
gamma_medium__noise_medium__T_156__density_medium__seed_002,Affiliate,5.726409306699951e-07,790.1195475449479,0.0004524550521409,790.12,2,0.0,0.0,,-5.726409306699951e-07,-5.726409306699951e-07,,medium,medium,156,medium
gamma_medium__noise_medium__T_156__density_medium__seed_003,TV,0.0484052822683179,1642.205068178273,83.53493182172701,1725.74,3,0.045130925110039,0.0,,-0.0032743571582788955,-0.0484052822683179,,medium,medium,156,medium
gamma_medium__noise_medium__T_156__density_medium__seed_003,Video,0.1087761226169214,1033.0621574685956,126.08784253140448,1159.15,3,0.0683294364296994,0.0,,-0.04044668618722201,-0.1087761226169214,,medium,medium,156,medium
gamma_medium__noise_medium__T_156__density_medium__seed_003,Display,1.0,0.0,159.24,159.24,3,0.1809031761241129,0.0,,-0.8190968238758871,-1.0,,medium,medium,156,medium
gamma_medium__noise_medium__T_156__density_medium__seed_003,Social,0.4278777904947867,274.93332777773026,205.61667222226976,480.55,3,0.3908855597843855,0.0,,-0.0369922307104012,-0.4278777904947867,,medium,medium,156,medium
gamma_medium__noise_medium__T_156__density_medium__seed_003,Search,-1.580545470568785e-06,1777.7128097514883,-0.0028097514884848,1777.71,3,0.0,0.0,0.0,1.580545470568785e-06,1.580545470568785e-06,1.580545470568785e-06,medium,medium,156,medium
gamma_medium__noise_medium__T_156__density_medium__seed_003,Affiliate,-7.709371481712352e-07,844.2606508713967,-0.000650871396715,844.26,3,0.0,0.0,,7.709371481712352e-07,7.709371481712352e-07,,medium,medium,156,medium
gamma_medium__noise_medium__T_156__density_medium__seed_004,TV,0.0599261527936992,1085.146043307177,69.17395669282291,1154.32,4,0.0997255995635399,0.0981263697977609,0.0,0.03979944676984069,0.038200217004061704,-0.0599261527936992,medium,medium,156,medium
gamma_medium__noise_medium__T_156__density_medium__seed_004,Video,0.1051945882371066,743.4490763632,87.40092363680003,830.85,4,0.1353381708038096,0.1287171088507106,,0.030143582566703006,0.023522520613604006,,medium,medium,156,medium
gamma_medium__noise_medium__T_156__density_medium__seed_004,Display,1.0,0.0,98.52,98.52,4,0.2992880174859034,0.2969329613395298,,-0.7007119825140966,-0.7030670386604703,,medium,medium,156,medium
gamma_medium__noise_medium__T_156__density_medium__seed_004,Social,0.4135368484032422,213.64852612669887,150.65147387330114,364.3,4,0.3585493690607398,0.3671199625491694,,-0.054987479342502366,-0.046416885854072776,,medium,medium,156,medium
gamma_medium__noise_medium__T_156__density_medium__seed_004,Search,-3.0093919340253645e-06,1366.0541109798514,-0.0041109798514753,1366.05,4,0.0,0.0,,3.0093919340253645e-06,3.0093919340253645e-06,,medium,medium,156,medium
gamma_medium__noise_medium__T_156__density_medium__seed_004,Affiliate,-2.00053166919898e-06,654.0313084077276,-0.0013084077276062,654.03,4,0.0,0.0,,2.00053166919898e-06,2.00053166919898e-06,,medium,medium,156,medium
gamma_medium__noise_medium__T_156__density_medium__seed_005,TV,0.0484445203223546,1280.1941956939136,65.17580430608632,1345.37,5,0.1386807411523106,0.0,0.0,0.090236220829956,-0.0484445203223546,-0.0484445203223546,medium,medium,156,medium
gamma_medium__noise_medium__T_156__density_medium__seed_005,Video,0.0964880507122206,850.2860603552363,90.80393964476376,941.09,5,0.1545923263760391,0.0,,0.0581042756638185,-0.0964880507122206,,medium,medium,156,medium
gamma_medium__noise_medium__T_156__density_medium__seed_005,Display,1.0,0.0,122.43,122.43,5,0.17166194978741,0.2202044737073538,1.0,-0.82833805021259,-0.7797955262926461,0.0,medium,medium,156,medium
gamma_medium__noise_medium__T_156__density_medium__seed_005,Social,0.4329079028201699,248.14248896297823,189.42751103702176,437.57,5,0.3776007737261082,0.5529071711861857,1.0,-0.05530712909406171,0.11999926836601582,0.5670920971798301,medium,medium,156,medium
gamma_medium__noise_medium__T_156__density_medium__seed_005,Search,-9.4547448948853e-07,1514.9414323371232,-0.0014323371231057,1514.94,5,0.0,0.3852507235919702,0.3120954274703469,9.4547448948853e-07,0.3852516690664597,0.3120963729448364,medium,medium,156,medium
gamma_medium__noise_medium__T_156__density_medium__seed_005,Affiliate,1.5125209495230803e-06,726.0489018341646,0.0010981658354012,726.05,5,0.0,0.0,0.0,-1.5125209495230803e-06,-1.5125209495230803e-06,-1.5125209495230803e-06,medium,medium,156,medium
gamma_medium__noise_medium__T_156__density_sparse__seed_001,TV,0.0520711814004508,1204.817528440027,66.18247155997301,1271.0,1,0.1017918234733346,0.106023614201397,0.0553772479186035,0.0497206420728838,0.0539524328009462,0.0033060665181527046,medium,medium,156,sparse
gamma_medium__noise_medium__T_156__density_sparse__seed_001,Video,3.1330854392572544e-06,800.5274918711133,0.0025081288866886,800.53,1,0.0,0.0,,-3.1330854392572544e-06,-3.1330854392572544e-06,,medium,medium,156,sparse
gamma_medium__noise_medium__T_156__density_sparse__seed_001,Display,,0.0,0.0,0.0,1,0.0,0.0,,,,,medium,medium,156,sparse
gamma_medium__noise_medium__T_156__density_sparse__seed_001,Social,0.4229968301707105,231.63215249626995,169.80784750373004,401.44,1,0.2323352828428732,0.0,,-0.1906615473278373,-0.4229968301707105,,medium,medium,156,sparse
gamma_medium__noise_medium__T_156__density_sparse__seed_001,Search,2.443879856842777e-06,1477.556389020879,0.0036109791212766,1477.56,1,0.0,0.0,0.0,-2.443879856842777e-06,-2.443879856842777e-06,-2.443879856842777e-06,medium,medium,156,sparse
gamma_medium__noise_medium__T_156__density_sparse__seed_001,Affiliate,1.516967365735886e-07,699.889893828971,0.0001061710289604,699.89,1,0.0,0.6266671008598433,0.0,-1.516967365735886e-07,0.6266669491631067,-1.516967365735886e-07,medium,medium,156,sparse
gamma_medium__noise_medium__T_156__density_sparse__seed_002,TV,0.0549085861655268,1344.420888921953,78.10911107804691,1422.53,2,0.1274771432885176,0.131224946029054,0.0,0.07256855712299082,0.0763163598635272,-0.0549085861655268,medium,medium,156,sparse
gamma_medium__noise_medium__T_156__density_sparse__seed_002,Video,-7.286046067622988e-07,1090.2407943538865,-0.0007943538864765,1090.24,2,0.0,0.0,,7.286046067622988e-07,7.286046067622988e-07,,medium,medium,156,sparse
gamma_medium__noise_medium__T_156__density_sparse__seed_002,Display,,0.0,0.0,0.0,2,0.0,0.054015928440988,,,,,medium,medium,156,sparse
gamma_medium__noise_medium__T_156__density_sparse__seed_002,Social,0.4176319840811527,261.6055364309054,187.6044635690946,449.21,2,0.3787180988743425,0.3752660006913164,,-0.03891388520681022,-0.042365983389836326,,medium,medium,156,sparse
gamma_medium__noise_medium__T_156__density_sparse__seed_002,Search,1.9096496893404404e-06,1679.5667926096712,0.0032073903287255,1679.57,2,0.0,0.0,,-1.9096496893404404e-06,-1.9096496893404404e-06,,medium,medium,156,sparse
gamma_medium__noise_medium__T_156__density_sparse__seed_002,Affiliate,1.7676387286389471e-06,800.0385858183115,0.0014141816884603,800.04,2,0.0,0.0,,-1.7676387286389471e-06,-1.7676387286389471e-06,,medium,medium,156,sparse
gamma_medium__noise_medium__T_156__density_sparse__seed_003,TV,0.0478554670628179,1677.5548882460328,84.31511175396713,1761.87,3,0.041595064265458,0.0,,-0.0062604027973599055,-0.0478554670628179,,medium,medium,156,sparse
gamma_medium__noise_medium__T_156__density_sparse__seed_003,Video,5.11842609416241e-07,1055.2994598524942,0.0005401475057169,1055.3,3,0.0,0.0,,-5.11842609416241e-07,-5.11842609416241e-07,,medium,medium,156,sparse
gamma_medium__noise_medium__T_156__density_sparse__seed_003,Display,,0.0,0.0,0.0,3,0.0,0.0,,,,,medium,medium,156,sparse
gamma_medium__noise_medium__T_156__density_sparse__seed_003,Social,0.4258692364684848,281.05997397921794,208.48002602078208,489.54,3,0.3564096948973428,0.0,,-0.06945954157114198,-0.4258692364684848,,medium,medium,156,sparse
gamma_medium__noise_medium__T_156__density_sparse__seed_003,Search,2.202000448381179e-06,1815.366002554446,0.0039974455539777,1815.37,3,0.0,0.1528728438093561,0.0,-2.202000448381179e-06,0.15287064180890772,-2.202000448381179e-06,medium,medium,156,sparse
gamma_medium__noise_medium__T_156__density_sparse__seed_003,Affiliate,7.253653635459607e-06,862.4337441589587,0.0062558410413657,862.44,3,0.0,0.0,,-7.253653635459607e-06,-7.253653635459607e-06,,medium,medium,156,sparse
gamma_medium__noise_medium__T_156__density_sparse__seed_004,TV,0.0607224080468354,1114.208650678522,72.03134932147805,1186.24,4,0.0917361977747484,0.0877465355799116,0.0,0.031013789727912994,0.027024127533076203,-0.0607224080468354,medium,medium,156,sparse
gamma_medium__noise_medium__T_156__density_sparse__seed_004,Video,-1.3386562574269305e-05,763.3602186325411,-0.0102186325410684,763.35,4,0.0,0.0,,1.3386562574269305e-05,1.3386562574269305e-05,,medium,medium,156,sparse
gamma_medium__noise_medium__T_156__density_sparse__seed_004,Display,,0.0,0.0,0.0,4,0.0,0.0,,,,,medium,medium,156,sparse
gamma_medium__noise_medium__T_156__density_sparse__seed_004,Social,0.4158170144172317,219.78132283594908,156.43867716405094,376.22,4,0.3337095549734986,0.3294691409195667,,-0.0821074594437331,-0.08634787349766498,,medium,medium,156,sparse
gamma_medium__noise_medium__T_156__density_sparse__seed_004,Search,-1.040877638347102e-06,1405.621463078426,-0.0014630784260134,1405.62,4,0.0,0.0,,1.040877638347102e-06,1.040877638347102e-06,,medium,medium,156,sparse
gamma_medium__noise_medium__T_156__density_sparse__seed_004,Affiliate,3.5766735134366823e-06,671.547598084902,0.0024019150979484,671.55,4,0.0,0.0,,-3.5766735134366823e-06,-3.5766735134366823e-06,,medium,medium,156,sparse
gamma_medium__noise_medium__T_156__density_sparse__seed_005,TV,0.0496578929218297,1327.0387114818154,69.34128851818468,1396.38,5,0.1113910718127295,0.0,0.0,0.061733178890899805,-0.0496578929218297,-0.0496578929218297,medium,medium,156,sparse
gamma_medium__noise_medium__T_156__density_sparse__seed_005,Video,-1.062362191938235e-05,881.3993635541235,-0.0093635541235244,881.39,5,0.0,0.0,,1.062362191938235e-05,1.062362191938235e-05,,medium,medium,156,sparse
gamma_medium__noise_medium__T_156__density_sparse__seed_005,Display,,0.0,0.0,0.0,5,0.0,0.0,,,,,medium,medium,156,sparse
gamma_medium__noise_medium__T_156__density_sparse__seed_005,Social,0.4377855473527981,258.86602257687764,201.5739774231224,460.44,5,0.3266001342069383,0.5224685310492756,1.0,-0.11118541314585983,0.08468298369647748,0.5622144526472019,medium,medium,156,sparse
gamma_medium__noise_medium__T_156__density_sparse__seed_005,Search,3.666163709302573e-06,1574.1642288350738,0.0057711649262728,1574.17,5,0.0,0.4132754113470128,0.3814974114911972,-3.666163709302573e-06,0.4132717451833035,0.3814937453274879,medium,medium,156,sparse
gamma_medium__noise_medium__T_156__density_sparse__seed_005,Affiliate,5.210545938168891e-06,752.616078438916,0.0039215610839846,752.62,5,0.0,0.0,0.0,-5.210545938168891e-06,-5.210545938168891e-06,-5.210545938168891e-06,medium,medium,156,sparse
gamma_medium__noise_medium__T_300__density_dense__seed_001,TV,0.0723203553497658,2497.1744514517327,194.6755485482672,2691.85,1,0.1660539498120747,0.1627804885000183,0.1476990010149017,0.09373359446230889,0.0904601331502525,0.07537864566513588,medium,medium,300,dense
gamma_medium__noise_medium__T_300__density_dense__seed_001,Video,0.1000164035527982,1801.2361697653942,200.17383023460596,2001.41,1,0.2137523924681343,0.2142789467448309,0.3707651009284085,0.1137359889153361,0.11426254319203269,0.27074869737561025,medium,medium,300,dense
gamma_medium__noise_medium__T_300__density_dense__seed_001,Display,1.0,0.0,822.96,822.96,1,0.5032520479753378,0.4973078515852629,1.0,-0.49674795202466215,-0.5026921484147371,0.0,medium,medium,300,dense
gamma_medium__noise_medium__T_300__density_dense__seed_001,Social,0.4180721945418885,500.469551250085,359.5504487499149,860.02,1,0.2276933817809211,0.2377405528744415,1.0,-0.19037881276096738,-0.18033164166744697,0.5819278054581115,medium,medium,300,dense
gamma_medium__noise_medium__T_300__density_dense__seed_001,Search,-7.153147734995615e-07,3217.6923016611936,-0.0023016611935418,3217.69,1,0.0,0.0,0.0,7.153147734995615e-07,7.153147734995615e-07,7.153147734995615e-07,medium,medium,300,dense
gamma_medium__noise_medium__T_300__density_dense__seed_001,Affiliate,-3.929668218470642e-06,1525.3359940408236,-0.0059940408236798,1525.33,1,0.0,0.0,,3.929668218470642e-06,3.929668218470642e-06,,medium,medium,300,dense
gamma_medium__noise_medium__T_300__density_dense__seed_002,TV,0.0668713182939914,2479.4348827346694,177.68511726533052,2657.12,2,0.1900375291066353,0.0666157448796488,1.0,0.1231662108126439,-0.00025557341434259695,0.9331286817060086,medium,medium,300,dense
gamma_medium__noise_medium__T_300__density_dense__seed_002,Video,0.1016719964215836,1735.3630874726773,196.40691252732267,1931.77,2,0.3074217439767034,0.3798135033600241,1.0,0.20574974755511982,0.27814150693844053,0.8983280035784164,medium,medium,300,dense
gamma_medium__noise_medium__T_300__density_dense__seed_002,Display,1.0,0.0,806.39,806.39,2,0.556042514640649,0.546137908151219,1.0,-0.443957485359351,-0.453862091848781,0.0,medium,medium,300,dense
gamma_medium__noise_medium__T_300__density_dense__seed_002,Social,0.4272847733017408,487.2603877226119,363.5296122773881,850.79,2,0.4436539128555769,0.4721696404018715,1.0,0.01636913955383612,0.044884867100130676,0.5727152266982591,medium,medium,300,dense
gamma_medium__noise_medium__T_300__density_dense__seed_002,Search,8.649811508881822e-07,3100.517318108642,0.0026818913579518,3100.52,2,0.0,0.0,0.0,-8.649811508881822e-07,-8.649811508881822e-07,-8.649811508881822e-07,medium,medium,300,dense
gamma_medium__noise_medium__T_300__density_dense__seed_002,Affiliate,-2.992759856250562e-06,1483.9444410760611,-0.0044410760610844,1483.94,2,0.0,0.0,,2.992759856250562e-06,2.992759856250562e-06,,medium,medium,300,dense
gamma_medium__noise_medium__T_300__density_dense__seed_003,TV,0.0663061253712015,3029.341765416897,215.1282345831023,3244.47,3,0.1119672939519671,0.0,0.0,0.045661168580765604,-0.0663061253712015,-0.0663061253712015,medium,medium,300,dense
gamma_medium__noise_medium__T_300__density_dense__seed_003,Video,0.0865076612942801,2099.461172200582,198.81882779941816,2298.28,3,0.2057429121260577,0.0,0.0,0.11923525083177759,-0.0865076612942801,-0.0865076612942801,medium,medium,300,dense
gamma_medium__noise_medium__T_300__density_dense__seed_003,Display,1.0,0.0,915.18,915.18,3,0.4717582868440859,0.5032348417638659,1.0,-0.5282417131559141,-0.4967651582361341,0.0,medium,medium,300,dense
gamma_medium__noise_medium__T_300__density_dense__seed_003,Social,0.4008913587661464,547.6991287295766,366.4908712704234,914.19,3,0.4431380315980416,0.0,,0.042246672831895205,-0.4008913587661464,,medium,medium,300,dense
gamma_medium__noise_medium__T_300__density_dense__seed_003,Search,-2.3773282160476055e-07,3497.2808314182425,-0.0008314182423418,3497.28,3,0.0,0.1525062955099254,0.1266252578927867,2.3773282160476055e-07,0.152506533242747,0.1266254956256083,medium,medium,300,dense
gamma_medium__noise_medium__T_300__density_dense__seed_003,Affiliate,-1.2081049482650983e-06,1688.192039510693,-0.0020395106926116,1688.19,3,0.0,0.0,,1.2081049482650983e-06,1.2081049482650983e-06,,medium,medium,300,dense
gamma_medium__noise_medium__T_300__density_dense__seed_004,TV,0.0664435207430827,2511.2575936363146,178.7324063636852,2689.99,4,0.1303465616850548,0.1285164051662282,0.0,0.06390304094197209,0.0620728844231455,-0.0664435207430827,medium,medium,300,dense
gamma_medium__noise_medium__T_300__density_dense__seed_004,Video,0.0870450514582567,1793.198721277236,170.97127872276403,1964.17,4,0.201620845559005,0.0,,0.11457579410074831,-0.0870450514582567,,medium,medium,300,dense
gamma_medium__noise_medium__T_300__density_dense__seed_004,Display,1.0,0.0,744.05,744.05,4,0.4765514097604045,0.5098732725294005,,-0.5234485902395956,-0.4901267274705995,,medium,medium,300,dense
gamma_medium__noise_medium__T_300__density_dense__seed_004,Social,0.4005017201180211,475.8637496219183,317.90625037808167,793.77,4,0.3437055550828871,0.3609337705272998,,-0.056796165035134016,-0.039567949590721296,,medium,medium,300,dense
gamma_medium__noise_medium__T_300__density_dense__seed_004,Search,5.109819832515452e-07,3030.3584515406374,0.0015484593627661,3030.36,4,0.0,0.0,,-5.109819832515452e-07,-5.109819832515452e-07,,medium,medium,300,dense
gamma_medium__noise_medium__T_300__density_dense__seed_004,Affiliate,-2.61959833569051e-06,1458.0238194267654,-0.0038194267654034,1458.02,4,0.0,0.0,0.0,2.61959833569051e-06,2.61959833569051e-06,2.61959833569051e-06,medium,medium,300,dense
gamma_medium__noise_medium__T_300__density_dense__seed_005,TV,0.0783683356977101,2627.369115959682,223.41088404031825,2850.78,5,0.1115785838356192,0.1718210895701583,0.228638923702669,0.0332102481379091,0.0934527538724482,0.1502705880049589,medium,medium,300,dense
gamma_medium__noise_medium__T_300__density_dense__seed_005,Video,0.0893989248346747,1955.1515684874696,191.94843151253008,2147.1,5,0.0917956012666985,0.0,0.0,0.002396676432023806,-0.0893989248346747,-0.0893989248346747,medium,medium,300,dense
gamma_medium__noise_medium__T_300__density_dense__seed_005,Display,1.0,0.0,843.33,843.33,5,0.5194912662551251,0.5420871388666698,,-0.4805087337448749,-0.4579128611333302,,medium,medium,300,dense
gamma_medium__noise_medium__T_300__density_dense__seed_005,Social,0.4145095712361784,533.8677376597154,377.9622623402846,911.83,5,0.3455359639217517,0.3755328415721412,,-0.0689736073144267,-0.0389767296640372,,medium,medium,300,dense
gamma_medium__noise_medium__T_300__density_dense__seed_005,Search,3.5751210021561853e-08,3317.109881409304,0.0001185906962746,3317.11,5,0.0,0.0,,-3.5751210021561853e-08,-3.5751210021561853e-08,,medium,medium,300,dense
gamma_medium__noise_medium__T_300__density_dense__seed_005,Affiliate,2.0754954781476376e-06,1607.936662727801,0.0033372721991327,1607.94,5,0.0,0.1956552273774078,,-2.0754954781476376e-06,0.19565315188192964,,medium,medium,300,dense
gamma_medium__noise_medium__T_300__density_medium__seed_001,TV,0.0553140452664081,2545.626348501515,149.05365149848467,2694.68,1,0.1036514581420686,0.1039039965528672,0.107254988031151,0.04833741287566049,0.04858995128645909,0.05194094276474289,medium,medium,300,medium
gamma_medium__noise_medium__T_300__density_medium__seed_001,Video,0.1011344637428303,1836.184540155421,206.59545984457893,2042.78,1,0.2758253987928417,0.2716926699406025,0.2949928673545308,0.17469093505001138,0.17055820619777218,0.19385840361170048,medium,medium,300,medium
gamma_medium__noise_medium__T_300__density_medium__seed_001,Display,1.0,0.0,229.41,229.41,1,0.2296019927349786,0.2270259496903081,1.0,-0.7703980072650214,-0.7729740503096919,0.0,medium,medium,300,medium
gamma_medium__noise_medium__T_300__density_medium__seed_001,Social,0.4267282278262279,512.8603928221,381.7596071779,894.62,1,0.3215509897431431,0.3211034661598889,0.3355261389069955,-0.10517723808308477,-0.105624761666339,-0.09120208891923237,medium,medium,300,medium
gamma_medium__noise_medium__T_300__density_medium__seed_001,Search,4.397568510991176e-07,3292.8585519422554,0.0014480577447102,3292.86,1,0.0,0.0,0.0,-4.397568510991176e-07,-4.397568510991176e-07,-4.397568510991176e-07,medium,medium,300,medium
gamma_medium__noise_medium__T_300__density_medium__seed_001,Affiliate,-9.041827397189228e-07,1554.9314059408675,-0.0014059408674711,1554.93,1,0.0,0.0,,9.041827397189228e-07,9.041827397189228e-07,,medium,medium,300,medium
gamma_medium__noise_medium__T_300__density_medium__seed_002,TV,0.0503338853254414,2531.401505293063,134.16849470693705,2665.57,2,0.1743447867957727,0.0,,0.12401090147033131,-0.0503338853254414,,medium,medium,300,medium
gamma_medium__noise_medium__T_300__density_medium__seed_002,Video,0.1024144254826195,1771.735189684112,202.154810315888,1973.89,2,0.3847023408001811,0.4375089519527845,1.0,0.2822879153175616,0.335094526470165,0.8975855745173805,medium,medium,300,medium
gamma_medium__noise_medium__T_300__density_medium__seed_002,Display,1.0,0.0,229.43,229.43,2,0.2419638600659905,0.2353417391386605,1.0,-0.7580361399340095,-0.7646582608613395,0.0,medium,medium,300,medium
gamma_medium__noise_medium__T_300__density_medium__seed_002,Social,0.4338520003161593,499.6086252809989,382.8613747190011,882.47,2,0.488454952996288,0.4921332566972989,1.0,0.054602952680128714,0.05828125638113962,0.5661479996838408,medium,medium,300,medium
gamma_medium__noise_medium__T_300__density_medium__seed_002,Search,-2.917994488466743e-07,3175.700926667509,-0.0009266675097023,3175.7,2,0.0,0.0,0.0,2.917994488466743e-07,2.917994488466743e-07,2.917994488466743e-07,medium,medium,300,medium
gamma_medium__noise_medium__T_300__density_medium__seed_002,Affiliate,2.4376153800471413e-06,1515.0463068908184,0.0036931091815404,1515.05,2,0.0,0.0,,-2.4376153800471413e-06,-2.4376153800471413e-06,,medium,medium,300,medium
gamma_medium__noise_medium__T_300__density_medium__seed_003,TV,0.0497575273486938,3111.9300688363096,162.9499311636905,3274.88,3,0.0929126012596301,0.0,0.0,0.04315507391093631,-0.0497575273486938,-0.0497575273486938,medium,medium,300,medium
gamma_medium__noise_medium__T_300__density_medium__seed_003,Video,0.0872742545735419,2156.6979183830863,206.22208161691375,2362.92,3,0.1989717022583093,0.2075129833203731,0.2264622253248246,0.11169744768476739,0.1202387287468312,0.1391879707512827,medium,medium,300,medium
gamma_medium__noise_medium__T_300__density_medium__seed_003,Display,1.0,0.0,255.41,255.41,3,0.215197536855262,0.2111380938826655,1.0,-0.784802463144738,-0.7888619061173345,0.0,medium,medium,300,medium
gamma_medium__noise_medium__T_300__density_medium__seed_003,Social,0.4033377213675564,565.0511111104967,381.9688888895033,947.02,3,0.4219495835093972,0.4392282005880866,1.0,0.018611862141840796,0.03589047922053018,0.5966622786324436,medium,medium,300,medium
gamma_medium__noise_medium__T_300__density_medium__seed_003,Search,1.443745245977743e-07,3607.2994791977776,0.0005208022225815,3607.3,3,0.0,0.0,0.0,-1.443745245977743e-07,-1.443745245977743e-07,-1.443745245977743e-07,medium,medium,300,medium
gamma_medium__noise_medium__T_300__density_medium__seed_003,Affiliate,1.5718861771218038e-06,1734.217274003554,0.0027259964460881,1734.22,3,0.0,0.0,,-1.5718861771218038e-06,-1.5718861771218038e-06,,medium,medium,300,medium
gamma_medium__noise_medium__T_300__density_medium__seed_004,TV,0.0494797994404908,2573.115214126625,133.94478587337517,2707.06,4,0.1088545190551044,0.1243161816665849,0.0,0.0593747196146136,0.0748363822260941,-0.0494797994404908,medium,medium,300,medium
gamma_medium__noise_medium__T_300__density_medium__seed_004,Video,0.0875658670291733,1837.3686135633536,176.33138643664643,2013.7,4,0.194440869054144,0.0,,0.10687500202497072,-0.0875658670291733,,medium,medium,300,medium
gamma_medium__noise_medium__T_300__density_medium__seed_004,Display,1.0,0.0,210.23,210.23,4,0.1960059285668539,0.1838047046011296,,-0.8039940714331462,-0.8161952953988704,,medium,medium,300,medium
gamma_medium__noise_medium__T_300__density_medium__seed_004,Social,0.4041526539946101,488.5590728836594,331.3809271163407,819.94,4,0.3189961907017666,0.3464271717938603,,-0.08515646329284349,-0.0577254822007498,,medium,medium,300,medium
gamma_medium__noise_medium__T_300__density_medium__seed_004,Search,1.3123776408782382e-06,3115.085911825535,0.0040881744653233,3115.09,4,0.0,0.0,,-1.3123776408782382e-06,-1.3123776408782382e-06,,medium,medium,300,medium
gamma_medium__noise_medium__T_300__density_medium__seed_004,Affiliate,1.027226183472819e-06,1493.9384653857155,0.0015346142845373,1493.94,4,0.0,0.0,0.0,-1.027226183472819e-06,-1.027226183472819e-06,-1.027226183472819e-06,medium,medium,300,medium
gamma_medium__noise_medium__T_300__density_medium__seed_005,TV,0.0575136430332732,2691.9201079047957,164.2698920952048,2856.19,5,0.0685920099544687,0.2134721688341132,0.2377083567108161,0.011078366921195494,0.15595852580084002,0.18019471367754292,medium,medium,300,medium
gamma_medium__noise_medium__T_300__density_medium__seed_005,Video,0.090431634487278,2003.187889786943,199.16211021305685,2202.35,5,0.099339724096661,0.0,0.0,0.008908089609382996,-0.090431634487278,-0.090431634487278,medium,medium,300,medium
gamma_medium__noise_medium__T_300__density_medium__seed_005,Display,1.0,0.0,254.15,254.15,5,0.2539645973156277,0.7348601975253883,1.0,-0.7460354026843723,-0.26513980247461166,0.0,medium,medium,300,medium
gamma_medium__noise_medium__T_300__density_medium__seed_005,Social,0.4171772993774507,550.6742004562095,394.1657995437905,944.84,5,0.3990603809243274,0.3927872853328421,1.0,-0.0181169184531233,-0.02439001404460861,0.5828227006225493,medium,medium,300,medium
gamma_medium__noise_medium__T_300__density_medium__seed_005,Search,1.1073872303066827e-06,3411.8362217719523,0.0037782280478495,3411.84,5,0.0,0.0,0.0,-1.1073872303066827e-06,-1.1073872303066827e-06,-1.1073872303066827e-06,medium,medium,300,medium
gamma_medium__noise_medium__T_300__density_medium__seed_005,Affiliate,-1.0599312566850367e-06,1647.4417461731496,-0.0017461731495131,1647.44,5,0.0,0.1835426067711315,1.0,1.0599312566850367e-06,0.18354366670238817,1.0000010599312568,medium,medium,300,medium
gamma_medium__noise_medium__T_300__density_sparse__seed_001,TV,0.0554230870475456,2622.126618817754,153.8533811822458,2775.98,1,0.0915514660071493,0.0948759763759645,0.1296252849737261,0.036128378959603705,0.039452889328418894,0.0742021979261805,medium,medium,300,sparse
gamma_medium__noise_medium__T_300__density_sparse__seed_001,Video,2.402501066755711e-06,1891.3654559815573,0.0045440184426297,1891.37,1,0.0,0.0497677928736292,0.0767899768201149,-2.402501066755711e-06,0.049765390372562446,0.07678757431904815,medium,medium,300,sparse
gamma_medium__noise_medium__T_300__density_sparse__seed_001,Display,,0.0,0.0,0.0,1,0.0,0.0,,,,,medium,medium,300,sparse
gamma_medium__noise_medium__T_300__density_sparse__seed_001,Social,0.4283794968950784,529.8178957128587,397.0521042871413,926.87,1,0.2415694894933495,0.2553659599773383,1.0,-0.18681000740172893,-0.17301353691774013,0.5716205031049215,medium,medium,300,sparse
gamma_medium__noise_medium__T_300__density_sparse__seed_001,Search,7.105387721469666e-07,3403.707581532076,0.0024184679241443,3403.71,1,0.0,0.0271566880504715,0.0,-7.105387721469666e-07,0.027155977511699354,-7.105387721469666e-07,medium,medium,300,sparse
gamma_medium__noise_medium__T_300__density_sparse__seed_001,Affiliate,3.393139454412474e-07,1601.6594565344262,0.0005434655738554,1601.66,1,0.0,0.0,0.0,-3.393139454412474e-07,-3.393139454412474e-07,-3.393139454412474e-07,medium,medium,300,sparse
gamma_medium__noise_medium__T_300__density_sparse__seed_002,TV,0.050352065500706,2608.369492251176,138.3005077488242,2746.67,2,0.1474864390694317,0.0,0.0,0.0971343735687257,-0.050352065500706,-0.050352065500706,medium,medium,300,sparse
gamma_medium__noise_medium__T_300__density_sparse__seed_002,Video,2.579372498532694e-06,1825.6052910717729,0.0047089282270462,1825.61,2,0.0,0.1429229406717077,,-2.579372498532694e-06,0.14292036129920915,,medium,medium,300,sparse
gamma_medium__noise_medium__T_300__density_sparse__seed_002,Display,,0.0,0.0,0.0,2,0.0,0.0,,,,,medium,medium,300,sparse
gamma_medium__noise_medium__T_300__density_sparse__seed_002,Social,0.4367710841479973,516.649884511042,400.6501154889579,917.3,2,0.4177317218853058,0.412703609007589,,-0.01903936226269154,-0.0240674751404083,,medium,medium,300,sparse
gamma_medium__noise_medium__T_300__density_sparse__seed_002,Search,-4.911346667722532e-07,3282.32161206114,-0.0016120611394399,3282.32,2,0.0,0.0,,4.911346667722532e-07,4.911346667722532e-07,,medium,medium,300,sparse
gamma_medium__noise_medium__T_300__density_sparse__seed_002,Affiliate,-1.0998881017512225e-06,1561.1117170463144,-0.0017170463145248,1561.11,2,0.0,0.0,,1.0998881017512225e-06,1.0998881017512225e-06,,medium,medium,300,sparse
gamma_medium__noise_medium__T_300__density_sparse__seed_003,TV,0.0499017770907161,3218.638248767552,169.05175123244817,3387.69,3,0.0819068571084397,0.0,0.0,0.0320050800177236,-0.0499017770907161,-0.0499017770907161,medium,medium,300,sparse
gamma_medium__noise_medium__T_300__density_sparse__seed_003,Video,-5.321905697288629e-06,2230.6518712557245,-0.0118712557245999,2230.64,3,0.0,0.0,0.0,5.321905697288629e-06,5.321905697288629e-06,5.321905697288629e-06,medium,medium,300,sparse
gamma_medium__noise_medium__T_300__density_sparse__seed_003,Display,,0.0,0.0,0.0,3,0.0,0.0,,,,,medium,medium,300,sparse
gamma_medium__noise_medium__T_300__density_sparse__seed_003,Social,0.409441144193914,588.5922948162518,408.0777051837482,996.67,3,0.381483163089963,0.466550068993847,1.0,-0.02795798110395098,0.057108924799933014,0.590558855806086,medium,medium,300,sparse
gamma_medium__noise_medium__T_300__density_sparse__seed_003,Search,-1.219710889775949e-06,3745.5045684271377,-0.0045684271376558,3745.5,3,0.0,0.2229719046179421,0.1474201016998519,1.219710889775949e-06,0.2229731243288319,0.14742132141074168,medium,medium,300,sparse
gamma_medium__noise_medium__T_300__density_sparse__seed_003,Affiliate,3.554273058929967e-06,1793.683624735957,0.006375264043072,1793.69,3,0.0,0.0,,-3.554273058929967e-06,-3.554273058929967e-06,,medium,medium,300,sparse
gamma_medium__noise_medium__T_300__density_sparse__seed_004,TV,0.0503161435333337,2661.868881290419,141.03111870958128,2802.9,4,0.1001860689164361,0.1010125229018825,0.0,0.0498699253831024,0.05069637936854881,-0.0503161435333337,medium,medium,300,sparse
gamma_medium__noise_medium__T_300__density_sparse__seed_004,Video,-2.94089686099471e-06,1900.7455898803,-0.005589880299567,1900.74,4,0.0,0.0,,2.94089686099471e-06,2.94089686099471e-06,,medium,medium,300,sparse
gamma_medium__noise_medium__T_300__density_sparse__seed_004,Display,,0.0,0.0,0.0,4,0.0,0.0,,,,,medium,medium,300,sparse
gamma_medium__noise_medium__T_300__density_sparse__seed_004,Social,0.4056982490449673,510.493318035354,348.48668196464604,858.98,4,0.308464157477161,0.3062685547445435,,-0.09723409156780632,-0.09942969430042381,,medium,medium,300,sparse
gamma_medium__noise_medium__T_300__density_sparse__seed_004,Search,-8.731786299539605e-07,3236.442825990245,-0.0028259902451281,3236.44,4,0.0,0.0,,8.731786299539605e-07,8.731786299539605e-07,,medium,medium,300,sparse
gamma_medium__noise_medium__T_300__density_sparse__seed_004,Affiliate,8.923589441813367e-07,1545.4686208860226,0.0013791139774639,1545.47,4,0.0,0.0,,-8.923589441813367e-07,-8.923589441813367e-07,,medium,medium,300,sparse
gamma_medium__noise_medium__T_300__density_sparse__seed_005,TV,0.058090918456175,2785.3758595781374,171.7841404218625,2957.16,5,0.0557399122083297,0.2008571668805261,0.2741257010891521,-0.0023510062478452956,0.1427662484243511,0.21603478263297707,medium,medium,300,sparse
gamma_medium__noise_medium__T_300__density_sparse__seed_005,Video,-7.942208959945807e-07,2072.731646205478,-0.0016462054777548,2072.73,5,0.0,0.0,0.0,7.942208959945807e-07,7.942208959945807e-07,7.942208959945807e-07,medium,medium,300,sparse
gamma_medium__noise_medium__T_300__density_sparse__seed_005,Display,,0.0,0.0,0.0,5,0.0,0.6877953031608923,1.0,,,,medium,medium,300,sparse
gamma_medium__noise_medium__T_300__density_sparse__seed_005,Social,0.4220832106442992,570.8719836934547,416.9380163065453,987.81,5,0.2967788708514289,0.3071355509213401,,-0.1253043397928703,-0.11494765972295912,,medium,medium,300,sparse
gamma_medium__noise_medium__T_300__density_sparse__seed_005,Search,8.232358219845775e-07,3542.687083530686,0.0029164693141865,3542.69,5,0.0,0.0,,-8.232358219845775e-07,-8.232358219845775e-07,,medium,medium,300,sparse
gamma_medium__noise_medium__T_300__density_sparse__seed_005,Affiliate,2.357457566839633e-06,1704.6359813835334,0.0040186164667375,1704.64,5,0.0,0.1679302683958323,,-2.357457566839633e-06,0.16792791093826548,,medium,medium,300,sparse
gamma_medium__noise_medium__T_80__density_dense__seed_001,TV,0.0822963976015237,346.1853299327772,31.0446700672228,377.23,1,0.2591561943917243,0.1433679976092143,0.0,0.17685979679020064,0.06107160000769059,-0.0822963976015237,medium,medium,80,dense
gamma_medium__noise_medium__T_80__density_dense__seed_001,Video,0.0970963005624867,252.65051317660496,27.169486823395037,279.82,1,0.3805105510499267,0.3856637417230916,,0.28341425048744,0.2885674411606049,,medium,medium,80,dense
gamma_medium__noise_medium__T_80__density_dense__seed_001,Display,1.0,0.0,144.53,144.53,1,0.4110552466183548,0.3428921706933516,,-0.5889447533816452,-0.6571078293066483,,medium,medium,80,dense
gamma_medium__noise_medium__T_80__density_dense__seed_001,Social,0.3937395732683515,71.00522117881067,46.11477882118933,117.12,1,0.4162262074399764,0.4153772482255635,,0.022486634171624886,0.021637674957211972,,medium,medium,80,dense
gamma_medium__noise_medium__T_80__density_dense__seed_001,Search,7.439526143480259e-06,475.4164631004809,0.0035368995191333,475.42,1,0.0,0.0,,-7.439526143480259e-06,-7.439526143480259e-06,,medium,medium,80,dense
gamma_medium__noise_medium__T_80__density_dense__seed_001,Affiliate,-1.4595807511353297e-05,229.4333487161173,-0.0033487161173297,229.43,1,0.0,0.0,,1.4595807511353297e-05,1.4595807511353297e-05,,medium,medium,80,dense
gamma_medium__noise_medium__T_80__density_dense__seed_002,TV,0.0896860242516329,403.8516922010056,39.78830779899442,443.64,2,0.137613493002697,0.1717547614045494,,0.047927468751064115,0.0820687371529165,,medium,medium,80,dense
gamma_medium__noise_medium__T_80__density_dense__seed_002,Video,0.0992491454117536,291.7712168182248,32.14878318177523,323.92,2,0.2196972048585627,0.2081004756008361,0.0,0.1204480594468091,0.10885133018908251,-0.0992491454117536,medium,medium,80,dense
gamma_medium__noise_medium__T_80__density_dense__seed_002,Display,1.0,0.0,169.07,169.07,2,0.3261833812992505,0.2587845047457543,,-0.6738166187007495,-0.7412154952542457,,medium,medium,80,dense
gamma_medium__noise_medium__T_80__density_dense__seed_002,Social,0.4103835481529631,81.85055584540567,56.96944415459433,138.82,2,0.3999077278467144,0.0,,-0.010475820306248662,-0.4103835481529631,,medium,medium,80,dense
gamma_medium__noise_medium__T_80__density_dense__seed_002,Search,7.133442050167756e-06,518.3463023803133,0.0036976196867044,518.35,2,0.0,0.0,,-7.133442050167756e-06,-7.133442050167756e-06,,medium,medium,80,dense
gamma_medium__noise_medium__T_80__density_dense__seed_002,Affiliate,-1.8513574262369724e-06,247.95045904407385,-0.0004590440738354,247.95,2,0.0,0.0,,1.8513574262369724e-06,1.8513574262369724e-06,,medium,medium,80,dense
gamma_medium__noise_medium__T_80__density_dense__seed_003,TV,0.0643742289160554,566.371704267955,38.96829573204502,605.34,3,0.3289633824678716,0.1676327983300712,,0.2645891535518162,0.10325856941401579,,medium,medium,80,dense
gamma_medium__noise_medium__T_80__density_dense__seed_003,Video,0.1099049336966633,422.4124156155745,52.15758438442555,474.57,3,0.0679134909425762,0.0,,-0.0419914427540871,-0.1099049336966633,,medium,medium,80,dense
gamma_medium__noise_medium__T_80__density_dense__seed_003,Display,1.0,0.0,171.18,171.18,3,0.5381306233737794,0.6315469509821557,,-0.46186937662622063,-0.36845304901784426,,medium,medium,80,dense
gamma_medium__noise_medium__T_80__density_dense__seed_003,Social,0.3771290548969092,101.47813437619554,61.441865623804446,162.92,3,0.1867411860263159,0.4902777530116355,,-0.19038786887059328,0.11314869811472633,,medium,medium,80,dense
gamma_medium__noise_medium__T_80__density_dense__seed_003,Search,8.437235239640923e-06,636.4046304591211,0.0053695408788598,636.41,3,0.0,0.0,,-8.437235239640923e-06,-8.437235239640923e-06,,medium,medium,80,dense
gamma_medium__noise_medium__T_80__density_dense__seed_003,Affiliate,8.429061059222579e-07,303.66974403470283,0.0002559652971854,303.67,3,0.0,0.0,,-8.429061059222579e-07,-8.429061059222579e-07,,medium,medium,80,dense
gamma_medium__noise_medium__T_80__density_dense__seed_004,TV,0.0750683271672921,384.23511552816353,31.184884471836483,415.42,4,0.2343928175918908,0.1733948551203394,1.0,0.15932449042459867,0.09832652795304729,0.9249316728327079,medium,medium,80,dense
gamma_medium__noise_medium__T_80__density_dense__seed_004,Video,0.1126500706843761,304.21904976656845,38.62095023343153,342.84,4,0.0732265774954375,0.0,,-0.039423493188938605,-0.1126500706843761,,medium,medium,80,dense
gamma_medium__noise_medium__T_80__density_dense__seed_004,Display,1.0,0.0,157.15,157.15,4,0.2938691574663631,0.0,,-0.7061308425336369,-1.0,,medium,medium,80,dense
gamma_medium__noise_medium__T_80__density_dense__seed_004,Social,0.4407236596851009,77.3199540485348,60.9300459514652,138.25,4,0.2539783954855287,0.2625237821080409,1.0,-0.18674526419957221,-0.17819987757706002,0.559276340314899,medium,medium,80,dense
gamma_medium__noise_medium__T_80__density_dense__seed_004,Search,-7.179998268020755e-06,493.62354419074506,-0.0035441907450604,493.62,4,0.0,0.0,0.0,7.179998268020755e-06,7.179998268020755e-06,7.179998268020755e-06,medium,medium,80,dense
gamma_medium__noise_medium__T_80__density_dense__seed_004,Affiliate,-1.3926550358515966e-05,234.09326006617343,-0.003260066173425,234.09,4,0.0,0.0,,1.3926550358515966e-05,1.3926550358515966e-05,,medium,medium,80,dense
gamma_medium__noise_medium__T_80__density_dense__seed_005,TV,0.0736253226981931,477.47203617489726,37.947963825102704,515.42,5,0.6211329701631122,0.47050670925077,,0.5475076474649191,0.3968813865525769,,medium,medium,80,dense
gamma_medium__noise_medium__T_80__density_dense__seed_005,Video,0.1033119608333373,331.97184586028186,38.24815413971817,370.22,5,0.1341147687271946,0.0,,0.03080280789385731,-0.1033119608333373,,medium,medium,80,dense
gamma_medium__noise_medium__T_80__density_dense__seed_005,Display,1.0,0.0,138.51,138.51,5,0.2516970627516681,0.0,,-0.7483029372483319,-1.0,,medium,medium,80,dense
gamma_medium__noise_medium__T_80__density_dense__seed_005,Social,0.4212453351676083,89.91532472836037,65.44467527163964,155.36,5,0.2896008551543508,0.0,,-0.13164448001325751,-0.4212453351676083,,medium,medium,80,dense
gamma_medium__noise_medium__T_80__density_dense__seed_005,Search,1.6769989236495953e-06,581.7190244561862,0.0009755438138654,581.72,5,0.0,0.2842834296282569,,-1.6769989236495953e-06,0.28428175262933325,,medium,medium,80,dense
gamma_medium__noise_medium__T_80__density_dense__seed_005,Affiliate,-1.450082977825075e-05,281.2840787934,-0.0040787934000263,281.28,5,0.0,0.0,,1.450082977825075e-05,1.450082977825075e-05,,medium,medium,80,dense
gamma_medium__noise_medium__T_80__density_medium__seed_001,TV,0.0631704337980352,351.20803607345454,23.68196392654545,374.89,1,0.1490394598559054,0.1487540787380966,0.0,0.08586902605787018,0.08558364494006139,-0.0631704337980352,medium,medium,80,medium
gamma_medium__noise_medium__T_80__density_medium__seed_001,Video,0.097096727475977,256.31618100411964,27.563818995880357,283.88,1,0.369417937974298,0.367597270197111,0.0,0.27232121049832103,0.270500542721134,-0.097096727475977,medium,medium,80,medium
gamma_medium__noise_medium__T_80__density_medium__seed_001,Display,1.0,0.0,36.11,36.11,1,0.3367080384162806,0.3257906965990372,,-0.6632919615837194,-0.6742093034009629,,medium,medium,80,medium
gamma_medium__noise_medium__T_80__density_medium__seed_001,Social,0.4029384328293905,72.15489039256815,48.695109607431846,120.85,1,0.368495402062407,0.3669477876954859,,-0.03444303076698352,-0.0359906451339046,,medium,medium,80,medium
gamma_medium__noise_medium__T_80__density_medium__seed_001,Search,-3.052933242294279e-07,482.9001474261463,-0.0001474261462703,482.9,1,0.0,0.0,,3.052933242294279e-07,3.052933242294279e-07,,medium,medium,80,medium
gamma_medium__noise_medium__T_80__density_medium__seed_001,Affiliate,-9.394210287333638e-06,232.76218659638647,-0.0021865963864797,232.76,1,0.0,0.0,,9.394210287333638e-06,9.394210287333638e-06,,medium,medium,80,medium
gamma_medium__noise_medium__T_80__density_medium__seed_002,TV,0.0671858376363141,407.1827100133725,29.32728998662748,436.51,2,0.0901573753192916,,,0.022971537682977508,,,medium,medium,80,medium
gamma_medium__noise_medium__T_80__density_medium__seed_002,Video,0.0986095141492806,294.1777989622408,32.18220103775923,326.36,2,0.2272772796566758,,0.0,0.1286677655073952,,-0.0986095141492806,medium,medium,80,medium
gamma_medium__noise_medium__T_80__density_medium__seed_002,Display,1.0,0.0,47.08,47.08,2,0.1523589098929164,,,-0.8476410901070837,,,medium,medium,80,medium
gamma_medium__noise_medium__T_80__density_medium__seed_002,Social,0.4139830324566613,82.8627992106281,58.53720078937191,141.4,2,0.4105003631620335,,,-0.003482669294627816,,,medium,medium,80,medium
gamma_medium__noise_medium__T_80__density_medium__seed_002,Search,3.596150788440808e-07,523.9598115760833,0.0001884239167111,523.96,2,0.0,,,-3.596150788440808e-07,,,medium,medium,80,medium
gamma_medium__noise_medium__T_80__density_medium__seed_002,Affiliate,1.7034138503277064e-05,249.99574146537415,0.0042585346258192,250.0,2,0.0,,,-1.7034138503277064e-05,,,medium,medium,80,medium
gamma_medium__noise_medium__T_80__density_medium__seed_003,TV,0.0492011979075262,577.6102722711778,29.88972772882221,607.5,3,0.1749861342616075,0.0,,0.1257849363540813,-0.0492011979075262,,medium,medium,80,medium
gamma_medium__noise_medium__T_80__density_medium__seed_003,Video,0.1097627530217841,430.7947061852285,53.115293814771576,483.91,3,0.1052079624721647,0.0,,-0.0045547905496194085,-0.1097627530217841,,medium,medium,80,medium
gamma_medium__noise_medium__T_80__density_medium__seed_003,Display,1.0,0.0,49.39,49.39,3,0.4657054108318023,0.3145358699180631,,-0.5342945891681977,-0.6854641300819369,,medium,medium,80,medium
gamma_medium__noise_medium__T_80__density_medium__seed_003,Social,0.3924979478780269,104.6240034164462,67.5959965835538,172.22,3,0.2853461179817322,0.0,,-0.10715182989629468,-0.3924979478780269,,medium,medium,80,medium
gamma_medium__noise_medium__T_80__density_medium__seed_003,Search,-2.2634953152550336e-06,650.5614725395122,-0.0014725395122923,650.56,3,0.0,0.3744854410830067,,2.2634953152550336e-06,0.3744877045783219,,medium,medium,80,medium
gamma_medium__noise_medium__T_80__density_medium__seed_003,Affiliate,1.4893288003887736e-05,309.6953875487052,0.004612451294804,309.7,3,0.0,0.0,,-1.4893288003887736e-05,-1.4893288003887736e-05,,medium,medium,80,medium
gamma_medium__noise_medium__T_80__density_medium__seed_004,TV,0.0555698399425962,386.2624911618776,22.727508838122446,408.99,4,0.1558798516917516,0.0,,0.10031001174915538,-0.0555698399425962,,medium,medium,80,medium
gamma_medium__noise_medium__T_80__density_medium__seed_004,Video,0.1113635631589795,305.8242297388372,38.3257702611628,344.15,4,0.0758382279191102,0.0,,-0.035525335239869296,-0.1113635631589795,,medium,medium,80,medium
gamma_medium__noise_medium__T_80__density_medium__seed_004,Display,1.0,0.0,43.4,43.4,4,0.1615073853334099,0.1613626225507651,1.0,-0.8384926146665901,-0.8386373774492348,0.0,medium,medium,80,medium
gamma_medium__noise_medium__T_80__density_medium__seed_004,Social,0.440781016542183,77.84328249732812,61.35671750267187,139.2,4,0.2550091006182226,0.1999574963341158,1.0,-0.18577191592396042,-0.2408235202080672,0.559218983457817,medium,medium,80,medium
gamma_medium__noise_medium__T_80__density_medium__seed_004,Search,1.0519354458922245e-05,496.5247768249305,0.0052231750694886,496.53,4,0.0,0.0,0.0,-1.0519354458922245e-05,-1.0519354458922245e-05,-1.0519354458922245e-05,medium,medium,80,medium
gamma_medium__noise_medium__T_80__density_medium__seed_004,Affiliate,5.575288593886413e-06,235.3286879673352,0.0013120326647992,235.33,4,0.0,0.0,,-5.575288593886413e-06,-5.575288593886413e-06,,medium,medium,80,medium
gamma_medium__noise_medium__T_80__density_medium__seed_005,TV,0.0562784518226382,479.6747885075894,28.605211492410547,508.28,5,0.3066664919060474,0.4428561388761902,,0.2503880400834092,0.386577687053552,,medium,medium,80,medium
gamma_medium__noise_medium__T_80__density_medium__seed_005,Video,0.1036547353007769,333.5031826366399,38.56681736336009,372.07,5,0.1217248339231178,0.0,,0.018070098622340894,-0.1036547353007769,,medium,medium,80,medium
gamma_medium__noise_medium__T_80__density_medium__seed_005,Display,1.0,0.0,38.67,38.67,5,0.1922757601332583,0.0,,-0.8077242398667417,-1.0,,medium,medium,80,medium
gamma_medium__noise_medium__T_80__density_medium__seed_005,Social,0.4347341994669687,91.39782728818584,70.29217271181416,161.69,5,0.2470628548151804,0.0,,-0.18767134465178828,-0.4347341994669687,,medium,medium,80,medium
gamma_medium__noise_medium__T_80__density_medium__seed_005,Search,1.8202387490249464e-06,585.8489336131289,0.0010663868711162,585.85,5,0.0,0.4129728356884761,,-1.8202387490249464e-06,0.4129710154497271,,medium,medium,80,medium
gamma_medium__noise_medium__T_80__density_medium__seed_005,Affiliate,-6.172294349061656e-06,282.58174416693714,-0.0017441669371578,282.58,5,0.0,0.0,,6.172294349061656e-06,6.172294349061656e-06,,medium,medium,80,medium
gamma_medium__noise_medium__T_80__density_sparse__seed_001,TV,0.0642000024340901,357.4475250702506,24.52247492974942,381.97,1,0.1678225121502801,0.1640318349140403,0.0,0.10362250971619,0.0998318324799502,-0.0642000024340901,medium,medium,80,sparse
gamma_medium__noise_medium__T_80__density_sparse__seed_001,Video,9.070432000657314e-07,260.8697633796404,0.0002366203596011,260.87,1,0.0,0.0,,-9.070432000657314e-07,-9.070432000657314e-07,,medium,medium,80,sparse
gamma_medium__noise_medium__T_80__density_sparse__seed_001,Display,,0.0,0.0,0.0,1,0.0,0.2490176157683525,,,,,medium,medium,80,sparse
gamma_medium__noise_medium__T_80__density_sparse__seed_001,Social,0.412965228014135,73.7374377091445,51.8725622908555,125.61,1,0.3985210837389483,0.4023248034383415,,-0.014444144275186699,-0.010640424575793506,,medium,medium,80,sparse
gamma_medium__noise_medium__T_80__density_sparse__seed_001,Search,-2.380737156568239e-06,493.68117532231946,-0.0011753223194546,493.68,1,0.0,0.0,,2.380737156568239e-06,2.380737156568239e-06,,medium,medium,80,sparse
gamma_medium__noise_medium__T_80__density_sparse__seed_001,Affiliate,1.100816149574378e-05,236.8973921665417,0.0026078334583417,236.9,1,0.0,0.0,,-1.100816149574378e-05,-1.100816149574378e-05,,medium,medium,80,sparse
gamma_medium__noise_medium__T_80__density_sparse__seed_002,TV,0.0684599098230849,415.59729583152887,30.54270416847112,446.14,2,0.0825030406749758,0.0487326959375736,,0.014043130851890892,-0.019727213885511304,,medium,medium,80,sparse
gamma_medium__noise_medium__T_80__density_sparse__seed_002,Video,-2.4251334408009908e-05,300.257281463156,-0.0072814631560049,300.25,2,0.0,0.1770598395351479,0.0,2.4251334408009908e-05,0.1770840908695559,2.4251334408009908e-05,medium,medium,80,sparse
gamma_medium__noise_medium__T_80__density_sparse__seed_002,Display,,0.0,0.0,0.0,2,0.0,0.0,,,,,medium,medium,80,sparse
gamma_medium__noise_medium__T_80__density_sparse__seed_002,Social,0.4167125780324228,84.37835846182972,60.28164153817028,144.66,2,0.3655315122117069,0.423775226730136,,-0.05118106582071591,0.007062648697713225,,medium,medium,80,sparse
gamma_medium__noise_medium__T_80__density_sparse__seed_002,Search,7.009746391296559e-06,536.2362410935951,0.0037589064048688,536.24,2,0.0,0.0,,-7.009746391296559e-06,-7.009746391296559e-06,,medium,medium,80,sparse
gamma_medium__noise_medium__T_80__density_sparse__seed_002,Affiliate,-7.4158092014763315e-06,255.16189221787585,-0.0018922178758487,255.16,2,0.0,0.0,,7.4158092014763315e-06,7.4158092014763315e-06,,medium,medium,80,sparse
gamma_medium__noise_medium__T_80__density_sparse__seed_003,TV,0.0488541172312636,587.903270139356,30.19672986064404,618.1,3,0.2307176400667529,0.4141560457231094,1.0,0.18186352283548932,0.3653019284918458,0.9511458827687364,medium,medium,80,sparse
gamma_medium__noise_medium__T_80__density_sparse__seed_003,Video,-2.681808325844342e-06,438.4711758924967,-0.0011758924966329,438.47,3,0.0,0.389799631237796,1.0,2.681808325844342e-06,0.38980231304612184,1.0000026818083259,medium,medium,80,sparse
gamma_medium__noise_medium__T_80__density_sparse__seed_003,Display,,0.0,0.0,0.0,3,0.0,0.177518954866962,1.0,,,,medium,medium,80,sparse
gamma_medium__noise_medium__T_80__density_sparse__seed_003,Social,0.3981312623924457,107.16874741840113,70.89125258159889,178.06,3,0.2424981566361249,0.2276220966312603,1.0,-0.15563310575632078,-0.17050916576118538,0.6018687376075543,medium,medium,80,sparse
gamma_medium__noise_medium__T_80__density_sparse__seed_003,Search,6.323798135851944e-06,663.5158040334609,0.0041959665391004,663.52,3,0.0,0.0,0.0,-6.323798135851944e-06,-6.323798135851944e-06,-6.323798135851944e-06,medium,medium,80,sparse
gamma_medium__noise_medium__T_80__density_sparse__seed_003,Affiliate,-1.3668591689098142e-05,315.2143084767863,-0.0043084767863206,315.21,3,0.0,0.0,,1.3668591689098142e-05,1.3668591689098142e-05,,medium,medium,80,sparse
gamma_medium__noise_medium__T_80__density_sparse__seed_004,TV,0.0580470111113491,396.19484665645547,24.415153343544542,420.61,4,0.1151306611864119,0.1132193231220802,1.0,0.057083650075062796,0.055172312010731105,0.9419529888886509,medium,medium,80,sparse
gamma_medium__noise_medium__T_80__density_sparse__seed_004,Video,5.6267405847471785e-06,313.688234947746,0.0017650522540293,313.69,4,0.0,0.0,,-5.6267405847471785e-06,-5.6267405847471785e-06,,medium,medium,80,sparse
gamma_medium__noise_medium__T_80__density_sparse__seed_004,Display,,0.0,0.0,0.0,4,0.0,0.0,,,,,medium,medium,80,sparse
gamma_medium__noise_medium__T_80__density_sparse__seed_004,Social,0.4452410142914786,80.27917282188014,64.43082717811987,144.71,4,0.2393038346835516,0.2492838006192249,1.0,-0.205937179607927,-0.19595721367225372,0.5547589857085213,medium,medium,80,sparse
gamma_medium__noise_medium__T_80__density_sparse__seed_004,Search,4.28405684619507e-06,510.9478110611544,0.0021889388455633,510.95,4,0.0,0.0,0.0,-4.28405684619507e-06,-4.28405684619507e-06,-4.28405684619507e-06,medium,medium,80,sparse
gamma_medium__noise_medium__T_80__density_sparse__seed_004,Affiliate,1.1553367395965672e-06,241.3797211248178,0.0002788751822038,241.38,4,0.0,0.0,,-1.1553367395965672e-06,-1.1553367395965672e-06,,medium,medium,80,sparse
gamma_medium__noise_medium__T_80__density_sparse__seed_005,TV,0.0552976423726215,486.72010167320167,28.489898326798368,515.21,5,0.3055778118498192,0.0,,0.25028016947719767,-0.0552976423726215,,medium,medium,80,sparse
gamma_medium__noise_medium__T_80__density_sparse__seed_005,Video,-5.104625726622666e-06,338.40172740534587,-0.0017274053458891,338.4,5,0.0,0.0,,5.104625726622666e-06,5.104625726622666e-06,,medium,medium,80,sparse
gamma_medium__noise_medium__T_80__density_sparse__seed_005,Display,,0.0,0.0,0.0,5,0.0,0.0,,,,,medium,medium,80,sparse
gamma_medium__noise_medium__T_80__density_sparse__seed_005,Social,0.4325776084461859,92.62035697332908,70.60964302667092,163.23,5,0.2787194959890095,0.0,,-0.1538581124571764,-0.4325776084461859,,medium,medium,80,sparse
gamma_medium__noise_medium__T_80__density_sparse__seed_005,Search,-1.5980247765837105e-07,592.6800947117324,-9.471173245856336e-05,592.68,5,0.0,0.3765486348008555,0.0,1.5980247765837105e-07,0.3765487946033331,1.5980247765837105e-07,medium,medium,80,sparse
gamma_medium__noise_medium__T_80__density_sparse__seed_005,Affiliate,-7.17219772374841e-06,286.7320564842533,-0.0020564842533303,286.73,5,0.0,0.0,,7.17219772374841e-06,7.17219772374841e-06,,medium,medium,80,sparse
gamma_strong__noise_high__T_156__density_dense__seed_001,TV,0.1275805244729279,1048.9884531789962,153.40154682100388,1202.39,1,0.3274800196393523,0.3630331209921706,,0.1998994951664244,0.23545259651924272,,strong,high,156,dense
gamma_strong__noise_high__T_156__density_dense__seed_001,Video,0.1887562350350367,696.9881931072978,162.1718068927022,859.16,1,0.0892296116613993,0.0,,-0.0995266233736374,-0.1887562350350367,,strong,high,156,dense
gamma_strong__noise_high__T_156__density_dense__seed_001,Display,1.0,0.0,806.88,806.88,1,0.7482646456095638,0.7350644960757191,,-0.25173535439043615,-0.2649355039242809,,strong,high,156,dense
gamma_strong__noise_high__T_156__density_dense__seed_001,Social,0.5623288276998859,194.33037721297364,249.67962278702635,444.01,1,0.2185658482433925,0.1853264141611778,,-0.34376297945649337,-0.3770024135387081,,strong,high,156,dense
gamma_strong__noise_high__T_156__density_dense__seed_001,Search,-6.676806541783396e-07,1252.7108364102323,-0.0008364102322957,1252.71,1,0.0,0.0,,6.676806541783396e-07,6.676806541783396e-07,,strong,high,156,dense
gamma_strong__noise_high__T_156__density_dense__seed_001,Affiliate,4.286771143026308e-06,609.3673877702686,0.0026122297314259,609.37,1,0.0,0.6582776596675352,,-4.286771143026308e-06,0.6582733728963921,,strong,high,156,dense
gamma_strong__noise_high__T_156__density_dense__seed_002,TV,0.1375781396417868,1211.918319268379,193.33168073162096,1405.25,2,0.3128533736557939,0.176485327347557,0.0,0.1752752340140071,0.0389071877057702,-0.1375781396417868,strong,high,156,dense
gamma_strong__noise_high__T_156__density_dense__seed_002,Video,0.163590616104987,982.7893901704792,192.22060982952087,1175.01,2,0.2640043287972054,0.0,,0.10041371269221841,-0.163590616104987,,strong,high,156,dense
gamma_strong__noise_high__T_156__density_dense__seed_002,Display,1.0,0.0,876.99,876.99,2,0.5534796029690255,0.4706749141682659,,-0.44652039703097446,-0.5293250858317341,,strong,high,156,dense
gamma_strong__noise_high__T_156__density_dense__seed_002,Social,0.5687795537443262,230.9314855833009,304.598514416699,535.53,2,0.4907426526138611,0.5527665586558711,,-0.07803690113046513,-0.016012995088455106,,strong,high,156,dense
gamma_strong__noise_high__T_156__density_dense__seed_002,Search,-3.1975878397578613e-06,1483.7247443250296,-0.0047443250296055,1483.72,2,0.0,0.0,,3.1975878397578613e-06,3.1975878397578613e-06,,strong,high,156,dense
gamma_strong__noise_high__T_156__density_dense__seed_002,Affiliate,1.4860513266529916e-06,721.1889282746438,0.0010717253562688,721.19,2,0.0,0.0,,-1.4860513266529916e-06,-1.4860513266529916e-06,,strong,high,156,dense
gamma_strong__noise_high__T_156__density_dense__seed_003,TV,0.1218458311273578,1489.5251012417757,206.67489875822437,1696.2,3,0.1180986419870692,0.0,,-0.003747189140288612,-0.1218458311273578,,strong,high,156,dense
gamma_strong__noise_high__T_156__density_dense__seed_003,Video,0.1908817626602829,937.015557116006,221.05444288399383,1158.07,3,0.1161948355409555,0.0,,-0.0746869271193274,-0.1908817626602829,,strong,high,156,dense
gamma_strong__noise_high__T_156__density_dense__seed_003,Display,1.0,0.0,1137.71,1137.71,3,0.515857955582612,0.3941454300980315,1.0,-0.48414204441738795,-0.6058545699019685,0.0,strong,high,156,dense
gamma_strong__noise_high__T_156__density_dense__seed_003,Social,0.583888564359356,245.751252775008,344.83874722499206,590.59,3,0.4931355293825861,0.5039112132119082,1.0,-0.0907530349767699,-0.07997735114744775,0.416111435640644,strong,high,156,dense
gamma_strong__noise_high__T_156__density_dense__seed_003,Search,1.6171157340288824e-06,1584.1774381975963,0.0025618024035338,1584.18,3,0.0,0.0,0.0,-1.6171157340288824e-06,-1.6171157340288824e-06,-1.6171157340288824e-06,strong,high,156,dense
gamma_strong__noise_high__T_156__density_dense__seed_003,Affiliate,2.862279634012525e-06,765.7678081521246,0.0021918478753377,765.77,3,0.0,0.0,,-2.862279634012525e-06,-2.862279634012525e-06,,strong,high,156,dense
gamma_strong__noise_high__T_156__density_dense__seed_004,TV,0.1452027175146832,964.117306942364,163.77269305763605,1127.89,4,0.186325196357494,0.1832407997386487,,0.04112247884281081,0.038038082223965514,,strong,high,156,dense
gamma_strong__noise_high__T_156__density_dense__seed_004,Video,0.177278392883227,660.5302694897723,142.3297305102277,802.86,4,0.1803943176781374,0.1827919735214038,,0.0031159247949104074,0.005513580638176807,,strong,high,156,dense
gamma_strong__noise_high__T_156__density_dense__seed_004,Display,1.0,0.0,676.44,676.44,4,0.6405749176442328,0.6122383942063365,,-0.3594250823557672,-0.3877616057936635,,strong,high,156,dense
gamma_strong__noise_high__T_156__density_dense__seed_004,Social,0.5632665968551394,182.51962384230012,235.40037615769987,417.92,4,0.3868235699628259,0.3818150705382181,,-0.17644302689231345,-0.18145152631692124,,strong,high,156,dense
gamma_strong__noise_high__T_156__density_dense__seed_004,Search,4.101405932085098e-06,1172.6451904863338,0.0048095136662595,1172.65,4,0.0,0.0,,-4.101405932085098e-06,-4.101405932085098e-06,,strong,high,156,dense
gamma_strong__noise_high__T_156__density_dense__seed_004,Affiliate,7.611741263825829e-06,581.085576893269,0.0044231067309965,581.09,4,0.0,0.2695041784449509,,-7.611741263825829e-06,0.26949656670368705,,strong,high,156,dense
gamma_strong__noise_high__T_156__density_dense__seed_005,TV,0.1247262493497996,1116.4991963293955,159.10080367060436,1275.6,5,0.2852328173010001,0.0,0.0,0.1605065679512005,-0.1247262493497996,-0.1247262493497996,strong,high,156,dense
gamma_strong__noise_high__T_156__density_dense__seed_005,Video,0.1659123352520204,741.5623200974862,147.5076799025138,889.07,5,0.2818759103078918,0.4735352767149918,1.0,0.11596357505587138,0.3076229414629714,0.8340876647479796,strong,high,156,dense
gamma_strong__noise_high__T_156__density_dense__seed_005,Display,1.0,0.0,743.02,743.02,5,0.5121385530287483,0.5756536226122168,1.0,-0.48786144697125167,-0.42434637738778325,0.0,strong,high,156,dense
gamma_strong__noise_high__T_156__density_dense__seed_005,Social,0.5698496711264527,210.61880702964368,279.0211929703563,489.64,5,0.4091720046569924,0.5888148070169419,1.0,-0.1606776664694603,0.018965135890489204,0.4301503288735473,strong,high,156,dense
gamma_strong__noise_high__T_156__density_dense__seed_005,Search,4.523186796230568e-07,1288.2694172914146,0.0005827085853979,1288.27,5,0.0,0.365818318784077,0.2189957926013963,-4.523186796230568e-07,0.3658178664653974,0.21899534028271667,strong,high,156,dense
gamma_strong__noise_high__T_156__density_dense__seed_005,Affiliate,-1.685089790811316e-06,633.2110670157065,-0.0010670157064396,633.21,5,0.0,0.0,,1.685089790811316e-06,1.685089790811316e-06,,strong,high,156,dense
gamma_strong__noise_high__T_156__density_medium__seed_001,TV,0.0925301647720212,1090.025541980791,111.14445801920874,1201.17,1,0.2133628603803912,0.2386373726882183,,0.12083269560837001,0.1461072079161971,,strong,high,156,medium
gamma_strong__noise_high__T_156__density_medium__seed_001,Video,0.1876904639763533,724.2551823186834,167.3448176813166,891.6,1,0.1199980747258026,0.1195087797413789,,-0.06769238925055071,-0.06818168423497441,,strong,high,156,medium
gamma_strong__noise_high__T_156__density_medium__seed_001,Display,1.0,0.0,289.22,289.22,1,0.6180238703422211,0.6069895876116517,,-0.38197612965777894,-0.39301041238834833,,strong,high,156,medium
gamma_strong__noise_high__T_156__density_medium__seed_001,Social,0.5836044018367575,204.99155297576425,287.30844702423576,492.3,1,0.3472934047026511,0.3450254387169584,,-0.23631099713410647,-0.23857896311979915,,strong,high,156,medium
gamma_strong__noise_high__T_156__density_medium__seed_001,Search,-2.086786461146385e-06,1318.3627511357988,-0.0027511357989169,1318.36,1,0.0,0.0,,2.086786461146385e-06,2.086786461146385e-06,,strong,high,156,medium
gamma_strong__noise_high__T_156__density_medium__seed_001,Affiliate,5.464441666927217e-06,633.2065398608921,0.0034601391079149,633.21,1,0.0,0.6709128538455367,,-5.464441666927217e-06,0.6709073894038697,,strong,high,156,medium
gamma_strong__noise_high__T_156__density_medium__seed_003,TV,0.0873284843388707,1541.319655648515,147.48034435148497,1688.8,3,0.0745955598919806,0.0,,-0.012732924446890087,-0.0873284843388707,,strong,high,156,medium
gamma_strong__noise_high__T_156__density_medium__seed_003,Video,0.1899767010869431,969.597888798929,227.40211120107097,1197.0,3,0.1035330692686297,0.0953027854679448,1.0,-0.0864436318183134,-0.0946739156189983,0.8100232989130569,strong,high,156,medium
gamma_strong__noise_high__T_156__density_medium__seed_003,Display,1.0,0.0,398.38,398.38,3,0.3018088249312188,0.2889789474620545,1.0,-0.6981911750687813,-0.7110210525379455,0.0,strong,high,156,medium
gamma_strong__noise_high__T_156__density_medium__seed_003,Social,0.5907066183985304,256.1153335371196,369.6346664628804,625.75,3,0.457272546497962,0.4600508791978461,1.0,-0.13343407190056844,-0.13065573920068435,0.40929338160146955,strong,high,156,medium
gamma_strong__noise_high__T_156__density_medium__seed_003,Search,-2.0982409286555577e-06,1651.2134646364038,-0.0034646364038053,1651.21,3,0.0,0.0,0.0,2.0982409286555577e-06,2.0982409286555577e-06,2.0982409286555577e-06,strong,high,156,medium
gamma_strong__noise_high__T_156__density_medium__seed_003,Affiliate,5.8313820158864245e-06,792.3953792128906,0.0046207871093884,792.4,3,0.0,0.0,,-5.8313820158864245e-06,-5.8313820158864245e-06,,strong,high,156,medium
gamma_strong__noise_high__T_156__density_medium__seed_004,TV,0.1058494871652675,1014.306458749464,120.0735412505362,1134.38,4,0.1366306946358715,0.1383323962093769,,0.03078120747060399,0.0324829090441094,,strong,high,156,medium
gamma_strong__noise_high__T_156__density_medium__seed_004,Video,0.1812283141778992,694.9160929077916,153.8139070922084,848.73,4,0.2003505809700551,0.208023260326245,,0.019122266792155895,0.026794946148345794,,strong,high,156,medium
gamma_strong__noise_high__T_156__density_medium__seed_004,Display,1.0,0.0,240.4,240.4,4,0.4722925550003123,0.4551327973188547,,-0.5277074449996877,-0.5448672026811453,,strong,high,156,medium
gamma_strong__noise_high__T_156__density_medium__seed_004,Social,0.5711056003196656,197.25282335698265,262.6571766430174,459.91,4,0.4003327064190586,0.417714502560412,,-0.17077289390060701,-0.15339109775925364,,strong,high,156,medium
gamma_strong__noise_high__T_156__density_medium__seed_004,Search,-3.598101479975288e-06,1255.1145160131484,-0.0045160131485317,1255.11,4,0.0,0.0,,3.598101479975288e-06,3.598101479975288e-06,,strong,high,156,medium
gamma_strong__noise_high__T_156__density_medium__seed_004,Affiliate,8.190900227937543e-06,611.3349925750547,0.0050074249453473,611.34,4,0.0,0.0,,-8.190900227937543e-06,-8.190900227937543e-06,,strong,high,156,medium
gamma_strong__noise_high__T_156__density_medium__seed_005,TV,0.0849341124172529,1188.2222056850728,110.28779431492715,1298.51,5,0.2186155138961142,0.2117050947878801,0.3665872789856317,0.1336814014788613,0.1267709823706272,0.2816531665683788,strong,high,156,medium
gamma_strong__noise_high__T_156__density_medium__seed_005,Video,0.1658210491302713,789.200021838833,156.87997816116706,946.08,5,0.3285812509634477,0.3403067077955971,1.0,0.1627602018331764,0.17448565866532578,0.8341789508697287,strong,high,156,medium
gamma_strong__noise_high__T_156__density_medium__seed_005,Display,1.0,0.0,301.8,301.8,5,0.3202759642374972,0.3163367993023475,1.0,-0.6797240357625027,-0.6836632006976525,0.0,strong,high,156,medium
gamma_strong__noise_high__T_156__density_medium__seed_005,Social,0.587538969293636,227.76098115605416,324.43901884394586,552.2,5,0.4962893752628987,0.5107197913535452,1.0,-0.09124959403073735,-0.07681917794009085,0.412461030706364,strong,high,156,medium
gamma_strong__noise_high__T_156__density_medium__seed_005,Search,-2.8758740407959024e-06,1384.9239828554769,-0.003982855476579,1384.92,5,0.0,0.0,0.0,2.8758740407959024e-06,2.8758740407959024e-06,2.8758740407959024e-06,strong,high,156,medium
gamma_strong__noise_high__T_156__density_medium__seed_005,Affiliate,2.914284533021881e-06,673.888036092796,0.0019639072039581,673.89,5,0.0,0.0,,-2.914284533021881e-06,-2.914284533021881e-06,,strong,high,156,medium
gamma_strong__noise_high__T_156__density_sparse__seed_001,TV,0.0914783353050556,1154.9399958101542,116.29000418984585,1271.23,1,0.1773545263907137,0.1799316716107321,1.0,0.0858761910856581,0.08845333630567649,0.9085216646949444,strong,high,156,sparse
gamma_strong__noise_high__T_156__density_sparse__seed_001,Video,4.301622467493142e-06,767.3866989779347,0.0033010220653295,767.39,1,0.0,0.0,,-4.301622467493142e-06,-4.301622467493142e-06,,strong,high,156,sparse
gamma_strong__noise_high__T_156__density_sparse__seed_001,Display,,0.0,0.0,0.0,1,0.0,0.0,,,,,strong,high,156,sparse
gamma_strong__noise_high__T_156__density_sparse__seed_001,Social,0.5851219229040334,222.04274686176132,313.1572531382388,535.2,1,0.3225396239043847,0.3310991034539063,1.0,-0.26258229899964874,-0.2540228194501271,0.4148780770959666,strong,high,156,sparse
gamma_strong__noise_high__T_156__density_sparse__seed_001,Search,1.1091268278179756e-06,1395.8984517698611,0.0015482301389511,1395.9,1,0.0,0.0,0.0,-1.1091268278179756e-06,-1.1091268278179756e-06,-1.1091268278179756e-06,strong,high,156,sparse
gamma_strong__noise_high__T_156__density_sparse__seed_001,Affiliate,6.0050857447692426e-06,670.9159710678721,0.0040289321278805,670.92,1,0.0,0.639143656849542,,-6.0050857447692426e-06,0.6391376517637972,,strong,high,156,sparse
gamma_strong__noise_high__T_156__density_sparse__seed_002,TV,0.0967327789528291,1268.8826941104342,135.88730588956582,1404.77,2,0.2000188238626002,0.192616721295234,0.0,0.1032860449097711,0.0958839423424049,-0.0967327789528291,strong,high,156,sparse
gamma_strong__noise_high__T_156__density_sparse__seed_002,Video,6.347776738354944e-06,1028.983468201214,0.0065317987859998,1028.99,2,0.0,0.0,,-6.347776738354944e-06,-6.347776738354944e-06,,strong,high,156,sparse
gamma_strong__noise_high__T_156__density_sparse__seed_002,Display,,0.0,0.0,0.0,2,0.0,0.0597906091843802,,,,,strong,high,156,sparse
gamma_strong__noise_high__T_156__density_sparse__seed_002,Social,0.5790094272703433,246.9067610002164,339.58323899978365,586.49,2,0.4828655804407531,0.4612481631314678,,-0.09614384682959021,-0.1177612641388755,,strong,high,156,sparse
gamma_strong__noise_high__T_156__density_sparse__seed_002,Search,-2.37115886167241e-06,1567.5037167915157,-0.0037167915156715,1567.5,2,0.0,0.0,,2.37115886167241e-06,2.37115886167241e-06,,strong,high,156,sparse
gamma_strong__noise_high__T_156__density_sparse__seed_002,Affiliate,3.992209618733791e-06,755.086985522439,0.0030144775610096,755.09,2,0.0,0.0,,-3.992209618733791e-06,-3.992209618733791e-06,,strong,high,156,sparse
gamma_strong__noise_high__T_156__density_sparse__seed_003,TV,0.085618654520911,1610.4815761654097,150.79842383459027,1761.28,3,0.0639997402790018,0.0,,-0.021618914241909204,-0.085618654520911,,strong,high,156,sparse
gamma_strong__noise_high__T_156__density_sparse__seed_003,Video,4.086853713643966e-06,1013.1058595676342,0.0041404323658298,1013.11,3,0.0,0.0,,-4.086853713643966e-06,-4.086853713643966e-06,,strong,high,156,sparse
gamma_strong__noise_high__T_156__density_sparse__seed_003,Display,,0.0,0.0,0.0,3,0.0,0.0,,,,,strong,high,156,sparse
gamma_strong__noise_high__T_156__density_sparse__seed_003,Social,0.5889421054869795,269.8225125372918,386.58748746270817,656.41,3,0.4194120008705732,0.3870406725767571,1.0,-0.16953010461640627,-0.20190143291022233,0.41105789451302055,strong,high,156,sparse
gamma_strong__noise_high__T_156__density_sparse__seed_003,Search,-2.386765606348873e-06,1727.444122994379,-0.0041229943790312,1727.44,3,0.0,0.0,0.0,2.386765606348873e-06,2.386765606348873e-06,2.386765606348873e-06,strong,high,156,sparse
gamma_strong__noise_high__T_156__density_sparse__seed_003,Affiliate,-1.866278864524176e-06,827.9515451855859,-0.0015451855858827,827.95,3,0.0,0.0,,1.866278864524176e-06,1.866278864524176e-06,,strong,high,156,sparse
gamma_strong__noise_high__T_156__density_sparse__seed_004,TV,0.1065408492005594,1068.6128827221628,127.42711727783716,1196.04,4,0.1122483181244005,0.1125529424875726,,0.005707468923841108,0.006012093287013201,,strong,high,156,sparse
gamma_strong__noise_high__T_156__density_sparse__seed_004,Video,-1.653006168510787e-05,732.1221018234603,-0.0121018234602843,732.11,4,0.0,0.0,,1.653006168510787e-05,1.653006168510787e-05,,strong,high,156,sparse
gamma_strong__noise_high__T_156__density_sparse__seed_004,Display,,0.0,0.0,0.0,4,0.0,0.1132705957810133,,,,,strong,high,156,sparse
gamma_strong__noise_high__T_156__density_sparse__seed_004,Social,0.5778254999849397,210.78750611251945,288.50249388748057,499.29,4,0.3391214671178837,0.3250872210082101,,-0.238704032867056,-0.2527382789767296,,strong,high,156,sparse
gamma_strong__noise_high__T_156__density_sparse__seed_004,Search,1.8011040819752986e-06,1334.0775971830662,0.0024028169336816,1334.08,4,0.0,0.0,,-1.8011040819752986e-06,-1.8011040819752986e-06,,strong,high,156,sparse
gamma_strong__noise_high__T_156__density_sparse__seed_004,Affiliate,5.817265694847826e-06,644.066253273684,0.0037467263160806,644.07,4,0.0,0.0,,-5.817265694847826e-06,-5.817265694847826e-06,,strong,high,156,sparse
gamma_strong__noise_high__T_156__density_sparse__seed_005,TV,0.0868887683051057,1269.8363965811386,120.83360341886146,1390.67,5,0.182701980071317,0.1962440203092267,0.2735237537074447,0.0958132117662113,0.109355252004121,0.186634985402339,strong,high,156,sparse
gamma_strong__noise_high__T_156__density_sparse__seed_005,Video,-7.622232448567697e-06,843.4064285908471,-0.0064285908471219,843.4,5,0.0,0.0,,7.622232448567697e-06,7.622232448567697e-06,,strong,high,156,sparse
gamma_strong__noise_high__T_156__density_sparse__seed_005,Display,,0.0,0.0,0.0,5,0.0,0.0,,,,,strong,high,156,sparse
gamma_strong__noise_high__T_156__density_sparse__seed_005,Social,0.599515719316097,247.70753728860765,370.8124627113923,618.52,5,0.4514998280912126,0.5235206064290765,1.0,-0.14801589122488445,-0.07599511288702054,0.40048428068390296,strong,high,156,sparse
gamma_strong__noise_high__T_156__density_sparse__seed_005,Search,-2.762697804434521e-06,1489.6141153422764,-0.0041153422764637,1489.61,5,0.0,0.0,0.0,2.762697804434521e-06,2.762697804434521e-06,2.762697804434521e-06,strong,high,156,sparse
gamma_strong__noise_high__T_156__density_sparse__seed_005,Affiliate,-6.071177586654763e-06,720.1743722799625,-0.0043722799625811,720.17,5,0.0,0.0,,6.071177586654763e-06,6.071177586654763e-06,,strong,high,156,sparse
gamma_strong__noise_high__T_300__density_dense__seed_001,TV,0.1346808368523877,2266.331460625017,352.73853937498325,2619.07,1,0.2466493397544212,0.2473799724163091,1.0,0.1119685029020335,0.11269913556392142,0.8653191631476123,strong,high,300,dense
gamma_strong__noise_high__T_300__density_dense__seed_001,Video,0.1729225774270136,1634.7267964897333,341.7832035102668,1976.51,1,0.3840702087058853,0.395333206938772,1.0,0.2111476312788717,0.22241062951175838,0.8270774225729864,strong,high,300,dense
gamma_strong__noise_high__T_300__density_dense__seed_001,Display,1.0,0.0,1578.55,1578.55,1,0.660728960452531,0.66809270591429,1.0,-0.33927103954746896,-0.33190729408570996,0.0,strong,high,300,dense
gamma_strong__noise_high__T_300__density_dense__seed_001,Social,0.5676269329227079,445.5993591991865,584.9906408008135,1030.59,1,0.2964151516666965,0.2950879634372839,1.0,-0.2712117812560114,-0.27253896948542405,0.43237306707729206,strong,high,300,dense
gamma_strong__noise_high__T_300__density_dense__seed_001,Search,1.0760204746194342e-06,2847.366936171581,0.0030638284188171,2847.37,1,0.0,0.0,0.0,-1.0760204746194342e-06,-1.0760204746194342e-06,-1.0760204746194342e-06,strong,high,300,dense
gamma_strong__noise_high__T_300__density_dense__seed_001,Affiliate,-5.701585717200911e-07,1384.3307892876155,-0.0007892876155892,1384.33,1,0.0,0.0469619457852148,1.0,5.701585717200911e-07,0.046962515943786524,1.0000005701585717,strong,high,300,dense
gamma_strong__noise_high__T_300__density_dense__seed_002,TV,0.1237478639450516,2235.1176610848806,315.65233891511934,2550.77,2,0.2966911540303324,0.2965983223643943,,0.1729432900852808,0.1728504584193427,,strong,high,300,dense
gamma_strong__noise_high__T_300__density_dense__seed_002,Video,0.1760904700115458,1564.365263684378,334.3447363156222,1898.71,2,0.4241209722995525,0.4903289155555831,,0.2480305022880067,0.31423844554403735,,strong,high,300,dense
gamma_strong__noise_high__T_300__density_dense__seed_002,Display,1.0,0.0,1539.11,1539.11,2,0.616983002182035,0.6147181131213617,,-0.38301699781796505,-0.3852818868786383,,strong,high,300,dense
gamma_strong__noise_high__T_300__density_dense__seed_002,Social,0.5736105851993136,430.6319894779532,579.3180105220468,1009.95,2,0.4685570137719108,0.4669451955987957,,-0.10505357142740285,-0.10666538960051791,,strong,high,300,dense
gamma_strong__noise_high__T_300__density_dense__seed_002,Search,-6.391509032410874e-07,2717.9117371546317,-0.0017371546314279,2717.91,2,0.0,0.0,,6.391509032410874e-07,6.391509032410874e-07,,strong,high,300,dense
gamma_strong__noise_high__T_300__density_dense__seed_002,Affiliate,-4.2375496680383446e-07,1337.7205668654942,-0.0005668654941928,1337.72,2,0.0,0.0,,4.2375496680383446e-07,4.2375496680383446e-07,,strong,high,300,dense
gamma_strong__noise_high__T_300__density_dense__seed_003,TV,0.123948921434854,2706.5510467162326,382.9389532837672,3089.49,3,0.2054384508303912,0.0781224222998687,0.0662669985266841,0.08148952939553719,-0.04582649913498531,-0.0576819229081699,strong,high,300,dense
gamma_strong__noise_high__T_300__density_dense__seed_003,Video,0.1517530868889729,1875.7538463698077,335.5761536301925,2211.33,3,0.4120581055886155,0.427079107865596,1.0,0.2603050186996426,0.27532602097662306,0.8482469131110271,strong,high,300,dense
gamma_strong__noise_high__T_300__density_dense__seed_003,Display,1.0,0.0,1723.32,1723.32,3,0.5651253121278781,0.5673092998119142,1.0,-0.4348746878721219,-0.43269070018808575,0.0,strong,high,300,dense
gamma_strong__noise_high__T_300__density_dense__seed_003,Social,0.5513251631129213,476.88302388216925,585.9869761178306,1062.87,3,0.5582625868361506,0.617306854672912,1.0,0.006937423723229252,0.06598169155999067,0.44867483688707865,strong,high,300,dense
gamma_strong__noise_high__T_300__density_dense__seed_003,Search,-1.3754625144834614e-06,3045.5441890261063,-0.0041890261063599,3045.54,3,0.0,0.0,0.0,1.3754625144834614e-06,1.3754625144834614e-06,1.3754625144834614e-06,strong,high,300,dense
gamma_strong__noise_high__T_300__density_dense__seed_003,Affiliate,2.007132302915705e-06,1508.306972622276,0.0030273777238107,1508.31,3,0.0,0.0,,-2.007132302915705e-06,-2.007132302915705e-06,,strong,high,300,dense
gamma_strong__noise_high__T_300__density_dense__seed_004,TV,0.1220911046891068,2260.6505217813624,314.3894782186376,2575.04,4,0.3259733241254947,0.2722843833214574,0.0,0.20388221943638787,0.15019327863235057,-0.1220911046891068,strong,high,300,dense
gamma_strong__noise_high__T_300__density_dense__seed_004,Video,0.1506942816039496,1614.249899783821,286.420100216179,1900.67,4,0.4294304357035072,0.4456760503356658,,0.2787361540995576,0.2949817687317162,,strong,high,300,dense
gamma_strong__noise_high__T_300__density_dense__seed_004,Display,1.0,0.0,1415.45,1415.45,4,0.6498511500798784,0.6598187490987653,,-0.35014884992012163,-0.34018125090123474,,strong,high,300,dense
gamma_strong__noise_high__T_300__density_dense__seed_004,Social,0.5528404550295376,418.8230446056842,517.8069553943158,936.63,4,0.5052061554095711,0.525685476399132,,-0.04763429961996646,-0.027154978630405613,,strong,high,300,dense
gamma_strong__noise_high__T_300__density_dense__seed_004,Search,3.37600690379718e-07,2651.8791047234813,0.0008952765188041,2651.88,4,0.0,0.0,,-3.37600690379718e-07,-3.37600690379718e-07,,strong,high,300,dense
gamma_strong__noise_high__T_300__density_dense__seed_004,Affiliate,-1.953818332986312e-06,1312.5225644256384,-0.0025644256384111,1312.52,4,0.0,0.0,,1.953818332986312e-06,1.953818332986312e-06,,strong,high,300,dense
gamma_strong__noise_high__T_300__density_dense__seed_005,TV,0.1460040684898213,2350.376142661629,401.8338573383712,2752.21,5,0.2702973444568306,0.3488692701111844,0.3343622380674698,0.12429327596700931,0.2028652016213631,0.18835816957764848,strong,high,300,dense
gamma_strong__noise_high__T_300__density_dense__seed_005,Video,0.1545481788853749,1749.0284549308806,319.72154506911943,2068.75,5,0.1897342633062572,0.1921848670586898,0.2279864619766089,0.03518608442088231,0.03763668817331492,0.07343828309123401,strong,high,300,dense
gamma_strong__noise_high__T_300__density_dense__seed_005,Display,1.0,0.0,1613.5,1613.5,5,0.6818267253397634,0.6805618646185834,1.0,-0.3181732746602366,-0.31943813538141663,0.0,strong,high,300,dense
gamma_strong__noise_high__T_300__density_dense__seed_005,Social,0.567362092991373,465.9250675738708,611.0149324261292,1076.94,5,0.4696195089559121,0.4767816423050788,1.0,-0.09774258403546088,-0.09058045068629417,0.43263790700862703,strong,high,300,dense
gamma_strong__noise_high__T_300__density_dense__seed_005,Search,1.2893271547132012e-06,2888.506275765621,0.0037242343796606,2888.51,5,0.0,0.0,0.0,-1.2893271547132012e-06,-1.2893271547132012e-06,-1.2893271547132012e-06,strong,high,300,dense
gamma_strong__noise_high__T_300__density_dense__seed_005,Affiliate,1.126027770789017e-06,1438.418380299134,0.0016197008660583,1438.42,5,0.0,0.211492723562809,1.0,-1.126027770789017e-06,0.2114915975350382,0.9999988739722292,strong,high,300,dense
gamma_strong__noise_high__T_300__density_medium__seed_001,TV,0.0979958056798636,2365.4157991851257,256.9842008148744,2622.4,1,0.1713075070615763,0.1745730210346832,1.0,0.0733117013817127,0.0765772153548196,0.9020041943201365,strong,high,300,medium
gamma_strong__noise_high__T_300__density_medium__seed_001,Video,0.1752081731561146,1706.1973646823349,362.442635317665,2068.64,1,0.5077084349368165,0.5137722826596546,1.0,0.3325002617807019,0.33856410950354,0.8247918268438854,strong,high,300,medium
gamma_strong__noise_high__T_300__density_medium__seed_001,Display,1.0,0.0,566.29,566.29,1,0.4411001592120048,0.4456589606206819,1.0,-0.5588998407879953,-0.5543410393793181,0.0,strong,high,300,medium
gamma_strong__noise_high__T_300__density_medium__seed_001,Social,0.5854306819431169,473.2723334937378,668.3276665062622,1141.6,1,0.4384608917669533,0.4573032586894572,0.7808720549555305,-0.14696979017616357,-0.12812742325365967,0.1954413730124136,strong,high,300,medium
gamma_strong__noise_high__T_300__density_medium__seed_001,Search,2.403942422766842e-07,3007.629276983065,0.0007230169348986,3007.63,1,0.0,0.0,0.0,-2.403942422766842e-07,-2.403942422766842e-07,-2.403942422766842e-07,strong,high,300,medium
gamma_strong__noise_high__T_300__density_medium__seed_001,Affiliate,-3.1540374522617227e-06,1444.8545571110128,-0.0045571110129003,1444.85,1,0.0,0.0,,3.1540374522617227e-06,3.1540374522617227e-06,,strong,high,300,medium
gamma_strong__noise_high__T_300__density_medium__seed_002,TV,0.0885019621618452,2340.79076603103,227.27923396896995,2568.07,2,0.2547824577145275,0.2532607309502973,1.0,0.16628049555268232,0.16475876878845208,0.9114980378381548,strong,high,300,medium
gamma_strong__noise_high__T_300__density_medium__seed_002,Video,0.1765221275737158,1638.3256967495408,351.19430325045914,1989.52,2,0.5382540655235146,0.6018798391211632,1.0,0.36173193794979885,0.4253577115474474,0.8234778724262842,strong,high,300,medium
gamma_strong__noise_high__T_300__density_medium__seed_002,Display,1.0,0.0,563.87,563.87,2,0.4107137310342245,0.420974804710063,1.0,-0.5892862689657755,-0.579025195289937,0.0,strong,high,300,medium
gamma_strong__noise_high__T_300__density_medium__seed_002,Social,0.5889511419396175,458.2783718515204,656.6216281484797,1114.9,2,0.563632475612498,0.5530497205321848,1.0,-0.025318666327119543,-0.03590142140743269,0.4110488580603825,strong,high,300,medium
gamma_strong__noise_high__T_300__density_medium__seed_002,Search,-1.215082341050234e-06,2882.663502669261,-0.0035026692612518,2882.66,2,0.0,0.0,0.0,1.215082341050234e-06,1.215082341050234e-06,1.215082341050234e-06,strong,high,300,medium
gamma_strong__noise_high__T_300__density_medium__seed_002,Affiliate,3.721638863746375e-06,1400.964786095601,0.0052139043989427,1400.97,2,0.0,0.0,,-3.721638863746375e-06,-3.721638863746375e-06,,strong,high,300,medium
gamma_strong__noise_high__T_300__density_medium__seed_003,TV,0.0888713033439029,2865.763978305456,279.5260216945444,3145.29,3,0.1594917847540798,0.0,,0.07062048141017689,-0.0888713033439029,,strong,high,300,medium
gamma_strong__noise_high__T_300__density_medium__seed_003,Video,0.1526320225939951,1986.0949601632904,357.7450398367096,2343.84,3,0.3906483796202547,0.3744074374783411,1.0,0.23801635702625962,0.221775414884346,0.8473679774060049,strong,high,300,medium
gamma_strong__noise_high__T_300__density_medium__seed_003,Display,1.0,0.0,611.06,611.06,3,0.32454988977673,0.3166131834981551,1.0,-0.67545011022327,-0.6833868165018449,0.0,strong,high,300,medium
gamma_strong__noise_high__T_300__density_medium__seed_003,Social,0.559228461549493,513.3313491102294,651.2886508897705,1164.62,3,0.5658384468338487,0.5728739327842415,1.0,0.006609985284355635,0.013645471234748463,0.440771538450507,strong,high,300,medium
gamma_strong__noise_high__T_300__density_medium__seed_003,Search,2.281030701425837e-06,3266.222549629092,0.0074503709079181,3266.23,3,0.0,0.0,0.0,-2.281030701425837e-06,-2.281030701425837e-06,-2.281030701425837e-06,strong,high,300,medium
gamma_strong__noise_high__T_300__density_medium__seed_003,Affiliate,4.39986786753813e-06,1597.0329732350208,0.007026764979173,1597.04,3,0.0,0.0,,-4.39986786753813e-06,-4.39986786753813e-06,,strong,high,300,medium
gamma_strong__noise_high__T_300__density_medium__seed_004,TV,0.0867095435408333,2381.651453640521,226.11854635947884,2607.77,4,0.257382872186257,0.254794590367719,0.0,0.1706733286454237,0.16808504682688571,-0.0867095435408333,strong,high,300,medium
gamma_strong__noise_high__T_300__density_medium__seed_004,Video,0.1523019450541258,1700.6518378324129,305.5481621675872,2006.2,4,0.4084102083648446,0.4130005479655478,,0.2561082633107188,0.260698602911422,,strong,high,300,medium
gamma_strong__noise_high__T_300__density_medium__seed_004,Display,1.0,0.0,507.85,507.85,4,0.3854808493676503,0.3805937763536135,1.0,-0.6145191506323497,-0.6194062236463864,0.0,strong,high,300,medium
gamma_strong__noise_high__T_300__density_medium__seed_004,Social,0.5640049629384623,446.4719978021264,577.5580021978735,1024.03,4,0.5216594740296546,0.5212110661308859,0.0,-0.04234548890880763,-0.04279389680757639,-0.5640049629384623,strong,high,300,medium
gamma_strong__noise_high__T_300__density_medium__seed_004,Search,1.2616571963187178e-08,2834.4299642392098,3.576079006961663e-05,2834.43,4,0.0,0.0,,-1.2616571963187178e-08,-1.2616571963187178e-08,,strong,high,300,medium
gamma_strong__noise_high__T_300__density_medium__seed_004,Affiliate,2.9349694156241108e-06,1382.7759415829914,0.0040584170085367,1382.78,4,0.0,0.0,,-2.9349694156241108e-06,-2.9349694156241108e-06,,strong,high,300,medium
gamma_strong__noise_high__T_300__density_medium__seed_005,TV,0.1022208326856573,2482.3145086657914,282.6354913342084,2764.95,5,0.1823381382873032,0.3063895383667027,0.1949032576715541,0.08011730560164589,0.2041687056810454,0.09268242498589678,strong,high,300,medium
gamma_strong__noise_high__T_300__density_medium__seed_005,Video,0.1576331639566556,1847.2093874227287,345.67061257727096,2192.88,5,0.2060469677849593,0.2069836476482723,0.0,0.04841380382830368,0.04935048369161668,-0.1576331639566556,strong,high,300,medium
gamma_strong__noise_high__T_300__density_medium__seed_005,Display,1.0,0.0,619.75,619.75,5,0.4574003734537068,0.7316815128887156,1.0,-0.5425996265462931,-0.26831848711128437,0.0,strong,high,300,medium
gamma_strong__noise_high__T_300__density_medium__seed_005,Social,0.5755702240816638,503.1742322444651,682.3557677555349,1185.53,5,0.5542684395347062,0.55470997450194,,-0.021301784546957636,-0.020860249579723766,,strong,high,300,medium
gamma_strong__noise_high__T_300__density_medium__seed_005,Search,-9.662071146453516e-07,3092.882988362661,-0.0029883626607443,3092.88,5,0.0,0.0,,9.662071146453516e-07,9.662071146453516e-07,,strong,high,300,medium
gamma_strong__noise_high__T_300__density_medium__seed_005,Affiliate,-2.2152284246259203e-06,1519.1633652864136,-0.0033652864135547,1519.16,5,0.0,0.2002663524526217,0.0,2.2152284246259203e-06,0.2002685676810463,2.2152284246259203e-06,strong,high,300,medium
gamma_strong__noise_high__T_300__density_sparse__seed_001,TV,0.0974749638516778,2502.079182964355,270.23081703564503,2772.31,1,0.1548760277884203,0.1558216569338918,0.2207886476932213,0.057401063936742505,0.058346693082214005,0.1233136838415435,strong,high,300,sparse
gamma_strong__noise_high__T_300__density_sparse__seed_001,Video,2.9985867219009957e-06,1804.774588210656,0.0054117893439524,1804.78,1,0.0,0.0724801782420329,0.120041517589905,-2.9985867219009957e-06,0.072477179655311,0.1200385190031831,strong,high,300,sparse
gamma_strong__noise_high__T_300__density_sparse__seed_001,Display,,0.0,0.0,0.0,1,0.0,0.0,,,,,strong,high,300,sparse
gamma_strong__noise_high__T_300__density_sparse__seed_001,Social,0.5902697092894167,505.5621084048817,728.3278915951184,1233.89,1,0.3359862881376452,0.344439820692785,1.0,-0.2542834211517715,-0.24582988859663168,0.4097302907105833,strong,high,300,sparse
gamma_strong__noise_high__T_300__density_sparse__seed_001,Search,1.1468663337789382e-07,3209.4496319189843,0.0003680810154946,3209.45,1,0.0,0.0,0.0,-1.1468663337789382e-07,-1.1468663337789382e-07,-1.1468663337789382e-07,strong,high,300,sparse
gamma_strong__noise_high__T_300__density_sparse__seed_001,Affiliate,-1.5249113380457117e-06,1528.3323305677452,-0.0023305677452754,1528.33,1,0.0,0.0,0.0,1.5249113380457117e-06,1.5249113380457117e-06,1.5249113380457117e-06,strong,high,300,sparse
gamma_strong__noise_high__T_300__density_sparse__seed_002,TV,0.088160789373991,2477.9868836209234,239.58311637907676,2717.57,2,0.2313027217211644,0.2374049827911536,,0.1431419323471734,0.1492441934171626,,strong,high,300,sparse
gamma_strong__noise_high__T_300__density_sparse__seed_002,Video,6.310878252361216e-08,1734.349890547283,0.0001094527169698,1734.35,2,0.0,0.2542392531650766,,-6.310878252361216e-08,0.2542391900562941,,strong,high,300,sparse
gamma_strong__noise_high__T_300__density_sparse__seed_002,Display,,0.0,0.0,0.0,2,0.0,0.0,,,,,strong,high,300,sparse
gamma_strong__noise_high__T_300__density_sparse__seed_002,Social,0.5990231763497856,490.8237005255179,733.246299474482,1224.07,2,0.4945637683767202,0.4824508939843639,,-0.10445940797306541,-0.11657228236542172,,strong,high,300,sparse
gamma_strong__noise_high__T_300__density_sparse__seed_002,Search,-2.2602954266558723e-06,3080.1369620037526,-0.0069620037525055,3080.13,2,0.0,0.0,,2.2602954266558723e-06,2.2602954266558723e-06,,strong,high,300,sparse
gamma_strong__noise_high__T_300__density_sparse__seed_002,Affiliate,1.88983484068369e-06,1483.0771972237444,0.0028027762555211,1483.08,2,0.0,0.0,,-1.88983484068369e-06,-1.88983484068369e-06,,strong,high,300,sparse
gamma_strong__noise_high__T_300__density_sparse__seed_003,TV,0.0884647475730842,3048.292383698422,295.83761630157824,3344.13,3,0.1257500618074509,0.0,0.0,0.03728531423436671,-0.0884647475730842,-0.0884647475730842,strong,high,300,sparse
gamma_strong__noise_high__T_300__density_sparse__seed_003,Video,-6.81521100621197e-06,2112.5943976784674,-0.0143976784675032,2112.58,3,0.0,0.0,,6.81521100621197e-06,6.81521100621197e-06,,strong,high,300,sparse
gamma_strong__noise_high__T_300__density_sparse__seed_003,Display,,0.0,0.0,0.0,3,0.0,0.0,,,,,strong,high,300,sparse
gamma_strong__noise_high__T_300__density_sparse__seed_003,Social,0.5705084767382095,557.4413429567106,740.4686570432895,1297.91,3,0.4957179417037501,0.5504399985662835,1.0,-0.07479053503445937,-0.02006847817192603,0.4294915232617905,strong,high,300,sparse
gamma_strong__noise_high__T_300__density_sparse__seed_003,Search,9.27094765929132e-08,3509.379674647217,0.0003253527829656,3509.38,3,0.0,0.1962600032444618,0.0,-9.27094765929132e-08,0.1962599105349852,-9.27094765929132e-08,strong,high,300,sparse
gamma_strong__noise_high__T_300__density_sparse__seed_003,Affiliate,-1.673552455930769e-06,1698.7528429472345,-0.0028429472345123,1698.75,3,0.0,0.0,,1.673552455930769e-06,1.673552455930769e-06,,strong,high,300,sparse
gamma_strong__noise_high__T_300__density_sparse__seed_004,TV,0.0891225852994381,2535.0629328531336,248.03706714686632,2783.1,4,0.1811594482427612,0.1815031794929009,0.0,0.0920368629433231,0.0923805941934628,-0.0891225852994381,strong,high,300,sparse
gamma_strong__noise_high__T_300__density_sparse__seed_004,Video,1.4000904354664173e-06,1810.1974655562935,0.0025344437062813,1810.2,4,0.0,0.0,,-1.4000904354664173e-06,-1.4000904354664173e-06,,strong,high,300,sparse
gamma_strong__noise_high__T_300__density_sparse__seed_004,Display,,0.0,0.0,0.0,4,0.0,0.0,0.0,,,,strong,high,300,sparse
gamma_strong__noise_high__T_300__density_sparse__seed_004,Social,0.5693222673458369,486.1748652839785,642.6851347160214,1128.86,4,0.402590899004172,0.4205882597385936,,-0.1667313683416649,-0.1487340076072433,,strong,high,300,sparse
gamma_strong__noise_high__T_300__density_sparse__seed_004,Search,-6.590390497277523e-07,3050.6220104777058,-0.0020104777058804,3050.62,4,0.0,0.0,,6.590390497277523e-07,6.590390497277523e-07,,strong,high,300,sparse
gamma_strong__noise_high__T_300__density_sparse__seed_004,Affiliate,2.7821183795240536e-06,1471.845905139063,0.0040948609369024,1471.85,4,0.0,0.0,,-2.7821183795240536e-06,-2.7821183795240536e-06,,strong,high,300,sparse
gamma_strong__noise_high__T_300__density_sparse__seed_005,TV,0.1023171993940737,2644.8159049412225,301.4540950587775,2946.27,5,0.1319251715778677,0.258518317185328,0.3024055077797722,0.029607972183794004,0.15620111779125428,0.20008830838569852,strong,high,300,sparse
gamma_strong__noise_high__T_300__density_sparse__seed_005,Video,-2.7365877919293333e-06,1968.135385960531,-0.0053859605309298,1968.13,5,0.0,0.0,0.0,2.7365877919293333e-06,2.7365877919293333e-06,2.7365877919293333e-06,strong,high,300,sparse
gamma_strong__noise_high__T_300__density_sparse__seed_005,Display,,0.0,0.0,0.0,5,0.0,0.6351707619555748,1.0,,,,strong,high,300,sparse
gamma_strong__noise_high__T_300__density_sparse__seed_005,Social,0.5845463462217917,542.0631547671173,762.6868452328827,1304.75,5,0.4122707536095272,0.4097098495434143,1.0,-0.1722755926122645,-0.17483649667837742,0.4154536537782083,strong,high,300,sparse
gamma_strong__noise_high__T_300__density_sparse__seed_005,Search,1.045024730546777e-06,3327.9665221890477,0.0034778109525177,3327.97,5,0.0,0.0,0.0,-1.045024730546777e-06,-1.045024730546777e-06,-1.045024730546777e-06,strong,high,300,sparse
gamma_strong__noise_high__T_300__density_sparse__seed_005,Affiliate,-2.6040660072220194e-06,1618.6142149672798,-0.0042149672799496,1618.61,5,0.0,0.0,,2.6040660072220194e-06,2.6040660072220194e-06,,strong,high,300,sparse
gamma_strong__noise_high__T_80__density_dense__seed_001,TV,0.1529904933262781,320.36440570920183,57.865594290798185,378.23,1,0.3771725905485036,0.2142862380623263,1.0,0.2241820972222255,0.06129574473604821,0.8470095066737219,strong,high,80,dense
gamma_strong__noise_high__T_80__density_dense__seed_001,Video,0.1685121055554265,233.8060810388696,47.38391896113038,281.19,1,0.4343138266098392,0.4323206822782104,1.0,0.2658017210544127,0.2638085767227839,0.8314878944445735,strong,high,80,dense
gamma_strong__noise_high__T_80__density_dense__seed_001,Display,1.0,0.0,281.44,281.44,1,0.5377757697071299,0.5138927777122199,1.0,-0.4622242302928701,-0.48610722228778014,0.0,strong,high,80,dense
gamma_strong__noise_high__T_80__density_dense__seed_001,Social,0.5424775467156394,64.03484256167911,75.9251574383209,139.96,1,0.4356786554540595,0.4319224595222728,1.0,-0.10679889126157993,-0.1105550871933666,0.4575224532843606,strong,high,80,dense
gamma_strong__noise_high__T_80__density_dense__seed_001,Search,-9.417633682460718e-06,426.77401916352665,-0.0040191635266637,426.77,1,0.0,0.0,0.0,9.417633682460718e-06,9.417633682460718e-06,9.417633682460718e-06,strong,high,80,dense
gamma_strong__noise_high__T_80__density_dense__seed_001,Affiliate,-3.5448344259612708e-06,212.3207526392453,-0.00075263924532,212.32,1,0.0,0.0,,3.5448344259612708e-06,3.5448344259612708e-06,,strong,high,80,dense
gamma_strong__noise_high__T_80__density_dense__seed_002,TV,0.1622776822548544,375.425256697487,72.72474330251299,448.15,2,0.2554702053624589,0.2572957138179501,,0.09319252310760451,0.09501803156309568,,strong,high,80,dense
gamma_strong__noise_high__T_80__density_dense__seed_002,Video,0.1702847633818031,271.23391085048854,55.66608914951144,326.9,2,0.298068076057276,0.2998897649351565,0.0,0.12778331267547288,0.12960500155335342,-0.1702847633818031,strong,high,80,dense
gamma_strong__noise_high__T_80__density_dense__seed_002,Display,1.0,0.0,328.31,328.31,2,0.488974023440587,0.4897345240845775,,-0.511025976559413,-0.5102654759154225,,strong,high,80,dense
gamma_strong__noise_high__T_80__density_dense__seed_002,Social,0.5578827137595388,74.66034612742669,94.20965387257333,168.87,2,0.5058721792820698,0.4924078971443942,,-0.05201053447746895,-0.0654748166151446,,strong,high,80,dense
gamma_strong__noise_high__T_80__density_dense__seed_002,Search,-6.610767519022124e-06,468.91309985499737,-0.0030998549973446,468.91,2,0.0,0.0,,6.610767519022124e-06,6.610767519022124e-06,,strong,high,80,dense
gamma_strong__noise_high__T_80__density_dense__seed_002,Affiliate,9.7721554552831e-06,230.4977475181676,0.0022524818324427,230.5,2,0.0,0.0,,-9.7721554552831e-06,-9.7721554552831e-06,,strong,high,80,dense
gamma_strong__noise_high__T_80__density_dense__seed_003,TV,0.1188720215429763,516.9577849607358,69.74221503926424,586.7,3,0.4237666437077169,0.3542416086623892,,0.3048946221647406,0.2353695871194129,,strong,high,80,dense
gamma_strong__noise_high__T_80__density_dense__seed_003,Video,0.1935269137985716,385.5586530511789,92.52134694882112,478.08,3,0.134529384452483,0.0,,-0.058997529346088595,-0.1935269137985716,,strong,high,80,dense
gamma_strong__noise_high__T_80__density_dense__seed_003,Display,1.0,0.0,328.73,328.73,3,0.5982977952438785,0.6066343963421413,,-0.4017022047561215,-0.39336560365785866,,strong,high,80,dense
gamma_strong__noise_high__T_80__density_dense__seed_003,Social,0.5122939414937447,90.36705558062404,94.92294441937597,185.29,3,0.229512548281416,0.3289005305039514,,-0.28278139321232876,-0.18339341098979334,,strong,high,80,dense
gamma_strong__noise_high__T_80__density_dense__seed_003,Search,5.20296890485019e-06,565.967055275689,0.002944724311078,565.97,3,0.0,0.0,,-5.20296890485019e-06,-5.20296890485019e-06,,strong,high,80,dense
gamma_strong__noise_high__T_80__density_dense__seed_003,Affiliate,1.5550417385045385e-05,277.1756897353092,0.0043102646907868,277.18,3,0.0,0.0,,-1.5550417385045385e-05,-1.5550417385045385e-05,,strong,high,80,dense
gamma_strong__noise_high__T_80__density_dense__seed_004,TV,0.1368594006990677,355.6139269119841,56.38607308801591,412.0,4,0.4133235662097124,0.4358408601265527,1.0,0.2764641655106447,0.298981459427485,0.8631405993009322,strong,high,80,dense
gamma_strong__noise_high__T_80__density_dense__seed_004,Video,0.1904128940066052,281.5582037223828,66.22179627761716,347.78,4,0.1832800377361671,0.0,,-0.007132856270438082,-0.1904128940066052,,strong,high,80,dense
gamma_strong__noise_high__T_80__density_dense__seed_004,Display,1.0,0.0,311.67,311.67,4,0.4382641438982538,0.4387789740168796,1.0,-0.5617358561017463,-0.5612210259831204,0.0,strong,high,80,dense
gamma_strong__noise_high__T_80__density_dense__seed_004,Social,0.5919637064311142,70.3128141077904,102.0071858922096,172.32,4,0.3261999754096381,0.33491066672519,1.0,-0.2657637310214761,-0.2570530397059242,0.4080362935688858,strong,high,80,dense
gamma_strong__noise_high__T_80__density_dense__seed_004,Search,-7.266630454130189e-06,445.0732341592162,-0.0032341592162197,445.07,4,0.0,0.0,0.0,7.266630454130189e-06,7.266630454130189e-06,7.266630454130189e-06,strong,high,80,dense
gamma_strong__noise_high__T_80__density_dense__seed_004,Affiliate,1.7796198178231502e-05,216.6561442757027,0.0038557242972956,216.66,4,0.0,0.0,,-1.7796198178231502e-05,-1.7796198178231502e-05,,strong,high,80,dense
gamma_strong__noise_high__T_80__density_dense__seed_005,TV,0.1387966776925875,444.03643298170186,71.56356701829816,515.6,5,0.7108624174406208,0.6930790141662758,,0.5720657397480333,0.5542823364736883,,strong,high,80,dense
gamma_strong__noise_high__T_80__density_dense__seed_005,Video,0.1794465304230743,308.72503739362253,67.51496260637748,376.24,5,0.2768045806025137,0.0,,0.09735805017943938,-0.1794465304230743,,strong,high,80,dense
gamma_strong__noise_high__T_80__density_dense__seed_005,Display,1.0,0.0,272.5,272.5,5,0.3815221152377564,0.1413533878503811,,-0.6184778847622436,-0.8586466121496189,,strong,high,80,dense
gamma_strong__noise_high__T_80__density_dense__seed_005,Social,0.5656902435483553,81.99768201807052,106.80231798192948,188.8,5,0.3177188784737628,0.3050009102148124,,-0.2479713650745925,-0.2606893333335429,,strong,high,80,dense
gamma_strong__noise_high__T_80__density_dense__seed_005,Search,2.499702652118381e-06,527.9686802319908,0.0013197680092389,527.97,5,0.0,0.0,,-2.499702652118381e-06,-2.499702652118381e-06,,strong,high,80,dense
gamma_strong__noise_high__T_80__density_dense__seed_005,Affiliate,1.3035994716843474e-05,261.586589914142,0.003410085857979,261.59,5,0.0,0.0,,-1.3035994716843474e-05,-1.3035994716843474e-05,,strong,high,80,dense
gamma_strong__noise_high__T_80__density_medium__seed_001,TV,0.1138995560990861,332.1458903918185,42.69410960818146,374.84,1,0.1907123850860677,0.311027530710332,0.0,0.0768128289869816,0.19712797461124593,-0.1138995560990861,strong,high,80,medium
gamma_strong__noise_high__T_80__density_medium__seed_001,Video,0.1687661168325328,242.4044250092968,49.21557499070323,291.62,1,0.4007874650376264,0.4016264227804118,,0.23202134820509362,0.232860305947879,,strong,high,80,medium
gamma_strong__noise_high__T_80__density_medium__seed_001,Display,1.0,0.0,88.85,88.85,1,0.4049905575894508,0.4736983261945706,,-0.5950094424105492,-0.5263016738054294,,strong,high,80,medium
gamma_strong__noise_high__T_80__density_medium__seed_001,Social,0.5623577071836454,67.24373829123289,86.40626170876712,153.65,1,0.3907258543144725,0.4996663818772898,,-0.17163185286917293,-0.06269132530635563,,strong,high,80,medium
gamma_strong__noise_high__T_80__density_medium__seed_001,Search,6.172933420480604e-06,447.9172350196623,0.0027649803377016,447.92,1,0.0,0.0,,-6.172933420480604e-06,-6.172933420480604e-06,,strong,high,80,medium
gamma_strong__noise_high__T_80__density_medium__seed_001,Affiliate,5.698326460193708e-06,220.1287456273963,0.0012543726036824,220.13,1,0.0,0.0,,-5.698326460193708e-06,-5.698326460193708e-06,,strong,high,80,medium
gamma_strong__noise_high__T_80__density_medium__seed_002,TV,0.1167551897405639,385.642349055475,50.97765094452501,436.62,2,0.1744923506261274,0.2308390522477075,,0.05773716088556349,0.11408386250714361,,strong,high,80,medium
gamma_strong__noise_high__T_80__density_medium__seed_002,Video,0.1687582210833116,278.6156194572956,56.564380542704384,335.18,2,0.3377491169820426,0.3418334648186126,,0.16899089589873098,0.173075243735301,,strong,high,80,medium
gamma_strong__noise_high__T_80__density_medium__seed_002,Display,1.0,0.0,116.01,116.01,2,0.2875830697498129,0.2940505307944402,,-0.712416930250187,-0.7059494692055598,,strong,high,80,medium
gamma_strong__noise_high__T_80__density_medium__seed_002,Social,0.5705368512538544,77.6039909784285,103.09600902157148,180.7,2,0.5369525041287749,0.5328806364492138,,-0.03358434712507952,-0.03765621480464065,,strong,high,80,medium
gamma_strong__noise_high__T_80__density_medium__seed_002,Search,4.608001903153566e-06,487.6477529078719,0.0022470921280728,487.65,2,0.0,0.0,,-4.608001903153566e-06,-4.608001903153566e-06,,strong,high,80,medium
gamma_strong__noise_high__T_80__density_medium__seed_002,Affiliate,-2.199300615418247e-06,236.77052072840672,-0.0005207284067125,236.77,2,0.0,0.0,,2.199300615418247e-06,2.199300615418247e-06,,strong,high,80,medium
gamma_strong__noise_high__T_80__density_medium__seed_003,TV,0.0858399999203037,540.3965424471116,50.74345755288834,591.14,3,0.2627695949164337,0.2576010640552523,,0.17692959499613,0.1717610641349486,,strong,high,80,medium
gamma_strong__noise_high__T_80__density_medium__seed_003,Video,0.1904881892945369,403.039740314036,94.84025968596404,497.88,3,0.227069357981574,0.0,,0.03658116868703709,-0.1904881892945369,,strong,high,80,medium
gamma_strong__noise_high__T_80__density_medium__seed_003,Display,1.0,0.0,119.13,119.13,3,0.5347622249614532,0.53469902378486,,-0.4652377750385468,-0.46530097621514,,strong,high,80,medium
gamma_strong__noise_high__T_80__density_medium__seed_003,Social,0.5444712437774577,96.78619483460356,115.68380516539644,212.47,3,0.4180383369443544,0.4225637215613111,,-0.12643290683310332,-0.12190752221614659,,strong,high,80,medium
gamma_strong__noise_high__T_80__density_medium__seed_003,Search,-4.996326841388729e-06,598.4629901017615,-0.0029901017614974,598.46,3,0.0,0.0,,4.996326841388729e-06,4.996326841388729e-06,,strong,high,80,medium
gamma_strong__noise_high__T_80__density_medium__seed_003,Affiliate,-9.75749438592323e-06,289.7428271364234,-0.0028271364233773,289.74,3,0.0,0.0,,9.75749438592323e-06,9.75749438592323e-06,,strong,high,80,medium
gamma_strong__noise_high__T_80__density_medium__seed_004,TV,0.0949266325260655,363.4684136438573,38.12158635614264,401.59,4,0.2964877017261217,0.0,,0.20156106920005623,-0.0949266325260655,,strong,high,80,medium
gamma_strong__noise_high__T_80__density_medium__seed_004,Video,0.1868865677045736,287.7771059579973,66.1428940420027,353.92,4,0.1899422851347028,0.0,,0.0030557174301291956,-0.1868865677045736,,strong,high,80,medium
gamma_strong__noise_high__T_80__density_medium__seed_004,Display,1.0,0.0,109.78,109.78,4,0.2817779938400394,0.2682096273274303,1.0,-0.7182220061599607,-0.7317903726725696,0.0,strong,high,80,medium
gamma_strong__noise_high__T_80__density_medium__seed_004,Social,0.5959619384150773,72.91270859361515,107.54729140638486,180.46,4,0.3319645923477133,0.2536497050984339,1.0,-0.26399734606736397,-0.3423122333166434,0.4040380615849227,strong,high,80,medium
gamma_strong__noise_high__T_80__density_medium__seed_004,Search,2.375713918606425e-07,458.0398911827997,0.0001088172003278,458.04,4,0.0,0.0,0.0,-2.375713918606425e-07,-2.375713918606425e-07,-2.375713918606425e-07,strong,high,80,medium
gamma_strong__noise_high__T_80__density_medium__seed_004,Affiliate,-6.561303252675683e-06,221.44145293499227,-0.0014529349922725,221.44,4,0.0,0.0,,6.561303252675683e-06,6.561303252675683e-06,,strong,high,80,medium
gamma_strong__noise_high__T_80__density_medium__seed_005,TV,0.099887639070932,453.9806703581848,50.37932964181528,504.36,5,0.3570992224165973,0.5918977004990996,,0.2572115833456653,0.4920100614281676,,strong,high,80,medium
gamma_strong__noise_high__T_80__density_medium__seed_005,Video,0.1817315779666638,315.6388611151391,70.10113888486092,385.74,5,0.2220100529662281,0.0,,0.0402784749995643,-0.1817315779666638,,strong,high,80,medium
gamma_strong__noise_high__T_80__density_medium__seed_005,Display,1.0,0.0,98.3,98.3,5,0.303469561863032,0.0,,-0.696530438136968,-1.0,,strong,high,80,medium
gamma_strong__noise_high__T_80__density_medium__seed_005,Social,0.5920841022663349,85.91116722168722,124.6988327783128,210.61,5,0.2379786814663588,0.2100515065281114,,-0.3541054207999761,-0.3820325957382235,,strong,high,80,medium
gamma_strong__noise_high__T_80__density_medium__seed_005,Search,7.92873746232668e-06,546.8156644077809,0.0043355922191494,546.82,5,0.0,0.0,,-7.92873746232668e-06,-7.92873746232668e-06,,strong,high,80,medium
gamma_strong__noise_high__T_80__density_medium__seed_005,Affiliate,-1.8523592147098403e-05,267.4449539494838,-0.0049539494838199,267.44,5,0.0,0.0,,1.8523592147098403e-05,1.8523592147098403e-05,,strong,high,80,medium
gamma_strong__noise_high__T_80__density_sparse__seed_001,TV,0.1145762775387769,343.7126348222222,44.47736517777781,388.19,1,0.2223974867734965,0.2575953653718608,0.0,0.10782120923471959,0.14301908783308387,-0.1145762775387769,strong,high,80,sparse
gamma_strong__noise_high__T_80__density_sparse__seed_001,Video,1.568914547903584e-05,250.84606437785655,0.0039356221434161,250.85,1,0.0,0.0,,-1.568914547903584e-05,-1.568914547903584e-05,,strong,high,80,sparse
gamma_strong__noise_high__T_80__density_sparse__seed_001,Display,,0.0,0.0,0.0,1,0.0,0.0,,,,,strong,high,80,sparse
gamma_strong__noise_high__T_80__density_sparse__seed_001,Social,0.5737391776956351,70.90422518210806,95.43577481789194,166.34,1,0.440674784014391,0.4898575576118341,,-0.13306439368124412,-0.08388162008380101,,strong,high,80,sparse
gamma_strong__noise_high__T_80__density_sparse__seed_001,Search,5.566982623842069e-06,468.7573904212253,0.0026095787747522,468.76,1,0.0,0.1792770721991294,,-5.566982623842069e-06,0.17927150521650553,,strong,high,80,sparse
gamma_strong__noise_high__T_80__density_sparse__seed_001,Affiliate,-2.123292861521451e-05,227.79483664880925,-0.0048366488092597,227.79,1,0.0,0.0,,2.123292861521451e-05,2.123292861521451e-05,,strong,high,80,sparse
gamma_strong__noise_high__T_80__density_sparse__seed_002,TV,0.1195540184881076,400.8670553823646,54.43294461763543,455.3,2,0.1320935869881047,0.1749988343397375,,0.0125395684999971,0.055444815851629914,,strong,high,80,sparse
gamma_strong__noise_high__T_80__density_sparse__seed_002,Video,-1.7214559859967897e-05,289.61498550868106,-0.0049855086810453,289.61,2,0.0,0.0,0.0,1.7214559859967897e-05,1.7214559859967897e-05,1.7214559859967897e-05,strong,high,80,sparse
gamma_strong__noise_high__T_80__density_sparse__seed_002,Display,,0.0,0.0,0.0,2,0.0,0.0,,,,,strong,high,80,sparse
gamma_strong__noise_high__T_80__density_sparse__seed_002,Social,0.5758412183376926,81.38758702536353,110.49241297463648,191.88,2,0.4629185781697171,0.4616877681649591,,-0.11292264016797554,-0.11415345017273354,,strong,high,80,sparse
gamma_strong__noise_high__T_80__density_sparse__seed_002,Search,-3.712001416450961e-06,511.7018994311248,-0.0018994311247979,511.7,2,0.0,0.0,,3.712001416450961e-06,3.712001416450961e-06,,strong,high,80,sparse
gamma_strong__noise_high__T_80__density_sparse__seed_002,Affiliate,8.131541192757225e-06,246.11799866508164,0.0020013349183614,246.12,2,0.0,0.0,,-8.131541192757225e-06,-8.131541192757225e-06,,strong,high,80,sparse
gamma_strong__noise_high__T_80__density_sparse__seed_003,TV,0.084755540385695,559.763511500109,51.83648849989106,611.6,3,0.3815601841807655,0.5546533472595611,,0.2968046437950705,0.46989780687386606,,strong,high,80,sparse
gamma_strong__noise_high__T_80__density_sparse__seed_003,Video,1.4046523515627923e-05,417.4841357168975,0.0058642831025395,417.49,3,0.0,0.4146000126653686,,-1.4046523515627923e-05,0.414585966141853,,strong,high,80,sparse
gamma_strong__noise_high__T_80__density_sparse__seed_003,Display,,0.0,0.0,0.0,3,0.0,0.1542112794575713,,,,,strong,high,80,sparse
gamma_strong__noise_high__T_80__density_sparse__seed_003,Social,0.5587314054843074,102.03894979580876,129.20105020419126,231.24,3,0.3724768395454151,0.3694048972900324,,-0.18625456593889234,-0.18932650819427504,,strong,high,80,sparse
gamma_strong__noise_high__T_80__density_sparse__seed_003,Search,-5.729626514873006e-06,624.0835757453154,-0.0035757453154019,624.08,3,0.0,0.0,,5.729626514873006e-06,5.729626514873006e-06,,strong,high,80,sparse
gamma_strong__noise_high__T_80__density_sparse__seed_003,Affiliate,1.133561439874295e-05,300.1265978420505,0.0034021579494947,300.13,3,0.0,0.0,,-1.133561439874295e-05,-1.133561439874295e-05,,strong,high,80,sparse
gamma_strong__noise_high__T_80__density_sparse__seed_004,TV,0.1011130628809994,379.7078199778082,42.712180022191774,422.42,4,0.2976347402226077,0.2792765442623121,1.0,0.1965216773416083,0.17816348138131266,0.8988869371190006,strong,high,80,sparse
gamma_strong__noise_high__T_80__density_sparse__seed_004,Video,-1.5018250198394376e-05,300.63451493655714,-0.0045149365571433,300.63,4,0.0,0.0,,1.5018250198394376e-05,1.5018250198394376e-05,,strong,high,80,sparse
gamma_strong__noise_high__T_80__density_sparse__seed_004,Display,,0.0,0.0,0.0,4,0.0,0.0,,,,,strong,high,80,sparse
gamma_strong__noise_high__T_80__density_sparse__seed_004,Social,0.6062107949967698,76.93853487353111,118.44146512646888,195.38,4,0.3782124634519063,0.3646027362393543,1.0,-0.2279983315448635,-0.24160805875741548,0.3937892050032302,strong,high,80,sparse
gamma_strong__noise_high__T_80__density_sparse__seed_004,Search,-9.96736386785094e-07,484.0904825101175,-0.0004825101174787,484.09,4,0.0,0.0,0.0,9.96736386785094e-07,9.96736386785094e-07,9.96736386785094e-07,strong,high,80,sparse
gamma_strong__noise_high__T_80__density_sparse__seed_004,Affiliate,-2.262549274900857e-05,231.33523395523764,-0.0052339552376281,231.33,4,0.0,0.0,,2.262549274900857e-05,2.262549274900857e-05,,strong,high,80,sparse
gamma_strong__noise_high__T_80__density_sparse__seed_005,TV,0.0961867087449006,466.9189843952969,49.691015604703125,516.61,5,0.3831247528719948,0.3805073614136979,1.0,0.2869380441270942,0.2843206526687973,0.9038132912550993,strong,high,80,sparse
gamma_strong__noise_high__T_80__density_sparse__seed_005,Video,-1.3791606347125338e-05,324.63447716916846,-0.0044771691684672,324.63,5,0.0,0.0,,1.3791606347125338e-05,1.3791606347125338e-05,,strong,high,80,sparse
gamma_strong__noise_high__T_80__density_sparse__seed_005,Display,,0.0,0.0,0.0,5,0.0,0.0,,,,,strong,high,80,sparse
gamma_strong__noise_high__T_80__density_sparse__seed_005,Social,0.5919896986713139,88.85240332034796,128.91759667965204,217.77,5,0.3093511038400737,0.3173439173381817,1.0,-0.2826385948312402,-0.2746457813331322,0.4080103013286861,strong,high,80,sparse
gamma_strong__noise_high__T_80__density_sparse__seed_005,Search,2.2995778201861067e-06,559.5887131792476,0.0012868207523979,559.59,5,0.0,0.0,0.0,-2.2995778201861067e-06,-2.2995778201861067e-06,-2.2995778201861067e-06,strong,high,80,sparse
gamma_strong__noise_high__T_80__density_sparse__seed_005,Affiliate,1.07043045092665e-05,275.06705556695863,0.0029444330413639,275.07,5,0.0,0.0,,-1.07043045092665e-05,-1.07043045092665e-05,,strong,high,80,sparse
gamma_strong__noise_low__T_156__density_dense__seed_001,TV,0.1275805244729279,1048.9884531789962,153.40154682100388,1202.39,1,0.2703953652648264,0.3009859247001052,,0.1428148407918985,0.17340540022717732,,strong,low,156,dense
gamma_strong__noise_low__T_156__density_dense__seed_001,Video,0.1887562350350367,696.9881931072978,162.1718068927022,859.16,1,0.1173921823560604,0.0,,-0.07136405267897629,-0.1887562350350367,,strong,low,156,dense
gamma_strong__noise_low__T_156__density_dense__seed_001,Display,1.0,0.0,806.88,806.88,1,0.7786957509085172,0.7769573133796869,,-0.22130424909148283,-0.22304268662031312,,strong,low,156,dense
gamma_strong__noise_low__T_156__density_dense__seed_001,Social,0.5623288276998859,194.33037721297364,249.67962278702635,444.01,1,0.3092682667151665,0.2749927482886247,,-0.2530605609847194,-0.2873360794112612,,strong,low,156,dense
gamma_strong__noise_low__T_156__density_dense__seed_001,Search,-6.676806541783396e-07,1252.7108364102323,-0.0008364102322957,1252.71,1,0.0,0.0,,6.676806541783396e-07,6.676806541783396e-07,,strong,low,156,dense
gamma_strong__noise_low__T_156__density_dense__seed_001,Affiliate,4.286771143026308e-06,609.3673877702686,0.0026122297314259,609.37,1,0.0,0.623062723380831,,-4.286771143026308e-06,0.623058436609688,,strong,low,156,dense
gamma_strong__noise_low__T_156__density_dense__seed_002,TV,0.1375781396417868,1211.918319268379,193.33168073162096,1405.25,2,0.3208501576686877,0.1680187607897955,0.0,0.18327201802690088,0.03044062114800869,-0.1375781396417868,strong,low,156,dense
gamma_strong__noise_low__T_156__density_dense__seed_002,Video,0.163590616104987,982.7893901704792,192.22060982952087,1175.01,2,0.2779771256339082,0.0,,0.11438650952892118,-0.163590616104987,,strong,low,156,dense
gamma_strong__noise_low__T_156__density_dense__seed_002,Display,1.0,0.0,876.99,876.99,2,0.6878520754070622,0.6321323259661694,,-0.31214792459293783,-0.3678676740338306,,strong,low,156,dense
gamma_strong__noise_low__T_156__density_dense__seed_002,Social,0.5687795537443262,230.9314855833009,304.598514416699,535.53,2,0.6106827912876358,0.6389766912623388,,0.0419032375433096,0.0701971375180126,,strong,low,156,dense
gamma_strong__noise_low__T_156__density_dense__seed_002,Search,-3.1975878397578613e-06,1483.7247443250296,-0.0047443250296055,1483.72,2,0.0,0.0,,3.1975878397578613e-06,3.1975878397578613e-06,,strong,low,156,dense
gamma_strong__noise_low__T_156__density_dense__seed_002,Affiliate,1.4860513266529916e-06,721.1889282746438,0.0010717253562688,721.19,2,0.0,0.0,,-1.4860513266529916e-06,-1.4860513266529916e-06,,strong,low,156,dense
gamma_strong__noise_low__T_156__density_dense__seed_003,TV,0.1218458311273578,1489.5251012417757,206.67489875822437,1696.2,3,0.1765725206168511,0.0,,0.0547266894894933,-0.1218458311273578,,strong,low,156,dense
gamma_strong__noise_low__T_156__density_dense__seed_003,Video,0.1908817626602829,937.015557116006,221.05444288399383,1158.07,3,0.2161350969660838,0.0,,0.0252533343058009,-0.1908817626602829,,strong,low,156,dense
gamma_strong__noise_low__T_156__density_dense__seed_003,Display,1.0,0.0,1137.71,1137.71,3,0.7320798608084196,0.6481163599885581,1.0,-0.2679201391915804,-0.3518836400114419,0.0,strong,low,156,dense
gamma_strong__noise_low__T_156__density_dense__seed_003,Social,0.583888564359356,245.751252775008,344.83874722499206,590.59,3,0.6981693588552266,0.684687433837009,1.0,0.11428079449587059,0.10079886947765304,0.416111435640644,strong,low,156,dense
gamma_strong__noise_low__T_156__density_dense__seed_003,Search,1.6171157340288824e-06,1584.1774381975963,0.0025618024035338,1584.18,3,0.0,0.0,0.0,-1.6171157340288824e-06,-1.6171157340288824e-06,-1.6171157340288824e-06,strong,low,156,dense
gamma_strong__noise_low__T_156__density_dense__seed_003,Affiliate,2.862279634012525e-06,765.7678081521246,0.0021918478753377,765.77,3,0.0,0.0,,-2.862279634012525e-06,-2.862279634012525e-06,,strong,low,156,dense
gamma_strong__noise_low__T_156__density_dense__seed_004,TV,0.1452027175146832,964.117306942364,163.77269305763605,1127.89,4,0.2614075303287971,0.2618540381490185,0.0,0.1162048128141139,0.11665132063433528,-0.1452027175146832,strong,low,156,dense
gamma_strong__noise_low__T_156__density_dense__seed_004,Video,0.177278392883227,660.5302694897723,142.3297305102277,802.86,4,0.2662453878446409,0.2793300017143044,,0.08896699496141391,0.10205160883107739,,strong,low,156,dense
gamma_strong__noise_low__T_156__density_dense__seed_004,Display,1.0,0.0,676.44,676.44,4,0.7598839566446639,0.7399616882809037,,-0.2401160433553361,-0.2600383117190963,,strong,low,156,dense
gamma_strong__noise_low__T_156__density_dense__seed_004,Social,0.5632665968551394,182.51962384230012,235.40037615769987,417.92,4,0.5753165172479822,0.58474626189209,,0.012049920392842806,0.021479665036950646,,strong,low,156,dense
gamma_strong__noise_low__T_156__density_dense__seed_004,Search,4.101405932085098e-06,1172.6451904863338,0.0048095136662595,1172.65,4,0.0,0.0,,-4.101405932085098e-06,-4.101405932085098e-06,,strong,low,156,dense
gamma_strong__noise_low__T_156__density_dense__seed_004,Affiliate,7.611741263825829e-06,581.085576893269,0.0044231067309965,581.09,4,0.0,0.285958324049801,,-7.611741263825829e-06,0.28595071230853714,,strong,low,156,dense
gamma_strong__noise_low__T_156__density_dense__seed_005,TV,0.1247262493497996,1116.4991963293955,159.10080367060436,1275.6,5,0.2992864768305808,0.0,0.0,0.1745602274807812,-0.1247262493497996,-0.1247262493497996,strong,low,156,dense
gamma_strong__noise_low__T_156__density_dense__seed_005,Video,0.1659123352520204,741.5623200974862,147.5076799025138,889.07,5,0.273774203487316,0.4245729571494697,1.0,0.10786186823529562,0.2586606218974493,0.8340876647479796,strong,low,156,dense
gamma_strong__noise_low__T_156__density_dense__seed_005,Display,1.0,0.0,743.02,743.02,5,0.5754742015630899,0.6238936653462924,1.0,-0.4245257984369101,-0.3761063346537076,0.0,strong,low,156,dense
gamma_strong__noise_low__T_156__density_dense__seed_005,Social,0.5698496711264527,210.61880702964368,279.0211929703563,489.64,5,0.4641544613698825,0.6047838690923775,1.0,-0.10569520975657021,0.034934197965924785,0.4301503288735473,strong,low,156,dense
gamma_strong__noise_low__T_156__density_dense__seed_005,Search,4.523186796230568e-07,1288.2694172914146,0.0005827085853979,1288.27,5,0.0,0.2896509410722504,0.2259473043525325,-4.523186796230568e-07,0.2896504887535708,0.22594685203385287,strong,low,156,dense
gamma_strong__noise_low__T_156__density_dense__seed_005,Affiliate,-1.685089790811316e-06,633.2110670157065,-0.0010670157064396,633.21,5,0.0,0.0,0.0,1.685089790811316e-06,1.685089790811316e-06,1.685089790811316e-06,strong,low,156,dense
gamma_strong__noise_low__T_156__density_medium__seed_001,TV,0.0925301647720212,1090.025541980791,111.14445801920874,1201.17,1,0.2190239476274433,0.2439234507690053,0.3041923918517198,0.1264937828554221,0.1513932859969841,0.21166222707969862,strong,low,156,medium
gamma_strong__noise_low__T_156__density_medium__seed_001,Video,0.1876904639763533,724.2551823186834,167.3448176813166,891.6,1,0.1605346422006106,0.1654626643472626,1.0,-0.027155821775742717,-0.022227799629090716,0.8123095360236467,strong,low,156,medium
gamma_strong__noise_low__T_156__density_medium__seed_001,Display,1.0,0.0,289.22,289.22,1,0.6323035911173092,0.6141097313954424,1.0,-0.36769640888269084,-0.38589026860455755,0.0,strong,low,156,medium
gamma_strong__noise_low__T_156__density_medium__seed_001,Social,0.5836044018367575,204.99155297576425,287.30844702423576,492.3,1,0.4983313575747466,0.5110746312284272,1.0,-0.08527304426201093,-0.07252977060833032,0.41639559816324245,strong,low,156,medium
gamma_strong__noise_low__T_156__density_medium__seed_001,Search,-2.086786461146385e-06,1318.3627511357988,-0.0027511357989169,1318.36,1,0.0,0.0,0.0,2.086786461146385e-06,2.086786461146385e-06,2.086786461146385e-06,strong,low,156,medium
gamma_strong__noise_low__T_156__density_medium__seed_001,Affiliate,5.464441666927217e-06,633.2065398608921,0.0034601391079149,633.21,1,0.0,0.6462517416769772,0.2519563215798128,-5.464441666927217e-06,0.6462462772353103,0.25195085713814586,strong,low,156,medium
gamma_strong__noise_low__T_156__density_medium__seed_002,TV,0.0984015117008329,1237.7775166312774,135.09248336872247,1372.87,2,0.2595984578516543,0.2555987630581217,0.0,0.16119694615082142,0.1571972513572888,-0.0984015117008329,strong,low,156,medium
gamma_strong__noise_low__T_156__density_medium__seed_002,Video,0.1613815673952368,1003.7591743532932,193.16082564670683,1196.92,2,0.3271386674391376,0.3271066678259743,,0.16575710004390082,0.16572510043073752,,strong,low,156,medium
gamma_strong__noise_low__T_156__density_medium__seed_002,Display,1.0,0.0,313.83,313.83,2,0.2500431864869184,0.2644501768358487,,-0.7499568135130816,-0.7355498231641513,,strong,low,156,medium
gamma_strong__noise_low__T_156__density_medium__seed_002,Social,0.5886612696868667,239.23460555011832,342.3653944498817,581.6,2,0.7188435655433759,0.7121064882102891,,0.1301822958565092,0.12344521852342238,,strong,low,156,medium
gamma_strong__noise_low__T_156__density_medium__seed_002,Search,-3.694121166286935e-06,1525.4156350493683,-0.0056350493682657,1525.41,2,0.0,0.0,,3.694121166286935e-06,3.694121166286935e-06,,strong,low,156,medium
gamma_strong__noise_low__T_156__density_medium__seed_002,Affiliate,4.480505742456476e-06,736.5766997490803,0.0033002509197785,736.58,2,0.0,0.0,,-4.480505742456476e-06,-4.480505742456476e-06,,strong,low,156,medium
gamma_strong__noise_low__T_156__density_medium__seed_003,TV,0.0873284843388707,1541.319655648515,147.48034435148497,1688.8,3,0.1272308120942356,0.0,,0.0399023277553649,-0.0873284843388707,,strong,low,156,medium
gamma_strong__noise_low__T_156__density_medium__seed_003,Video,0.1899767010869431,969.597888798929,227.40211120107097,1197.0,3,0.2035671818775518,0.1828283230571543,1.0,0.013590480790608706,-0.007148378029788793,0.8100232989130569,strong,low,156,medium
gamma_strong__noise_low__T_156__density_medium__seed_003,Display,1.0,0.0,398.38,398.38,3,0.4278709582204497,0.4085386056565171,1.0,-0.5721290417795504,-0.5914613943434829,0.0,strong,low,156,medium
gamma_strong__noise_low__T_156__density_medium__seed_003,Social,0.5907066183985304,256.1153335371196,369.6346664628804,625.75,3,0.6639330515303214,0.6498688994437435,1.0,0.073226433131791,0.05916228104521304,0.40929338160146955,strong,low,156,medium
gamma_strong__noise_low__T_156__density_medium__seed_003,Search,-2.0982409286555577e-06,1651.2134646364038,-0.0034646364038053,1651.21,3,0.0,0.0,0.0,2.0982409286555577e-06,2.0982409286555577e-06,2.0982409286555577e-06,strong,low,156,medium
gamma_strong__noise_low__T_156__density_medium__seed_003,Affiliate,5.8313820158864245e-06,792.3953792128906,0.0046207871093884,792.4,3,0.0,0.0,,-5.8313820158864245e-06,-5.8313820158864245e-06,,strong,low,156,medium
gamma_strong__noise_low__T_156__density_medium__seed_004,TV,0.1058494871652675,1014.306458749464,120.0735412505362,1134.38,4,0.2098615020616558,0.2091848593844687,0.0,0.1040120148963883,0.10333537221920121,-0.1058494871652675,strong,low,156,medium
gamma_strong__noise_low__T_156__density_medium__seed_004,Video,0.1812283141778992,694.9160929077916,153.8139070922084,848.73,4,0.2811101714334824,0.2872108284364805,,0.09988185725558318,0.1059825142585813,,strong,low,156,medium
gamma_strong__noise_low__T_156__density_medium__seed_004,Display,1.0,0.0,240.4,240.4,4,0.5287819703118164,0.5556721214193264,,-0.4712180296881836,-0.4443278785806736,,strong,low,156,medium
gamma_strong__noise_low__T_156__density_medium__seed_004,Social,0.5711056003196656,197.25282335698265,262.6571766430174,459.91,4,0.5603523573639874,0.5469368854592915,,-0.010753242955678255,-0.024168714860374085,,strong,low,156,medium
gamma_strong__noise_low__T_156__density_medium__seed_004,Search,-3.598101479975288e-06,1255.1145160131484,-0.0045160131485317,1255.11,4,0.0,0.0,,3.598101479975288e-06,3.598101479975288e-06,,strong,low,156,medium
gamma_strong__noise_low__T_156__density_medium__seed_004,Affiliate,8.190900227937543e-06,611.3349925750547,0.0050074249453473,611.34,4,0.0,0.0,,-8.190900227937543e-06,-8.190900227937543e-06,,strong,low,156,medium
gamma_strong__noise_low__T_156__density_medium__seed_005,TV,0.0849341124172529,1188.2222056850728,110.28779431492715,1298.51,5,0.2366644323131412,0.2322154129288103,0.3178372100081035,0.15173031989588828,0.14728130051155738,0.2329030975908506,strong,low,156,medium
gamma_strong__noise_low__T_156__density_medium__seed_005,Video,0.1658210491302713,789.200021838833,156.87997816116706,946.08,5,0.30342113005589,0.2953614035685418,1.0,0.1376000809256187,0.1295403544382705,0.8341789508697287,strong,low,156,medium
gamma_strong__noise_low__T_156__density_medium__seed_005,Display,1.0,0.0,301.8,301.8,5,0.3656406006414544,0.3734135246845252,1.0,-0.6343593993585456,-0.6265864753154748,0.0,strong,low,156,medium
gamma_strong__noise_low__T_156__density_medium__seed_005,Social,0.587538969293636,227.76098115605416,324.43901884394586,552.2,5,0.5770057588694684,0.5565311417784584,1.0,-0.01053321042416766,-0.03100782751517761,0.412461030706364,strong,low,156,medium
gamma_strong__noise_low__T_156__density_medium__seed_005,Search,-2.8758740407959024e-06,1384.9239828554769,-0.003982855476579,1384.92,5,0.0,0.0,0.0,2.8758740407959024e-06,2.8758740407959024e-06,2.8758740407959024e-06,strong,low,156,medium
gamma_strong__noise_low__T_156__density_medium__seed_005,Affiliate,2.914284533021881e-06,673.888036092796,0.0019639072039581,673.89,5,0.0,0.0,0.0,-2.914284533021881e-06,-2.914284533021881e-06,-2.914284533021881e-06,strong,low,156,medium
gamma_strong__noise_low__T_156__density_sparse__seed_001,TV,0.0914783353050556,1154.9399958101542,116.29000418984585,1271.23,1,0.175511095193683,0.1927021022832562,0.1147698314460056,0.08403275988862739,0.10122376697820061,0.023291496140949997,strong,low,156,sparse
gamma_strong__noise_low__T_156__density_sparse__seed_001,Video,4.301622467493142e-06,767.3866989779347,0.0033010220653295,767.39,1,0.0,0.0,,-4.301622467493142e-06,-4.301622467493142e-06,,strong,low,156,sparse
gamma_strong__noise_low__T_156__density_sparse__seed_001,Display,,0.0,0.0,0.0,1,0.0,0.0,,,,,strong,low,156,sparse
gamma_strong__noise_low__T_156__density_sparse__seed_001,Social,0.5851219229040334,222.04274686176132,313.1572531382388,535.2,1,0.4226813196311224,0.4271903793370044,1.0,-0.16244060327291104,-0.15793154356702904,0.4148780770959666,strong,low,156,sparse
gamma_strong__noise_low__T_156__density_sparse__seed_001,Search,1.1091268278179756e-06,1395.8984517698611,0.0015482301389511,1395.9,1,0.0,0.0,0.0,-1.1091268278179756e-06,-1.1091268278179756e-06,-1.1091268278179756e-06,strong,low,156,sparse
gamma_strong__noise_low__T_156__density_sparse__seed_001,Affiliate,6.0050857447692426e-06,670.9159710678721,0.0040289321278805,670.92,1,0.0,0.6149411642557742,0.0,-6.0050857447692426e-06,0.6149351591700294,-6.0050857447692426e-06,strong,low,156,sparse
gamma_strong__noise_low__T_156__density_sparse__seed_002,TV,0.0967327789528291,1268.8826941104342,135.88730588956582,1404.77,2,0.2319152995733904,0.2344526281763516,0.0,0.1351825206205613,0.13771984922352248,-0.0967327789528291,strong,low,156,sparse
gamma_strong__noise_low__T_156__density_sparse__seed_002,Video,6.347776738354944e-06,1028.983468201214,0.0065317987859998,1028.99,2,0.0,0.0,,-6.347776738354944e-06,-6.347776738354944e-06,,strong,low,156,sparse
gamma_strong__noise_low__T_156__density_sparse__seed_002,Display,,0.0,0.0,0.0,2,0.0,0.0892013281011303,,,,,strong,low,156,sparse
gamma_strong__noise_low__T_156__density_sparse__seed_002,Social,0.5790094272703433,246.9067610002164,339.58323899978365,586.49,2,0.6246905371285364,0.6166227378603729,,0.04568110985819307,0.03761331059002959,,strong,low,156,sparse
gamma_strong__noise_low__T_156__density_sparse__seed_002,Search,-2.37115886167241e-06,1567.5037167915157,-0.0037167915156715,1567.5,2,0.0,0.0,,2.37115886167241e-06,2.37115886167241e-06,,strong,low,156,sparse
gamma_strong__noise_low__T_156__density_sparse__seed_002,Affiliate,3.992209618733791e-06,755.086985522439,0.0030144775610096,755.09,2,0.0,0.0,,-3.992209618733791e-06,-3.992209618733791e-06,,strong,low,156,sparse
gamma_strong__noise_low__T_156__density_sparse__seed_003,TV,0.085618654520911,1610.4815761654097,150.79842383459027,1761.28,3,0.1035875493076167,0.0,,0.0179688947867057,-0.085618654520911,,strong,low,156,sparse
gamma_strong__noise_low__T_156__density_sparse__seed_003,Video,4.086853713643966e-06,1013.1058595676342,0.0041404323658298,1013.11,3,0.0,0.0,,-4.086853713643966e-06,-4.086853713643966e-06,,strong,low,156,sparse
gamma_strong__noise_low__T_156__density_sparse__seed_003,Display,,0.0,0.0,0.0,3,0.0,0.0,,,,,strong,low,156,sparse
gamma_strong__noise_low__T_156__density_sparse__seed_003,Social,0.5889421054869795,269.8225125372918,386.58748746270817,656.41,3,0.5479933069499024,0.5350453772309046,1.0,-0.040948798537077,-0.05389672825607483,0.41105789451302055,strong,low,156,sparse
gamma_strong__noise_low__T_156__density_sparse__seed_003,Search,-2.386765606348873e-06,1727.444122994379,-0.0041229943790312,1727.44,3,0.0,0.0,0.0,2.386765606348873e-06,2.386765606348873e-06,2.386765606348873e-06,strong,low,156,sparse
gamma_strong__noise_low__T_156__density_sparse__seed_003,Affiliate,-1.866278864524176e-06,827.9515451855859,-0.0015451855858827,827.95,3,0.0,0.0,,1.866278864524176e-06,1.866278864524176e-06,,strong,low,156,sparse
gamma_strong__noise_low__T_156__density_sparse__seed_004,TV,0.1065408492005594,1068.6128827221628,127.42711727783716,1196.04,4,0.1884727443863075,0.1856403883179107,0.0,0.08193189518574812,0.07909953911735129,-0.1065408492005594,strong,low,156,sparse
gamma_strong__noise_low__T_156__density_sparse__seed_004,Video,-1.653006168510787e-05,732.1221018234603,-0.0121018234602843,732.11,4,0.0,0.0,,1.653006168510787e-05,1.653006168510787e-05,,strong,low,156,sparse
gamma_strong__noise_low__T_156__density_sparse__seed_004,Display,,0.0,0.0,0.0,4,0.0,0.1444058804502064,,,,,strong,low,156,sparse
gamma_strong__noise_low__T_156__density_sparse__seed_004,Social,0.5778254999849397,210.78750611251945,288.50249388748057,499.29,4,0.524684176808667,0.5043925842860546,,-0.05314132317627274,-0.0734329156988851,,strong,low,156,sparse
gamma_strong__noise_low__T_156__density_sparse__seed_004,Search,1.8011040819752986e-06,1334.0775971830662,0.0024028169336816,1334.08,4,0.0,0.0,,-1.8011040819752986e-06,-1.8011040819752986e-06,,strong,low,156,sparse
gamma_strong__noise_low__T_156__density_sparse__seed_004,Affiliate,5.817265694847826e-06,644.066253273684,0.0037467263160806,644.07,4,0.0,0.0,0.0,-5.817265694847826e-06,-5.817265694847826e-06,-5.817265694847826e-06,strong,low,156,sparse
gamma_strong__noise_low__T_156__density_sparse__seed_005,TV,0.0868887683051057,1269.8363965811386,120.83360341886146,1390.67,5,0.1911291936027035,0.1930495491943334,0.2137872164097308,0.1042404252975978,0.1061607808892277,0.1268984481046251,strong,low,156,sparse
gamma_strong__noise_low__T_156__density_sparse__seed_005,Video,-7.622232448567697e-06,843.4064285908471,-0.0064285908471219,843.4,5,0.0,0.0,,7.622232448567697e-06,7.622232448567697e-06,,strong,low,156,sparse
gamma_strong__noise_low__T_156__density_sparse__seed_005,Display,,0.0,0.0,0.0,5,0.0,0.0,,,,,strong,low,156,sparse
gamma_strong__noise_low__T_156__density_sparse__seed_005,Social,0.599515719316097,247.70753728860765,370.8124627113923,618.52,5,0.4693243409283643,0.5197522762108479,1.0,-0.13019137838773276,-0.07976344310524919,0.40048428068390296,strong,low,156,sparse
gamma_strong__noise_low__T_156__density_sparse__seed_005,Search,-2.762697804434521e-06,1489.6141153422764,-0.0041153422764637,1489.61,5,0.0,0.0,0.0,2.762697804434521e-06,2.762697804434521e-06,2.762697804434521e-06,strong,low,156,sparse
gamma_strong__noise_low__T_156__density_sparse__seed_005,Affiliate,-6.071177586654763e-06,720.1743722799625,-0.0043722799625811,720.17,5,0.0,0.0,0.0,6.071177586654763e-06,6.071177586654763e-06,6.071177586654763e-06,strong,low,156,sparse
gamma_strong__noise_low__T_300__density_dense__seed_001,TV,0.1346808368523877,2266.331460625017,352.73853937498325,2619.07,1,0.2779657600236053,0.2772695775603762,0.2501240350537352,0.1432849231712176,0.1425887407079885,0.11544319820134752,strong,low,300,dense
gamma_strong__noise_low__T_300__density_dense__seed_001,Video,0.1729225774270136,1634.7267964897333,341.7832035102668,1976.51,1,0.3790648212775522,0.374595256738407,0.4972799681483274,0.2061422438505386,0.20167267931139338,0.3243573907213138,strong,low,300,dense
gamma_strong__noise_low__T_300__density_dense__seed_001,Display,1.0,0.0,1578.55,1578.55,1,0.7625088187720432,0.7781919644872554,1.0,-0.23749118122795676,-0.22180803551274464,0.0,strong,low,300,dense
gamma_strong__noise_low__T_300__density_dense__seed_001,Social,0.5676269329227079,445.5993591991865,584.9906408008135,1030.59,1,0.4539746808526085,0.4479527537080131,1.0,-0.11365225207009944,-0.11967417921469486,0.43237306707729206,strong,low,300,dense
gamma_strong__noise_low__T_300__density_dense__seed_001,Search,1.0760204746194342e-06,2847.366936171581,0.0030638284188171,2847.37,1,0.0,0.0,0.0,-1.0760204746194342e-06,-1.0760204746194342e-06,-1.0760204746194342e-06,strong,low,300,dense
gamma_strong__noise_low__T_300__density_dense__seed_001,Affiliate,-5.701585717200911e-07,1384.3307892876155,-0.0007892876155892,1384.33,1,0.0,0.0686984510737609,1.0,5.701585717200911e-07,0.06869902123233261,1.0000005701585717,strong,low,300,dense
gamma_strong__noise_low__T_300__density_dense__seed_002,TV,0.1237478639450516,2235.1176610848806,315.65233891511934,2550.77,2,0.3041998877290863,0.3043452330395745,1.0,0.1804520237840347,0.1805973690945229,0.8762521360549484,strong,low,300,dense
gamma_strong__noise_low__T_300__density_dense__seed_002,Video,0.1760904700115458,1564.365263684378,334.3447363156222,1898.71,2,0.3824230775323843,0.4462952991292837,1.0,0.2063326075208385,0.2702048291177379,0.8239095299884542,strong,low,300,dense
gamma_strong__noise_low__T_300__density_dense__seed_002,Display,1.0,0.0,1539.11,1539.11,2,0.7476468500666125,0.7407808622166465,1.0,-0.25235314993338753,-0.2592191377833535,0.0,strong,low,300,dense
gamma_strong__noise_low__T_300__density_dense__seed_002,Social,0.5736105851993136,430.6319894779532,579.3180105220468,1009.95,2,0.637822093095865,0.6200683492004029,1.0,0.06421150789655139,0.04645776400108925,0.4263894148006864,strong,low,300,dense
gamma_strong__noise_low__T_300__density_dense__seed_002,Search,-6.391509032410874e-07,2717.9117371546317,-0.0017371546314279,2717.91,2,0.0,0.0,0.0,6.391509032410874e-07,6.391509032410874e-07,6.391509032410874e-07,strong,low,300,dense
gamma_strong__noise_low__T_300__density_dense__seed_002,Affiliate,-4.2375496680383446e-07,1337.7205668654942,-0.0005668654941928,1337.72,2,0.0,0.0,,4.2375496680383446e-07,4.2375496680383446e-07,,strong,low,300,dense
gamma_strong__noise_low__T_300__density_dense__seed_003,TV,0.123948921434854,2706.5510467162326,382.9389532837672,3089.49,3,0.2158925248734054,0.0726222104562016,0.070647948320671,0.0919436034385514,-0.05132671097865241,-0.053300973114183,strong,low,300,dense
gamma_strong__noise_low__T_300__density_dense__seed_003,Video,0.1517530868889729,1875.7538463698077,335.5761536301925,2211.33,3,0.3410017056508144,0.3453145728145929,1.0,0.1892486187618415,0.19356148592561997,0.8482469131110271,strong,low,300,dense
gamma_strong__noise_low__T_300__density_dense__seed_003,Display,1.0,0.0,1723.32,1723.32,3,0.7103762409204127,0.72625996975579,1.0,-0.28962375907958726,-0.27374003024421,0.0,strong,low,300,dense
gamma_strong__noise_low__T_300__density_dense__seed_003,Social,0.5513251631129213,476.88302388216925,585.9869761178306,1062.87,3,0.7129637714870661,0.736157730561144,1.0,0.1616386083741448,0.18483256744822263,0.44867483688707865,strong,low,300,dense
gamma_strong__noise_low__T_300__density_dense__seed_003,Search,-1.3754625144834614e-06,3045.5441890261063,-0.0041890261063599,3045.54,3,0.0,0.0,0.0,1.3754625144834614e-06,1.3754625144834614e-06,1.3754625144834614e-06,strong,low,300,dense
gamma_strong__noise_low__T_300__density_dense__seed_003,Affiliate,2.007132302915705e-06,1508.306972622276,0.0030273777238107,1508.31,3,0.0,0.0,,-2.007132302915705e-06,-2.007132302915705e-06,,strong,low,300,dense
gamma_strong__noise_low__T_300__density_dense__seed_004,TV,0.1220911046891068,2260.6505217813624,314.3894782186376,2575.04,4,0.2478473901962621,0.2101702072698193,0.0,0.12575628550715529,0.0880791025807125,-0.1220911046891068,strong,low,300,dense
gamma_strong__noise_low__T_300__density_dense__seed_004,Video,0.1506942816039496,1614.249899783821,286.420100216179,1900.67,4,0.3758405996036117,0.3721821424446376,,0.22514631799966212,0.221487860840688,,strong,low,300,dense
gamma_strong__noise_low__T_300__density_dense__seed_004,Display,1.0,0.0,1415.45,1415.45,4,0.340755002875665,0.7316766993557644,,-0.659244997124335,-0.2683233006442356,,strong,low,300,dense
gamma_strong__noise_low__T_300__density_dense__seed_004,Social,0.5528404550295376,418.8230446056842,517.8069553943158,936.63,4,0.6511898721478278,0.6248489917240274,,0.09834941711829015,0.07200853669448981,,strong,low,300,dense
gamma_strong__noise_low__T_300__density_dense__seed_004,Search,3.37600690379718e-07,2651.8791047234813,0.0008952765188041,2651.88,4,0.0,0.0,,-3.37600690379718e-07,-3.37600690379718e-07,,strong,low,300,dense
gamma_strong__noise_low__T_300__density_dense__seed_004,Affiliate,-1.953818332986312e-06,1312.5225644256384,-0.0025644256384111,1312.52,4,0.0,0.0,,1.953818332986312e-06,1.953818332986312e-06,,strong,low,300,dense
gamma_strong__noise_low__T_300__density_dense__seed_005,TV,0.1460040684898213,2350.376142661629,401.8338573383712,2752.21,5,0.2642927955947752,0.3369572454944216,0.3222272431392889,0.11828872710495389,0.19095317700460027,0.1762231746494676,strong,low,300,dense
gamma_strong__noise_low__T_300__density_dense__seed_005,Video,0.1545481788853749,1749.0284549308806,319.72154506911943,2068.75,5,0.2376596163778254,0.2422372247155883,0.2569835504013165,0.08311143749245051,0.08768904583021342,0.10243537151594159,strong,low,300,dense
gamma_strong__noise_low__T_300__density_dense__seed_005,Display,1.0,0.0,1613.5,1613.5,5,0.774256466294861,0.7522585584004288,1.0,-0.225743533705139,-0.24774144159957123,0.0,strong,low,300,dense
gamma_strong__noise_low__T_300__density_dense__seed_005,Social,0.567362092991373,465.9250675738708,611.0149324261292,1076.94,5,0.613189633418262,0.608156092455869,1.0,0.04582754042688908,0.04079399946449602,0.43263790700862703,strong,low,300,dense
gamma_strong__noise_low__T_300__density_dense__seed_005,Search,1.2893271547132012e-06,2888.506275765621,0.0037242343796606,2888.51,5,0.0,0.0,0.0,-1.2893271547132012e-06,-1.2893271547132012e-06,-1.2893271547132012e-06,strong,low,300,dense
gamma_strong__noise_low__T_300__density_dense__seed_005,Affiliate,1.126027770789017e-06,1438.418380299134,0.0016197008660583,1438.42,5,0.0,0.2426572653174467,1.0,-1.126027770789017e-06,0.24265613928967592,0.9999988739722292,strong,low,300,dense
gamma_strong__noise_low__T_300__density_medium__seed_001,TV,0.0979958056798636,2365.4157991851257,256.9842008148744,2622.4,1,0.2147864556415035,0.2132359878860305,0.2286408153491687,0.1167906499616399,0.11524018220616689,0.1306450096693051,strong,low,300,medium
gamma_strong__noise_low__T_300__density_medium__seed_001,Video,0.1752081731561146,1706.1973646823349,362.442635317665,2068.64,1,0.4752674731022979,0.4871312812672548,0.5785597459598593,0.3000592999461833,0.3119231081111402,0.4033515728037447,strong,low,300,medium
gamma_strong__noise_low__T_300__density_medium__seed_001,Display,1.0,0.0,566.29,566.29,1,0.5096336278878877,0.5068847808272242,1.0,-0.4903663721121123,-0.4931152191727758,0.0,strong,low,300,medium
gamma_strong__noise_low__T_300__density_medium__seed_001,Social,0.5854306819431169,473.2723334937378,668.3276665062622,1141.6,1,0.6120550915539935,0.6134985495350171,1.0,0.026624409610876643,0.028067867591900275,0.41456931805688313,strong,low,300,medium
gamma_strong__noise_low__T_300__density_medium__seed_001,Search,2.403942422766842e-07,3007.629276983065,0.0007230169348986,3007.63,1,0.0,0.0,0.0,-2.403942422766842e-07,-2.403942422766842e-07,-2.403942422766842e-07,strong,low,300,medium
gamma_strong__noise_low__T_300__density_medium__seed_001,Affiliate,-3.1540374522617227e-06,1444.8545571110128,-0.0045571110129003,1444.85,1,0.0,0.0,,3.1540374522617227e-06,3.1540374522617227e-06,,strong,low,300,medium
gamma_strong__noise_low__T_300__density_medium__seed_002,TV,0.0885019621618452,2340.79076603103,227.27923396896995,2568.07,2,0.2794411918474959,0.2764381415293467,1.0,0.1909392296856507,0.1879361793675015,0.9114980378381548,strong,low,300,medium
gamma_strong__noise_low__T_300__density_medium__seed_002,Video,0.1765221275737158,1638.3256967495408,351.19430325045914,1989.52,2,0.4791155101759641,0.5295315062280775,1.0,0.30259338260224833,0.35300937865436177,0.8234778724262842,strong,low,300,medium
gamma_strong__noise_low__T_300__density_medium__seed_002,Display,1.0,0.0,563.87,563.87,2,0.4583383518271362,0.5100776577185887,1.0,-0.5416616481728638,-0.4899223422814113,0.0,strong,low,300,medium
gamma_strong__noise_low__T_300__density_medium__seed_002,Social,0.5889511419396175,458.2783718515204,656.6216281484797,1114.9,2,0.6768353237562347,0.670503278280276,1.0,0.08788418181661717,0.0815521363406585,0.4110488580603825,strong,low,300,medium
gamma_strong__noise_low__T_300__density_medium__seed_002,Search,-1.215082341050234e-06,2882.663502669261,-0.0035026692612518,2882.66,2,0.0,0.0,0.0,1.215082341050234e-06,1.215082341050234e-06,1.215082341050234e-06,strong,low,300,medium
gamma_strong__noise_low__T_300__density_medium__seed_002,Affiliate,3.721638863746375e-06,1400.964786095601,0.0052139043989427,1400.97,2,0.0,0.0,,-3.721638863746375e-06,-3.721638863746375e-06,,strong,low,300,medium
gamma_strong__noise_low__T_300__density_medium__seed_003,TV,0.0888713033439029,2865.763978305456,279.5260216945444,3145.29,3,0.1825310789551686,0.0,0.0,0.09365977561126569,-0.0888713033439029,-0.0888713033439029,strong,low,300,medium
gamma_strong__noise_low__T_300__density_medium__seed_003,Video,0.1526320225939951,1986.0949601632904,357.7450398367096,2343.84,3,0.3504330051719047,0.3504184042852648,1.0,0.19780098257790957,0.19778638169126966,0.8473679774060049,strong,low,300,medium
gamma_strong__noise_low__T_300__density_medium__seed_003,Display,1.0,0.0,611.06,611.06,3,0.4169816238702731,0.4179089946701619,1.0,-0.583018376129727,-0.582091005329838,0.0,strong,low,300,medium
gamma_strong__noise_low__T_300__density_medium__seed_003,Social,0.559228461549493,513.3313491102294,651.2886508897705,1164.62,3,0.694993189545388,0.6977531987810993,1.0,0.135764727995895,0.1385247372316063,0.440771538450507,strong,low,300,medium
gamma_strong__noise_low__T_300__density_medium__seed_003,Search,2.281030701425837e-06,3266.222549629092,0.0074503709079181,3266.23,3,0.0,0.0,0.0,-2.281030701425837e-06,-2.281030701425837e-06,-2.281030701425837e-06,strong,low,300,medium
gamma_strong__noise_low__T_300__density_medium__seed_003,Affiliate,4.39986786753813e-06,1597.0329732350208,0.007026764979173,1597.04,3,0.0,0.0,,-4.39986786753813e-06,-4.39986786753813e-06,,strong,low,300,medium
gamma_strong__noise_low__T_300__density_medium__seed_004,TV,0.0867095435408333,2381.651453640521,226.11854635947884,2607.77,4,0.2191860481347002,0.2217285328679586,0.3107827670453048,0.1324765045938669,0.1350189893271253,0.22407322350447148,strong,low,300,medium
gamma_strong__noise_low__T_300__density_medium__seed_004,Video,0.1523019450541258,1700.6518378324129,305.5481621675872,2006.2,4,0.3797350587204336,0.3681402841710718,1.0,0.2274331136663078,0.215838339116946,0.8476980549458741,strong,low,300,medium
gamma_strong__noise_low__T_300__density_medium__seed_004,Display,1.0,0.0,507.85,507.85,4,0.3989341967064916,0.4074569125117314,1.0,-0.6010658032935083,-0.5925430874882687,0.0,strong,low,300,medium
gamma_strong__noise_low__T_300__density_medium__seed_004,Social,0.5640049629384623,446.4719978021264,577.5580021978735,1024.03,4,0.6602326711255354,0.6537242839044382,1.0,0.09622770818707316,0.0897193209659759,0.43599503706153775,strong,low,300,medium
gamma_strong__noise_low__T_300__density_medium__seed_004,Search,1.2616571963187178e-08,2834.4299642392098,3.576079006961663e-05,2834.43,4,0.0,0.0,0.0,-1.2616571963187178e-08,-1.2616571963187178e-08,-1.2616571963187178e-08,strong,low,300,medium
gamma_strong__noise_low__T_300__density_medium__seed_004,Affiliate,2.9349694156241108e-06,1382.7759415829914,0.0040584170085367,1382.78,4,0.0,0.0,,-2.9349694156241108e-06,-2.9349694156241108e-06,,strong,low,300,medium
gamma_strong__noise_low__T_300__density_medium__seed_005,TV,0.1022208326856573,2482.3145086657914,282.6354913342084,2764.95,5,0.1941547908550063,0.3045345003523545,0.3235217245995794,0.091933958169349,0.20231366766669723,0.2213008919139221,strong,low,300,medium
gamma_strong__noise_low__T_300__density_medium__seed_005,Video,0.1576331639566556,1847.2093874227287,345.67061257727096,2192.88,5,0.2508110016961028,0.2519360601889457,0.2507594544212583,0.09317783773944721,0.0943028962322901,0.09312629046460269,strong,low,300,medium
gamma_strong__noise_low__T_300__density_medium__seed_005,Display,1.0,0.0,619.75,619.75,5,0.54238436431128,0.7711401549877355,1.0,-0.45761563568872,-0.22885984501226453,0.0,strong,low,300,medium
gamma_strong__noise_low__T_300__density_medium__seed_005,Social,0.5755702240816638,503.1742322444651,682.3557677555349,1185.53,5,0.7047792001976152,0.7009585028976488,1.0,0.1292089761159514,0.12538827881598502,0.4244297759183362,strong,low,300,medium
gamma_strong__noise_low__T_300__density_medium__seed_005,Search,-9.662071146453516e-07,3092.882988362661,-0.0029883626607443,3092.88,5,0.0,0.0,0.0,9.662071146453516e-07,9.662071146453516e-07,9.662071146453516e-07,strong,low,300,medium
gamma_strong__noise_low__T_300__density_medium__seed_005,Affiliate,-2.2152284246259203e-06,1519.1633652864136,-0.0033652864135547,1519.16,5,0.0,0.2378259842088599,1.0,2.2152284246259203e-06,0.2378281994372845,1.0000022152284247,strong,low,300,medium
gamma_strong__noise_low__T_300__density_sparse__seed_001,TV,0.0974749638516778,2502.079182964355,270.23081703564503,2772.31,1,0.1903761483829028,0.1874481823405872,0.2264808599702963,0.09290118453122499,0.08997321848890939,0.1290058961186185,strong,low,300,sparse
gamma_strong__noise_low__T_300__density_sparse__seed_001,Video,2.9985867219009957e-06,1804.774588210656,0.0054117893439524,1804.78,1,0.0,0.0495201236579733,0.0638282091261803,-2.9985867219009957e-06,0.049517125071251396,0.0638252105394584,strong,low,300,sparse
gamma_strong__noise_low__T_300__density_sparse__seed_001,Display,,0.0,0.0,0.0,1,0.0,0.0,,,,,strong,low,300,sparse
gamma_strong__noise_low__T_300__density_sparse__seed_001,Social,0.5902697092894167,505.5621084048817,728.3278915951184,1233.89,1,0.4728101824638884,0.4526342611377067,1.0,-0.1174595268255283,-0.13763544815170997,0.4097302907105833,strong,low,300,sparse
gamma_strong__noise_low__T_300__density_sparse__seed_001,Search,1.1468663337789382e-07,3209.4496319189843,0.0003680810154946,3209.45,1,0.0,0.0,0.0,-1.1468663337789382e-07,-1.1468663337789382e-07,-1.1468663337789382e-07,strong,low,300,sparse
gamma_strong__noise_low__T_300__density_sparse__seed_001,Affiliate,-1.5249113380457117e-06,1528.3323305677452,-0.0023305677452754,1528.33,1,0.0,0.0,0.0,1.5249113380457117e-06,1.5249113380457117e-06,1.5249113380457117e-06,strong,low,300,sparse
gamma_strong__noise_low__T_300__density_sparse__seed_002,TV,0.088160789373991,2477.9868836209234,239.58311637907676,2717.57,2,0.2366384582067742,0.2375327869772292,1.0,0.1484776688327832,0.14937199760323822,0.911839210626009,strong,low,300,sparse
gamma_strong__noise_low__T_300__density_sparse__seed_002,Video,6.310878252361216e-08,1734.349890547283,0.0001094527169698,1734.35,2,0.0,0.1778803501923886,1.0,-6.310878252361216e-08,0.17788028708360606,0.9999999368912175,strong,low,300,sparse
gamma_strong__noise_low__T_300__density_sparse__seed_002,Display,,0.0,0.0,0.0,2,0.0,0.0,,,,,strong,low,300,sparse
gamma_strong__noise_low__T_300__density_sparse__seed_002,Social,0.5990231763497856,490.8237005255179,733.246299474482,1224.07,2,0.5851838519190772,0.5852952921474396,1.0,-0.013839324430708455,-0.013727884202346052,0.40097682365021436,strong,low,300,sparse
gamma_strong__noise_low__T_300__density_sparse__seed_002,Search,-2.2602954266558723e-06,3080.1369620037526,-0.0069620037525055,3080.13,2,0.0,0.0,0.0,2.2602954266558723e-06,2.2602954266558723e-06,2.2602954266558723e-06,strong,low,300,sparse
gamma_strong__noise_low__T_300__density_sparse__seed_002,Affiliate,1.88983484068369e-06,1483.0771972237444,0.0028027762555211,1483.08,2,0.0,0.0,,-1.88983484068369e-06,-1.88983484068369e-06,,strong,low,300,sparse
gamma_strong__noise_low__T_300__density_sparse__seed_003,TV,0.0884647475730842,3048.292383698422,295.83761630157824,3344.13,3,0.1594805999719313,0.0,0.0,0.07101585239884711,-0.0884647475730842,-0.0884647475730842,strong,low,300,sparse
gamma_strong__noise_low__T_300__density_sparse__seed_003,Video,-6.81521100621197e-06,2112.5943976784674,-0.0143976784675032,2112.58,3,0.0,0.0,0.0,6.81521100621197e-06,6.81521100621197e-06,6.81521100621197e-06,strong,low,300,sparse
gamma_strong__noise_low__T_300__density_sparse__seed_003,Display,,0.0,0.0,0.0,3,0.0,0.0,,,,,strong,low,300,sparse
gamma_strong__noise_low__T_300__density_sparse__seed_003,Social,0.5705084767382095,557.4413429567106,740.4686570432895,1297.91,3,0.6314839253030248,0.6453081464735184,1.0,0.06097544856481529,0.07479966973530894,0.4294915232617905,strong,low,300,sparse
gamma_strong__noise_low__T_300__density_sparse__seed_003,Search,9.27094765929132e-08,3509.379674647217,0.0003253527829656,3509.38,3,0.0,0.0897117563860106,0.0,-9.27094765929132e-08,0.089711663676534,-9.27094765929132e-08,strong,low,300,sparse
gamma_strong__noise_low__T_300__density_sparse__seed_003,Affiliate,-1.673552455930769e-06,1698.7528429472345,-0.0028429472345123,1698.75,3,0.0,0.0,,1.673552455930769e-06,1.673552455930769e-06,,strong,low,300,sparse
gamma_strong__noise_low__T_300__density_sparse__seed_004,TV,0.0891225852994381,2535.0629328531336,248.03706714686632,2783.1,4,0.1986306228446353,0.1977132332198877,0.200808980562691,0.10950803754519721,0.1085906479204496,0.1116863952632529,strong,low,300,sparse
gamma_strong__noise_low__T_300__density_sparse__seed_004,Video,1.4000904354664173e-06,1810.1974655562935,0.0025344437062813,1810.2,4,0.0,0.0,,-1.4000904354664173e-06,-1.4000904354664173e-06,,strong,low,300,sparse
gamma_strong__noise_low__T_300__density_sparse__seed_004,Display,,0.0,0.0,0.0,4,0.0,0.0,,,,,strong,low,300,sparse
gamma_strong__noise_low__T_300__density_sparse__seed_004,Social,0.5693222673458369,486.1748652839785,642.6851347160214,1128.86,4,0.5817754082685599,0.5815093093453859,1.0,0.012453140922722983,0.012187041999549009,0.4306777326541631,strong,low,300,sparse
gamma_strong__noise_low__T_300__density_sparse__seed_004,Search,-6.590390497277523e-07,3050.6220104777058,-0.0020104777058804,3050.62,4,0.0,0.0,0.0,6.590390497277523e-07,6.590390497277523e-07,6.590390497277523e-07,strong,low,300,sparse
gamma_strong__noise_low__T_300__density_sparse__seed_004,Affiliate,2.7821183795240536e-06,1471.845905139063,0.0040948609369024,1471.85,4,0.0,0.0,0.0,-2.7821183795240536e-06,-2.7821183795240536e-06,-2.7821183795240536e-06,strong,low,300,sparse
gamma_strong__noise_low__T_300__density_sparse__seed_005,TV,0.1023171993940737,2644.8159049412225,301.4540950587775,2946.27,5,0.1627682052477242,0.2724924314048604,0.316987036494422,0.0604510058536505,0.17017523201078671,0.21466983710034832,strong,low,300,sparse
gamma_strong__noise_low__T_300__density_sparse__seed_005,Video,-2.7365877919293333e-06,1968.135385960531,-0.0053859605309298,1968.13,5,0.0,0.0,0.0,2.7365877919293333e-06,2.7365877919293333e-06,2.7365877919293333e-06,strong,low,300,sparse
gamma_strong__noise_low__T_300__density_sparse__seed_005,Display,,0.0,0.0,0.0,5,0.0,0.7118661537440435,1.0,,,,strong,low,300,sparse
gamma_strong__noise_low__T_300__density_sparse__seed_005,Social,0.5845463462217917,542.0631547671173,762.6868452328827,1304.75,5,0.5387102221658989,0.5457262526877551,1.0,-0.04583612405589277,-0.03882009353403659,0.4154536537782083,strong,low,300,sparse
gamma_strong__noise_low__T_300__density_sparse__seed_005,Search,1.045024730546777e-06,3327.9665221890477,0.0034778109525177,3327.97,5,0.0,0.0,0.0,-1.045024730546777e-06,-1.045024730546777e-06,-1.045024730546777e-06,strong,low,300,sparse
gamma_strong__noise_low__T_300__density_sparse__seed_005,Affiliate,-2.6040660072220194e-06,1618.6142149672798,-0.0042149672799496,1618.61,5,0.0,0.2353820833714437,1.0,2.6040660072220194e-06,0.23538468743745092,1.0000026040660073,strong,low,300,sparse
gamma_strong__noise_low__T_80__density_dense__seed_001,TV,0.1529904933262781,320.36440570920183,57.865594290798185,378.23,1,0.3640249101979567,0.2288327941291109,0.3190157627196618,0.2110344168716786,0.0758423008028328,0.16602526939338372,strong,low,80,dense
gamma_strong__noise_low__T_80__density_dense__seed_001,Video,0.1685121055554265,233.8060810388696,47.38391896113038,281.19,1,0.5474622758170985,0.5529933224250819,1.0,0.378950170261672,0.3844812168696554,0.8314878944445735,strong,low,80,dense
gamma_strong__noise_low__T_80__density_dense__seed_001,Display,1.0,0.0,281.44,281.44,1,0.6200096592264142,0.5907000096013626,1.0,-0.37999034077358584,-0.4092999903986374,0.0,strong,low,80,dense
gamma_strong__noise_low__T_80__density_dense__seed_001,Social,0.5424775467156394,64.03484256167911,75.9251574383209,139.96,1,0.5672208365686254,0.5686257460411224,1.0,0.024743289852986017,0.026148199325482957,0.4575224532843606,strong,low,80,dense
gamma_strong__noise_low__T_80__density_dense__seed_001,Search,-9.417633682460718e-06,426.77401916352665,-0.0040191635266637,426.77,1,0.0,0.0,0.0,9.417633682460718e-06,9.417633682460718e-06,9.417633682460718e-06,strong,low,80,dense
gamma_strong__noise_low__T_80__density_dense__seed_001,Affiliate,-3.5448344259612708e-06,212.3207526392453,-0.00075263924532,212.32,1,0.0,0.0,,3.5448344259612708e-06,3.5448344259612708e-06,,strong,low,80,dense
gamma_strong__noise_low__T_80__density_dense__seed_002,TV,0.1622776822548544,375.425256697487,72.72474330251299,448.15,2,0.2555545044512858,0.2617779310889507,,0.09327682219643141,0.0995002488340963,,strong,low,80,dense
gamma_strong__noise_low__T_80__density_dense__seed_002,Video,0.1702847633818031,271.23391085048854,55.66608914951144,326.9,2,0.3821070733483574,0.3866166527634032,0.0,0.21182230996655432,0.21633188938160008,-0.1702847633818031,strong,low,80,dense
gamma_strong__noise_low__T_80__density_dense__seed_002,Display,1.0,0.0,328.31,328.31,2,0.5626557241377538,0.5636758515739786,,-0.4373442758622462,-0.4363241484260214,,strong,low,80,dense
gamma_strong__noise_low__T_80__density_dense__seed_002,Social,0.5578827137595388,74.66034612742669,94.20965387257333,168.87,2,0.6318824606070013,0.6308846407497564,,0.07399974684746247,0.07300192699021757,,strong,low,80,dense
gamma_strong__noise_low__T_80__density_dense__seed_002,Search,-6.610767519022124e-06,468.91309985499737,-0.0030998549973446,468.91,2,0.0,0.0,,6.610767519022124e-06,6.610767519022124e-06,,strong,low,80,dense
gamma_strong__noise_low__T_80__density_dense__seed_002,Affiliate,9.7721554552831e-06,230.4977475181676,0.0022524818324427,230.5,2,0.0,0.0,,-9.7721554552831e-06,-9.7721554552831e-06,,strong,low,80,dense
gamma_strong__noise_low__T_80__density_dense__seed_003,TV,0.1188720215429763,516.9577849607358,69.74221503926424,586.7,3,0.3707620241471703,0.3778025127117478,,0.25189000260419403,0.25893049116877154,,strong,low,80,dense
gamma_strong__noise_low__T_80__density_dense__seed_003,Video,0.1935269137985716,385.5586530511789,92.52134694882112,478.08,3,0.166214164732507,0.0,,-0.027312749066064596,-0.1935269137985716,,strong,low,80,dense
gamma_strong__noise_low__T_80__density_dense__seed_003,Display,1.0,0.0,328.73,328.73,3,0.6549311492249539,0.6501768847149416,,-0.3450688507750461,-0.3498231152850584,,strong,low,80,dense
gamma_strong__noise_low__T_80__density_dense__seed_003,Social,0.5122939414937447,90.36705558062404,94.92294441937597,185.29,3,0.2944270809642679,0.3108244102262313,,-0.21786686052947685,-0.20146953126751344,,strong,low,80,dense
gamma_strong__noise_low__T_80__density_dense__seed_003,Search,5.20296890485019e-06,565.967055275689,0.002944724311078,565.97,3,0.0,0.0,,-5.20296890485019e-06,-5.20296890485019e-06,,strong,low,80,dense
gamma_strong__noise_low__T_80__density_dense__seed_003,Affiliate,1.5550417385045385e-05,277.1756897353092,0.0043102646907868,277.18,3,0.0,0.0,,-1.5550417385045385e-05,-1.5550417385045385e-05,,strong,low,80,dense
gamma_strong__noise_low__T_80__density_dense__seed_004,TV,0.1368594006990677,355.6139269119841,56.38607308801591,412.0,4,0.3625010207201413,0.3874079436140578,1.0,0.22564162002107357,0.25054854291499007,0.8631405993009322,strong,low,80,dense
gamma_strong__noise_low__T_80__density_dense__seed_004,Video,0.1904128940066052,281.5582037223828,66.22179627761716,347.78,4,0.2609725468714991,0.0,,0.07055965286489393,-0.1904128940066052,,strong,low,80,dense
gamma_strong__noise_low__T_80__density_dense__seed_004,Display,1.0,0.0,311.67,311.67,4,0.5180233348623986,0.3276434298527064,1.0,-0.4819766651376014,-0.6723565701472936,0.0,strong,low,80,dense
gamma_strong__noise_low__T_80__density_dense__seed_004,Social,0.5919637064311142,70.3128141077904,102.0071858922096,172.32,4,0.4493255389150799,0.4651568524799054,1.0,-0.14263816751603425,-0.12680685395120878,0.4080362935688858,strong,low,80,dense
gamma_strong__noise_low__T_80__density_dense__seed_004,Search,-7.266630454130189e-06,445.0732341592162,-0.0032341592162197,445.07,4,0.0,0.0,0.0,7.266630454130189e-06,7.266630454130189e-06,7.266630454130189e-06,strong,low,80,dense
gamma_strong__noise_low__T_80__density_dense__seed_004,Affiliate,1.7796198178231502e-05,216.6561442757027,0.0038557242972956,216.66,4,0.0,0.0,,-1.7796198178231502e-05,-1.7796198178231502e-05,,strong,low,80,dense
gamma_strong__noise_low__T_80__density_dense__seed_005,TV,0.1387966776925875,444.03643298170186,71.56356701829816,515.6,5,0.7461939034526226,0.716135460170915,0.0,0.6073972257600351,0.5773387824783275,-0.1387966776925875,strong,low,80,dense
gamma_strong__noise_low__T_80__density_dense__seed_005,Video,0.1794465304230743,308.72503739362253,67.51496260637748,376.24,5,0.2682411501516656,0.0,,0.08879461972859132,-0.1794465304230743,,strong,low,80,dense
gamma_strong__noise_low__T_80__density_dense__seed_005,Display,1.0,0.0,272.5,272.5,5,0.4491904949870799,0.2025874329133231,,-0.55080950501292,-0.797412567086677,,strong,low,80,dense
gamma_strong__noise_low__T_80__density_dense__seed_005,Social,0.5656902435483553,81.99768201807052,106.80231798192948,188.8,5,0.4263477969534868,0.4047243139459756,,-0.1393424465948685,-0.1609659296023797,,strong,low,80,dense
gamma_strong__noise_low__T_80__density_dense__seed_005,Search,2.499702652118381e-06,527.9686802319908,0.0013197680092389,527.97,5,0.0,0.0,,-2.499702652118381e-06,-2.499702652118381e-06,,strong,low,80,dense
gamma_strong__noise_low__T_80__density_dense__seed_005,Affiliate,1.3035994716843474e-05,261.586589914142,0.003410085857979,261.59,5,0.0,0.0,,-1.3035994716843474e-05,-1.3035994716843474e-05,,strong,low,80,dense
gamma_strong__noise_low__T_80__density_medium__seed_001,TV,0.1138995560990861,332.1458903918185,42.69410960818146,374.84,1,0.22175285359743,0.3272563864596697,0.0,0.1078532974983439,0.21335683036058362,-0.1138995560990861,strong,low,80,medium
gamma_strong__noise_low__T_80__density_medium__seed_001,Video,0.1687661168325328,242.4044250092968,49.21557499070323,291.62,1,0.5003441356471915,0.5012870092479328,,0.3315780188146587,0.3325208924154,,strong,low,80,medium
gamma_strong__noise_low__T_80__density_medium__seed_001,Display,1.0,0.0,88.85,88.85,1,0.4646775560173011,0.5168074821627767,,-0.5353224439826989,-0.4831925178372233,,strong,low,80,medium
gamma_strong__noise_low__T_80__density_medium__seed_001,Social,0.5623577071836454,67.24373829123289,86.40626170876712,153.65,1,0.5211029309021865,0.611804754576091,,-0.041254776281458905,0.04944704739244554,,strong,low,80,medium
gamma_strong__noise_low__T_80__density_medium__seed_001,Search,6.172933420480604e-06,447.9172350196623,0.0027649803377016,447.92,1,0.0,0.0,,-6.172933420480604e-06,-6.172933420480604e-06,,strong,low,80,medium
gamma_strong__noise_low__T_80__density_medium__seed_001,Affiliate,5.698326460193708e-06,220.1287456273963,0.0012543726036824,220.13,1,0.0,0.0,,-5.698326460193708e-06,-5.698326460193708e-06,,strong,low,80,medium
gamma_strong__noise_low__T_80__density_medium__seed_002,TV,0.1167551897405639,385.642349055475,50.97765094452501,436.62,2,0.1870117462139798,0.2291858536050522,,0.07025655647341592,0.1124306638644883,,strong,low,80,medium
gamma_strong__noise_low__T_80__density_medium__seed_002,Video,0.1687582210833116,278.6156194572956,56.564380542704384,335.18,2,0.3828689775509807,0.3758274024349106,0.0,0.2141107564676691,0.207069181351599,-0.1687582210833116,strong,low,80,medium
gamma_strong__noise_low__T_80__density_medium__seed_002,Display,1.0,0.0,116.01,116.01,2,0.3019305743865733,0.3110147086655551,,-0.6980694256134268,-0.688985291334445,,strong,low,80,medium
gamma_strong__noise_low__T_80__density_medium__seed_002,Social,0.5705368512538544,77.6039909784285,103.09600902157148,180.7,2,0.6518438488339315,0.6226796981294616,,0.08130699758007709,0.05214284687560711,,strong,low,80,medium
gamma_strong__noise_low__T_80__density_medium__seed_002,Search,4.608001903153566e-06,487.6477529078719,0.0022470921280728,487.65,2,0.0,0.0,,-4.608001903153566e-06,-4.608001903153566e-06,,strong,low,80,medium
gamma_strong__noise_low__T_80__density_medium__seed_002,Affiliate,-2.199300615418247e-06,236.77052072840672,-0.0005207284067125,236.77,2,0.0,0.0,,2.199300615418247e-06,2.199300615418247e-06,,strong,low,80,medium
gamma_strong__noise_low__T_80__density_medium__seed_003,TV,0.0858399999203037,540.3965424471116,50.74345755288834,591.14,3,0.2736430683278696,0.268443931989377,,0.18780306840756592,0.1826039320690733,,strong,low,80,medium
gamma_strong__noise_low__T_80__density_medium__seed_003,Video,0.1904881892945369,403.039740314036,94.84025968596404,497.88,3,0.2972756280089247,0.0,,0.10678743871438781,-0.1904881892945369,,strong,low,80,medium
gamma_strong__noise_low__T_80__density_medium__seed_003,Display,1.0,0.0,119.13,119.13,3,0.5805066115563399,0.594972498981071,,-0.41949338844366013,-0.40502750101892904,,strong,low,80,medium
gamma_strong__noise_low__T_80__density_medium__seed_003,Social,0.5444712437774577,96.78619483460356,115.68380516539644,212.47,3,0.5432598673945124,0.5490780169916656,,-0.0012113763829453283,0.004606773214207882,,strong,low,80,medium
gamma_strong__noise_low__T_80__density_medium__seed_003,Search,-4.996326841388729e-06,598.4629901017615,-0.0029901017614974,598.46,3,0.0,0.0,,4.996326841388729e-06,4.996326841388729e-06,,strong,low,80,medium
gamma_strong__noise_low__T_80__density_medium__seed_003,Affiliate,-9.75749438592323e-06,289.7428271364234,-0.0028271364233773,289.74,3,0.0,0.0,,9.75749438592323e-06,9.75749438592323e-06,,strong,low,80,medium
gamma_strong__noise_low__T_80__density_medium__seed_004,TV,0.0949266325260655,363.4684136438573,38.12158635614264,401.59,4,0.2550693039659206,0.0,,0.1601426714398551,-0.0949266325260655,,strong,low,80,medium
gamma_strong__noise_low__T_80__density_medium__seed_004,Video,0.1868865677045736,287.7771059579973,66.1428940420027,353.92,4,0.2741197587804916,0.0,,0.08723319107591801,-0.1868865677045736,,strong,low,80,medium
gamma_strong__noise_low__T_80__density_medium__seed_004,Display,1.0,0.0,109.78,109.78,4,0.3039018773003767,0.2746328359554345,1.0,-0.6960981226996232,-0.7253671640445656,0.0,strong,low,80,medium
gamma_strong__noise_low__T_80__density_medium__seed_004,Social,0.5959619384150773,72.91270859361515,107.54729140638486,180.46,4,0.4660216842640637,0.3765424513859952,1.0,-0.12994025415101357,-0.2194194870290821,0.4040380615849227,strong,low,80,medium
gamma_strong__noise_low__T_80__density_medium__seed_004,Search,2.375713918606425e-07,458.0398911827997,0.0001088172003278,458.04,4,0.0,0.0,0.0,-2.375713918606425e-07,-2.375713918606425e-07,-2.375713918606425e-07,strong,low,80,medium
gamma_strong__noise_low__T_80__density_medium__seed_004,Affiliate,-6.561303252675683e-06,221.44145293499227,-0.0014529349922725,221.44,4,0.0,0.0,,6.561303252675683e-06,6.561303252675683e-06,,strong,low,80,medium
gamma_strong__noise_low__T_80__density_medium__seed_005,TV,0.099887639070932,453.9806703581848,50.37932964181528,504.36,5,0.4163846458745064,0.5756834058529362,0.0,0.3164970068035744,0.4757957667820042,-0.099887639070932,strong,low,80,medium
gamma_strong__noise_low__T_80__density_medium__seed_005,Video,0.1817315779666638,315.6388611151391,70.10113888486092,385.74,5,0.2257306452234344,0.0,,0.04399906725677058,-0.1817315779666638,,strong,low,80,medium
gamma_strong__noise_low__T_80__density_medium__seed_005,Display,1.0,0.0,98.3,98.3,5,0.3203534084455414,0.0,,-0.6796465915544586,-1.0,,strong,low,80,medium
gamma_strong__noise_low__T_80__density_medium__seed_005,Social,0.5920841022663349,85.91116722168722,124.6988327783128,210.61,5,0.3523175953770884,0.3274791895449123,,-0.2397665068892465,-0.2646049127214226,,strong,low,80,medium
gamma_strong__noise_low__T_80__density_medium__seed_005,Search,7.92873746232668e-06,546.8156644077809,0.0043355922191494,546.82,5,0.0,0.0,,-7.92873746232668e-06,-7.92873746232668e-06,,strong,low,80,medium
gamma_strong__noise_low__T_80__density_medium__seed_005,Affiliate,-1.8523592147098403e-05,267.4449539494838,-0.0049539494838199,267.44,5,0.0,0.0,,1.8523592147098403e-05,1.8523592147098403e-05,,strong,low,80,medium
gamma_strong__noise_low__T_80__density_sparse__seed_001,TV,0.1145762775387769,343.7126348222222,44.47736517777781,388.19,1,0.2442959949524513,0.2456687445824905,0.0,0.12971971741367438,0.13109246704371358,-0.1145762775387769,strong,low,80,sparse
gamma_strong__noise_low__T_80__density_sparse__seed_001,Video,1.568914547903584e-05,250.84606437785655,0.0039356221434161,250.85,1,0.0,0.0,,-1.568914547903584e-05,-1.568914547903584e-05,,strong,low,80,sparse
gamma_strong__noise_low__T_80__density_sparse__seed_001,Display,,0.0,0.0,0.0,1,0.0,0.3182521315707748,,,,,strong,low,80,sparse
gamma_strong__noise_low__T_80__density_sparse__seed_001,Social,0.5737391776956351,70.90422518210806,95.43577481789194,166.34,1,0.5725033392623844,0.5725110350007078,,-0.0012358384332507022,-0.0012281426949273255,,strong,low,80,sparse
gamma_strong__noise_low__T_80__density_sparse__seed_001,Search,5.566982623842069e-06,468.7573904212253,0.0026095787747522,468.76,1,0.0,0.0,,-5.566982623842069e-06,-5.566982623842069e-06,,strong,low,80,sparse
gamma_strong__noise_low__T_80__density_sparse__seed_001,Affiliate,-2.123292861521451e-05,227.79483664880925,-0.0048366488092597,227.79,1,0.0,0.0,,2.123292861521451e-05,2.123292861521451e-05,,strong,low,80,sparse
gamma_strong__noise_low__T_80__density_sparse__seed_002,TV,0.1195540184881076,400.8670553823646,54.43294461763543,455.3,2,0.1466100790337788,0.1799720754287166,,0.027056060545671196,0.060418056940609005,,strong,low,80,sparse
gamma_strong__noise_low__T_80__density_sparse__seed_002,Video,-1.7214559859967897e-05,289.61498550868106,-0.0049855086810453,289.61,2,0.0,0.0,,1.7214559859967897e-05,1.7214559859967897e-05,,strong,low,80,sparse
gamma_strong__noise_low__T_80__density_sparse__seed_002,Display,,0.0,0.0,0.0,2,0.0,0.0,,,,,strong,low,80,sparse
gamma_strong__noise_low__T_80__density_sparse__seed_002,Social,0.5758412183376926,81.38758702536353,110.49241297463648,191.88,2,0.5488372028146228,0.5385706306004368,,-0.027004015523069858,-0.03727058773725589,,strong,low,80,sparse
gamma_strong__noise_low__T_80__density_sparse__seed_002,Search,-3.712001416450961e-06,511.7018994311248,-0.0018994311247979,511.7,2,0.0,0.0,,3.712001416450961e-06,3.712001416450961e-06,,strong,low,80,sparse
gamma_strong__noise_low__T_80__density_sparse__seed_002,Affiliate,8.131541192757225e-06,246.11799866508164,0.0020013349183614,246.12,2,0.0,0.0,,-8.131541192757225e-06,-8.131541192757225e-06,,strong,low,80,sparse
gamma_strong__noise_low__T_80__density_sparse__seed_003,TV,0.084755540385695,559.763511500109,51.83648849989106,611.6,3,0.4445500175052874,0.580683924383036,1.0,0.3597944771195924,0.49592838399734096,0.915244459614305,strong,low,80,sparse
gamma_strong__noise_low__T_80__density_sparse__seed_003,Video,1.4046523515627923e-05,417.4841357168975,0.0058642831025395,417.49,3,0.0,0.4601772155828588,1.0,-1.4046523515627923e-05,0.4601631690593432,0.9999859534764843,strong,low,80,sparse
gamma_strong__noise_low__T_80__density_sparse__seed_003,Display,,0.0,0.0,0.0,3,0.0,0.2376275209936281,1.0,,,,strong,low,80,sparse
gamma_strong__noise_low__T_80__density_sparse__seed_003,Social,0.5587314054843074,102.03894979580876,129.20105020419126,231.24,3,0.4718653914418979,0.4678374022434697,1.0,-0.08686601404240957,-0.09089400324083774,0.44126859451569256,strong,low,80,sparse
gamma_strong__noise_low__T_80__density_sparse__seed_003,Search,-5.729626514873006e-06,624.0835757453154,-0.0035757453154019,624.08,3,0.0,0.0,0.0,5.729626514873006e-06,5.729626514873006e-06,5.729626514873006e-06,strong,low,80,sparse
gamma_strong__noise_low__T_80__density_sparse__seed_003,Affiliate,1.133561439874295e-05,300.1265978420505,0.0034021579494947,300.13,3,0.0,0.0,,-1.133561439874295e-05,-1.133561439874295e-05,,strong,low,80,sparse
gamma_strong__noise_low__T_80__density_sparse__seed_004,TV,0.1011130628809994,379.7078199778082,42.712180022191774,422.42,4,0.2136317802348775,0.217766179715367,1.0,0.1125187173538781,0.11665311683436759,0.8988869371190006,strong,low,80,sparse
gamma_strong__noise_low__T_80__density_sparse__seed_004,Video,-1.5018250198394376e-05,300.63451493655714,-0.0045149365571433,300.63,4,0.0,0.0,,1.5018250198394376e-05,1.5018250198394376e-05,,strong,low,80,sparse
gamma_strong__noise_low__T_80__density_sparse__seed_004,Display,,0.0,0.0,0.0,4,0.0,0.0,,,,,strong,low,80,sparse
gamma_strong__noise_low__T_80__density_sparse__seed_004,Social,0.6062107949967698,76.93853487353111,118.44146512646888,195.38,4,0.4941314251322659,0.4829440234628383,1.0,-0.1120793698645039,-0.12326677153393145,0.3937892050032302,strong,low,80,sparse
gamma_strong__noise_low__T_80__density_sparse__seed_004,Search,-9.96736386785094e-07,484.0904825101175,-0.0004825101174787,484.09,4,0.0,0.0,0.0,9.96736386785094e-07,9.96736386785094e-07,9.96736386785094e-07,strong,low,80,sparse
gamma_strong__noise_low__T_80__density_sparse__seed_004,Affiliate,-2.262549274900857e-05,231.33523395523764,-0.0052339552376281,231.33,4,0.0,0.0,,2.262549274900857e-05,2.262549274900857e-05,,strong,low,80,sparse
gamma_strong__noise_low__T_80__density_sparse__seed_005,TV,0.0961867087449006,466.9189843952969,49.691015604703125,516.61,5,0.3905528941137052,0.4047967243007893,,0.2943661853688046,0.3086100155558887,,strong,low,80,sparse
gamma_strong__noise_low__T_80__density_sparse__seed_005,Video,-1.3791606347125338e-05,324.63447716916846,-0.0044771691684672,324.63,5,0.0,0.0,,1.3791606347125338e-05,1.3791606347125338e-05,,strong,low,80,sparse
gamma_strong__noise_low__T_80__density_sparse__seed_005,Display,,0.0,0.0,0.0,5,0.0,0.0,,,,,strong,low,80,sparse
gamma_strong__noise_low__T_80__density_sparse__seed_005,Social,0.5919896986713139,88.85240332034796,128.91759667965204,217.77,5,0.4253358284165685,0.4284858262867516,,-0.16665387025474543,-0.16350387238456232,,strong,low,80,sparse
gamma_strong__noise_low__T_80__density_sparse__seed_005,Search,2.2995778201861067e-06,559.5887131792476,0.0012868207523979,559.59,5,0.0,0.0,,-2.2995778201861067e-06,-2.2995778201861067e-06,,strong,low,80,sparse
gamma_strong__noise_low__T_80__density_sparse__seed_005,Affiliate,1.07043045092665e-05,275.06705556695863,0.0029444330413639,275.07,5,0.0,0.0,,-1.07043045092665e-05,-1.07043045092665e-05,,strong,low,80,sparse
gamma_strong__noise_medium__T_156__density_dense__seed_001,TV,0.1275805244729279,1048.9884531789962,153.40154682100388,1202.39,1,0.2882331600189348,0.3115167304064943,,0.1606526355460069,0.1839362059335664,,strong,medium,156,dense
gamma_strong__noise_medium__T_156__density_dense__seed_001,Video,0.1887562350350367,696.9881931072978,162.1718068927022,859.16,1,0.0990738883434776,0.0,,-0.08968234669155908,-0.1887562350350367,,strong,medium,156,dense
gamma_strong__noise_medium__T_156__density_dense__seed_001,Display,1.0,0.0,806.88,806.88,1,0.783133503243549,0.7586075496324955,,-0.21686649675645098,-0.24139245036750445,,strong,medium,156,dense
gamma_strong__noise_medium__T_156__density_dense__seed_001,Social,0.5623288276998859,194.33037721297364,249.67962278702635,444.01,1,0.2515967718105126,0.2143372587179478,,-0.3107320558893733,-0.3479915689819381,,strong,medium,156,dense
gamma_strong__noise_medium__T_156__density_dense__seed_001,Search,-6.676806541783396e-07,1252.7108364102323,-0.0008364102322957,1252.71,1,0.0,0.0,,6.676806541783396e-07,6.676806541783396e-07,,strong,medium,156,dense
gamma_strong__noise_medium__T_156__density_dense__seed_001,Affiliate,4.286771143026308e-06,609.3673877702686,0.0026122297314259,609.37,1,0.0,0.6549277868706916,,-4.286771143026308e-06,0.6549235000995486,,strong,medium,156,dense
gamma_strong__noise_medium__T_156__density_dense__seed_002,TV,0.1375781396417868,1211.918319268379,193.33168073162096,1405.25,2,0.3075705716271266,0.1718357490304337,0.0,0.16999243198533978,0.03425760938864689,-0.1375781396417868,strong,medium,156,dense
gamma_strong__noise_medium__T_156__density_dense__seed_002,Video,0.163590616104987,982.7893901704792,192.22060982952087,1175.01,2,0.267159329253408,0.0,,0.103568713148421,-0.163590616104987,,strong,medium,156,dense
gamma_strong__noise_medium__T_156__density_dense__seed_002,Display,1.0,0.0,876.99,876.99,2,0.6335859795171144,0.5499551458206839,,-0.3664140204828856,-0.45004485417931606,,strong,medium,156,dense
gamma_strong__noise_medium__T_156__density_dense__seed_002,Social,0.5687795537443262,230.9314855833009,304.598514416699,535.53,2,0.5492324162822579,0.5803980925668366,,-0.019547137462068265,0.011618538822510405,,strong,medium,156,dense
gamma_strong__noise_medium__T_156__density_dense__seed_002,Search,-3.1975878397578613e-06,1483.7247443250296,-0.0047443250296055,1483.72,2,0.0,0.0,,3.1975878397578613e-06,3.1975878397578613e-06,,strong,medium,156,dense
gamma_strong__noise_medium__T_156__density_dense__seed_002,Affiliate,1.4860513266529916e-06,721.1889282746438,0.0010717253562688,721.19,2,0.0,0.0,,-1.4860513266529916e-06,-1.4860513266529916e-06,,strong,medium,156,dense
gamma_strong__noise_medium__T_156__density_dense__seed_003,TV,0.1218458311273578,1489.5251012417757,206.67489875822437,1696.2,3,0.1540888353384895,0.0,,0.03224300421113169,-0.1218458311273578,,strong,medium,156,dense
gamma_strong__noise_medium__T_156__density_dense__seed_003,Video,0.1908817626602829,937.015557116006,221.05444288399383,1158.07,3,0.1663917888492817,0.0,,-0.02448997381100118,-0.1908817626602829,,strong,medium,156,dense
gamma_strong__noise_medium__T_156__density_dense__seed_003,Display,1.0,0.0,1137.71,1137.71,3,0.6394833771201492,0.5388032852452351,1.0,-0.36051662287985076,-0.46119671475476487,0.0,strong,medium,156,dense
gamma_strong__noise_medium__T_156__density_dense__seed_003,Social,0.583888564359356,245.751252775008,344.83874722499206,590.59,3,0.5928703829058648,0.598979558110857,1.0,0.008981818546508813,0.015090993751501025,0.416111435640644,strong,medium,156,dense
gamma_strong__noise_medium__T_156__density_dense__seed_003,Search,1.6171157340288824e-06,1584.1774381975963,0.0025618024035338,1584.18,3,0.0,0.0,0.0,-1.6171157340288824e-06,-1.6171157340288824e-06,-1.6171157340288824e-06,strong,medium,156,dense
gamma_strong__noise_medium__T_156__density_dense__seed_003,Affiliate,2.862279634012525e-06,765.7678081521246,0.0021918478753377,765.77,3,0.0,0.0,,-2.862279634012525e-06,-2.862279634012525e-06,,strong,medium,156,dense
gamma_strong__noise_medium__T_156__density_dense__seed_004,TV,0.1452027175146832,964.117306942364,163.77269305763605,1127.89,4,0.2239906063271975,0.2234478332699171,0.0,0.0787878888125143,0.07824511575523391,-0.1452027175146832,strong,medium,156,dense
gamma_strong__noise_medium__T_156__density_dense__seed_004,Video,0.177278392883227,660.5302694897723,142.3297305102277,802.86,4,0.223934831554365,0.2290632128258685,,0.046656438671138,0.0517848199426415,,strong,medium,156,dense
gamma_strong__noise_medium__T_156__density_dense__seed_004,Display,1.0,0.0,676.44,676.44,4,0.6827046890289096,0.680720890109393,,-0.3172953109710904,-0.31927910989060704,,strong,medium,156,dense
gamma_strong__noise_medium__T_156__density_dense__seed_004,Social,0.5632665968551394,182.51962384230012,235.40037615769987,417.92,4,0.481146488287098,0.4863566788113315,,-0.08212010856804136,-0.07690991804380787,,strong,medium,156,dense
gamma_strong__noise_medium__T_156__density_dense__seed_004,Search,4.101405932085098e-06,1172.6451904863338,0.0048095136662595,1172.65,4,0.0,0.0,,-4.101405932085098e-06,-4.101405932085098e-06,,strong,medium,156,dense
gamma_strong__noise_medium__T_156__density_dense__seed_004,Affiliate,7.611741263825829e-06,581.085576893269,0.0044231067309965,581.09,4,0.0,0.2855912890506049,,-7.611741263825829e-06,0.28558367730934103,,strong,medium,156,dense
gamma_strong__noise_medium__T_156__density_dense__seed_005,TV,0.1247262493497996,1116.4991963293955,159.10080367060436,1275.6,5,0.2913298991761607,0.0,0.0,0.1666036498263611,-0.1247262493497996,-0.1247262493497996,strong,medium,156,dense
gamma_strong__noise_medium__T_156__density_dense__seed_005,Video,0.1659123352520204,741.5623200974862,147.5076799025138,889.07,5,0.2907262272230396,0.4501286053970664,1.0,0.12481389197101919,0.284216270145046,0.8340876647479796,strong,medium,156,dense
gamma_strong__noise_medium__T_156__density_dense__seed_005,Display,1.0,0.0,743.02,743.02,5,0.5515349674651526,0.6032062316875015,1.0,-0.4484650325348474,-0.39679376831249846,0.0,strong,medium,156,dense
gamma_strong__noise_medium__T_156__density_dense__seed_005,Social,0.5698496711264527,210.61880702964368,279.0211929703563,489.64,5,0.4689302439014436,0.61576207325444,1.0,-0.10091942722500907,0.045912402127987306,0.4301503288735473,strong,medium,156,dense
gamma_strong__noise_medium__T_156__density_dense__seed_005,Search,4.523186796230568e-07,1288.2694172914146,0.0005827085853979,1288.27,5,0.0,0.3274497194946015,0.2346960286745946,-4.523186796230568e-07,0.3274492671759219,0.23469557635591498,strong,medium,156,dense
gamma_strong__noise_medium__T_156__density_dense__seed_005,Affiliate,-1.685089790811316e-06,633.2110670157065,-0.0010670157064396,633.21,5,0.0,0.0,0.0,1.685089790811316e-06,1.685089790811316e-06,1.685089790811316e-06,strong,medium,156,dense
gamma_strong__noise_medium__T_156__density_medium__seed_001,TV,0.0925301647720212,1090.025541980791,111.14445801920874,1201.17,1,0.2015236448946613,0.2302557127053935,1.0,0.1089934801226401,0.1377255479333723,0.9074698352279789,strong,medium,156,medium
gamma_strong__noise_medium__T_156__density_medium__seed_001,Video,0.1876904639763533,724.2551823186834,167.3448176813166,891.6,1,0.1368449784930507,0.1378770596381062,1.0,-0.050845485483302616,-0.0498134043382471,0.8123095360236467,strong,medium,156,medium
gamma_strong__noise_medium__T_156__density_medium__seed_001,Display,1.0,0.0,289.22,289.22,1,0.6303367504574983,0.6188189400279501,1.0,-0.36966324954250174,-0.3811810599720499,0.0,strong,medium,156,medium
gamma_strong__noise_medium__T_156__density_medium__seed_001,Social,0.5836044018367575,204.99155297576425,287.30844702423576,492.3,1,0.3976548514205421,0.4053587326499399,1.0,-0.18594955041621547,-0.17824566918681767,0.41639559816324245,strong,medium,156,medium
gamma_strong__noise_medium__T_156__density_medium__seed_001,Search,-2.086786461146385e-06,1318.3627511357988,-0.0027511357989169,1318.36,1,0.0,0.0,0.0,2.086786461146385e-06,2.086786461146385e-06,2.086786461146385e-06,strong,medium,156,medium
gamma_strong__noise_medium__T_156__density_medium__seed_001,Affiliate,5.464441666927217e-06,633.2065398608921,0.0034601391079149,633.21,1,0.0,0.6644252845906622,1.0,-5.464441666927217e-06,0.6644198201489953,0.9999945355583331,strong,medium,156,medium
gamma_strong__noise_medium__T_156__density_medium__seed_002,TV,0.0984015117008329,1237.7775166312774,135.09248336872247,1372.87,2,0.2358688733142771,0.2363330968771232,0.0,0.1374673616134442,0.13793158517629028,-0.0984015117008329,strong,medium,156,medium
gamma_strong__noise_medium__T_156__density_medium__seed_002,Video,0.1613815673952368,1003.7591743532932,193.16082564670683,1196.92,2,0.3138413835325149,0.3056238280753546,,0.1524598161372781,0.1442422606801178,,strong,medium,156,medium
gamma_strong__noise_medium__T_156__density_medium__seed_002,Display,1.0,0.0,313.83,313.83,2,0.2239678497894526,0.2116571592858952,,-0.7760321502105474,-0.7883428407141048,,strong,medium,156,medium
gamma_strong__noise_medium__T_156__density_medium__seed_002,Social,0.5886612696868667,239.23460555011832,342.3653944498817,581.6,2,0.651586451005848,0.6458276390097007,,0.06292518131898128,0.05716636932283403,,strong,medium,156,medium
gamma_strong__noise_medium__T_156__density_medium__seed_002,Search,-3.694121166286935e-06,1525.4156350493683,-0.0056350493682657,1525.41,2,0.0,0.0,,3.694121166286935e-06,3.694121166286935e-06,,strong,medium,156,medium
gamma_strong__noise_medium__T_156__density_medium__seed_002,Affiliate,4.480505742456476e-06,736.5766997490803,0.0033002509197785,736.58,2,0.0,0.0,,-4.480505742456476e-06,-4.480505742456476e-06,,strong,medium,156,medium
gamma_strong__noise_medium__T_156__density_medium__seed_003,TV,0.0873284843388707,1541.319655648515,147.48034435148497,1688.8,3,0.0988528606766203,0.0,,0.011524376337749609,-0.0873284843388707,,strong,medium,156,medium
gamma_strong__noise_medium__T_156__density_medium__seed_003,Video,0.1899767010869431,969.597888798929,227.40211120107097,1197.0,3,0.1518319801797038,0.1392289138103607,1.0,-0.03814472090723928,-0.050747787276582385,0.8100232989130569,strong,medium,156,medium
gamma_strong__noise_medium__T_156__density_medium__seed_003,Display,1.0,0.0,398.38,398.38,3,0.3551396101173881,0.3434830843899735,1.0,-0.644860389882612,-0.6565169156100266,0.0,strong,medium,156,medium
gamma_strong__noise_medium__T_156__density_medium__seed_003,Social,0.5907066183985304,256.1153335371196,369.6346664628804,625.75,3,0.5721733924408208,0.5454527912214902,1.0,-0.018533225957709676,-0.045253827177040296,0.40929338160146955,strong,medium,156,medium
gamma_strong__noise_medium__T_156__density_medium__seed_003,Search,-2.0982409286555577e-06,1651.2134646364038,-0.0034646364038053,1651.21,3,0.0,0.0,0.0,2.0982409286555577e-06,2.0982409286555577e-06,2.0982409286555577e-06,strong,medium,156,medium
gamma_strong__noise_medium__T_156__density_medium__seed_003,Affiliate,5.8313820158864245e-06,792.3953792128906,0.0046207871093884,792.4,3,0.0,0.0,,-5.8313820158864245e-06,-5.8313820158864245e-06,,strong,medium,156,medium
gamma_strong__noise_medium__T_156__density_medium__seed_004,TV,0.1058494871652675,1014.306458749464,120.0735412505362,1134.38,4,0.1660222609513574,0.170932082490079,,0.060172773786089886,0.06508259532481149,,strong,medium,156,medium
gamma_strong__noise_medium__T_156__density_medium__seed_004,Video,0.1812283141778992,694.9160929077916,153.8139070922084,848.73,4,0.234324395962378,0.2372822573014077,,0.053096081784478805,0.056053943123508504,,strong,medium,156,medium
gamma_strong__noise_medium__T_156__density_medium__seed_004,Display,1.0,0.0,240.4,240.4,4,0.4752437179252138,0.4947808205035946,1.0,-0.5247562820747862,-0.5052191794964054,0.0,strong,medium,156,medium
gamma_strong__noise_medium__T_156__density_medium__seed_004,Social,0.5711056003196656,197.25282335698265,262.6571766430174,459.91,4,0.4914664621238844,0.4959719003168894,0.0,-0.07963913819578122,-0.0751337000027762,-0.5711056003196656,strong,medium,156,medium
gamma_strong__noise_medium__T_156__density_medium__seed_004,Search,-3.598101479975288e-06,1255.1145160131484,-0.0045160131485317,1255.11,4,0.0,0.0,,3.598101479975288e-06,3.598101479975288e-06,,strong,medium,156,medium
gamma_strong__noise_medium__T_156__density_medium__seed_004,Affiliate,8.190900227937543e-06,611.3349925750547,0.0050074249453473,611.34,4,0.0,0.0,,-8.190900227937543e-06,-8.190900227937543e-06,,strong,medium,156,medium
gamma_strong__noise_medium__T_156__density_medium__seed_005,TV,0.0849341124172529,1188.2222056850728,110.28779431492715,1298.51,5,0.2274066855980375,0.2287887990381292,0.3103824667256372,0.1424725731807846,0.1438546866208763,0.22544835430838428,strong,medium,156,medium
gamma_strong__noise_medium__T_156__density_medium__seed_005,Video,0.1658210491302713,789.200021838833,156.87997816116706,946.08,5,0.334092821838844,0.336229096825979,1.0,0.1682717727085727,0.17040804769570772,0.8341789508697287,strong,medium,156,medium
gamma_strong__noise_medium__T_156__density_medium__seed_005,Display,1.0,0.0,301.8,301.8,5,0.3373920673191568,0.3347775886097571,1.0,-0.6626079326808432,-0.665222411390243,0.0,strong,medium,156,medium
gamma_strong__noise_medium__T_156__density_medium__seed_005,Social,0.587538969293636,227.76098115605416,324.43901884394586,552.2,5,0.5465218005040277,0.558937126906535,1.0,-0.04101716878960837,-0.028601842387101062,0.412461030706364,strong,medium,156,medium
gamma_strong__noise_medium__T_156__density_medium__seed_005,Search,-2.8758740407959024e-06,1384.9239828554769,-0.003982855476579,1384.92,5,0.0,0.0,0.0,2.8758740407959024e-06,2.8758740407959024e-06,2.8758740407959024e-06,strong,medium,156,medium
gamma_strong__noise_medium__T_156__density_medium__seed_005,Affiliate,2.914284533021881e-06,673.888036092796,0.0019639072039581,673.89,5,0.0,0.0,0.0,-2.914284533021881e-06,-2.914284533021881e-06,-2.914284533021881e-06,strong,medium,156,medium
gamma_strong__noise_medium__T_156__density_sparse__seed_001,TV,0.0914783353050556,1154.9399958101542,116.29000418984585,1271.23,1,0.1687456385541871,0.1866402663192055,0.103846824139541,0.07726730324913149,0.0951619310141499,0.012368488834485394,strong,medium,156,sparse
gamma_strong__noise_medium__T_156__density_sparse__seed_001,Video,4.301622467493142e-06,767.3866989779347,0.0033010220653295,767.39,1,0.0,0.0,,-4.301622467493142e-06,-4.301622467493142e-06,,strong,medium,156,sparse
gamma_strong__noise_medium__T_156__density_sparse__seed_001,Display,,0.0,0.0,0.0,1,0.0,0.0,,,,,strong,medium,156,sparse
gamma_strong__noise_medium__T_156__density_sparse__seed_001,Social,0.5851219229040334,222.04274686176132,313.1572531382388,535.2,1,0.3684360876173077,0.3730604943709138,1.0,-0.21668583528672575,-0.2120614285331196,0.4148780770959666,strong,medium,156,sparse
gamma_strong__noise_medium__T_156__density_sparse__seed_001,Search,1.1091268278179756e-06,1395.8984517698611,0.0015482301389511,1395.9,1,0.0,0.0,0.0,-1.1091268278179756e-06,-1.1091268278179756e-06,-1.1091268278179756e-06,strong,medium,156,sparse
gamma_strong__noise_medium__T_156__density_sparse__seed_001,Affiliate,6.0050857447692426e-06,670.9159710678721,0.0040289321278805,670.92,1,0.0,0.6315252614034268,,-6.0050857447692426e-06,0.631519256317682,,strong,medium,156,sparse
gamma_strong__noise_medium__T_156__density_sparse__seed_002,TV,0.0967327789528291,1268.8826941104342,135.88730588956582,1404.77,2,0.2077014501202317,0.2130763136844864,0.0,0.1109686711674026,0.1163435347316573,-0.0967327789528291,strong,medium,156,sparse
gamma_strong__noise_medium__T_156__density_sparse__seed_002,Video,6.347776738354944e-06,1028.983468201214,0.0065317987859998,1028.99,2,0.0,0.0,,-6.347776738354944e-06,-6.347776738354944e-06,,strong,medium,156,sparse
gamma_strong__noise_medium__T_156__density_sparse__seed_002,Display,,0.0,0.0,0.0,2,0.0,0.0703093566154238,,,,,strong,medium,156,sparse
gamma_strong__noise_medium__T_156__density_sparse__seed_002,Social,0.5790094272703433,246.9067610002164,339.58323899978365,586.49,2,0.534339757887116,0.5638636420565479,,-0.04466966938322736,-0.015145785213795393,,strong,medium,156,sparse
gamma_strong__noise_medium__T_156__density_sparse__seed_002,Search,-2.37115886167241e-06,1567.5037167915157,-0.0037167915156715,1567.5,2,0.0,0.0,,2.37115886167241e-06,2.37115886167241e-06,,strong,medium,156,sparse
gamma_strong__noise_medium__T_156__density_sparse__seed_002,Affiliate,3.992209618733791e-06,755.086985522439,0.0030144775610096,755.09,2,0.0,0.0,,-3.992209618733791e-06,-3.992209618733791e-06,,strong,medium,156,sparse
gamma_strong__noise_medium__T_156__density_sparse__seed_003,TV,0.085618654520911,1610.4815761654097,150.79842383459027,1761.28,3,0.0824377661068381,0.0,,-0.003180888414072894,-0.085618654520911,,strong,medium,156,sparse
gamma_strong__noise_medium__T_156__density_sparse__seed_003,Video,4.086853713643966e-06,1013.1058595676342,0.0041404323658298,1013.11,3,0.0,0.0,,-4.086853713643966e-06,-4.086853713643966e-06,,strong,medium,156,sparse
gamma_strong__noise_medium__T_156__density_sparse__seed_003,Display,,0.0,0.0,0.0,3,0.0,0.0,,,,,strong,medium,156,sparse
gamma_strong__noise_medium__T_156__density_sparse__seed_003,Social,0.5889421054869795,269.8225125372918,386.58748746270817,656.41,3,0.4889556956713035,0.4462307701953754,1.0,-0.09998640981567597,-0.14271133529160407,0.41105789451302055,strong,medium,156,sparse
gamma_strong__noise_medium__T_156__density_sparse__seed_003,Search,-2.386765606348873e-06,1727.444122994379,-0.0041229943790312,1727.44,3,0.0,0.0,0.0,2.386765606348873e-06,2.386765606348873e-06,2.386765606348873e-06,strong,medium,156,sparse
gamma_strong__noise_medium__T_156__density_sparse__seed_003,Affiliate,-1.866278864524176e-06,827.9515451855859,-0.0015451855858827,827.95,3,0.0,0.0,,1.866278864524176e-06,1.866278864524176e-06,,strong,medium,156,sparse
gamma_strong__noise_medium__T_156__density_sparse__seed_004,TV,0.1065408492005594,1068.6128827221628,127.42711727783716,1196.04,4,0.1437610351156979,0.1482529023078524,0.0,0.03722018591513851,0.04171205310729301,-0.1065408492005594,strong,medium,156,sparse
gamma_strong__noise_medium__T_156__density_sparse__seed_004,Video,-1.653006168510787e-05,732.1221018234603,-0.0121018234602843,732.11,4,0.0,0.0,,1.653006168510787e-05,1.653006168510787e-05,,strong,medium,156,sparse
gamma_strong__noise_medium__T_156__density_sparse__seed_004,Display,,0.0,0.0,0.0,4,0.0,0.1263527962428824,,,,,strong,medium,156,sparse
gamma_strong__noise_medium__T_156__density_sparse__seed_004,Social,0.5778254999849397,210.78750611251945,288.50249388748057,499.29,4,0.4244920948532401,0.4330940465968331,,-0.15333340513169963,-0.1447314533881066,,strong,medium,156,sparse
gamma_strong__noise_medium__T_156__density_sparse__seed_004,Search,1.8011040819752986e-06,1334.0775971830662,0.0024028169336816,1334.08,4,0.0,0.0,,-1.8011040819752986e-06,-1.8011040819752986e-06,,strong,medium,156,sparse
gamma_strong__noise_medium__T_156__density_sparse__seed_004,Affiliate,5.817265694847826e-06,644.066253273684,0.0037467263160806,644.07,4,0.0,0.0,,-5.817265694847826e-06,-5.817265694847826e-06,,strong,medium,156,sparse
gamma_strong__noise_medium__T_156__density_sparse__seed_005,TV,0.0868887683051057,1269.8363965811386,120.83360341886146,1390.67,5,0.1901763004611757,0.187752386169219,0.2229235255625262,0.10328753215607,0.1008636178641133,0.1360347572574205,strong,medium,156,sparse
gamma_strong__noise_medium__T_156__density_sparse__seed_005,Video,-7.622232448567697e-06,843.4064285908471,-0.0064285908471219,843.4,5,0.0,0.0,,7.622232448567697e-06,7.622232448567697e-06,,strong,medium,156,sparse
gamma_strong__noise_medium__T_156__density_sparse__seed_005,Display,,0.0,0.0,0.0,5,0.0,0.0,,,,,strong,medium,156,sparse
gamma_strong__noise_medium__T_156__density_sparse__seed_005,Social,0.599515719316097,247.70753728860765,370.8124627113923,618.52,5,0.496806929706158,0.545823597025187,1.0,-0.10270878960993907,-0.05369212229091003,0.40048428068390296,strong,medium,156,sparse
gamma_strong__noise_medium__T_156__density_sparse__seed_005,Search,-2.762697804434521e-06,1489.6141153422764,-0.0041153422764637,1489.61,5,0.0,0.0,0.0,2.762697804434521e-06,2.762697804434521e-06,2.762697804434521e-06,strong,medium,156,sparse
gamma_strong__noise_medium__T_156__density_sparse__seed_005,Affiliate,-6.071177586654763e-06,720.1743722799625,-0.0043722799625811,720.17,5,0.0,0.0,0.0,6.071177586654763e-06,6.071177586654763e-06,6.071177586654763e-06,strong,medium,156,sparse
gamma_strong__noise_medium__T_300__density_dense__seed_001,TV,0.1346808368523877,2266.331460625017,352.73853937498325,2619.07,1,0.2639056007557757,0.2651839397674638,1.0,0.129224763903388,0.1305031029150761,0.8653191631476123,strong,medium,300,dense
gamma_strong__noise_medium__T_300__density_dense__seed_001,Video,0.1729225774270136,1634.7267964897333,341.7832035102668,1976.51,1,0.3696894813453542,0.382254723978296,1.0,0.19676690391834056,0.2093321465512824,0.8270774225729864,strong,medium,300,dense
gamma_strong__noise_medium__T_300__density_dense__seed_001,Display,1.0,0.0,1578.55,1578.55,1,0.7246886012982721,0.72910492291267,1.0,-0.27531139870172794,-0.27089507708732996,0.0,strong,medium,300,dense
gamma_strong__noise_medium__T_300__density_dense__seed_001,Social,0.5676269329227079,445.5993591991865,584.9906408008135,1030.59,1,0.3805539218181096,0.3762213850076744,1.0,-0.18707301110459834,-0.19140554791503356,0.43237306707729206,strong,medium,300,dense
gamma_strong__noise_medium__T_300__density_dense__seed_001,Search,1.0760204746194342e-06,2847.366936171581,0.0030638284188171,2847.37,1,0.0,0.0,0.0,-1.0760204746194342e-06,-1.0760204746194342e-06,-1.0760204746194342e-06,strong,medium,300,dense
gamma_strong__noise_medium__T_300__density_dense__seed_001,Affiliate,-5.701585717200911e-07,1384.3307892876155,-0.0007892876155892,1384.33,1,0.0,0.0623894543989899,1.0,5.701585717200911e-07,0.062390024557561624,1.0000005701585717,strong,medium,300,dense
gamma_strong__noise_medium__T_300__density_dense__seed_002,TV,0.1237478639450516,2235.1176610848806,315.65233891511934,2550.77,2,0.3108860838121682,0.3055841818420555,,0.1871382198671166,0.18183631789700389,,strong,medium,300,dense
gamma_strong__noise_medium__T_300__density_dense__seed_002,Video,0.1760904700115458,1564.365263684378,334.3447363156222,1898.71,2,0.4146857743894321,0.4777656660560104,,0.2385953043778863,0.3016751960444646,,strong,medium,300,dense
gamma_strong__noise_medium__T_300__density_dense__seed_002,Display,1.0,0.0,1539.11,1539.11,2,0.6803432869116987,0.6792812440979112,,-0.31965671308830135,-0.32071875590208876,,strong,medium,300,dense
gamma_strong__noise_medium__T_300__density_dense__seed_002,Social,0.5736105851993136,430.6319894779532,579.3180105220468,1009.95,2,0.5588343347168283,0.5589396795364586,,-0.01477625048248532,-0.014670905662855005,,strong,medium,300,dense
gamma_strong__noise_medium__T_300__density_dense__seed_002,Search,-6.391509032410874e-07,2717.9117371546317,-0.0017371546314279,2717.91,2,0.0,0.0,,6.391509032410874e-07,6.391509032410874e-07,,strong,medium,300,dense
gamma_strong__noise_medium__T_300__density_dense__seed_002,Affiliate,-4.2375496680383446e-07,1337.7205668654942,-0.0005668654941928,1337.72,2,0.0,0.0,,4.2375496680383446e-07,4.2375496680383446e-07,,strong,medium,300,dense
gamma_strong__noise_medium__T_300__density_dense__seed_003,TV,0.123948921434854,2706.5510467162326,382.9389532837672,3089.49,3,0.2139051196601821,0.075088450753521,0.0689529422654277,0.0899561982253281,-0.04886047068133301,-0.05499597916942631,strong,medium,300,dense
gamma_strong__noise_medium__T_300__density_dense__seed_003,Video,0.1517530868889729,1875.7538463698077,335.5761536301925,2211.33,3,0.3765938819782655,0.3921323327734987,1.0,0.22484079508929258,0.24037924588452578,0.8482469131110271,strong,medium,300,dense
gamma_strong__noise_medium__T_300__density_dense__seed_003,Display,1.0,0.0,1723.32,1723.32,3,0.6476981299211172,0.6454464334958113,1.0,-0.3523018700788828,-0.3545535665041887,0.0,strong,medium,300,dense
gamma_strong__noise_medium__T_300__density_dense__seed_003,Social,0.5513251631129213,476.88302388216925,585.9869761178306,1062.87,3,0.6471572953005943,0.6902634994477024,1.0,0.09583213218767295,0.13893833633478103,0.44867483688707865,strong,medium,300,dense
gamma_strong__noise_medium__T_300__density_dense__seed_003,Search,-1.3754625144834614e-06,3045.5441890261063,-0.0041890261063599,3045.54,3,0.0,0.0,0.0,1.3754625144834614e-06,1.3754625144834614e-06,1.3754625144834614e-06,strong,medium,300,dense
gamma_strong__noise_medium__T_300__density_dense__seed_003,Affiliate,2.007132302915705e-06,1508.306972622276,0.0030273777238107,1508.31,3,0.0,0.0,,-2.007132302915705e-06,-2.007132302915705e-06,,strong,medium,300,dense
gamma_strong__noise_medium__T_300__density_dense__seed_004,TV,0.1220911046891068,2260.6505217813624,314.3894782186376,2575.04,4,0.2652885663476825,0.2211277092589781,0.0,0.1431974616585757,0.09903660456987129,-0.1220911046891068,strong,medium,300,dense
gamma_strong__noise_medium__T_300__density_dense__seed_004,Video,0.1506942816039496,1614.249899783821,286.420100216179,1900.67,4,0.3894468059194905,0.3928829692145067,,0.2387525243155409,0.24218868761055712,,strong,medium,300,dense
gamma_strong__noise_medium__T_300__density_dense__seed_004,Display,1.0,0.0,1415.45,1415.45,4,0.697298326297065,0.6823703701456558,,-0.302701673702935,-0.3176296298543442,,strong,medium,300,dense
gamma_strong__noise_medium__T_300__density_dense__seed_004,Social,0.5528404550295376,418.8230446056842,517.8069553943158,936.63,4,0.5752490370399196,0.569970032247653,,0.022408582010381983,0.017129577218115366,,strong,medium,300,dense
gamma_strong__noise_medium__T_300__density_dense__seed_004,Search,3.37600690379718e-07,2651.8791047234813,0.0008952765188041,2651.88,4,0.0,0.0,,-3.37600690379718e-07,-3.37600690379718e-07,,strong,medium,300,dense
gamma_strong__noise_medium__T_300__density_dense__seed_004,Affiliate,-1.953818332986312e-06,1312.5225644256384,-0.0025644256384111,1312.52,4,0.0,0.0,0.0,1.953818332986312e-06,1.953818332986312e-06,1.953818332986312e-06,strong,medium,300,dense
gamma_strong__noise_medium__T_300__density_dense__seed_005,TV,0.1460040684898213,2350.376142661629,401.8338573383712,2752.21,5,0.2654372030708452,0.3415114318218217,0.1923429856622694,0.11943313458102386,0.1955073633320004,0.04633891717244809,strong,medium,300,dense
gamma_strong__noise_medium__T_300__density_dense__seed_005,Video,0.1545481788853749,1749.0284549308806,319.72154506911943,2068.75,5,0.2129599246939693,0.2138878102052061,0.0,0.0584117458085944,0.05933963131983122,-0.1545481788853749,strong,medium,300,dense
gamma_strong__noise_medium__T_300__density_dense__seed_005,Display,1.0,0.0,1613.5,1613.5,5,0.730537622491269,0.7330139234687687,,-0.26946237750873103,-0.2669860765312313,,strong,medium,300,dense
gamma_strong__noise_medium__T_300__density_dense__seed_005,Social,0.567362092991373,465.9250675738708,611.0149324261292,1076.94,5,0.5381575558566185,0.5447341688338684,,-0.02920453713475446,-0.022627924157504586,,strong,medium,300,dense
gamma_strong__noise_medium__T_300__density_dense__seed_005,Search,1.2893271547132012e-06,2888.506275765621,0.0037242343796606,2888.51,5,0.0,0.0,,-1.2893271547132012e-06,-1.2893271547132012e-06,,strong,medium,300,dense
gamma_strong__noise_medium__T_300__density_dense__seed_005,Affiliate,1.126027770789017e-06,1438.418380299134,0.0016197008660583,1438.42,5,0.0,0.2261234811862486,,-1.126027770789017e-06,0.2261223551584778,,strong,medium,300,dense
gamma_strong__noise_medium__T_300__density_medium__seed_001,TV,0.0979958056798636,2365.4157991851257,256.9842008148744,2622.4,1,0.203100804660559,0.2044141132845319,1.0,0.10510499898069539,0.1064183076046683,0.9020041943201365,strong,medium,300,medium
gamma_strong__noise_medium__T_300__density_medium__seed_001,Video,0.1752081731561146,1706.1973646823349,362.442635317665,2068.64,1,0.5288765049481684,0.527014880642599,0.8901896155863337,0.3536683317920538,0.35180670748648446,0.7149814424302191,strong,medium,300,medium
gamma_strong__noise_medium__T_300__density_medium__seed_001,Display,1.0,0.0,566.29,566.29,1,0.4899803358621586,0.4786986346571928,1.0,-0.5100196641378414,-0.5213013653428071,0.0,strong,medium,300,medium
gamma_strong__noise_medium__T_300__density_medium__seed_001,Social,0.5854306819431169,473.2723334937378,668.3276665062622,1141.6,1,0.5482616825289034,0.5409594599361446,1.0,-0.03716899941421348,-0.04447122200697229,0.41456931805688313,strong,medium,300,medium
gamma_strong__noise_medium__T_300__density_medium__seed_001,Search,2.403942422766842e-07,3007.629276983065,0.0007230169348986,3007.63,1,0.0,0.0,0.0,-2.403942422766842e-07,-2.403942422766842e-07,-2.403942422766842e-07,strong,medium,300,medium
gamma_strong__noise_medium__T_300__density_medium__seed_001,Affiliate,-3.1540374522617227e-06,1444.8545571110128,-0.0045571110129003,1444.85,1,0.0,0.0,,3.1540374522617227e-06,3.1540374522617227e-06,,strong,medium,300,medium
gamma_strong__noise_medium__T_300__density_medium__seed_002,TV,0.0885019621618452,2340.79076603103,227.27923396896995,2568.07,2,0.2767936562433792,0.271069671738711,1.0,0.188291694081534,0.1825677095768658,0.9114980378381548,strong,medium,300,medium
gamma_strong__noise_medium__T_300__density_medium__seed_002,Video,0.1765221275737158,1638.3256967495408,351.19430325045914,1989.52,2,0.5293528625510083,0.5851962448493043,1.0,0.35283073497729256,0.40867411727558856,0.8234778724262842,strong,medium,300,medium
gamma_strong__noise_medium__T_300__density_medium__seed_002,Display,1.0,0.0,563.87,563.87,2,0.4561921325388067,0.4471931534987369,1.0,-0.5438078674611933,-0.5528068465012631,0.0,strong,medium,300,medium
gamma_strong__noise_medium__T_300__density_medium__seed_002,Social,0.5889511419396175,458.2783718515204,656.6216281484797,1114.9,2,0.6256357692643668,0.6298105149865455,1.0,0.03668462732474931,0.040859373046927994,0.4110488580603825,strong,medium,300,medium
gamma_strong__noise_medium__T_300__density_medium__seed_002,Search,-1.215082341050234e-06,2882.663502669261,-0.0035026692612518,2882.66,2,0.0,0.0,0.0,1.215082341050234e-06,1.215082341050234e-06,1.215082341050234e-06,strong,medium,300,medium
gamma_strong__noise_medium__T_300__density_medium__seed_002,Affiliate,3.721638863746375e-06,1400.964786095601,0.0052139043989427,1400.97,2,0.0,0.0,,-3.721638863746375e-06,-3.721638863746375e-06,,strong,medium,300,medium
gamma_strong__noise_medium__T_300__density_medium__seed_003,TV,0.0888713033439029,2865.763978305456,279.5260216945444,3145.29,3,0.1755615046226763,0.0,0.0,0.0866902012787734,-0.0888713033439029,-0.0888713033439029,strong,medium,300,medium
gamma_strong__noise_medium__T_300__density_medium__seed_003,Video,0.1526320225939951,1986.0949601632904,357.7450398367096,2343.84,3,0.3709942541031242,0.366644770412121,1.0,0.2183622315091291,0.2140127478181259,0.8473679774060049,strong,medium,300,medium
gamma_strong__noise_medium__T_300__density_medium__seed_003,Display,1.0,0.0,611.06,611.06,3,0.36756577872675,0.3618462230371074,1.0,-0.63243422127325,-0.6381537769628927,0.0,strong,medium,300,medium
gamma_strong__noise_medium__T_300__density_medium__seed_003,Social,0.559228461549493,513.3313491102294,651.2886508897705,1164.62,3,0.6477712966498522,0.6633560163881919,1.0,0.08854283510035921,0.10412755483869884,0.440771538450507,strong,medium,300,medium
gamma_strong__noise_medium__T_300__density_medium__seed_003,Search,2.281030701425837e-06,3266.222549629092,0.0074503709079181,3266.23,3,0.0,0.0,0.0,-2.281030701425837e-06,-2.281030701425837e-06,-2.281030701425837e-06,strong,medium,300,medium
gamma_strong__noise_medium__T_300__density_medium__seed_003,Affiliate,4.39986786753813e-06,1597.0329732350208,0.007026764979173,1597.04,3,0.0,0.0,,-4.39986786753813e-06,-4.39986786753813e-06,,strong,medium,300,medium
gamma_strong__noise_medium__T_300__density_medium__seed_004,TV,0.0867095435408333,2381.651453640521,226.11854635947884,2607.77,4,0.227564083169228,0.2280010943687366,0.3431931016281966,0.1408545396283947,0.14129155082790332,0.25648355808736334,strong,medium,300,medium
gamma_strong__noise_medium__T_300__density_medium__seed_004,Video,0.1523019450541258,1700.6518378324129,305.5481621675872,2006.2,4,0.3843086091129212,0.3746064661236856,1.0,0.2320066640587954,0.22230452106955978,0.8476980549458741,strong,medium,300,medium
gamma_strong__noise_medium__T_300__density_medium__seed_004,Display,1.0,0.0,507.85,507.85,4,0.4023316600167607,0.4162571790551283,1.0,-0.5976683399832393,-0.5837428209448716,0.0,strong,medium,300,medium
gamma_strong__noise_medium__T_300__density_medium__seed_004,Social,0.5640049629384623,446.4719978021264,577.5580021978735,1024.03,4,0.6021483978619424,0.5850868707704648,1.0,0.03814343492348016,0.02108190783200259,0.43599503706153775,strong,medium,300,medium
gamma_strong__noise_medium__T_300__density_medium__seed_004,Search,1.2616571963187178e-08,2834.4299642392098,3.576079006961663e-05,2834.43,4,0.0,0.0,0.0,-1.2616571963187178e-08,-1.2616571963187178e-08,-1.2616571963187178e-08,strong,medium,300,medium
gamma_strong__noise_medium__T_300__density_medium__seed_004,Affiliate,2.9349694156241108e-06,1382.7759415829914,0.0040584170085367,1382.78,4,0.0,0.0,,-2.9349694156241108e-06,-2.9349694156241108e-06,,strong,medium,300,medium
gamma_strong__noise_medium__T_300__density_medium__seed_005,TV,0.1022208326856573,2482.3145086657914,282.6354913342084,2764.95,5,0.1907594985833315,0.2971544484204403,0.3227191564080122,0.08853866589767419,0.19493361573478302,0.2204983237223549,strong,medium,300,medium
gamma_strong__noise_medium__T_300__density_medium__seed_005,Video,0.1576331639566556,1847.2093874227287,345.67061257727096,2192.88,5,0.2286300471700572,0.0,0.0,0.07099688321340158,-0.1576331639566556,-0.1576331639566556,strong,medium,300,medium
gamma_strong__noise_medium__T_300__density_medium__seed_005,Display,1.0,0.0,619.75,619.75,5,0.5120330164363611,0.7448549835630907,1.0,-0.4879669835636389,-0.25514501643690934,0.0,strong,medium,300,medium
gamma_strong__noise_medium__T_300__density_medium__seed_005,Social,0.5755702240816638,503.1742322444651,682.3557677555349,1185.53,5,0.6457542584090216,0.6488098526297891,1.0,0.07018403432735776,0.07323962854812527,0.4244297759183362,strong,medium,300,medium
gamma_strong__noise_medium__T_300__density_medium__seed_005,Search,-9.662071146453516e-07,3092.882988362661,-0.0029883626607443,3092.88,5,0.0,0.0,0.0,9.662071146453516e-07,9.662071146453516e-07,9.662071146453516e-07,strong,medium,300,medium
gamma_strong__noise_medium__T_300__density_medium__seed_005,Affiliate,-2.2152284246259203e-06,1519.1633652864136,-0.0033652864135547,1519.16,5,0.0,0.2301481434204378,1.0,2.2152284246259203e-06,0.2301503586488624,1.0000022152284247,strong,medium,300,medium
gamma_strong__noise_medium__T_300__density_sparse__seed_001,TV,0.0974749638516778,2502.079182964355,270.23081703564503,2772.31,1,0.1741641450388465,0.1750902449214152,0.2280397320118382,0.0766891811871687,0.0776152810697374,0.13056476816016038,strong,medium,300,sparse
gamma_strong__noise_medium__T_300__density_sparse__seed_001,Video,2.9985867219009957e-06,1804.774588210656,0.0054117893439524,1804.78,1,0.0,0.0557486482606149,0.0810874972175343,-2.9985867219009957e-06,0.055745649673893,0.08108449863081241,strong,medium,300,sparse
gamma_strong__noise_medium__T_300__density_sparse__seed_001,Display,,0.0,0.0,0.0,1,0.0,0.0,,,,,strong,medium,300,sparse
gamma_strong__noise_medium__T_300__density_sparse__seed_001,Social,0.5902697092894167,505.5621084048817,728.3278915951184,1233.89,1,0.39921222489008,0.3926880939299033,1.0,-0.19105748439933667,-0.1975816153595134,0.4097302907105833,strong,medium,300,sparse
gamma_strong__noise_medium__T_300__density_sparse__seed_001,Search,1.1468663337789382e-07,3209.4496319189843,0.0003680810154946,3209.45,1,0.0,0.0,0.0,-1.1468663337789382e-07,-1.1468663337789382e-07,-1.1468663337789382e-07,strong,medium,300,sparse
gamma_strong__noise_medium__T_300__density_sparse__seed_001,Affiliate,-1.5249113380457117e-06,1528.3323305677452,-0.0023305677452754,1528.33,1,0.0,0.0,0.0,1.5249113380457117e-06,1.5249113380457117e-06,1.5249113380457117e-06,strong,medium,300,sparse
gamma_strong__noise_medium__T_300__density_sparse__seed_002,TV,0.088160789373991,2477.9868836209234,239.58311637907676,2717.57,2,0.2338276007015375,0.2364069741870512,,0.1456668113275465,0.1482461848130602,,strong,medium,300,sparse
gamma_strong__noise_medium__T_300__density_sparse__seed_002,Video,6.310878252361216e-08,1734.349890547283,0.0001094527169698,1734.35,2,0.0,0.2072451551140204,,-6.310878252361216e-08,0.20724509200523786,,strong,medium,300,sparse
gamma_strong__noise_medium__T_300__density_sparse__seed_002,Display,,0.0,0.0,0.0,2,0.0,0.0,,,,,strong,medium,300,sparse
gamma_strong__noise_medium__T_300__density_sparse__seed_002,Social,0.5990231763497856,490.8237005255179,733.246299474482,1224.07,2,0.535479825678776,0.530886813118016,,-0.06354335067100969,-0.06813636323176964,,strong,medium,300,sparse
gamma_strong__noise_medium__T_300__density_sparse__seed_002,Search,-2.2602954266558723e-06,3080.1369620037526,-0.0069620037525055,3080.13,2,0.0,0.0,,2.2602954266558723e-06,2.2602954266558723e-06,,strong,medium,300,sparse
gamma_strong__noise_medium__T_300__density_sparse__seed_002,Affiliate,1.88983484068369e-06,1483.0771972237444,0.0028027762555211,1483.08,2,0.0,0.0,,-1.88983484068369e-06,-1.88983484068369e-06,,strong,medium,300,sparse
gamma_strong__noise_medium__T_300__density_sparse__seed_003,TV,0.0884647475730842,3048.292383698422,295.83761630157824,3344.13,3,0.1440822028007433,0.0,0.0,0.055617455227659096,-0.0884647475730842,-0.0884647475730842,strong,medium,300,sparse
gamma_strong__noise_medium__T_300__density_sparse__seed_003,Video,-6.81521100621197e-06,2112.5943976784674,-0.0143976784675032,2112.58,3,0.0,0.0,0.0,6.81521100621197e-06,6.81521100621197e-06,6.81521100621197e-06,strong,medium,300,sparse
gamma_strong__noise_medium__T_300__density_sparse__seed_003,Display,,0.0,0.0,0.0,3,0.0,0.0,,,,,strong,medium,300,sparse
gamma_strong__noise_medium__T_300__density_sparse__seed_003,Social,0.5705084767382095,557.4413429567106,740.4686570432895,1297.91,3,0.5540764067968192,0.5911740679290005,1.0,-0.016432069941390237,0.020665591190791033,0.4294915232617905,strong,medium,300,sparse
gamma_strong__noise_medium__T_300__density_sparse__seed_003,Search,9.27094765929132e-08,3509.379674647217,0.0003253527829656,3509.38,3,0.0,0.1001990595493015,0.0,-9.27094765929132e-08,0.1001989668398249,-9.27094765929132e-08,strong,medium,300,sparse
gamma_strong__noise_medium__T_300__density_sparse__seed_003,Affiliate,-1.673552455930769e-06,1698.7528429472345,-0.0028429472345123,1698.75,3,0.0,0.0,,1.673552455930769e-06,1.673552455930769e-06,,strong,medium,300,sparse
gamma_strong__noise_medium__T_300__density_sparse__seed_004,TV,0.0891225852994381,2535.0629328531336,248.03706714686632,2783.1,4,0.1848072514867569,0.1857016686372318,0.0,0.09568466618731879,0.0965790833377937,-0.0891225852994381,strong,medium,300,sparse
gamma_strong__noise_medium__T_300__density_sparse__seed_004,Video,1.4000904354664173e-06,1810.1974655562935,0.0025344437062813,1810.2,4,0.0,0.0,,-1.4000904354664173e-06,-1.4000904354664173e-06,,strong,medium,300,sparse
gamma_strong__noise_medium__T_300__density_sparse__seed_004,Display,,0.0,0.0,0.0,4,0.0,0.0,,,,,strong,medium,300,sparse
gamma_strong__noise_medium__T_300__density_sparse__seed_004,Social,0.5693222673458369,486.1748652839785,642.6851347160214,1128.86,4,0.5011399960545371,0.5016797749870476,,-0.06818227129129983,-0.06764249235878927,,strong,medium,300,sparse
gamma_strong__noise_medium__T_300__density_sparse__seed_004,Search,-6.590390497277523e-07,3050.6220104777058,-0.0020104777058804,3050.62,4,0.0,0.0,,6.590390497277523e-07,6.590390497277523e-07,,strong,medium,300,sparse
gamma_strong__noise_medium__T_300__density_sparse__seed_004,Affiliate,2.7821183795240536e-06,1471.845905139063,0.0040948609369024,1471.85,4,0.0,0.0,,-2.7821183795240536e-06,-2.7821183795240536e-06,,strong,medium,300,sparse
gamma_strong__noise_medium__T_300__density_sparse__seed_005,TV,0.1023171993940737,2644.8159049412225,301.4540950587775,2946.27,5,0.1484525401917666,0.2627189606048342,0.308227393910592,0.046135340797692895,0.1604017612107605,0.20591019451651832,strong,medium,300,sparse
gamma_strong__noise_medium__T_300__density_sparse__seed_005,Video,-2.7365877919293333e-06,1968.135385960531,-0.0053859605309298,1968.13,5,0.0,0.0,0.0,2.7365877919293333e-06,2.7365877919293333e-06,2.7365877919293333e-06,strong,medium,300,sparse
gamma_strong__noise_medium__T_300__density_sparse__seed_005,Display,,0.0,0.0,0.0,5,0.0,0.6735487167469463,1.0,,,,strong,medium,300,sparse
gamma_strong__noise_medium__T_300__density_sparse__seed_005,Social,0.5845463462217917,542.0631547671173,762.6868452328827,1304.75,5,0.4579654123342782,0.4662879359198057,1.0,-0.1265809338875135,-0.11825841030198597,0.4154536537782083,strong,medium,300,sparse
gamma_strong__noise_medium__T_300__density_sparse__seed_005,Search,1.045024730546777e-06,3327.9665221890477,0.0034778109525177,3327.97,5,0.0,0.0,0.0,-1.045024730546777e-06,-1.045024730546777e-06,-1.045024730546777e-06,strong,medium,300,sparse
gamma_strong__noise_medium__T_300__density_sparse__seed_005,Affiliate,-2.6040660072220194e-06,1618.6142149672798,-0.0042149672799496,1618.61,5,0.0,0.2092542120692699,1.0,2.6040660072220194e-06,0.2092568161352771,1.0000026040660073,strong,medium,300,sparse
gamma_strong__noise_medium__T_80__density_dense__seed_001,TV,0.1529904933262781,320.36440570920183,57.865594290798185,378.23,1,0.3503462503812629,0.2077070258419218,0.3106044946870649,0.1973557570549848,0.05471653251564371,0.15761400136078682,strong,medium,80,dense
gamma_strong__noise_medium__T_80__density_dense__seed_001,Video,0.1685121055554265,233.8060810388696,47.38391896113038,281.19,1,0.4890371755248653,0.4923755699660969,1.0,0.3205250699694388,0.3238634644106704,0.8314878944445735,strong,medium,80,dense
gamma_strong__noise_medium__T_80__density_dense__seed_001,Display,1.0,0.0,281.44,281.44,1,0.5683499651408686,0.5391792105244033,1.0,-0.43165003485913145,-0.4608207894755967,0.0,strong,medium,80,dense
gamma_strong__noise_medium__T_80__density_dense__seed_001,Social,0.5424775467156394,64.03484256167911,75.9251574383209,139.96,1,0.5146820159001154,0.4880586862365885,1.0,-0.027795530815523994,-0.05441886047905092,0.4575224532843606,strong,medium,80,dense
gamma_strong__noise_medium__T_80__density_dense__seed_001,Search,-9.417633682460718e-06,426.77401916352665,-0.0040191635266637,426.77,1,0.0,0.0,0.0,9.417633682460718e-06,9.417633682460718e-06,9.417633682460718e-06,strong,medium,80,dense
gamma_strong__noise_medium__T_80__density_dense__seed_001,Affiliate,-3.5448344259612708e-06,212.3207526392453,-0.00075263924532,212.32,1,0.0,0.0,,3.5448344259612708e-06,3.5448344259612708e-06,,strong,medium,80,dense
gamma_strong__noise_medium__T_80__density_dense__seed_002,TV,0.1622776822548544,375.425256697487,72.72474330251299,448.15,2,0.2564892252443443,0.2507243272289184,,0.09421154298948992,0.08844664497406401,,strong,medium,80,dense
gamma_strong__noise_medium__T_80__density_dense__seed_002,Video,0.1702847633818031,271.23391085048854,55.66608914951144,326.9,2,0.3415027250490836,0.3403634143336419,0.0,0.17121796166728048,0.17007865095183883,-0.1702847633818031,strong,medium,80,dense
gamma_strong__noise_medium__T_80__density_dense__seed_002,Display,1.0,0.0,328.31,328.31,2,0.5375157761251647,0.5237182971152694,,-0.46248422387483534,-0.4762817028847306,,strong,medium,80,dense
gamma_strong__noise_medium__T_80__density_dense__seed_002,Social,0.5578827137595388,74.66034612742669,94.20965387257333,168.87,2,0.574512200836749,0.58257440636314,,0.016629487077210237,0.024691692603601156,,strong,medium,80,dense
gamma_strong__noise_medium__T_80__density_dense__seed_002,Search,-6.610767519022124e-06,468.91309985499737,-0.0030998549973446,468.91,2,0.0,0.0,,6.610767519022124e-06,6.610767519022124e-06,,strong,medium,80,dense
gamma_strong__noise_medium__T_80__density_dense__seed_002,Affiliate,9.7721554552831e-06,230.4977475181676,0.0022524818324427,230.5,2,0.0,0.0,,-9.7721554552831e-06,-9.7721554552831e-06,,strong,medium,80,dense
gamma_strong__noise_medium__T_80__density_dense__seed_003,TV,0.1188720215429763,516.9577849607358,69.74221503926424,586.7,3,0.3857771296535709,0.3733065346097222,,0.26690510811059465,0.2544345130667459,,strong,medium,80,dense
gamma_strong__noise_medium__T_80__density_dense__seed_003,Video,0.1935269137985716,385.5586530511789,92.52134694882112,478.08,3,0.1430602309212237,0.0,,-0.0504666828773479,-0.1935269137985716,,strong,medium,80,dense
gamma_strong__noise_medium__T_80__density_dense__seed_003,Display,1.0,0.0,328.73,328.73,3,0.6270109515596061,0.6127883282767466,,-0.37298904844039393,-0.38721167172325344,,strong,medium,80,dense
gamma_strong__noise_medium__T_80__density_dense__seed_003,Social,0.5122939414937447,90.36705558062404,94.92294441937597,185.29,3,0.254422774406578,0.2690764915840442,,-0.25787116708716673,-0.24321744990970057,,strong,medium,80,dense
gamma_strong__noise_medium__T_80__density_dense__seed_003,Search,5.20296890485019e-06,565.967055275689,0.002944724311078,565.97,3,0.0,0.0,,-5.20296890485019e-06,-5.20296890485019e-06,,strong,medium,80,dense
gamma_strong__noise_medium__T_80__density_dense__seed_003,Affiliate,1.5550417385045385e-05,277.1756897353092,0.0043102646907868,277.18,3,0.0,0.0,,-1.5550417385045385e-05,-1.5550417385045385e-05,,strong,medium,80,dense
gamma_strong__noise_medium__T_80__density_dense__seed_004,TV,0.1368594006990677,355.6139269119841,56.38607308801591,412.0,4,0.3977821771560327,0.4252433537253119,1.0,0.260922776456965,0.2883839530262442,0.8631405993009322,strong,medium,80,dense
gamma_strong__noise_medium__T_80__density_dense__seed_004,Video,0.1904128940066052,281.5582037223828,66.22179627761716,347.78,4,0.2262186523240897,0.0,,0.035805758317484504,-0.1904128940066052,,strong,medium,80,dense
gamma_strong__noise_medium__T_80__density_dense__seed_004,Display,1.0,0.0,311.67,311.67,4,0.4944864948833909,0.4891511236791175,1.0,-0.5055135051166091,-0.5108488763208825,0.0,strong,medium,80,dense
gamma_strong__noise_medium__T_80__density_dense__seed_004,Social,0.5919637064311142,70.3128141077904,102.0071858922096,172.32,4,0.3918146176000232,0.3971704317569108,1.0,-0.200149088831091,-0.19479327467420338,0.4080362935688858,strong,medium,80,dense
gamma_strong__noise_medium__T_80__density_dense__seed_004,Search,-7.266630454130189e-06,445.0732341592162,-0.0032341592162197,445.07,4,0.0,0.0,0.0,7.266630454130189e-06,7.266630454130189e-06,7.266630454130189e-06,strong,medium,80,dense
gamma_strong__noise_medium__T_80__density_dense__seed_004,Affiliate,1.7796198178231502e-05,216.6561442757027,0.0038557242972956,216.66,4,0.0,0.0,,-1.7796198178231502e-05,-1.7796198178231502e-05,,strong,medium,80,dense
gamma_strong__noise_medium__T_80__density_dense__seed_005,TV,0.1387966776925875,444.03643298170186,71.56356701829816,515.6,5,0.7301276833756273,0.7096269688179387,,0.5913310056830398,0.5708302911253512,,strong,medium,80,dense
gamma_strong__noise_medium__T_80__density_dense__seed_005,Video,0.1794465304230743,308.72503739362253,67.51496260637748,376.24,5,0.2750650186347554,0.0,,0.09561848821168112,-0.1794465304230743,,strong,medium,80,dense
gamma_strong__noise_medium__T_80__density_dense__seed_005,Display,1.0,0.0,272.5,272.5,5,0.4033895452810211,0.1583268977587285,,-0.5966104547189789,-0.8416731022412716,,strong,medium,80,dense
gamma_strong__noise_medium__T_80__density_dense__seed_005,Social,0.5656902435483553,81.99768201807052,106.80231798192948,188.8,5,0.3679317391774456,0.340427775814513,,-0.1977585043709097,-0.2252624677338423,,strong,medium,80,dense
gamma_strong__noise_medium__T_80__density_dense__seed_005,Search,2.499702652118381e-06,527.9686802319908,0.0013197680092389,527.97,5,0.0,0.0,,-2.499702652118381e-06,-2.499702652118381e-06,,strong,medium,80,dense
gamma_strong__noise_medium__T_80__density_dense__seed_005,Affiliate,1.3035994716843474e-05,261.586589914142,0.003410085857979,261.59,5,0.0,0.0,,-1.3035994716843474e-05,-1.3035994716843474e-05,,strong,medium,80,dense
gamma_strong__noise_medium__T_80__density_medium__seed_001,TV,0.1138995560990861,332.1458903918185,42.69410960818146,374.84,1,0.1851667160665458,0.3035958968141096,0.0,0.0712671599674597,0.1896963407150235,-0.1138995560990861,strong,medium,80,medium
gamma_strong__noise_medium__T_80__density_medium__seed_001,Video,0.1687661168325328,242.4044250092968,49.21557499070323,291.62,1,0.4373075194220572,0.4497687932619234,,0.2685414025895244,0.28100267642939064,,strong,medium,80,medium
gamma_strong__noise_medium__T_80__density_medium__seed_001,Display,1.0,0.0,88.85,88.85,1,0.4268178779653246,0.4776502818017185,,-0.5731821220346753,-0.5223497181982815,,strong,medium,80,medium
gamma_strong__noise_medium__T_80__density_medium__seed_001,Social,0.5623577071836454,67.24373829123289,86.40626170876712,153.65,1,0.4435555268508254,0.5452184891727188,,-0.11880218033282003,-0.01713921801092666,,strong,medium,80,medium
gamma_strong__noise_medium__T_80__density_medium__seed_001,Search,6.172933420480604e-06,447.9172350196623,0.0027649803377016,447.92,1,0.0,0.0,,-6.172933420480604e-06,-6.172933420480604e-06,,strong,medium,80,medium
gamma_strong__noise_medium__T_80__density_medium__seed_001,Affiliate,5.698326460193708e-06,220.1287456273963,0.0012543726036824,220.13,1,0.0,0.0,,-5.698326460193708e-06,-5.698326460193708e-06,,strong,medium,80,medium
gamma_strong__noise_medium__T_80__density_medium__seed_002,TV,0.1167551897405639,385.642349055475,50.97765094452501,436.62,2,0.179842546179315,0.2381107630657385,,0.0630873564387511,0.1213555733251746,,strong,medium,80,medium
gamma_strong__noise_medium__T_80__density_medium__seed_002,Video,0.1687582210833116,278.6156194572956,56.564380542704384,335.18,2,0.3612957279834677,0.356436155365783,,0.1925375069001561,0.1876779342824714,,strong,medium,80,medium
gamma_strong__noise_medium__T_80__density_medium__seed_002,Display,1.0,0.0,116.01,116.01,2,0.2947450929122331,0.3078666375453198,,-0.705254907087767,-0.6921333624546802,,strong,medium,80,medium
gamma_strong__noise_medium__T_80__density_medium__seed_002,Social,0.5705368512538544,77.6039909784285,103.09600902157148,180.7,2,0.6035729843520004,0.6013973647032984,,0.0330361330981459,0.03086051344944396,,strong,medium,80,medium
gamma_strong__noise_medium__T_80__density_medium__seed_002,Search,4.608001903153566e-06,487.6477529078719,0.0022470921280728,487.65,2,0.0,0.0,,-4.608001903153566e-06,-4.608001903153566e-06,,strong,medium,80,medium
gamma_strong__noise_medium__T_80__density_medium__seed_002,Affiliate,-2.199300615418247e-06,236.77052072840672,-0.0005207284067125,236.77,2,0.0,0.0,,2.199300615418247e-06,2.199300615418247e-06,,strong,medium,80,medium
gamma_strong__noise_medium__T_80__density_medium__seed_003,TV,0.0858399999203037,540.3965424471116,50.74345755288834,591.14,3,0.2648481903588806,0.2618709739499844,,0.17900819043857688,0.17603097402968068,,strong,medium,80,medium
gamma_strong__noise_medium__T_80__density_medium__seed_003,Video,0.1904881892945369,403.039740314036,94.84025968596404,497.88,3,0.2600185928772971,0.0,,0.06953040358276022,-0.1904881892945369,,strong,medium,80,medium
gamma_strong__noise_medium__T_80__density_medium__seed_003,Display,1.0,0.0,119.13,119.13,3,0.5608356011645053,0.5532192682882725,,-0.43916439883549474,-0.4467807317117275,,strong,medium,80,medium
gamma_strong__noise_medium__T_80__density_medium__seed_003,Social,0.5444712437774577,96.78619483460356,115.68380516539644,212.47,3,0.4661857399726912,0.4968265546147102,,-0.07828550380476651,-0.0476446891627475,,strong,medium,80,medium
gamma_strong__noise_medium__T_80__density_medium__seed_003,Search,-4.996326841388729e-06,598.4629901017615,-0.0029901017614974,598.46,3,0.0,0.0,,4.996326841388729e-06,4.996326841388729e-06,,strong,medium,80,medium
gamma_strong__noise_medium__T_80__density_medium__seed_003,Affiliate,-9.75749438592323e-06,289.7428271364234,-0.0028271364233773,289.74,3,0.0,0.0,,9.75749438592323e-06,9.75749438592323e-06,,strong,medium,80,medium
gamma_strong__noise_medium__T_80__density_medium__seed_004,TV,0.0949266325260655,363.4684136438573,38.12158635614264,401.59,4,0.2806367588124753,0.0,,0.18571012628640982,-0.0949266325260655,,strong,medium,80,medium
gamma_strong__noise_medium__T_80__density_medium__seed_004,Video,0.1868865677045736,287.7771059579973,66.1428940420027,353.92,4,0.2308654072264973,0.0,,0.04397883952192369,-0.1868865677045736,,strong,medium,80,medium
gamma_strong__noise_medium__T_80__density_medium__seed_004,Display,1.0,0.0,109.78,109.78,4,0.2999521695517465,0.2710983319846776,1.0,-0.7000478304482536,-0.7289016680153224,0.0,strong,medium,80,medium
gamma_strong__noise_medium__T_80__density_medium__seed_004,Social,0.5959619384150773,72.91270859361515,107.54729140638486,180.46,4,0.3955974685703491,0.3194286817201118,1.0,-0.20036446984472817,-0.2765332566949655,0.4040380615849227,strong,medium,80,medium
gamma_strong__noise_medium__T_80__density_medium__seed_004,Search,2.375713918606425e-07,458.0398911827997,0.0001088172003278,458.04,4,0.0,0.0,0.0,-2.375713918606425e-07,-2.375713918606425e-07,-2.375713918606425e-07,strong,medium,80,medium
gamma_strong__noise_medium__T_80__density_medium__seed_004,Affiliate,-6.561303252675683e-06,221.44145293499227,-0.0014529349922725,221.44,4,0.0,0.0,,6.561303252675683e-06,6.561303252675683e-06,,strong,medium,80,medium
gamma_strong__noise_medium__T_80__density_medium__seed_005,TV,0.099887639070932,453.9806703581848,50.37932964181528,504.36,5,0.3868451214598571,0.5953221175328732,,0.2869574823889251,0.4954344784619412,,strong,medium,80,medium
gamma_strong__noise_medium__T_80__density_medium__seed_005,Video,0.1817315779666638,315.6388611151391,70.10113888486092,385.74,5,0.2178526832560001,0.0,,0.03612110528933629,-0.1817315779666638,,strong,medium,80,medium
gamma_strong__noise_medium__T_80__density_medium__seed_005,Display,1.0,0.0,98.3,98.3,5,0.3051702119443729,0.0,,-0.6948297880556271,-1.0,,strong,medium,80,medium
gamma_strong__noise_medium__T_80__density_medium__seed_005,Social,0.5920841022663349,85.91116722168722,124.6988327783128,210.61,5,0.2855933689898875,0.2532672502366477,,-0.3064907332764474,-0.3388168520296872,,strong,medium,80,medium
gamma_strong__noise_medium__T_80__density_medium__seed_005,Search,7.92873746232668e-06,546.8156644077809,0.0043355922191494,546.82,5,0.0,0.0,,-7.92873746232668e-06,-7.92873746232668e-06,,strong,medium,80,medium
gamma_strong__noise_medium__T_80__density_medium__seed_005,Affiliate,-1.8523592147098403e-05,267.4449539494838,-0.0049539494838199,267.44,5,0.0,0.0,,1.8523592147098403e-05,1.8523592147098403e-05,,strong,medium,80,medium
gamma_strong__noise_medium__T_80__density_sparse__seed_001,TV,0.1145762775387769,343.7126348222222,44.47736517777781,388.19,1,0.2213415711857423,0.223998855075863,0.0,0.1067652936469654,0.1094225775370861,-0.1145762775387769,strong,medium,80,sparse
gamma_strong__noise_medium__T_80__density_sparse__seed_001,Video,1.568914547903584e-05,250.84606437785655,0.0039356221434161,250.85,1,0.0,0.0,,-1.568914547903584e-05,-1.568914547903584e-05,,strong,medium,80,sparse
gamma_strong__noise_medium__T_80__density_sparse__seed_001,Display,,0.0,0.0,0.0,1,0.0,0.2876725947839528,,,,,strong,medium,80,sparse
gamma_strong__noise_medium__T_80__density_sparse__seed_001,Social,0.5737391776956351,70.90422518210806,95.43577481789194,166.34,1,0.5064300607996486,0.5024742455078592,,-0.06730911689598651,-0.07126493218777585,,strong,medium,80,sparse
gamma_strong__noise_medium__T_80__density_sparse__seed_001,Search,5.566982623842069e-06,468.7573904212253,0.0026095787747522,468.76,1,0.0,0.0,,-5.566982623842069e-06,-5.566982623842069e-06,,strong,medium,80,sparse
gamma_strong__noise_medium__T_80__density_sparse__seed_001,Affiliate,-2.123292861521451e-05,227.79483664880925,-0.0048366488092597,227.79,1,0.0,0.0,,2.123292861521451e-05,2.123292861521451e-05,,strong,medium,80,sparse
gamma_strong__noise_medium__T_80__density_sparse__seed_002,TV,0.1195540184881076,400.8670553823646,54.43294461763543,455.3,2,0.1382984635629503,0.1741616493203705,,0.018744445074842714,0.054607630832262916,,strong,medium,80,sparse
gamma_strong__noise_medium__T_80__density_sparse__seed_002,Video,-1.7214559859967897e-05,289.61498550868106,-0.0049855086810453,289.61,2,0.0,0.0,0.0,1.7214559859967897e-05,1.7214559859967897e-05,1.7214559859967897e-05,strong,medium,80,sparse
gamma_strong__noise_medium__T_80__density_sparse__seed_002,Display,,0.0,0.0,0.0,2,0.0,0.0,,,,,strong,medium,80,sparse
gamma_strong__noise_medium__T_80__density_sparse__seed_002,Social,0.5758412183376926,81.38758702536353,110.49241297463648,191.88,2,0.5067866551255695,0.5028817795309122,,-0.06905456321212311,-0.07295943880678046,,strong,medium,80,sparse
gamma_strong__noise_medium__T_80__density_sparse__seed_002,Search,-3.712001416450961e-06,511.7018994311248,-0.0018994311247979,511.7,2,0.0,0.0,,3.712001416450961e-06,3.712001416450961e-06,,strong,medium,80,sparse
gamma_strong__noise_medium__T_80__density_sparse__seed_002,Affiliate,8.131541192757225e-06,246.11799866508164,0.0020013349183614,246.12,2,0.0,0.0,,-8.131541192757225e-06,-8.131541192757225e-06,,strong,medium,80,sparse
gamma_strong__noise_medium__T_80__density_sparse__seed_003,TV,0.084755540385695,559.763511500109,51.83648849989106,611.6,3,0.4093590156432688,0.5718253456090128,,0.3246034752575738,0.4870698052233178,,strong,medium,80,sparse
gamma_strong__noise_medium__T_80__density_sparse__seed_003,Video,1.4046523515627923e-05,417.4841357168975,0.0058642831025395,417.49,3,0.0,0.4388014581601007,,-1.4046523515627923e-05,0.4387874116365851,,strong,medium,80,sparse
gamma_strong__noise_medium__T_80__density_sparse__seed_003,Display,,0.0,0.0,0.0,3,0.0,0.2011276218759485,,,,,strong,medium,80,sparse
gamma_strong__noise_medium__T_80__density_sparse__seed_003,Social,0.5587314054843074,102.03894979580876,129.20105020419126,231.24,3,0.4114806767964999,0.428029011985477,,-0.14725072868780753,-0.13070239349883045,,strong,medium,80,sparse
gamma_strong__noise_medium__T_80__density_sparse__seed_003,Search,-5.729626514873006e-06,624.0835757453154,-0.0035757453154019,624.08,3,0.0,0.0,,5.729626514873006e-06,5.729626514873006e-06,,strong,medium,80,sparse
gamma_strong__noise_medium__T_80__density_sparse__seed_003,Affiliate,1.133561439874295e-05,300.1265978420505,0.0034021579494947,300.13,3,0.0,0.0,,-1.133561439874295e-05,-1.133561439874295e-05,,strong,medium,80,sparse
gamma_strong__noise_medium__T_80__density_sparse__seed_004,TV,0.1011130628809994,379.7078199778082,42.712180022191774,422.42,4,0.2502405830465983,0.2496860073447675,1.0,0.14912752016559888,0.14857294446376812,0.8988869371190006,strong,medium,80,sparse
gamma_strong__noise_medium__T_80__density_sparse__seed_004,Video,-1.5018250198394376e-05,300.63451493655714,-0.0045149365571433,300.63,4,0.0,0.0,,1.5018250198394376e-05,1.5018250198394376e-05,,strong,medium,80,sparse
gamma_strong__noise_medium__T_80__density_sparse__seed_004,Display,,0.0,0.0,0.0,4,0.0,0.0,,,,,strong,medium,80,sparse
gamma_strong__noise_medium__T_80__density_sparse__seed_004,Social,0.6062107949967698,76.93853487353111,118.44146512646888,195.38,4,0.4352572043392913,0.4430050413616939,1.0,-0.17095359065747845,-0.1632057536350759,0.3937892050032302,strong,medium,80,sparse
gamma_strong__noise_medium__T_80__density_sparse__seed_004,Search,-9.96736386785094e-07,484.0904825101175,-0.0004825101174787,484.09,4,0.0,0.0,0.0,9.96736386785094e-07,9.96736386785094e-07,9.96736386785094e-07,strong,medium,80,sparse
gamma_strong__noise_medium__T_80__density_sparse__seed_004,Affiliate,-2.262549274900857e-05,231.33523395523764,-0.0052339552376281,231.33,4,0.0,0.0,,2.262549274900857e-05,2.262549274900857e-05,,strong,medium,80,sparse
gamma_strong__noise_medium__T_80__density_sparse__seed_005,TV,0.0961867087449006,466.9189843952969,49.691015604703125,516.61,5,0.4110862134660339,0.4158910975171121,1.0,0.3148995047211333,0.3197043887722115,0.9038132912550993,strong,medium,80,sparse
gamma_strong__noise_medium__T_80__density_sparse__seed_005,Video,-1.3791606347125338e-05,324.63447716916846,-0.0044771691684672,324.63,5,0.0,0.0,,1.3791606347125338e-05,1.3791606347125338e-05,,strong,medium,80,sparse
gamma_strong__noise_medium__T_80__density_sparse__seed_005,Display,,0.0,0.0,0.0,5,0.0,0.0,,,,,strong,medium,80,sparse
gamma_strong__noise_medium__T_80__density_sparse__seed_005,Social,0.5919896986713139,88.85240332034796,128.91759667965204,217.77,5,0.3670389968506737,0.3660015028089143,1.0,-0.2249507018206402,-0.2259881958623996,0.4080103013286861,strong,medium,80,sparse
gamma_strong__noise_medium__T_80__density_sparse__seed_005,Search,2.2995778201861067e-06,559.5887131792476,0.0012868207523979,559.59,5,0.0,0.0,0.0,-2.2995778201861067e-06,-2.2995778201861067e-06,-2.2995778201861067e-06,strong,medium,80,sparse
gamma_strong__noise_medium__T_80__density_sparse__seed_005,Affiliate,1.07043045092665e-05,275.06705556695863,0.0029444330413639,275.07,5,0.0,0.0,,-1.07043045092665e-05,-1.07043045092665e-05,,strong,medium,80,sparse
gamma_weak__noise_high__T_156__density_dense__seed_001,TV,0.023843337674888,1220.8693760033943,29.82062399660572,1250.69,1,0.1090637659812936,0.0662721663471072,1.0,0.0852204283064056,0.0424288286722192,0.976156662325112,weak,high,156,dense
gamma_weak__noise_high__T_156__density_dense__seed_001,Video,0.039269344420294,811.1929290387247,33.15707096127528,844.35,1,0.0132907739924364,0.0,,-0.0259785704278576,-0.039269344420294,,weak,high,156,dense
gamma_weak__noise_high__T_156__density_dense__seed_001,Display,1.0,0.0,141.13,141.13,1,0.5079793324067898,0.2688381379833887,1.0,-0.49202066759321017,-0.7311618620166114,0.0,weak,high,156,dense
gamma_weak__noise_high__T_156__density_dense__seed_001,Social,0.1990646702435297,234.66604226534824,58.32395773465177,292.99,1,0.0815751773976487,0.0991686030181963,1.0,-0.11748949284588099,-0.0998960672253334,0.8009353297564703,weak,high,156,dense
gamma_weak__noise_high__T_156__density_dense__seed_001,Search,-1.1385416733466616e-06,1505.111713630458,-0.0017136304579707,1505.11,1,0.0,0.0,0.0,1.1385416733466616e-06,1.1385416733466616e-06,1.1385416733466616e-06,weak,high,156,dense
gamma_weak__noise_high__T_156__density_dense__seed_001,Affiliate,-6.732415011618629e-06,709.2147746960504,-0.00477469605039,709.21,1,0.0,0.6367524293892423,,6.732415011618629e-06,0.6367591618042538,,weak,high,156,dense
gamma_weak__noise_high__T_156__density_dense__seed_002,TV,0.0247160057364686,1394.3440209186856,35.33597908131446,1429.68,2,0.1208772745412158,0.0481559744573216,0.0,0.09616126880474721,0.023439968720853,-0.0247160057364686,weak,high,156,dense
gamma_weak__noise_high__T_156__density_dense__seed_002,Video,0.0330806956194592,1130.7251037356482,38.68489626435189,1169.41,2,0.034175775343366,0.0,,0.0010950797239068014,-0.0330806956194592,,weak,high,156,dense
gamma_weak__noise_high__T_156__density_dense__seed_002,Display,1.0,0.0,150.23,150.23,2,0.2345756510056894,0.0,,-0.7654243489943107,-1.0,,weak,high,156,dense
gamma_weak__noise_high__T_156__density_dense__seed_002,Social,0.1967743484241152,270.6709800680417,66.30901993195835,336.98,2,0.1412074349299039,0.0,,-0.055566913494211306,-0.1967743484241152,,weak,high,156,dense
gamma_weak__noise_high__T_156__density_dense__seed_002,Search,-1.6262964273052616e-06,1749.152844636396,-0.0028446363958209,1749.15,2,0.0,0.0,,1.6262964273052616e-06,1.6262964273052616e-06,,weak,high,156,dense
gamma_weak__noise_high__T_156__density_dense__seed_002,Affiliate,3.791617901218191e-06,829.7468539050465,0.0031460949535357,829.75,2,0.0,0.0,,-3.791617901218191e-06,-3.791617901218191e-06,,weak,high,156,dense
gamma_weak__noise_high__T_156__density_dense__seed_003,TV,0.0219889827770944,1707.0986703422373,38.38132965776276,1745.48,3,0.0191335726058272,0.0,,-0.002855410171267201,-0.0219889827770944,,weak,high,156,dense
gamma_weak__noise_high__T_156__density_dense__seed_003,Video,0.039502041579208,1073.8847424123664,44.16525758763351,1118.05,3,0.0141464773126511,0.0,,-0.025355564266556902,-0.039502041579208,,weak,high,156,dense
gamma_weak__noise_high__T_156__density_dense__seed_003,Display,1.0,0.0,196.55,196.55,3,0.1525336036149435,0.08255087165403,1.0,-0.8474663963850565,-0.91744912834597,0.0,weak,high,156,dense
gamma_weak__noise_high__T_156__density_dense__seed_003,Social,0.2038939747884762,285.7383745689201,73.18162543107991,358.92,3,0.2001433614812021,0.0,,-0.003750613307274109,-0.2038939747884762,,weak,high,156,dense
gamma_weak__noise_high__T_156__density_dense__seed_003,Search,-2.5640837451473426e-06,1854.6947555804811,-0.0047555804812873,1854.69,3,0.0,0.0,0.0,2.5640837451473426e-06,2.5640837451473426e-06,2.5640837451473426e-06,weak,high,156,dense
gamma_weak__noise_high__T_156__density_dense__seed_003,Affiliate,-3.1686235811499176e-06,877.6227808474273,-0.0027808474272887,877.62,3,0.0,0.0,,3.1686235811499176e-06,3.1686235811499176e-06,,weak,high,156,dense
gamma_weak__noise_high__T_156__density_dense__seed_004,TV,0.0273565038129315,1128.2372762721138,31.7327237278862,1159.97,4,0.0537201673785235,0.0,,0.026363663565592003,-0.0273565038129315,,weak,high,156,dense
gamma_weak__noise_high__T_156__density_dense__seed_004,Video,0.0391301855057313,772.9717222699145,31.47827773008555,804.45,4,0.0431382344685237,0.0442751487034268,1.0,0.0040080489627924015,0.005144963197695501,0.9608698144942687,weak,high,156,dense
gamma_weak__noise_high__T_156__density_dense__seed_004,Display,1.0,0.0,120.49,120.49,4,0.302642814303286,0.0,,-0.697357185696714,-1.0,,weak,high,156,dense
gamma_weak__noise_high__T_156__density_dense__seed_004,Social,0.1945874881705585,221.87503875877456,53.60496124122545,275.48,4,0.1691095139551433,0.0,,-0.0254779742154152,-0.1945874881705585,,weak,high,156,dense
gamma_weak__noise_high__T_156__density_dense__seed_004,Search,-6.893955431504174e-07,1427.720984263805,-0.0009842638048667,1427.72,4,0.0,0.0,0.0,6.893955431504174e-07,6.893955431504174e-07,6.893955431504174e-07,weak,high,156,dense
gamma_weak__noise_high__T_156__density_dense__seed_004,Affiliate,-3.6925930624634287e-06,680.0025109632825,-0.0025109632824751,680.0,4,0.0,0.0,,3.6925930624634287e-06,3.6925930624634287e-06,,weak,high,156,dense
gamma_weak__noise_high__T_156__density_dense__seed_005,TV,0.0233026790577894,1339.8529188149432,31.967081185056717,1371.82,5,0.094191346451565,0.0,0.0,0.0708886673937756,-0.0233026790577894,-0.0233026790577894,weak,high,156,dense
gamma_weak__noise_high__T_156__density_dense__seed_005,Video,0.035975164551775,889.9106060989654,33.20939390103456,923.12,5,0.0495048576089523,0.0,,0.0135296930571773,-0.035975164551775,,weak,high,156,dense
gamma_weak__noise_high__T_156__density_dense__seed_005,Display,1.0,0.0,131.49,131.49,5,0.2014316790376386,0.1954322646509532,1.0,-0.7985683209623614,-0.8045677353490468,0.0,weak,high,156,dense
gamma_weak__noise_high__T_156__density_dense__seed_005,Social,0.2077578383197342,261.17055101951644,68.48944898048359,329.66,5,0.1342786022100398,0.1821335503606161,,-0.07347923610969442,-0.025624287959118114,,weak,high,156,dense
gamma_weak__noise_high__T_156__density_dense__seed_005,Search,2.70212902494699e-06,1595.2256894827156,0.0043105172844661,1595.23,5,0.0,0.4061487703525381,0.3119342383943957,-2.70212902494699e-06,0.4061460682235132,0.3119315362653708,weak,high,156,dense
gamma_weak__noise_high__T_156__density_dense__seed_005,Affiliate,-5.467677368470345e-06,759.8841547786787,-0.0041547786787532,759.88,5,0.0,0.0,,5.467677368470345e-06,5.467677368470345e-06,,weak,high,156,dense
gamma_weak__noise_high__T_156__density_medium__seed_001,TV,0.0189437545088767,1226.19276955199,23.677230448009823,1249.87,1,0.0552171867518813,0.0,,0.0362734322430046,-0.0189437545088767,,weak,high,156,medium
gamma_weak__noise_high__T_156__density_medium__seed_001,Video,0.0393467009413522,814.7300629316392,33.369937068360855,848.1,1,0.0121367422861418,0.0,,-0.027209958655210403,-0.0393467009413522,,weak,high,156,medium
gamma_weak__noise_high__T_156__density_medium__seed_001,Display,1.0,0.0,31.62,31.62,1,0.287018685738351,0.2766661534104437,1.0,-0.712981314261649,-0.7233338465895562,0.0,weak,high,156,medium
gamma_weak__noise_high__T_156__density_medium__seed_001,Social,0.2014461144520438,235.6372805474909,59.442719452509095,295.08,1,0.0937768053032722,0.101353272972127,1.0,-0.1076693091487716,-0.1000928414799168,0.7985538855479561,weak,high,156,medium
gamma_weak__noise_high__T_156__density_medium__seed_001,Search,1.7154390786772345e-07,1512.7697404935225,0.000259506477505,1512.77,1,0.0,0.0,0.0,-1.7154390786772345e-07,-1.7154390786772345e-07,-1.7154390786772345e-07,weak,high,156,medium
gamma_weak__noise_high__T_156__density_medium__seed_001,Affiliate,3.8055088186933658e-06,712.3072892980133,0.0027107019866434,712.31,1,0.0,0.6271860144274475,,-3.8055088186933658e-06,0.6271822089186287,,weak,high,156,medium
gamma_weak__noise_high__T_156__density_medium__seed_002,TV,0.0200051726484625,1394.2190409764853,28.46095902351476,1422.68,2,0.0650434270562558,0.0,0.0,0.045038254407793306,-0.0200051726484625,-0.0200051726484625,weak,high,156,medium
gamma_weak__noise_high__T_156__density_medium__seed_002,Video,0.0330934164079014,1130.6232063259126,38.6967936740873,1169.32,2,0.0356866162709001,0.0,,0.0025931998629986977,-0.0330934164079014,,weak,high,156,medium
gamma_weak__noise_high__T_156__density_medium__seed_002,Display,1.0,0.0,33.92,33.92,2,0.0390911828826244,0.0,,-0.9609088171173756,-1.0,,weak,high,156,medium
gamma_weak__noise_high__T_156__density_medium__seed_002,Social,0.1988056611643023,271.3084389599323,67.3215610400677,338.63,2,0.1545035941688805,0.0,,-0.0443020669954218,-0.1988056611643023,,weak,high,156,medium
gamma_weak__noise_high__T_156__density_medium__seed_002,Search,1.029764863363068e-06,1749.9981979114891,0.0018020885108853,1750.0,2,0.0,0.0,,-1.029764863363068e-06,-1.029764863363068e-06,,weak,high,156,medium
gamma_weak__noise_high__T_156__density_medium__seed_002,Affiliate,-2.73689633592972e-06,829.672270720783,-0.0022707207830308,829.67,2,0.0,0.0,,2.73689633592972e-06,2.73689633592972e-06,,weak,high,156,medium
gamma_weak__noise_high__T_156__density_medium__seed_003,TV,0.0173606601813724,1711.1976255403526,30.232374459647417,1741.43,3,0.0120076344796566,0.0,,-0.005353025701715799,-0.0173606601813724,,weak,high,156,medium
gamma_weak__noise_high__T_156__density_medium__seed_003,Video,0.0392239158916483,1076.4631323958383,43.94686760416175,1120.41,3,0.0147644694953791,0.0,,-0.0244594463962692,-0.0392239158916483,,weak,high,156,medium
gamma_weak__noise_high__T_156__density_medium__seed_003,Display,1.0,0.0,42.12,42.12,3,0.0815464034038653,0.0,,-0.9184535965961347,-1.0,,weak,high,156,medium
gamma_weak__noise_high__T_156__density_medium__seed_003,Social,0.2026983010974937,287.0605036728584,72.97949632714165,360.04,3,0.1962876150923792,0.0,,-0.006410686005114519,-0.2026983010974937,,weak,high,156,medium
gamma_weak__noise_high__T_156__density_medium__seed_003,Search,2.9555349240835653e-06,1859.3445046261388,0.0054953738610947,1859.35,3,0.0,0.1697278069946586,0.0,-2.9555349240835653e-06,0.1697248514597345,-2.9555349240835653e-06,weak,high,156,medium
gamma_weak__noise_high__T_156__density_medium__seed_003,Affiliate,1.6856141760651413e-07,879.7298517114641,0.0001482885359109,879.73,3,0.0,0.0,,-1.6856141760651413e-07,-1.6856141760651413e-07,,weak,high,156,medium
gamma_weak__noise_high__T_156__density_medium__seed_004,TV,0.0215167480938873,1135.7842194825394,24.975780517460635,1160.76,4,0.0319726979222566,0.0,,0.0104559498283693,-0.0215167480938873,,weak,high,156,medium
gamma_weak__noise_high__T_156__density_medium__seed_004,Video,0.0392004084021246,778.1419812392032,31.748018760796757,809.89,4,0.0431424768074093,0.0,,0.003942068405284702,-0.0392004084021246,,weak,high,156,medium
gamma_weak__noise_high__T_156__density_medium__seed_004,Display,1.0,0.0,26.56,26.56,4,0.1891510271139632,0.1609601330580573,,-0.8108489728860369,-0.8390398669419428,,weak,high,156,medium
gamma_weak__noise_high__T_156__density_medium__seed_004,Social,0.1942612287949595,223.8422880284723,53.967711971527706,277.81,4,0.167570958684371,0.0,,-0.0266902701105885,-0.1942612287949595,,weak,high,156,medium
gamma_weak__noise_high__T_156__density_medium__seed_004,Search,-2.6913673273119567e-06,1438.2838709397995,-0.0038709397995262,1438.28,4,0.0,0.0,0.0,2.6913673273119567e-06,2.6913673273119567e-06,2.6913673273119567e-06,weak,high,156,medium
gamma_weak__noise_high__T_156__density_medium__seed_004,Affiliate,-1.8289369541828907e-06,684.5512519987919,-0.0012519987919858,684.55,4,0.0,0.0,,1.8289369541828907e-06,1.8289369541828907e-06,,weak,high,156,medium
gamma_weak__noise_high__T_156__density_medium__seed_005,TV,0.0178811902497456,1352.0338594426878,24.61614055731229,1376.65,5,0.0617040905615907,0.0,0.0,0.0438229003118451,-0.0178811902497456,-0.0178811902497456,weak,high,156,medium
gamma_weak__noise_high__T_156__density_medium__seed_005,Video,0.0360966883568032,898.0012422261514,33.62875777384863,931.63,5,0.0493608361187659,0.0,,0.013264147761962698,-0.0360966883568032,,weak,high,156,medium
gamma_weak__noise_high__T_156__density_medium__seed_005,Display,1.0,0.0,32.18,32.18,5,0.0741950726376024,0.0789512825564125,1.0,-0.9258049273623976,-0.9210487174435875,0.0,weak,high,156,medium
gamma_weak__noise_high__T_156__density_medium__seed_005,Social,0.2085891467765985,263.72183861963407,69.50816138036595,333.23,5,0.1426179564493359,0.1857959494000731,1.0,-0.06597119032726262,-0.02279319737652541,0.7914108532234014,weak,high,156,medium
gamma_weak__noise_high__T_156__density_medium__seed_005,Search,1.4718293601657396e-06,1610.6776293538862,0.0023706461138317,1610.68,5,0.0,0.3868666958246282,0.3487285078859071,-1.4718293601657396e-06,0.386865223995268,0.3487270360565469,weak,high,156,medium
gamma_weak__noise_high__T_156__density_medium__seed_005,Affiliate,-2.6477311241296637e-06,766.7920302537486,-0.0020302537486713,766.79,5,0.0,0.0,0.0,2.6477311241296637e-06,2.6477311241296637e-06,2.6477311241296637e-06,weak,high,156,medium
gamma_weak__noise_high__T_156__density_sparse__seed_001,TV,0.0189381539024964,1238.5513382242543,23.908661775745717,1262.46,1,0.0563248203275184,0.0,,0.037386666425022,-0.0189381539024964,,weak,high,156,sparse
gamma_weak__noise_high__T_156__density_sparse__seed_001,Video,-1.834902571874564e-06,822.9415100147226,-0.0015100147224984,822.94,1,0.0,0.0,,1.834902571874564e-06,1.834902571874564e-06,,weak,high,156,sparse
gamma_weak__noise_high__T_156__density_sparse__seed_001,Display,,0.0,0.0,0.0,1,0.0,0.0,,,,,weak,high,156,sparse
gamma_weak__noise_high__T_156__density_sparse__seed_001,Social,0.2013230738951601,238.11753874889692,60.02246125110304,298.14,1,0.1014496227133304,0.1130106587197035,1.0,-0.0998734511818297,-0.0883124151754566,0.7986769261048399,weak,high,156,sparse
gamma_weak__noise_high__T_156__density_sparse__seed_001,Search,1.0390058071883754e-06,1526.5984138537349,0.0015861462652537,1526.6,1,0.0,0.0,0.0,-1.0390058071883754e-06,-1.0390058071883754e-06,-1.0390058071883754e-06,weak,high,156,sparse
gamma_weak__noise_high__T_156__density_sparse__seed_001,Affiliate,5.008009918545647e-06,719.4863967869437,0.0036032130562944,719.49,1,0.0,0.6290583252690946,0.0,-5.008009918545647e-06,0.629053317259176,-5.008009918545647e-06,weak,high,156,sparse
gamma_weak__noise_high__T_156__density_sparse__seed_002,TV,0.0199833064560699,1400.7280599154035,28.561940084596245,1429.29,2,0.0662806099690596,0.0561913930166927,0.0,0.046297303512989704,0.0362080865606228,-0.0199833064560699,weak,high,156,sparse
gamma_weak__noise_high__T_156__density_sparse__seed_002,Video,-1.7260710010445963e-06,1135.9019606440502,-0.0019606440500865,1135.9,2,0.0,0.0,,1.7260710010445963e-06,1.7260710010445963e-06,,weak,high,156,sparse
gamma_weak__noise_high__T_156__density_sparse__seed_002,Display,,0.0,0.0,0.0,2,0.0,0.0297517907615923,,,,,weak,high,156,sparse
gamma_weak__noise_high__T_156__density_sparse__seed_002,Social,0.1974733635900162,272.5621215239228,67.06787847607723,339.63,2,0.1493571316872474,0.0,,-0.048116231902768786,-0.1974733635900162,,weak,high,156,sparse
gamma_weak__noise_high__T_156__density_sparse__seed_002,Search,-3.865710962296582e-06,1758.2867970022708,-0.0067970022707868,1758.28,2,0.0,0.0,,3.865710962296582e-06,3.865710962296582e-06,,weak,high,156,sparse
gamma_weak__noise_high__T_156__density_sparse__seed_002,Affiliate,5.585789011827828e-06,833.5453439655691,0.004656034430809,833.55,2,0.0,0.0,,-5.585789011827828e-06,-5.585789011827828e-06,,weak,high,156,sparse
gamma_weak__noise_high__T_156__density_sparse__seed_003,TV,0.0173538201411621,1723.36487023643,30.435129763570103,1753.8,3,0.0117549296008082,0.0,,-0.0055988905403538975,-0.0173538201411621,,weak,high,156,sparse
gamma_weak__noise_high__T_156__density_sparse__seed_003,Video,2.27744554181301e-06,1084.117530975739,0.0024690242607903,1084.12,3,0.0,0.0,,-2.27744554181301e-06,-2.27744554181301e-06,,weak,high,156,sparse
gamma_weak__noise_high__T_156__density_sparse__seed_003,Display,,0.0,0.0,0.0,3,0.0,0.0,,,,,weak,high,156,sparse
gamma_weak__noise_high__T_156__density_sparse__seed_003,Social,0.2026534024626039,288.7351499002419,73.38485009975813,362.12,3,0.1988140767005855,0.0,,-0.0038393257620183974,-0.2026534024626039,,weak,high,156,sparse
gamma_weak__noise_high__T_156__density_sparse__seed_003,Search,-2.436642356691347e-06,1872.4245624178816,-0.004562417881516,1872.42,3,0.0,0.1686297443784071,0.0,2.436642356691347e-06,0.1686321810207638,2.436642356691347e-06,weak,high,156,sparse
gamma_weak__noise_high__T_156__density_sparse__seed_003,Affiliate,5.581750818921152e-06,885.985054624592,0.0049453754080559,885.99,3,0.0,0.0,,-5.581750818921152e-06,-5.581750818921152e-06,,weak,high,156,sparse
gamma_weak__noise_high__T_156__density_sparse__seed_004,TV,0.0214919105507856,1145.6861965316125,25.16380346838741,1170.85,4,0.0303494586515262,0.0,,0.0088575481007406,-0.0214919105507856,,weak,high,156,sparse
gamma_weak__noise_high__T_156__density_sparse__seed_004,Video,-7.643457609315486e-06,784.9259995027467,-0.0059995027467039,784.92,4,0.0,0.0,,7.643457609315486e-06,7.643457609315486e-06,,weak,high,156,sparse
gamma_weak__noise_high__T_156__density_sparse__seed_004,Display,,0.0,0.0,0.0,4,0.0,0.0,,,,,weak,high,156,sparse
gamma_weak__noise_high__T_156__density_sparse__seed_004,Social,0.1938696556220429,225.99058074291645,54.349419257083525,280.34,4,0.1645754076651105,0.1599960650442752,1.0,-0.02929424795693239,-0.033873590577767704,0.806130344377957,weak,high,156,sparse
gamma_weak__noise_high__T_156__density_sparse__seed_004,Search,1.3068983601567954e-06,1450.9681037296864,0.0018962703136367,1450.97,4,0.0,0.0,0.0,-1.3068983601567954e-06,-1.3068983601567954e-06,-1.3068983601567954e-06,weak,high,156,sparse
gamma_weak__noise_high__T_156__density_sparse__seed_004,Affiliate,5.641009745833654e-07,690.519610476995,0.0003895230049693,690.52,4,0.0,0.0,,-5.641009745833654e-07,-5.641009745833654e-07,,weak,high,156,sparse
gamma_weak__noise_high__T_156__density_sparse__seed_005,TV,0.0181345920603421,1368.8382025168355,25.281797483164155,1394.12,5,0.0529937542947703,0.0,0.0,0.0348591622344282,-0.0181345920603421,-0.0181345920603421,weak,high,156,sparse
gamma_weak__noise_high__T_156__density_sparse__seed_005,Video,-2.646207237232702e-06,909.1624058257718,-0.0024058257718024,909.16,5,0.0,0.0,,2.646207237232702e-06,2.646207237232702e-06,,weak,high,156,sparse
gamma_weak__noise_high__T_156__density_sparse__seed_005,Display,,0.0,0.0,0.0,5,0.0,0.0,,,,,weak,high,156,sparse
gamma_weak__noise_high__T_156__density_sparse__seed_005,Social,0.2096720650738127,267.02019609416163,70.83980390583838,337.86,5,0.1373487268146914,0.2043953120203093,,-0.0723233382591213,-0.005276753053503391,,weak,high,156,sparse
gamma_weak__noise_high__T_156__density_sparse__seed_005,Search,-1.5140593195852756e-06,1630.542468734283,-0.0024687342829565,1630.54,5,0.0,0.3791593183215515,1.0,1.5140593195852756e-06,0.37916083238087106,1.0000015140593197,weak,high,156,sparse
gamma_weak__noise_high__T_156__density_sparse__seed_005,Affiliate,-3.4149474403356925e-06,776.3226510919969,-0.0026510919968814,776.32,5,0.0,0.0,,3.4149474403356925e-06,3.4149474403356925e-06,,weak,high,156,sparse
gamma_weak__noise_high__T_300__density_dense__seed_001,TV,0.0251742973419377,2668.175934231329,68.90406576867099,2737.08,1,0.0956283321306044,0.0,0.0,0.0704540347886667,-0.0251742973419377,-0.0251742973419377,weak,high,300,dense
gamma_weak__noise_high__T_300__density_dense__seed_001,Video,0.0377670624497009,1924.581343053104,75.5386569468958,2000.12,1,0.1263381878667537,0.1314004259929581,0.2216647326240188,0.08857112541705278,0.09363336354325719,0.1838976701743179,weak,high,300,dense
gamma_weak__noise_high__T_300__density_dense__seed_001,Display,1.0,0.0,283.38,283.38,1,0.2154337850369431,0.0,,-0.7845662149630569,-1.0,,weak,high,300,dense
gamma_weak__noise_high__T_300__density_dense__seed_001,Social,0.2028604487670787,538.4757382533506,137.03426174664935,675.51,1,0.0923283409221321,0.0,,-0.1105321078449466,-0.2028604487670787,,weak,high,300,dense
gamma_weak__noise_high__T_300__density_dense__seed_001,Search,-5.547303469106599e-07,3475.3619278876586,-0.0019278876584394,3475.36,1,0.0,0.0596007805088831,0.0,5.547303469106599e-07,0.05960133523923001,5.547303469106599e-07,weak,high,300,dense
gamma_weak__noise_high__T_300__density_dense__seed_001,Affiliate,1.1515679890012017e-06,1629.7881231860072,0.0018768139927942,1629.79,1,0.0,0.0,,-1.1515679890012017e-06,-1.1515679890012017e-06,,weak,high,300,dense
gamma_weak__noise_high__T_300__density_dense__seed_002,TV,0.0233062904857302,2659.839746057306,63.47025394269394,2723.31,2,0.0761304052037016,0.0257000814342071,0.0,0.052824114717971396,0.002393790948476901,-0.0233062904857302,weak,high,300,dense
gamma_weak__noise_high__T_300__density_dense__seed_002,Video,0.0380221274213789,1861.6291987928728,73.5808012071268,1935.21,2,0.2227431479464447,0.3363615275459825,,0.1847210205250658,0.2983394001246036,,weak,high,300,dense
gamma_weak__noise_high__T_300__density_dense__seed_002,Display,1.0,0.0,275.18,275.18,2,0.2389945917319374,0.0831940513117,,-0.7610054082680626,-0.9168059486883,,weak,high,300,dense
gamma_weak__noise_high__T_300__density_dense__seed_002,Social,0.2081482288538136,526.5180796705222,138.40192032947778,664.92,2,0.1634559768369538,0.0,,-0.04469225201685981,-0.2081482288538136,,weak,high,300,dense
gamma_weak__noise_high__T_300__density_dense__seed_002,Search,1.259845982942732e-06,3360.5157662623774,0.0042337376225987,3360.52,2,0.0,0.0,,-1.259845982942732e-06,-1.259845982942732e-06,,weak,high,300,dense
gamma_weak__noise_high__T_300__density_dense__seed_002,Affiliate,2.3238042906501878e-06,1591.9163006894737,0.0036993105263718,1591.92,2,0.0,0.0,,-2.3238042906501878e-06,-2.3238042906501878e-06,,weak,high,300,dense
gamma_weak__noise_high__T_300__density_dense__seed_003,TV,0.0229242946953634,3275.9882785306504,76.8617214693495,3352.85,3,0.0419628712559111,0.0,0.0,0.019038576560547697,-0.0229242946953634,-0.0229242946953634,weak,high,300,dense
gamma_weak__noise_high__T_300__density_dense__seed_003,Video,0.0322013466705063,2270.3975727917923,75.54242720820776,2345.94,3,0.1111294111805863,0.0,,0.07892806451008,-0.0322013466705063,,weak,high,300,dense
gamma_weak__noise_high__T_300__density_dense__seed_003,Display,1.0,0.0,317.87,317.87,3,0.1908990926995358,0.2164705752087882,1.0,-0.8091009073004642,-0.7835294247912118,0.0,weak,high,300,dense
gamma_weak__noise_high__T_300__density_dense__seed_003,Social,0.1899564388719778,597.6420389646435,140.1479610353565,737.79,3,0.1368480904636328,0.0,,-0.053108348408344996,-0.1899564388719778,,weak,high,300,dense
gamma_weak__noise_high__T_300__density_dense__seed_003,Search,-1.4712061332483697e-06,3819.595619404234,-0.0056194042344941,3819.59,3,0.0,0.1568339776587893,0.0,1.4712061332483697e-06,0.15683544886492254,1.4712061332483697e-06,weak,high,300,dense
gamma_weak__noise_high__T_300__density_dense__seed_003,Affiliate,3.6995970974229e-06,1825.6432458305592,0.0067541694409101,1825.65,3,0.0,0.0,,-3.6995970974229e-06,-3.6995970974229e-06,,weak,high,300,dense
gamma_weak__noise_high__T_300__density_dense__seed_004,TV,0.0232687050302672,2703.299205087729,64.40079491227061,2767.7,4,0.0522159046480585,0.0,0.0,0.028947199617791304,-0.0232687050302672,-0.0232687050302672,weak,high,300,dense
gamma_weak__noise_high__T_300__density_dense__seed_004,Video,0.0324944045747327,1930.3284637686763,64.83153623132375,1995.16,4,0.0895540431352964,0.0,,0.057059638560563695,-0.0324944045747327,,weak,high,300,dense
gamma_weak__noise_high__T_300__density_dense__seed_004,Display,1.0,0.0,256.61,256.61,4,0.2045535525829487,0.0770823416577671,,-0.7954464474170513,-0.9229176583422329,,weak,high,300,dense
gamma_weak__noise_high__T_300__density_dense__seed_004,Social,0.1893145095763561,516.674183611701,120.65581638829906,637.33,4,0.0781103847033359,0.0,,-0.1112041248730202,-0.1893145095763561,,weak,high,300,dense
gamma_weak__noise_high__T_300__density_dense__seed_004,Search,1.0569364448496368e-07,3295.249651713018,0.000348286981989,3295.25,4,0.0,0.0,,-1.0569364448496368e-07,-1.0569364448496368e-07,,weak,high,300,dense
gamma_weak__noise_high__T_300__density_dense__seed_004,Affiliate,-1.826478146888614e-06,1569.522866693981,-0.0028666939811046,1569.52,4,0.0,0.0,,1.826478146888614e-06,1.826478146888614e-06,,weak,high,300,dense
gamma_weak__noise_high__T_300__density_dense__seed_005,TV,0.0271313691412634,2831.981669684548,78.97833031545224,2910.96,5,0.0371502015545009,0.1442688036954199,0.140274433448037,0.010018832413237498,0.11713743455415648,0.1131430643067736,weak,high,300,dense
gamma_weak__noise_high__T_300__density_dense__seed_005,Video,0.0335755748233225,2107.4140942730182,73.21590572698187,2180.63,5,0.024762809043976,0.0,0.0,-0.008812765779346497,-0.0335755748233225,-0.0335755748233225,weak,high,300,dense
gamma_weak__noise_high__T_300__density_dense__seed_005,Display,1.0,0.0,289.08,289.08,5,0.2481510304366214,0.2275919447467779,1.0,-0.7518489695633785,-0.7724080552532221,0.0,weak,high,300,dense
gamma_weak__noise_high__T_300__density_dense__seed_005,Social,0.198406944737192,579.8884480382205,143.53155196177943,723.42,5,0.1751282135752483,0.0,,-0.023278731161943705,-0.198406944737192,,weak,high,300,dense
gamma_weak__noise_high__T_300__density_dense__seed_005,Search,-1.5818499454281627e-06,3609.255709291916,-0.0057092919155365,3609.25,5,0.0,0.0,0.0,1.5818499454281627e-06,1.5818499454281627e-06,1.5818499454281627e-06,weak,high,300,dense
gamma_weak__noise_high__T_300__density_dense__seed_005,Affiliate,1.3431449141735494e-06,1733.1576721149606,0.002327885039449,1733.16,5,0.0,0.1209159958143504,,-1.3431449141735494e-06,0.12091465266943623,,weak,high,300,dense
gamma_weak__noise_high__T_300__density_medium__seed_001,TV,0.0200330217237214,2682.5028083147886,54.837191685211565,2737.34,1,0.0367290993848218,0.0,0.0,0.0166960776611004,-0.0200330217237214,-0.0200330217237214,weak,high,300,medium
gamma_weak__noise_high__T_300__density_medium__seed_001,Video,0.037704951533794,1934.9155228024545,75.81447719754578,2010.73,1,0.1390306002605075,0.1385903532954004,0.1544947879102637,0.10132564872671351,0.1008854017616064,0.1167898363764697,weak,high,300,medium
gamma_weak__noise_high__T_300__density_medium__seed_001,Display,1.0,0.0,61.79,61.79,1,0.1190100792447487,0.0,,-0.8809899207552513,-1.0,,weak,high,300,medium
gamma_weak__noise_high__T_300__density_medium__seed_001,Social,0.2040210663281777,542.4118845613266,139.02811543867347,681.44,1,0.1117709785136917,0.0,0.0,-0.09225008781448601,-0.2040210663281777,-0.2040210663281777,weak,high,300,medium
gamma_weak__noise_high__T_300__density_medium__seed_001,Search,-1.3653227223714846e-06,3495.3147722261647,-0.0047722261647322,3495.31,1,0.0,0.0463803772115495,0.0,1.3653227223714846e-06,0.04638174253427187,1.3653227223714846e-06,weak,high,300,medium
gamma_weak__noise_high__T_300__density_medium__seed_001,Affiliate,6.554370518594581e-07,1638.538926040173,0.0010739598269537,1638.54,1,0.0,0.0,,-6.554370518594581e-07,-6.554370518594581e-07,,weak,high,300,medium
gamma_weak__noise_high__T_300__density_medium__seed_002,TV,0.0184524164337917,2675.8263139873475,50.30368601265263,2726.13,2,0.0517244854082234,0.0,0.0,0.033272068974431704,-0.0184524164337917,-0.0184524164337917,weak,high,300,medium
gamma_weak__noise_high__T_300__density_medium__seed_002,Video,0.0381102904428431,1872.8185023019755,74.20149769802447,1947.02,2,0.2383931655730315,0.3493092447948843,,0.2002828751301884,0.3111989543520412,,weak,high,300,medium
gamma_weak__noise_high__T_300__density_medium__seed_002,Display,1.0,0.0,61.01,61.01,2,0.0981912445560116,0.0,,-0.9018087554439884,-1.0,,weak,high,300,medium
gamma_weak__noise_high__T_300__density_medium__seed_002,Social,0.2088873715368799,529.5312378617895,139.81876213821056,669.35,2,0.1774685810077926,0.0,,-0.031418790529087304,-0.2088873715368799,,weak,high,300,medium
gamma_weak__noise_high__T_300__density_medium__seed_002,Search,1.984360981002756e-07,3381.199329047865,0.0006709521348966,3381.2,2,0.0,0.0,,-1.984360981002756e-07,-1.984360981002756e-07,,weak,high,300,medium
gamma_weak__noise_high__T_300__density_medium__seed_002,Affiliate,-2.926150298099785e-06,1601.4846861711794,-0.0046861711794008,1601.48,2,0.0,0.0,,2.926150298099785e-06,2.926150298099785e-06,,weak,high,300,medium
gamma_weak__noise_high__T_300__density_medium__seed_003,TV,0.017915920981313,3302.4148491529777,60.24515084702216,3362.66,3,0.0321382295807212,0.0,0.0,0.014222308599408196,-0.017915920981313,-0.017915920981313,weak,high,300,medium
gamma_weak__noise_high__T_300__density_medium__seed_003,Video,0.0323222165441166,2288.712786318517,76.44721368148294,2365.16,3,0.1041523084537422,0.0,,0.0718300919096256,-0.0323222165441166,,weak,high,300,medium
gamma_weak__noise_high__T_300__density_medium__seed_003,Display,1.0,0.0,70.66,70.66,3,0.091129984413507,0.0818401605856581,,-0.908870015586493,-0.9181598394143419,,weak,high,300,medium
gamma_weak__noise_high__T_300__density_medium__seed_003,Social,0.1906660000988698,603.0428566663311,142.06714333366892,745.11,3,0.1287463111603767,0.0,,-0.06191968893849312,-0.1906660000988698,,weak,high,300,medium
gamma_weak__noise_high__T_300__density_medium__seed_003,Search,-1.859052912836514e-07,3853.020716296805,-0.0007162968054217,3853.02,3,0.0,0.1890815404376651,0.0,1.859052912836514e-07,0.18908172634295636,1.859052912836514e-07,weak,high,300,medium
gamma_weak__noise_high__T_300__density_medium__seed_003,Affiliate,-2.473571342263672e-07,1840.370455228649,-0.0004552286491161,1840.37,3,0.0,0.0,,2.473571342263672e-07,2.473571342263672e-07,,weak,high,300,medium
gamma_weak__noise_high__T_300__density_medium__seed_004,TV,0.0181926168678661,2723.641679620684,50.46832037931608,2774.11,4,0.0416707227533285,0.0,0.0,0.023478105885462397,-0.0181926168678661,-0.0181926168678661,weak,high,300,medium
gamma_weak__noise_high__T_300__density_medium__seed_004,Video,0.0326945973225552,1944.8545695692435,65.73543043075642,2010.59,4,0.0869565764832508,0.0,,0.0542619791606956,-0.0326945973225552,,weak,high,300,medium
gamma_weak__noise_high__T_300__density_medium__seed_004,Display,1.0,0.0,58.11,58.11,4,0.0800952351008684,0.0803841444510518,,-0.9199047648991316,-0.9196158555489482,,weak,high,300,medium
gamma_weak__noise_high__T_300__density_medium__seed_004,Social,0.1896193046796175,520.5723510599073,121.80764894009268,642.38,4,0.0784133228006059,0.0,,-0.1112059818790116,-0.1896193046796175,,weak,high,300,medium
gamma_weak__noise_high__T_300__density_medium__seed_004,Search,5.739030431458925e-07,3322.248093350615,0.0019066493850914,3322.25,4,0.0,0.0,,-5.739030431458925e-07,-5.739030431458925e-07,,weak,high,300,medium
gamma_weak__noise_high__T_300__density_medium__seed_004,Affiliate,-1.8930410054753264e-06,1581.3329935225331,-0.0029935225331882,1581.33,4,0.0,0.0,,1.8930410054753264e-06,1.8930410054753264e-06,,weak,high,300,medium
gamma_weak__noise_high__T_300__density_medium__seed_005,TV,0.0211341382214549,2851.553719264315,61.56628073568481,2913.12,5,0.0101877912269091,0.1599399986094622,0.2215491789541643,-0.010946346994545799,0.1388058603880073,0.20041504073270938,weak,high,300,medium
gamma_weak__noise_high__T_300__density_medium__seed_005,Video,0.0337737202604889,2121.977844249928,74.17215575007276,2196.15,5,0.0258262645900606,0.0,0.0,-0.007947455670428302,-0.0337737202604889,-0.0337737202604889,weak,high,300,medium
gamma_weak__noise_high__T_300__density_medium__seed_005,Display,1.0,0.0,68.79,68.79,5,0.1070268866523939,0.669527611055069,1.0,-0.8929731133476061,-0.33047238894493103,0.0,weak,high,300,medium
gamma_weak__noise_high__T_300__density_medium__seed_005,Social,0.1988191509466599,584.6457009796939,145.08429902030616,729.73,5,0.1801144226304553,0.0,,-0.018704728316204594,-0.1988191509466599,,weak,high,300,medium
gamma_weak__noise_high__T_300__density_medium__seed_005,Search,1.1413584090004557e-06,3636.685849233288,0.0041507667124278,3636.69,5,0.0,0.0,,-1.1413584090004557e-06,-1.1413584090004557e-06,,weak,high,300,medium
gamma_weak__noise_high__T_300__density_medium__seed_005,Affiliate,2.246458355941622e-06,1745.1360796156648,0.0039203843352879,1745.14,5,0.0,0.1203914180366127,,-2.246458355941622e-06,0.12038917157825675,,weak,high,300,medium
gamma_weak__noise_high__T_300__density_sparse__seed_001,TV,0.0201054758370965,2710.3490580536245,55.61094194637553,2765.96,1,0.0346164331569176,0.0,0.0,0.014510957319821098,-0.0201054758370965,-0.0201054758370965,weak,high,300,sparse
gamma_weak__noise_high__T_300__density_sparse__seed_001,Video,-5.957145575525375e-07,1955.00116462196,-0.0011646219600152,1955.0,1,0.0,0.0576972325054321,0.0907874793947675,5.957145575525375e-07,0.05769782821998965,0.09078807510932506,weak,high,300,sparse
gamma_weak__noise_high__T_300__density_sparse__seed_001,Display,,0.0,0.0,0.0,1,0.0,0.0,,,,,weak,high,300,sparse
gamma_weak__noise_high__T_300__density_sparse__seed_001,Social,0.2044916879007674,547.6438322153537,140.7761677846463,688.42,1,0.088290593872868,0.0,,-0.11620109402789941,-0.2044916879007674,,weak,high,300,sparse
gamma_weak__noise_high__T_300__density_sparse__seed_001,Search,-5.210756226086473e-08,3534.8001841898117,-0.0001841898110797,3534.8,1,0.0,0.0537552352642815,0.0,5.210756226086473e-08,0.053755287371843756,5.210756226086473e-08,weak,high,300,sparse
gamma_weak__noise_high__T_300__density_sparse__seed_001,Affiliate,1.268481782500604e-06,1655.547899964985,0.0021000350150188,1655.55,1,0.0,0.0,,-1.268481782500604e-06,-1.268481782500604e-06,,weak,high,300,sparse
gamma_weak__noise_high__T_300__density_sparse__seed_002,TV,0.0184654294185893,2703.803835543494,50.86616445650543,2754.67,2,0.0462274340269418,0.0,0.0,0.0277620046083525,-0.0184654294185893,-0.0184654294185893,weak,high,300,sparse
gamma_weak__noise_high__T_300__density_sparse__seed_002,Video,1.1443515892276465e-07,1892.3997834429051,0.0002165570947454,1892.4,2,0.0,0.1779649228750479,,-1.1443515892276465e-07,0.17796480843988896,,weak,high,300,sparse
gamma_weak__noise_high__T_300__density_sparse__seed_002,Display,,0.0,0.0,0.0,2,0.0,0.0,,,,,weak,high,300,sparse
gamma_weak__noise_high__T_300__density_sparse__seed_002,Social,0.2096804988831511,535.5521067368214,142.08789326317856,677.64,2,0.1662582487531201,0.0,,-0.04342225013003101,-0.2096804988831511,,weak,high,300,sparse
gamma_weak__noise_high__T_300__density_sparse__seed_002,Search,1.2137835120141296e-06,3419.1358499042426,0.0041500957572679,3419.14,2,0.0,0.0,0.0,-1.2137835120141296e-06,-1.2137835120141296e-06,-1.2137835120141296e-06,weak,high,300,sparse
gamma_weak__noise_high__T_300__density_sparse__seed_002,Affiliate,7.117599504795885e-07,1618.2288482086954,0.0011517913046645,1618.23,2,0.0,0.0,,-7.117599504795885e-07,-7.117599504795885e-07,,weak,high,300,sparse
gamma_weak__noise_high__T_300__density_sparse__seed_003,TV,0.0179176462570271,3341.653058492914,60.96694150708572,3402.62,3,0.032548172082644,0.0,0.0,0.014630525825616903,-0.0179176462570271,-0.0179176462570271,weak,high,300,sparse
gamma_weak__noise_high__T_300__density_sparse__seed_003,Video,-6.980091620871687e-06,2315.906165124384,-0.0161651243838605,2315.89,3,0.0,0.0,0.0,6.980091620871687e-06,6.980091620871687e-06,6.980091620871687e-06,weak,high,300,sparse
gamma_weak__noise_high__T_300__density_sparse__seed_003,Display,,0.0,0.0,0.0,3,0.0,0.0,,,,,weak,high,300,sparse
gamma_weak__noise_high__T_300__density_sparse__seed_003,Social,0.1914464177460094,611.088626395921,144.691373604079,755.78,3,0.1287001126801867,0.0,,-0.06274630506582271,-0.1914464177460094,,weak,high,300,sparse
gamma_weak__noise_high__T_300__density_sparse__seed_003,Search,-1.043319904781704e-06,3901.774070794305,-0.0040707943048801,3901.77,3,0.0,0.2102328022022022,0.1564316755472304,1.043319904781704e-06,0.21023384552210697,0.15643271886713517,weak,high,300,sparse
gamma_weak__noise_high__T_300__density_sparse__seed_003,Affiliate,1.540889431420393e-06,1862.2371304940648,0.0028695059347683,1862.24,3,0.0,0.0,,-1.540889431420393e-06,-1.540889431420393e-06,,weak,high,300,sparse
gamma_weak__noise_high__T_300__density_sparse__seed_004,TV,0.0181492586751515,2755.9175717950643,50.94242820493582,2806.86,4,0.0427960636197576,0.0,0.0,0.024646804944606103,-0.0181492586751515,-0.0181492586751515,weak,high,300,sparse
gamma_weak__noise_high__T_300__density_sparse__seed_004,Video,-1.1405420582772852e-06,1967.9022444727168,-0.0022444727164838,1967.9,4,0.0,0.0,,1.1405420582772852e-06,1.1405420582772852e-06,,weak,high,300,sparse
gamma_weak__noise_high__T_300__density_sparse__seed_004,Display,,0.0,0.0,0.0,4,0.0,0.0,,,,,weak,high,300,sparse
gamma_weak__noise_high__T_300__density_sparse__seed_004,Social,0.1890593068220905,528.5305967787025,123.21940322129753,651.75,4,0.0784789643324415,0.0,,-0.11058034248964899,-0.1890593068220905,,weak,high,300,sparse
gamma_weak__noise_high__T_300__density_sparse__seed_004,Search,1.2797410801770525e-06,3363.81569518136,0.0043048186403211,3363.82,4,0.0,0.0,,-1.2797410801770525e-06,-1.2797410801770525e-06,,weak,high,300,sparse
gamma_weak__noise_high__T_300__density_sparse__seed_004,Affiliate,-1.6442770219559038e-06,1600.0726309583345,-0.0026309583345209,1600.07,4,0.0,0.0,,1.6442770219559038e-06,1.6442770219559038e-06,,weak,high,300,sparse
gamma_weak__noise_high__T_300__density_sparse__seed_005,TV,0.0212224793455164,2886.473635061311,62.5863649386888,2949.06,5,0.0090909174153651,0.1580217786855033,0.2180697246011821,-0.012131561930151299,0.13679929933998689,0.1968472452556657,weak,high,300,sparse
gamma_weak__noise_high__T_300__density_sparse__seed_005,Video,-1.8538445753091191e-06,2147.963981983994,-0.0039819839939809,2147.96,5,0.0,0.0,0.0,1.8538445753091191e-06,1.8538445753091191e-06,1.8538445753091191e-06,weak,high,300,sparse
gamma_weak__noise_high__T_300__density_sparse__seed_005,Display,,0.0,0.0,0.0,5,0.0,0.6329722572594061,1.0,,,,weak,high,300,sparse
gamma_weak__noise_high__T_300__density_sparse__seed_005,Social,0.1996427240923429,591.5920840599038,147.5679159400962,739.16,5,0.163280022026419,0.0,,-0.0363627020659239,-0.1996427240923429,,weak,high,300,sparse
gamma_weak__noise_high__T_300__density_sparse__seed_005,Search,-2.7201280274071026e-08,3684.660100227469,-0.0001002274693746,3684.66,5,0.0,0.0,,2.7201280274071026e-08,2.7201280274071026e-08,,weak,high,300,sparse
gamma_weak__noise_high__T_300__density_sparse__seed_005,Affiliate,1.877845404757695e-06,1766.506682767314,0.0033172326859585,1766.51,5,0.0,0.1180535477000404,,-1.877845404757695e-06,0.11805166985463564,,weak,high,300,sparse
gamma_weak__noise_high__T_80__density_dense__seed_001,TV,0.0289068862953548,363.55783990874505,10.822160091254943,374.38,1,0.2196568433780839,0.0,0.0,0.1907499570827291,-0.0289068862953548,-0.0289068862953548,weak,high,80,dense
gamma_weak__noise_high__T_80__density_dense__seed_001,Video,0.0366725626239148,265.32927607649515,10.10072392350486,275.43,1,0.2604265252617901,0.3000459958867342,,0.2237539626378753,0.26337343326281937,,weak,high,80,dense
gamma_weak__noise_high__T_80__density_dense__seed_001,Display,1.0,0.0,49.34,49.34,1,0.3050619441782872,0.2592563951942924,,-0.6949380558217129,-0.7407436048057077,,weak,high,80,dense
gamma_weak__noise_high__T_80__density_dense__seed_001,Social,0.1907950415931877,74.90001095013454,17.65998904986546,92.56,1,0.2678523874503502,0.3186440100093011,,0.07705734585716253,0.1278489684161134,,weak,high,80,dense
gamma_weak__noise_high__T_80__density_dense__seed_001,Search,-1.0375278330720476e-05,504.9452388930403,-0.0052388930403139,504.94,1,0.0,0.0,,1.0375278330720476e-05,1.0375278330720476e-05,,weak,high,80,dense
gamma_weak__noise_high__T_80__density_dense__seed_001,Affiliate,1.271709694253548e-05,240.94693581549168,0.0030641845083039,240.95,1,0.0,0.0,,-1.271709694253548e-05,-1.271709694253548e-05,,weak,high,80,dense
gamma_weak__noise_high__T_80__density_dense__seed_002,TV,0.0311054369228596,421.6629138511715,13.537086148828507,435.2,2,0.074341936757749,0.0803777609239611,,0.0432364998348894,0.04927232400110149,,weak,high,80,dense
gamma_weak__noise_high__T_80__density_dense__seed_002,Video,0.0367441347911905,304.6392999309381,11.620700069061913,316.26,2,0.1147977400439079,0.0,0.0,0.0780536052527174,-0.0367441347911905,-0.0367441347911905,weak,high,80,dense
gamma_weak__noise_high__T_80__density_dense__seed_002,Display,1.0,0.0,56.06,56.06,2,0.1626033947155122,0.0,,-0.8373966052844878,-1.0,,weak,high,80,dense
gamma_weak__noise_high__T_80__density_dense__seed_002,Social,0.1964002226500477,85.69588025659891,20.94411974340109,106.64,2,0.1920230431644061,0.0,,-0.004377179485641591,-0.1964002226500477,,weak,high,80,dense
gamma_weak__noise_high__T_80__density_dense__seed_002,Search,4.37203846938841e-06,545.1376166269488,0.0023833730512023,545.14,2,0.0,0.0,,-4.37203846938841e-06,-4.37203846938841e-06,,weak,high,80,dense
gamma_weak__noise_high__T_80__density_dense__seed_002,Affiliate,1.5384344920947856e-05,258.8860171469434,0.0039828530565841,258.89,2,0.0,0.0,,-1.5384344920947856e-05,-1.5384344920947856e-05,,weak,high,80,dense
gamma_weak__noise_high__T_80__density_dense__seed_003,TV,0.0225509489595997,602.9687706058021,13.911229394197903,616.88,3,0.2990608477281287,0.3366282817445206,1.0,0.276509898768529,0.3140773327849209,0.9774490510404003,weak,high,80,dense
gamma_weak__noise_high__T_80__density_dense__seed_003,Video,0.0409715549689861,449.70761844394303,19.212381556056982,468.92,3,0.0257211157284381,0.0,,-0.015250439240548,-0.0409715549689861,,weak,high,80,dense
gamma_weak__noise_high__T_80__density_dense__seed_003,Display,1.0,0.0,58.14,58.14,3,0.3912072769769431,0.2298559684764734,1.0,-0.608792723023057,-0.7701440315235266,0.0,weak,high,80,dense
gamma_weak__noise_high__T_80__density_dense__seed_003,Social,0.1820573566919571,109.42436682174996,24.35563317825003,133.78,3,0.0705109420928726,0.0,,-0.1115464145990845,-0.1820573566919571,,weak,high,80,dense
gamma_weak__noise_high__T_80__density_dense__seed_003,Search,-5.925526746601549e-07,683.7804051756679,-0.0004051756678791,683.78,3,0.0,0.388785390283561,0.0,5.925526746601549e-07,0.38878598283623567,5.925526746601549e-07,weak,high,80,dense
gamma_weak__noise_high__T_80__density_dense__seed_003,Affiliate,-5.810729566124863e-06,323.29187855076145,-0.0018785507614325,323.29,3,0.0,0.0,,5.810729566124863e-06,5.810729566124863e-06,,weak,high,80,dense
gamma_weak__noise_high__T_80__density_dense__seed_004,TV,0.0260721642023126,403.7417843299313,10.808215670068703,414.55,4,0.1361423457419029,0.0,,0.1100701815395903,-0.0260721642023126,,weak,high,80,dense
gamma_weak__noise_high__T_80__density_dense__seed_004,Video,0.0421773100538579,319.66374454262547,14.076255457374543,333.74,4,0.0278068948624103,0.0,,-0.014370415191447598,-0.0421773100538579,,weak,high,80,dense
gamma_weak__noise_high__T_80__density_dense__seed_004,Display,1.0,0.0,51.71,51.71,4,0.1555637615170278,0.0,,-0.8444362384829722,-1.0,,weak,high,80,dense
gamma_weak__noise_high__T_80__density_dense__seed_004,Social,0.2128374186798651,81.65237456033759,22.077625439662413,103.73,4,0.1061637177487624,0.0,,-0.1066737009311027,-0.2128374186798651,,weak,high,80,dense
gamma_weak__noise_high__T_80__density_dense__seed_004,Search,-4.573582947347146e-06,522.4623895141467,-0.0023895141466709,522.46,4,0.0,0.0,0.0,4.573582947347146e-06,4.573582947347146e-06,4.573582947347146e-06,weak,high,80,dense
gamma_weak__noise_high__T_80__density_dense__seed_004,Affiliate,8.893604476639934e-06,245.97781235117083,0.0021876488291638,245.98,4,0.0,0.0,,-8.893604476639934e-06,-8.893604476639934e-06,,weak,high,80,dense
gamma_weak__noise_high__T_80__density_dense__seed_005,TV,0.0255118895273427,498.42143386345,13.048566136549994,511.47,5,0.5313959476665865,0.0,,0.5058840581392438,-0.0255118895273427,,weak,high,80,dense
gamma_weak__noise_high__T_80__density_dense__seed_005,Video,0.0373965092975457,346.5372566528835,13.462743347116486,360.0,5,0.0493428911491767,0.0,,0.011946381851631,-0.0373965092975457,,weak,high,80,dense
gamma_weak__noise_high__T_80__density_dense__seed_005,Display,1.0,0.0,46.0,46.0,5,0.1524849645868566,0.0,,-0.8475150354131434,-1.0,,weak,high,80,dense
gamma_weak__noise_high__T_80__density_dense__seed_005,Social,0.2074955388730643,94.72013319389134,24.799866806108653,119.52,5,0.160008292314889,0.0,,-0.047487246558175294,-0.2074955388730643,,weak,high,80,dense
gamma_weak__noise_high__T_80__density_dense__seed_005,Search,6.8607222644431216e-06,611.6758034334052,0.0041965665947145,611.68,5,0.0,0.0,,-6.8607222644431216e-06,-6.8607222644431216e-06,,weak,high,80,dense
gamma_weak__noise_high__T_80__density_dense__seed_005,Affiliate,1.5354645407034927e-05,293.6254914154691,0.0045085845308676,293.63,5,0.0,0.0,,-1.5354645407034927e-05,-1.5354645407034927e-05,,weak,high,80,dense
gamma_weak__noise_high__T_80__density_medium__seed_001,TV,0.023341150894221,364.9481121453565,8.721887854643569,373.67,1,0.1181937158604493,0.1183919828654824,0.0,0.09485256496622829,0.0950508319712614,-0.023341150894221,weak,high,80,medium
gamma_weak__noise_high__T_80__density_medium__seed_001,Video,0.0364871106708088,266.3438679972683,10.086132002731688,276.43,1,0.2612173936533855,0.2573151094165375,,0.2247302829825767,0.22082799874572873,,weak,high,80,medium
gamma_weak__noise_high__T_80__density_medium__seed_001,Display,1.0,0.0,9.82,9.82,1,0.2380301783139972,0.2469578798589939,,-0.7619698216860028,-0.7530421201410061,,weak,high,80,medium
gamma_weak__noise_high__T_80__density_medium__seed_001,Social,0.1922025639281982,75.01206991362751,17.847930086372486,92.86,1,0.2724588985004836,0.2602883281921427,,0.0802563345722854,0.0680857642639445,,weak,high,80,medium
gamma_weak__noise_high__T_80__density_medium__seed_001,Search,4.273085259427831e-06,506.7378346567757,0.0021653432243624,506.74,1,0.0,0.0,,-4.273085259427831e-06,-4.273085259427831e-06,,weak,high,80,medium
gamma_weak__noise_high__T_80__density_medium__seed_001,Affiliate,6.66762204775373e-06,241.8683873022553,0.0016126977446901,241.87,1,0.0,0.0,,-6.66762204775373e-06,-6.66762204775373e-06,,weak,high,80,medium
gamma_weak__noise_high__T_80__density_medium__seed_002,TV,0.0244204465464991,421.9771800507773,10.562819949222728,432.54,2,0.0368883502648986,0.0511569803415118,,0.012467903718399502,0.0267365337950127,,weak,high,80,medium
gamma_weak__noise_high__T_80__density_medium__seed_002,Video,0.0365739186452579,304.86654918389456,11.573450816105437,316.44,2,0.1166375127169949,0.1742569705822957,0.0,0.08006359407173701,0.13768305193703778,-0.0365739186452579,weak,high,80,medium
gamma_weak__noise_high__T_80__density_medium__seed_002,Display,1.0,0.0,12.6,12.6,2,0.0952010796273326,0.0,,-0.9047989203726674,-1.0,,weak,high,80,medium
gamma_weak__noise_high__T_80__density_medium__seed_002,Social,0.1970516029302379,85.58626964366594,21.00373035633406,106.59,2,0.1871017669975636,0.0,,-0.009949835932674317,-0.1970516029302379,,weak,high,80,medium
gamma_weak__noise_high__T_80__density_medium__seed_002,Search,5.900250826024754e-06,545.4967814131744,0.0032185868255965,545.5,2,0.0,0.0,,-5.900250826024754e-06,-5.900250826024754e-06,,weak,high,80,medium
gamma_weak__noise_high__T_80__density_medium__seed_002,Affiliate,3.792155131985098e-06,259.0790175284484,0.0009824715515946,259.08,2,0.0,0.0,,-3.792155131985098e-06,-3.792155131985098e-06,,weak,high,80,medium
gamma_weak__noise_high__T_80__density_medium__seed_003,TV,0.0180974108590579,606.45249613112,11.177503868879969,617.63,3,0.0834630425835474,0.2321669500158083,,0.0653656317244895,0.21406953915675042,,weak,high,80,medium
gamma_weak__noise_high__T_80__density_medium__seed_003,Video,0.0409329298135526,452.30562097063046,19.30437902936956,471.61,3,0.0292284471229178,0.3097388293054661,,-0.011704482690634802,0.26880589949191347,,weak,high,80,medium
gamma_weak__noise_high__T_80__density_medium__seed_003,Display,1.0,0.0,13.49,13.49,3,0.3663793591774393,0.2357757693833274,,-0.6336206408225606,-0.7642242306166727,,weak,high,80,medium
gamma_weak__noise_high__T_80__density_medium__seed_003,Social,0.1851006118779308,110.41071809665917,25.079281903340856,135.49,3,0.0808953151962937,0.0,,-0.10420529668163711,-0.1851006118779308,,weak,high,80,medium
gamma_weak__noise_high__T_80__density_medium__seed_003,Search,-1.7634032039303665e-07,687.8501212956894,-0.0001212956893823,687.85,3,0.0,0.4829608910997566,,1.7634032039303665e-07,0.482961067440077,,weak,high,80,medium
gamma_weak__noise_high__T_80__density_medium__seed_003,Affiliate,9.69973409710103e-07,325.1596846034461,0.0003153965539013,325.16,3,0.0,0.0,,-9.69973409710103e-07,-9.69973409710103e-07,,weak,high,80,medium
gamma_weak__noise_high__T_80__density_medium__seed_004,TV,0.0205370202071883,403.999095275141,8.470904724858997,412.47,4,0.0676954430417881,0.0,,0.0471584228345998,-0.0205370202071883,,weak,high,80,medium
gamma_weak__noise_high__T_80__density_medium__seed_004,Video,0.0419973958088697,319.8674895133765,14.022510486623505,333.89,4,0.0278890928777673,0.0,,-0.0141083029311024,-0.0419973958088697,,weak,high,80,medium
gamma_weak__noise_high__T_80__density_medium__seed_004,Display,1.0,0.0,11.29,11.29,4,0.1051676127157849,0.0,,-0.8948323872842151,-1.0,,weak,high,80,medium
gamma_weak__noise_high__T_80__density_medium__seed_004,Social,0.2125212071225361,81.59067773003403,22.01932226996597,103.61,4,0.1020512676704487,0.0,,-0.11046993945208741,-0.2125212071225361,,weak,high,80,medium
gamma_weak__noise_high__T_80__density_medium__seed_004,Search,-3.3661614445448387e-06,522.8217598965265,-0.0017598965264369,522.82,4,0.0,0.0,0.0,3.3661614445448387e-06,3.3661614445448387e-06,3.3661614445448387e-06,weak,high,80,medium
gamma_weak__noise_high__T_80__density_medium__seed_004,Affiliate,-1.8178368351678533e-05,246.1344742418024,-0.0044742418023986,246.13,4,0.0,0.0,,1.8178368351678533e-05,1.8178368351678533e-05,,weak,high,80,medium
gamma_weak__noise_high__T_80__density_medium__seed_005,TV,0.0205437898034564,498.22978500277776,10.450214997222249,508.68,5,0.1618592824746992,0.2791270551991437,,0.1413154926712428,0.2585832653956873,,weak,high,80,medium
gamma_weak__noise_high__T_80__density_medium__seed_005,Video,0.0372318647778092,346.40397505294425,13.396024947055764,359.8,5,0.0473797677507655,0.0,,0.0101479029729563,-0.0372318647778092,,weak,high,80,medium
gamma_weak__noise_high__T_80__density_medium__seed_005,Display,1.0,0.0,10.03,10.03,5,0.1262247385599638,0.0,,-0.8737752614400363,-1.0,,weak,high,80,medium
gamma_weak__noise_high__T_80__density_medium__seed_005,Social,0.2080747195509198,95.01519514828064,24.964804851719364,119.98,5,0.1392088537460122,0.0,,-0.06886586580490761,-0.2080747195509198,,weak,high,80,medium
gamma_weak__noise_high__T_80__density_medium__seed_005,Search,-2.8961608871798543e-06,611.3017704231503,-0.001770423150333,611.3,5,0.0,0.4009201147744145,,2.8961608871798543e-06,0.4009230109353017,,weak,high,80,medium
gamma_weak__noise_high__T_80__density_medium__seed_005,Affiliate,-8.64094227417823e-06,293.5125362029669,-0.002536202966894,293.51,5,0.0,0.0,,8.64094227417823e-06,8.64094227417823e-06,,weak,high,80,medium
gamma_weak__noise_high__T_80__density_sparse__seed_001,TV,0.0233421475561044,367.1256867336603,8.774313266339675,375.9,1,0.1270181547248087,0.1243766706006164,0.0,0.10367600716870431,0.10103452304451199,-0.0233421475561044,weak,high,80,sparse
gamma_weak__noise_high__T_80__density_sparse__seed_001,Video,-1.194285835896947e-05,267.9331998500401,-0.0031998500401186,267.93,1,0.0,0.0,,1.194285835896947e-05,1.194285835896947e-05,,weak,high,80,sparse
gamma_weak__noise_high__T_80__density_sparse__seed_001,Display,,0.0,0.0,0.0,1,0.0,0.220686521085783,,,,,weak,high,80,sparse
gamma_weak__noise_high__T_80__density_sparse__seed_001,Social,0.1922564590137221,75.73403440287342,18.025965597126586,93.76,1,0.2546945854327563,0.2445098709204547,,0.06243812641903421,0.052253411906732605,,weak,high,80,sparse
gamma_weak__noise_high__T_80__density_sparse__seed_001,Search,6.043463563751421e-07,510.2896916080978,0.0003083919021946,510.29,1,0.0,0.0,,-6.043463563751421e-07,-6.043463563751421e-07,,weak,high,80,sparse
gamma_weak__noise_high__T_80__density_sparse__seed_001,Affiliate,-6.664065123570071e-06,243.3116214336852,-0.0016214336852158,243.31,1,0.0,0.0,,6.664065123570071e-06,6.664065123570071e-06,,weak,high,80,sparse
gamma_weak__noise_high__T_80__density_sparse__seed_002,TV,0.0243915108970904,425.0823747870287,10.627625212971282,435.71,2,0.0395688142198842,0.0515997451432206,,0.015177303322793802,0.027208234246130197,,weak,high,80,sparse
gamma_weak__noise_high__T_80__density_sparse__seed_002,Video,2.812268663465384e-07,307.1099136324171,8.63675829236854e-05,307.11,2,0.0,0.1411398258673993,0.0,-2.812268663465384e-07,0.14113954464053294,-2.812268663465384e-07,weak,high,80,sparse
gamma_weak__noise_high__T_80__density_sparse__seed_002,Display,,0.0,0.0,0.0,2,0.0,0.0,,,,,weak,high,80,sparse
gamma_weak__noise_high__T_80__density_sparse__seed_002,Social,0.1967970445580467,86.30415756223788,21.145842437762127,107.45,2,0.1789197152444053,0.0,,-0.017877329313641388,-0.1967970445580467,,weak,high,80,sparse
gamma_weak__noise_high__T_80__density_sparse__seed_002,Search,6.231711826839346e-06,549.7565740541061,0.0034259458939231,549.76,2,0.0,0.0,,-6.231711826839346e-06,-6.231711826839346e-06,,weak,high,80,sparse
gamma_weak__noise_high__T_80__density_sparse__seed_002,Affiliate,1.8056198322138715e-05,260.9852875127999,0.0047124872000949,260.99,2,0.0,0.0,,-1.8056198322138715e-05,-1.8056198322138715e-05,,weak,high,80,sparse
gamma_weak__noise_high__T_80__density_sparse__seed_003,TV,0.0180462368901097,609.7441892030864,11.205810796913624,620.95,3,0.0916918842603858,0.2437681833480851,,0.0736456473702761,0.2257219464579754,,weak,high,80,sparse
gamma_weak__noise_high__T_80__density_sparse__seed_003,Video,-1.8834894591819925e-06,454.7608565356665,-0.0008565356664576,454.76,3,0.0,0.3254384367191004,,1.8834894591819925e-06,0.32544032020855956,,weak,high,80,sparse
gamma_weak__noise_high__T_80__density_sparse__seed_003,Display,,0.0,0.0,0.0,3,0.0,0.2394621850678684,,,,,weak,high,80,sparse
gamma_weak__noise_high__T_80__density_sparse__seed_003,Social,0.1848785581376365,111.1499598123519,25.21004018764812,136.36,3,0.0730299151316153,0.0,,-0.11184864300602121,-0.1848785581376365,,weak,high,80,sparse
gamma_weak__noise_high__T_80__density_sparse__seed_003,Search,-5.550684747008566e-06,691.6438390755984,-0.003839075598421,691.64,3,0.0,0.4661076891152633,,5.550684747008566e-06,0.4661132398000103,,weak,high,80,sparse
gamma_weak__noise_high__T_80__density_sparse__seed_003,Affiliate,-1.4492388904461187e-05,326.92473785178066,-0.0047378517806464,326.92,3,0.0,0.0,,1.4492388904461187e-05,1.4492388904461187e-05,,weak,high,80,sparse
gamma_weak__noise_high__T_80__density_sparse__seed_004,TV,0.020564275677977,407.8174468932039,8.562553106796088,416.38,4,0.0660941152058619,0.0,,0.045529839527884905,-0.020564275677977,,weak,high,80,sparse
gamma_weak__noise_high__T_80__density_sparse__seed_004,Video,-1.0809211020979763e-06,322.89034901861464,-0.0003490186146564,322.89,4,0.0,0.0,,1.0809211020979763e-06,1.0809211020979763e-06,,weak,high,80,sparse
gamma_weak__noise_high__T_80__density_sparse__seed_004,Display,,0.0,0.0,0.0,4,0.0,0.0,,,,,weak,high,80,sparse
gamma_weak__noise_high__T_80__density_sparse__seed_004,Social,0.2119573274909677,82.63415463929712,22.22584536070288,104.86,4,0.1031832417749686,0.0,,-0.10877408571599911,-0.2119573274909677,,weak,high,80,sparse
gamma_weak__noise_high__T_80__density_sparse__seed_004,Search,8.708708207162392e-06,528.0554012795441,0.0045987204558741,528.06,4,0.0,0.0,0.0,-8.708708207162392e-06,-8.708708207162392e-06,-8.708708207162392e-06,weak,high,80,sparse
gamma_weak__noise_high__T_80__density_sparse__seed_004,Affiliate,-3.3751161622672284e-06,248.46083858136168,-0.0008385813616769,248.46,4,0.0,0.0,,3.3751161622672284e-06,3.3751161622672284e-06,,weak,high,80,sparse
gamma_weak__noise_high__T_80__density_sparse__seed_005,TV,0.0206017680217644,501.1972512325423,10.542748767457738,511.74,5,0.1709421110248935,0.2039030905790327,,0.15034034300312912,0.1833013225572683,,weak,high,80,sparse
gamma_weak__noise_high__T_80__density_sparse__seed_005,Video,8.1383580133871e-06,348.4671640263831,0.002835973616925,348.47,5,0.0,0.0,,-8.1383580133871e-06,-8.1383580133871e-06,,weak,high,80,sparse
gamma_weak__noise_high__T_80__density_sparse__seed_005,Display,,0.0,0.0,0.0,5,0.0,0.0,,,,,weak,high,80,sparse
gamma_weak__noise_high__T_80__density_sparse__seed_005,Social,0.2090289611895133,95.37528785976848,25.20471214023152,120.58,5,0.1600656264974713,0.0,,-0.048963334692042004,-0.2090289611895133,,weak,high,80,sparse
gamma_weak__noise_high__T_80__density_sparse__seed_005,Search,-1.6858871564479185e-06,614.8710366014359,-0.0010366014358851,614.87,5,0.0,0.0,,1.6858871564479185e-06,1.6858871564479185e-06,,weak,high,80,sparse
gamma_weak__noise_high__T_80__density_sparse__seed_005,Affiliate,-2.380465602101161e-06,295.26070285627367,-0.0007028562736763,295.26,5,0.0,0.0,,2.380465602101161e-06,2.380465602101161e-06,,weak,high,80,sparse
gamma_weak__noise_low__T_156__density_dense__seed_001,TV,0.023843337674888,1220.8693760033943,29.82062399660572,1250.69,1,0.0891960415570506,0.0657569435335401,0.0046742934928231,0.0653527038821626,0.0419136058586521,-0.019169044182064898,weak,low,156,dense
gamma_weak__noise_low__T_156__density_dense__seed_001,Video,0.039269344420294,811.1929290387247,33.15707096127528,844.35,1,0.0151914049037934,0.0,,-0.0240779395165006,-0.039269344420294,,weak,low,156,dense
gamma_weak__noise_low__T_156__density_dense__seed_001,Display,1.0,0.0,141.13,141.13,1,0.5510652636242381,0.2577875238275491,1.0,-0.44893473637576187,-0.7422124761724509,0.0,weak,low,156,dense
gamma_weak__noise_low__T_156__density_dense__seed_001,Social,0.1990646702435297,234.66604226534824,58.32395773465177,292.99,1,0.103063806094753,0.136049058233446,1.0,-0.09600086414877669,-0.06301561201008368,0.8009353297564703,weak,low,156,dense
gamma_weak__noise_low__T_156__density_dense__seed_001,Search,-1.1385416733466616e-06,1505.111713630458,-0.0017136304579707,1505.11,1,0.0,0.0,0.0,1.1385416733466616e-06,1.1385416733466616e-06,1.1385416733466616e-06,weak,low,156,dense
gamma_weak__noise_low__T_156__density_dense__seed_001,Affiliate,-6.732415011618629e-06,709.2147746960504,-0.00477469605039,709.21,1,0.0,0.5944651373682012,0.0,6.732415011618629e-06,0.5944718697832128,6.732415011618629e-06,weak,low,156,dense
gamma_weak__noise_low__T_156__density_dense__seed_002,TV,0.0247160057364686,1394.3440209186856,35.33597908131446,1429.68,2,0.1242429561534499,0.0,0.0,0.09952695041698129,-0.0247160057364686,-0.0247160057364686,weak,low,156,dense
gamma_weak__noise_low__T_156__density_dense__seed_002,Video,0.0330806956194592,1130.7251037356482,38.68489626435189,1169.41,2,0.0366126653043967,0.0,,0.0035319696849374985,-0.0330806956194592,,weak,low,156,dense
gamma_weak__noise_low__T_156__density_dense__seed_002,Display,1.0,0.0,150.23,150.23,2,0.3750956678201012,0.0,,-0.6249043321798988,-1.0,,weak,low,156,dense
gamma_weak__noise_low__T_156__density_dense__seed_002,Social,0.1967743484241152,270.6709800680417,66.30901993195835,336.98,2,0.1995790853040304,0.0,,0.0028047368799151984,-0.1967743484241152,,weak,low,156,dense
gamma_weak__noise_low__T_156__density_dense__seed_002,Search,-1.6262964273052616e-06,1749.152844636396,-0.0028446363958209,1749.15,2,0.0,0.0,,1.6262964273052616e-06,1.6262964273052616e-06,,weak,low,156,dense
gamma_weak__noise_low__T_156__density_dense__seed_002,Affiliate,3.791617901218191e-06,829.7468539050465,0.0031460949535357,829.75,2,0.0,0.0,,-3.791617901218191e-06,-3.791617901218191e-06,,weak,low,156,dense
gamma_weak__noise_low__T_156__density_dense__seed_003,TV,0.0219889827770944,1707.0986703422373,38.38132965776276,1745.48,3,0.0244366095940793,0.0,0.0,0.0024476268169849012,-0.0219889827770944,-0.0219889827770944,weak,low,156,dense
gamma_weak__noise_low__T_156__density_dense__seed_003,Video,0.039502041579208,1073.8847424123664,44.16525758763351,1118.05,3,0.0228221100375665,0.0,,-0.0166799315416415,-0.039502041579208,,weak,low,156,dense
gamma_weak__noise_low__T_156__density_dense__seed_003,Display,1.0,0.0,196.55,196.55,3,0.2328476281774271,0.1445035654836619,1.0,-0.7671523718225729,-0.8554964345163381,0.0,weak,low,156,dense
gamma_weak__noise_low__T_156__density_dense__seed_003,Social,0.2038939747884762,285.7383745689201,73.18162543107991,358.92,3,0.2509263422293453,0.0,,0.04703236744086908,-0.2038939747884762,,weak,low,156,dense
gamma_weak__noise_low__T_156__density_dense__seed_003,Search,-2.5640837451473426e-06,1854.6947555804811,-0.0047555804812873,1854.69,3,0.0,0.0,0.0,2.5640837451473426e-06,2.5640837451473426e-06,2.5640837451473426e-06,weak,low,156,dense
gamma_weak__noise_low__T_156__density_dense__seed_003,Affiliate,-3.1686235811499176e-06,877.6227808474273,-0.0027808474272887,877.62,3,0.0,0.0,,3.1686235811499176e-06,3.1686235811499176e-06,,weak,low,156,dense
gamma_weak__noise_low__T_156__density_dense__seed_004,TV,0.0273565038129315,1128.2372762721138,31.7327237278862,1159.97,4,0.0734251428143881,0.0,0.0,0.04606863900145659,-0.0273565038129315,-0.0273565038129315,weak,low,156,dense
gamma_weak__noise_low__T_156__density_dense__seed_004,Video,0.0391301855057313,772.9717222699145,31.47827773008555,804.45,4,0.0616745344143942,0.0619643053668762,1.0,0.0225443489086629,0.0228341198611449,0.9608698144942687,weak,low,156,dense
gamma_weak__noise_low__T_156__density_dense__seed_004,Display,1.0,0.0,120.49,120.49,4,0.3619161619012711,0.0,,-0.6380838380987288,-1.0,,weak,low,156,dense
gamma_weak__noise_low__T_156__density_dense__seed_004,Social,0.1945874881705585,221.87503875877456,53.60496124122545,275.48,4,0.2562594383102405,0.0,,0.06167195013968202,-0.1945874881705585,,weak,low,156,dense
gamma_weak__noise_low__T_156__density_dense__seed_004,Search,-6.893955431504174e-07,1427.720984263805,-0.0009842638048667,1427.72,4,0.0,0.0,0.0,6.893955431504174e-07,6.893955431504174e-07,6.893955431504174e-07,weak,low,156,dense
gamma_weak__noise_low__T_156__density_dense__seed_004,Affiliate,-3.6925930624634287e-06,680.0025109632825,-0.0025109632824751,680.0,4,0.0,0.0,,3.6925930624634287e-06,3.6925930624634287e-06,,weak,low,156,dense
gamma_weak__noise_low__T_156__density_dense__seed_005,TV,0.0233026790577894,1339.8529188149432,31.967081185056717,1371.82,5,0.092784564638298,0.0,0.0,0.06948188558050859,-0.0233026790577894,-0.0233026790577894,weak,low,156,dense
gamma_weak__noise_low__T_156__density_dense__seed_005,Video,0.035975164551775,889.9106060989654,33.20939390103456,923.12,5,0.0287505217579396,0.0,,-0.007224642793835397,-0.035975164551775,,weak,low,156,dense
gamma_weak__noise_low__T_156__density_dense__seed_005,Display,1.0,0.0,131.49,131.49,5,0.2457514176820129,0.0,,-0.7542485823179871,-1.0,,weak,low,156,dense
gamma_weak__noise_low__T_156__density_dense__seed_005,Social,0.2077578383197342,261.17055101951644,68.48944898048359,329.66,5,0.1163168875270536,0.1727399164215598,1.0,-0.09144095079268061,-0.0350179218981744,0.7922421616802657,weak,low,156,dense
gamma_weak__noise_low__T_156__density_dense__seed_005,Search,2.70212902494699e-06,1595.2256894827156,0.0043105172844661,1595.23,5,0.0,0.3790918096762634,0.3293922460044434,-2.70212902494699e-06,0.37908910754723846,0.32938954387541847,weak,low,156,dense
gamma_weak__noise_low__T_156__density_dense__seed_005,Affiliate,-5.467677368470345e-06,759.8841547786787,-0.0041547786787532,759.88,5,0.0,0.0,0.0,5.467677368470345e-06,5.467677368470345e-06,5.467677368470345e-06,weak,low,156,dense
gamma_weak__noise_low__T_156__density_medium__seed_001,TV,0.0189437545088767,1226.19276955199,23.677230448009823,1249.87,1,0.0492105548403219,0.0186840597619887,0.0004775742751882,0.030266800331445198,-0.00025969474688800065,-0.0184661802336885,weak,low,156,medium
gamma_weak__noise_low__T_156__density_medium__seed_001,Video,0.0393467009413522,814.7300629316392,33.369937068360855,848.1,1,0.0140574909631107,0.0,,-0.0252892099782415,-0.0393467009413522,,weak,low,156,medium
gamma_weak__noise_low__T_156__density_medium__seed_001,Display,1.0,0.0,31.62,31.62,1,0.2826405391666308,0.2762954422981133,1.0,-0.7173594608333692,-0.7237045577018867,0.0,weak,low,156,medium
gamma_weak__noise_low__T_156__density_medium__seed_001,Social,0.2014461144520438,235.6372805474909,59.442719452509095,295.08,1,0.1210788648756711,0.1420768524415625,1.0,-0.0803672495763727,-0.05936926201048129,0.7985538855479561,weak,low,156,medium
gamma_weak__noise_low__T_156__density_medium__seed_001,Search,1.7154390786772345e-07,1512.7697404935225,0.000259506477505,1512.77,1,0.0,0.0,0.0,-1.7154390786772345e-07,-1.7154390786772345e-07,-1.7154390786772345e-07,weak,low,156,medium
gamma_weak__noise_low__T_156__density_medium__seed_001,Affiliate,3.8055088186933658e-06,712.3072892980133,0.0027107019866434,712.31,1,0.0,0.5963095577470408,0.0,-3.8055088186933658e-06,0.596305752238222,-3.8055088186933658e-06,weak,low,156,medium
gamma_weak__noise_low__T_156__density_medium__seed_002,TV,0.0200051726484625,1394.2190409764853,28.46095902351476,1422.68,2,0.0748495960199985,0.0,0.0,0.05484442337153599,-0.0200051726484625,-0.0200051726484625,weak,low,156,medium
gamma_weak__noise_low__T_156__density_medium__seed_002,Video,0.0330934164079014,1130.6232063259126,38.6967936740873,1169.32,2,0.0373881736916081,0.0,,0.0042947572837067,-0.0330934164079014,,weak,low,156,medium
gamma_weak__noise_low__T_156__density_medium__seed_002,Display,1.0,0.0,33.92,33.92,2,0.0546579684424703,0.0,,-0.9453420315575297,-1.0,,weak,low,156,medium
gamma_weak__noise_low__T_156__density_medium__seed_002,Social,0.1988056611643023,271.3084389599323,67.3215610400677,338.63,2,0.1960535943391851,0.0,,-0.0027520668251171942,-0.1988056611643023,,weak,low,156,medium
gamma_weak__noise_low__T_156__density_medium__seed_002,Search,1.029764863363068e-06,1749.9981979114891,0.0018020885108853,1750.0,2,0.0,0.0,,-1.029764863363068e-06,-1.029764863363068e-06,,weak,low,156,medium
gamma_weak__noise_low__T_156__density_medium__seed_002,Affiliate,-2.73689633592972e-06,829.672270720783,-0.0022707207830308,829.67,2,0.0,0.0,,2.73689633592972e-06,2.73689633592972e-06,,weak,low,156,medium
gamma_weak__noise_low__T_156__density_medium__seed_003,TV,0.0173606601813724,1711.1976255403526,30.232374459647417,1741.43,3,0.0152214494993093,0.0,,-0.0021392106820630995,-0.0173606601813724,,weak,low,156,medium
gamma_weak__noise_low__T_156__density_medium__seed_003,Video,0.0392239158916483,1076.4631323958383,43.94686760416175,1120.41,3,0.0226365146286233,0.0,,-0.016587401263025003,-0.0392239158916483,,weak,low,156,medium
gamma_weak__noise_low__T_156__density_medium__seed_003,Display,1.0,0.0,42.12,42.12,3,0.1031380910928639,0.0,,-0.8968619089071361,-1.0,,weak,low,156,medium
gamma_weak__noise_low__T_156__density_medium__seed_003,Social,0.2026983010974937,287.0605036728584,72.97949632714165,360.04,3,0.2506252170078091,0.0,,0.04792691591031539,-0.2026983010974937,,weak,low,156,medium
gamma_weak__noise_low__T_156__density_medium__seed_003,Search,2.9555349240835653e-06,1859.3445046261388,0.0054953738610947,1859.35,3,0.0,0.1272033027690102,0.0,-2.9555349240835653e-06,0.12720034723408613,-2.9555349240835653e-06,weak,low,156,medium
gamma_weak__noise_low__T_156__density_medium__seed_003,Affiliate,1.6856141760651413e-07,879.7298517114641,0.0001482885359109,879.73,3,0.0,0.0,,-1.6856141760651413e-07,-1.6856141760651413e-07,,weak,low,156,medium
gamma_weak__noise_low__T_156__density_medium__seed_004,TV,0.0215167480938873,1135.7842194825394,24.975780517460635,1160.76,4,0.0474664580231879,0.0,0.0,0.0259497099293006,-0.0215167480938873,-0.0215167480938873,weak,low,156,medium
gamma_weak__noise_low__T_156__density_medium__seed_004,Video,0.0392004084021246,778.1419812392032,31.748018760796757,809.89,4,0.0582234703701435,0.0644541867537263,1.0,0.019023061968018902,0.025253778351601704,0.9607995915978754,weak,low,156,medium
gamma_weak__noise_low__T_156__density_medium__seed_004,Display,1.0,0.0,26.56,26.56,4,0.1764494626066405,0.183070676539637,1.0,-0.8235505373933595,-0.816929323460363,0.0,weak,low,156,medium
gamma_weak__noise_low__T_156__density_medium__seed_004,Social,0.1942612287949595,223.8422880284723,53.967711971527706,277.81,4,0.2650816095581562,0.2722016871791935,1.0,0.07082038076319669,0.07794045838423402,0.8057387712050406,weak,low,156,medium
gamma_weak__noise_low__T_156__density_medium__seed_004,Search,-2.6913673273119567e-06,1438.2838709397995,-0.0038709397995262,1438.28,4,0.0,0.0,0.0,2.6913673273119567e-06,2.6913673273119567e-06,2.6913673273119567e-06,weak,low,156,medium
gamma_weak__noise_low__T_156__density_medium__seed_004,Affiliate,-1.8289369541828907e-06,684.5512519987919,-0.0012519987919858,684.55,4,0.0,0.0,,1.8289369541828907e-06,1.8289369541828907e-06,,weak,low,156,medium
gamma_weak__noise_low__T_156__density_medium__seed_005,TV,0.0178811902497456,1352.0338594426878,24.61614055731229,1376.65,5,0.0600502593150754,0.0,0.0,0.0421690690653298,-0.0178811902497456,-0.0178811902497456,weak,low,156,medium
gamma_weak__noise_low__T_156__density_medium__seed_005,Video,0.0360966883568032,898.0012422261514,33.62875777384863,931.63,5,0.0330852115860438,0.0,,-0.0030114767707594,-0.0360966883568032,,weak,low,156,medium
gamma_weak__noise_low__T_156__density_medium__seed_005,Display,1.0,0.0,32.18,32.18,5,0.0862952131930645,0.0936201385243514,1.0,-0.9137047868069355,-0.9063798614756486,0.0,weak,low,156,medium
gamma_weak__noise_low__T_156__density_medium__seed_005,Social,0.2085891467765985,263.72183861963407,69.50816138036595,333.23,5,0.1532092370490967,0.2047942720319314,1.0,-0.055379909727501814,-0.0037948747446671094,0.7914108532234014,weak,low,156,medium
gamma_weak__noise_low__T_156__density_medium__seed_005,Search,1.4718293601657396e-06,1610.6776293538862,0.0023706461138317,1610.68,5,0.0,0.3692152298347158,0.3384569071251567,-1.4718293601657396e-06,0.3692137580053556,0.3384554352957965,weak,low,156,medium
gamma_weak__noise_low__T_156__density_medium__seed_005,Affiliate,-2.6477311241296637e-06,766.7920302537486,-0.0020302537486713,766.79,5,0.0,0.0,0.0,2.6477311241296637e-06,2.6477311241296637e-06,2.6477311241296637e-06,weak,low,156,medium
gamma_weak__noise_low__T_156__density_sparse__seed_001,TV,0.0189381539024964,1238.5513382242543,23.908661775745717,1262.46,1,0.0520840974983798,0.013769133852558,0.0,0.033145943595883395,-0.0051690200499384005,-0.0189381539024964,weak,low,156,sparse
gamma_weak__noise_low__T_156__density_sparse__seed_001,Video,-1.834902571874564e-06,822.9415100147226,-0.0015100147224984,822.94,1,0.0,0.0,,1.834902571874564e-06,1.834902571874564e-06,,weak,low,156,sparse
gamma_weak__noise_low__T_156__density_sparse__seed_001,Display,,0.0,0.0,0.0,1,0.0,0.0,,,,,weak,low,156,sparse
gamma_weak__noise_low__T_156__density_sparse__seed_001,Social,0.2013230738951601,238.11753874889692,60.02246125110304,298.14,1,0.1286599168341873,0.1515087084754372,1.0,-0.07266315706097282,-0.049814365419722895,0.7986769261048399,weak,low,156,sparse
gamma_weak__noise_low__T_156__density_sparse__seed_001,Search,1.0390058071883754e-06,1526.5984138537349,0.0015861462652537,1526.6,1,0.0,0.0,0.0,-1.0390058071883754e-06,-1.0390058071883754e-06,-1.0390058071883754e-06,weak,low,156,sparse
gamma_weak__noise_low__T_156__density_sparse__seed_001,Affiliate,5.008009918545647e-06,719.4863967869437,0.0036032130562944,719.49,1,0.0,0.5894129765808417,0.0,-5.008009918545647e-06,0.5894079685709231,-5.008009918545647e-06,weak,low,156,sparse
gamma_weak__noise_low__T_156__density_sparse__seed_002,TV,0.0199833064560699,1400.7280599154035,28.561940084596245,1429.29,2,0.0780714502395029,0.0681424279601986,0.0,0.05808814378343301,0.04815912150412871,-0.0199833064560699,weak,low,156,sparse
gamma_weak__noise_low__T_156__density_sparse__seed_002,Video,-1.7260710010445963e-06,1135.9019606440502,-0.0019606440500865,1135.9,2,0.0,0.0,,1.7260710010445963e-06,1.7260710010445963e-06,,weak,low,156,sparse
gamma_weak__noise_low__T_156__density_sparse__seed_002,Display,,0.0,0.0,0.0,2,0.0,0.0421565097305292,,,,,weak,low,156,sparse
gamma_weak__noise_low__T_156__density_sparse__seed_002,Social,0.1974733635900162,272.5621215239228,67.06787847607723,339.63,2,0.1913920247308902,0.0,,-0.006081338859125984,-0.1974733635900162,,weak,low,156,sparse
gamma_weak__noise_low__T_156__density_sparse__seed_002,Search,-3.865710962296582e-06,1758.2867970022708,-0.0067970022707868,1758.28,2,0.0,0.0,,3.865710962296582e-06,3.865710962296582e-06,,weak,low,156,sparse
gamma_weak__noise_low__T_156__density_sparse__seed_002,Affiliate,5.585789011827828e-06,833.5453439655691,0.004656034430809,833.55,2,0.0,0.0,,-5.585789011827828e-06,-5.585789011827828e-06,,weak,low,156,sparse
gamma_weak__noise_low__T_156__density_sparse__seed_003,TV,0.0173538201411621,1723.36487023643,30.435129763570103,1753.8,3,0.0148011695127661,0.0,,-0.0025526506283959985,-0.0173538201411621,,weak,low,156,sparse
gamma_weak__noise_low__T_156__density_sparse__seed_003,Video,2.27744554181301e-06,1084.117530975739,0.0024690242607903,1084.12,3,0.0,0.0,,-2.27744554181301e-06,-2.27744554181301e-06,,weak,low,156,sparse
gamma_weak__noise_low__T_156__density_sparse__seed_003,Display,,0.0,0.0,0.0,3,0.0,0.0,,,,,weak,low,156,sparse
gamma_weak__noise_low__T_156__density_sparse__seed_003,Social,0.2026534024626039,288.7351499002419,73.38485009975813,362.12,3,0.2377825612345542,0.0,,0.0351291587719503,-0.2026534024626039,,weak,low,156,sparse
gamma_weak__noise_low__T_156__density_sparse__seed_003,Search,-2.436642356691347e-06,1872.4245624178816,-0.004562417881516,1872.42,3,0.0,0.1327891156141596,0.0,2.436642356691347e-06,0.1327915522565163,2.436642356691347e-06,weak,low,156,sparse
gamma_weak__noise_low__T_156__density_sparse__seed_003,Affiliate,5.581750818921152e-06,885.985054624592,0.0049453754080559,885.99,3,0.0,0.0,,-5.581750818921152e-06,-5.581750818921152e-06,,weak,low,156,sparse
gamma_weak__noise_low__T_156__density_sparse__seed_004,TV,0.0214919105507856,1145.6861965316125,25.16380346838741,1170.85,4,0.0488995023196706,0.0,0.0,0.027407591768885,-0.0214919105507856,-0.0214919105507856,weak,low,156,sparse
gamma_weak__noise_low__T_156__density_sparse__seed_004,Video,-7.643457609315486e-06,784.9259995027467,-0.0059995027467039,784.92,4,0.0,0.0,,7.643457609315486e-06,7.643457609315486e-06,,weak,low,156,sparse
gamma_weak__noise_low__T_156__density_sparse__seed_004,Display,,0.0,0.0,0.0,4,0.0,0.0,,,,,weak,low,156,sparse
gamma_weak__noise_low__T_156__density_sparse__seed_004,Social,0.1938696556220429,225.99058074291645,54.349419257083525,280.34,4,0.2604325627020921,0.2684376417654472,0.1707903166561956,0.0665629070800492,0.07456798614340432,-0.023079338965847296,weak,low,156,sparse
gamma_weak__noise_low__T_156__density_sparse__seed_004,Search,1.3068983601567954e-06,1450.9681037296864,0.0018962703136367,1450.97,4,0.0,0.0,0.0,-1.3068983601567954e-06,-1.3068983601567954e-06,-1.3068983601567954e-06,weak,low,156,sparse
gamma_weak__noise_low__T_156__density_sparse__seed_004,Affiliate,5.641009745833654e-07,690.519610476995,0.0003895230049693,690.52,4,0.0,0.0,,-5.641009745833654e-07,-5.641009745833654e-07,,weak,low,156,sparse
gamma_weak__noise_low__T_156__density_sparse__seed_005,TV,0.0181345920603421,1368.8382025168355,25.281797483164155,1394.12,5,0.0530982766512919,0.0,0.0,0.0349636845909498,-0.0181345920603421,-0.0181345920603421,weak,low,156,sparse
gamma_weak__noise_low__T_156__density_sparse__seed_005,Video,-2.646207237232702e-06,909.1624058257718,-0.0024058257718024,909.16,5,0.0,0.0,,2.646207237232702e-06,2.646207237232702e-06,,weak,low,156,sparse
gamma_weak__noise_low__T_156__density_sparse__seed_005,Display,,0.0,0.0,0.0,5,0.0,0.0,,,,,weak,low,156,sparse
gamma_weak__noise_low__T_156__density_sparse__seed_005,Social,0.2096720650738127,267.02019609416163,70.83980390583838,337.86,5,0.1306707370063714,0.1949340731626884,1.0,-0.07900132806744128,-0.014737991911124293,0.7903279349261874,weak,low,156,sparse
gamma_weak__noise_low__T_156__density_sparse__seed_005,Search,-1.5140593195852756e-06,1630.542468734283,-0.0024687342829565,1630.54,5,0.0,0.3494005826012826,0.3591052480755336,1.5140593195852756e-06,0.3494020966606022,0.3591067621348532,weak,low,156,sparse
gamma_weak__noise_low__T_156__density_sparse__seed_005,Affiliate,-3.4149474403356925e-06,776.3226510919969,-0.0026510919968814,776.32,5,0.0,0.0,0.0,3.4149474403356925e-06,3.4149474403356925e-06,3.4149474403356925e-06,weak,low,156,sparse
gamma_weak__noise_low__T_300__density_dense__seed_001,TV,0.0251742973419377,2668.175934231329,68.90406576867099,2737.08,1,0.0940169174863238,0.0,0.0,0.06884262014438611,-0.0251742973419377,-0.0251742973419377,weak,low,300,dense
gamma_weak__noise_low__T_300__density_dense__seed_001,Video,0.0377670624497009,1924.581343053104,75.5386569468958,2000.12,1,0.0912370702273157,0.0929932402776279,0.1330305380227308,0.0534700077776148,0.055226177827927,0.09526347557302989,weak,low,300,dense
gamma_weak__noise_low__T_300__density_dense__seed_001,Display,1.0,0.0,283.38,283.38,1,0.271854518920558,0.0,,-0.728145481079442,-1.0,,weak,low,300,dense
gamma_weak__noise_low__T_300__density_dense__seed_001,Social,0.2028604487670787,538.4757382533506,137.03426174664935,675.51,1,0.1209710545613976,0.0,,-0.0818893942056811,-0.2028604487670787,,weak,low,300,dense
gamma_weak__noise_low__T_300__density_dense__seed_001,Search,-5.547303469106599e-07,3475.3619278876586,-0.0019278876584394,3475.36,1,0.0,0.0410456581772039,0.0,5.547303469106599e-07,0.04104621290755081,5.547303469106599e-07,weak,low,300,dense
gamma_weak__noise_low__T_300__density_dense__seed_001,Affiliate,1.1515679890012017e-06,1629.7881231860072,0.0018768139927942,1629.79,1,0.0,0.0,,-1.1515679890012017e-06,-1.1515679890012017e-06,,weak,low,300,dense
gamma_weak__noise_low__T_300__density_dense__seed_002,TV,0.0233062904857302,2659.839746057306,63.47025394269394,2723.31,2,0.0677501999698186,0.0205620882996995,0.0,0.0444439094840884,-0.002744202186030699,-0.0233062904857302,weak,low,300,dense
gamma_weak__noise_low__T_300__density_dense__seed_002,Video,0.0380221274213789,1861.6291987928728,73.5808012071268,1935.21,2,0.1497128078127101,0.2478986027605977,1.0,0.1116906803913312,0.2098764753392188,0.9619778725786211,weak,low,300,dense
gamma_weak__noise_low__T_300__density_dense__seed_002,Display,1.0,0.0,275.18,275.18,2,0.2961653733141113,0.3035855200409981,1.0,-0.7038346266858887,-0.696414479959002,0.0,weak,low,300,dense
gamma_weak__noise_low__T_300__density_dense__seed_002,Social,0.2081482288538136,526.5180796705222,138.40192032947778,664.92,2,0.201992668868837,0.0,,-0.006155559984976605,-0.2081482288538136,,weak,low,300,dense
gamma_weak__noise_low__T_300__density_dense__seed_002,Search,1.259845982942732e-06,3360.5157662623774,0.0042337376225987,3360.52,2,0.0,0.0,0.0,-1.259845982942732e-06,-1.259845982942732e-06,-1.259845982942732e-06,weak,low,300,dense
gamma_weak__noise_low__T_300__density_dense__seed_002,Affiliate,2.3238042906501878e-06,1591.9163006894737,0.0036993105263718,1591.92,2,0.0,0.0,,-2.3238042906501878e-06,-2.3238042906501878e-06,,weak,low,300,dense
gamma_weak__noise_low__T_300__density_dense__seed_003,TV,0.0229242946953634,3275.9882785306504,76.8617214693495,3352.85,3,0.0427113586502638,0.0,0.0,0.0197870639549004,-0.0229242946953634,-0.0229242946953634,weak,low,300,dense
gamma_weak__noise_low__T_300__density_dense__seed_003,Video,0.0322013466705063,2270.3975727917923,75.54242720820776,2345.94,3,0.0866521639576778,0.0,0.0,0.0544508172871715,-0.0322013466705063,-0.0322013466705063,weak,low,300,dense
gamma_weak__noise_low__T_300__density_dense__seed_003,Display,1.0,0.0,317.87,317.87,3,0.2721717821799589,0.3118017368050215,1.0,-0.727828217820041,-0.6881982631949786,0.0,weak,low,300,dense
gamma_weak__noise_low__T_300__density_dense__seed_003,Social,0.1899564388719778,597.6420389646435,140.1479610353565,737.79,3,0.1767471239978218,0.0,,-0.013209314874155997,-0.1899564388719778,,weak,low,300,dense
gamma_weak__noise_low__T_300__density_dense__seed_003,Search,-1.4712061332483697e-06,3819.595619404234,-0.0056194042344941,3819.59,3,0.0,0.2271822548162751,0.1849063342932761,1.4712061332483697e-06,0.22718372602240836,0.18490780549940936,weak,low,300,dense
gamma_weak__noise_low__T_300__density_dense__seed_003,Affiliate,3.6995970974229e-06,1825.6432458305592,0.0067541694409101,1825.65,3,0.0,0.0,,-3.6995970974229e-06,-3.6995970974229e-06,,weak,low,300,dense
gamma_weak__noise_low__T_300__density_dense__seed_004,TV,0.0232687050302672,2703.299205087729,64.40079491227061,2767.7,4,0.0575342153651699,0.0,0.0,0.0342655103349027,-0.0232687050302672,-0.0232687050302672,weak,low,300,dense
gamma_weak__noise_low__T_300__density_dense__seed_004,Video,0.0324944045747327,1930.3284637686763,64.83153623132375,1995.16,4,0.0995401329397792,0.0,,0.06704572836504649,-0.0324944045747327,,weak,low,300,dense
gamma_weak__noise_low__T_300__density_dense__seed_004,Display,1.0,0.0,256.61,256.61,4,0.2656552091819355,0.0,,-0.7343447908180645,-1.0,,weak,low,300,dense
gamma_weak__noise_low__T_300__density_dense__seed_004,Social,0.1893145095763561,516.674183611701,120.65581638829906,637.33,4,0.1379953264187323,0.0,,-0.05131918315762379,-0.1893145095763561,,weak,low,300,dense
gamma_weak__noise_low__T_300__density_dense__seed_004,Search,1.0569364448496368e-07,3295.249651713018,0.000348286981989,3295.25,4,0.0,0.0,,-1.0569364448496368e-07,-1.0569364448496368e-07,,weak,low,300,dense
gamma_weak__noise_low__T_300__density_dense__seed_004,Affiliate,-1.826478146888614e-06,1569.522866693981,-0.0028666939811046,1569.52,4,0.0,0.0,,1.826478146888614e-06,1.826478146888614e-06,,weak,low,300,dense
gamma_weak__noise_low__T_300__density_dense__seed_005,TV,0.0271313691412634,2831.981669684548,78.97833031545224,2910.96,5,0.0366564296162671,0.1384854926931104,0.154617949476287,0.009525060475003698,0.11135412355184698,0.12748658033502358,weak,low,300,dense
gamma_weak__noise_low__T_300__density_dense__seed_005,Video,0.0335755748233225,2107.4140942730182,73.21590572698187,2180.63,5,0.0314727513096357,0.0,0.0,-0.002102823513686798,-0.0335755748233225,-0.0335755748233225,weak,low,300,dense
gamma_weak__noise_low__T_300__density_dense__seed_005,Display,1.0,0.0,289.08,289.08,5,0.3205128260842861,0.2364354851535314,1.0,-0.6794871739157139,-0.7635645148464686,0.0,weak,low,300,dense
gamma_weak__noise_low__T_300__density_dense__seed_005,Social,0.198406944737192,579.8884480382205,143.53155196177943,723.42,5,0.2180305855033653,0.0,,0.01962364076617329,-0.198406944737192,,weak,low,300,dense
gamma_weak__noise_low__T_300__density_dense__seed_005,Search,-1.5818499454281627e-06,3609.255709291916,-0.0057092919155365,3609.25,5,0.0,0.0,0.0,1.5818499454281627e-06,1.5818499454281627e-06,1.5818499454281627e-06,weak,low,300,dense
gamma_weak__noise_low__T_300__density_dense__seed_005,Affiliate,1.3431449141735494e-06,1733.1576721149606,0.002327885039449,1733.16,5,0.0,0.0,,-1.3431449141735494e-06,-1.3431449141735494e-06,,weak,low,300,dense
gamma_weak__noise_low__T_300__density_medium__seed_001,TV,0.0200330217237214,2682.5028083147886,54.837191685211565,2737.34,1,0.0410388266374606,0.0,0.0,0.0210058049137392,-0.0200330217237214,-0.0200330217237214,weak,low,300,medium
gamma_weak__noise_low__T_300__density_medium__seed_001,Video,0.037704951533794,1934.9155228024545,75.81447719754578,2010.73,1,0.0953673349766902,0.0923355935572471,0.1336683259522128,0.057662383442896196,0.0546306420234531,0.09596337441841882,weak,low,300,medium
gamma_weak__noise_low__T_300__density_medium__seed_001,Display,1.0,0.0,61.79,61.79,1,0.1303532584654614,0.0,,-0.8696467415345386,-1.0,,weak,low,300,medium
gamma_weak__noise_low__T_300__density_medium__seed_001,Social,0.2040210663281777,542.4118845613266,139.02811543867347,681.44,1,0.1474350783026962,0.0,,-0.05658598802548151,-0.2040210663281777,,weak,low,300,medium
gamma_weak__noise_low__T_300__density_medium__seed_001,Search,-1.3653227223714846e-06,3495.3147722261647,-0.0047722261647322,3495.31,1,0.0,0.0346291949938199,0.0,1.3653227223714846e-06,0.034630560316542276,1.3653227223714846e-06,weak,low,300,medium
gamma_weak__noise_low__T_300__density_medium__seed_001,Affiliate,6.554370518594581e-07,1638.538926040173,0.0010739598269537,1638.54,1,0.0,0.0,,-6.554370518594581e-07,-6.554370518594581e-07,,weak,low,300,medium
gamma_weak__noise_low__T_300__density_medium__seed_002,TV,0.0184524164337917,2675.8263139873475,50.30368601265263,2726.13,2,0.0494246667414923,0.0,0.0,0.030972250307700597,-0.0184524164337917,-0.0184524164337917,weak,low,300,medium
gamma_weak__noise_low__T_300__density_medium__seed_002,Video,0.0381102904428431,1872.8185023019755,74.20149769802447,1947.02,2,0.1595136441225801,0.2459780147286352,1.0,0.121403353679737,0.2078677242857921,0.9618897095571569,weak,low,300,medium
gamma_weak__noise_low__T_300__density_medium__seed_002,Display,1.0,0.0,61.01,61.01,2,0.1087480910756543,0.0,,-0.8912519089243457,-1.0,,weak,low,300,medium
gamma_weak__noise_low__T_300__density_medium__seed_002,Social,0.2088873715368799,529.5312378617895,139.81876213821056,669.35,2,0.205716971033842,0.0,,-0.003170400503037879,-0.2088873715368799,,weak,low,300,medium
gamma_weak__noise_low__T_300__density_medium__seed_002,Search,1.984360981002756e-07,3381.199329047865,0.0006709521348966,3381.2,2,0.0,0.0,0.0,-1.984360981002756e-07,-1.984360981002756e-07,-1.984360981002756e-07,weak,low,300,medium
gamma_weak__noise_low__T_300__density_medium__seed_002,Affiliate,-2.926150298099785e-06,1601.4846861711794,-0.0046861711794008,1601.48,2,0.0,0.0,,2.926150298099785e-06,2.926150298099785e-06,,weak,low,300,medium
gamma_weak__noise_low__T_300__density_medium__seed_003,TV,0.017915920981313,3302.4148491529777,60.24515084702216,3362.66,3,0.0371036545701102,0.0,0.0,0.0191877335887972,-0.017915920981313,-0.017915920981313,weak,low,300,medium
gamma_weak__noise_low__T_300__density_medium__seed_003,Video,0.0323222165441166,2288.712786318517,76.44721368148294,2365.16,3,0.0884998159259038,0.0,0.0,0.056177599381787194,-0.0323222165441166,-0.0323222165441166,weak,low,300,medium
gamma_weak__noise_low__T_300__density_medium__seed_003,Display,1.0,0.0,70.66,70.66,3,0.1202218841706752,0.1014211004706565,,-0.8797781158293247,-0.8985788995293436,,weak,low,300,medium
gamma_weak__noise_low__T_300__density_medium__seed_003,Social,0.1906660000988698,603.0428566663311,142.06714333366892,745.11,3,0.1763587370818677,0.0,,-0.014307263017002109,-0.1906660000988698,,weak,low,300,medium
gamma_weak__noise_low__T_300__density_medium__seed_003,Search,-1.859052912836514e-07,3853.020716296805,-0.0007162968054217,3853.02,3,0.0,0.2223728037357537,0.1807721120985927,1.859052912836514e-07,0.22237298964104496,0.18077229800388397,weak,low,300,medium
gamma_weak__noise_low__T_300__density_medium__seed_003,Affiliate,-2.473571342263672e-07,1840.370455228649,-0.0004552286491161,1840.37,3,0.0,0.0,,2.473571342263672e-07,2.473571342263672e-07,,weak,low,300,medium
gamma_weak__noise_low__T_300__density_medium__seed_004,TV,0.0181926168678661,2723.641679620684,50.46832037931608,2774.11,4,0.0485560672056269,0.0,0.0,0.0303634503377608,-0.0181926168678661,-0.0181926168678661,weak,low,300,medium
gamma_weak__noise_low__T_300__density_medium__seed_004,Video,0.0326945973225552,1944.8545695692435,65.73543043075642,2010.59,4,0.0995973103695192,0.0,,0.066902713046964,-0.0326945973225552,,weak,low,300,medium
gamma_weak__noise_low__T_300__density_medium__seed_004,Display,1.0,0.0,58.11,58.11,4,0.0855617633653236,0.0,,-0.9144382366346764,-1.0,,weak,low,300,medium
gamma_weak__noise_low__T_300__density_medium__seed_004,Social,0.1896193046796175,520.5723510599073,121.80764894009268,642.38,4,0.1289217188649109,0.0,,-0.06069758581470658,-0.1896193046796175,,weak,low,300,medium
gamma_weak__noise_low__T_300__density_medium__seed_004,Search,5.739030431458925e-07,3322.248093350615,0.0019066493850914,3322.25,4,0.0,0.0,,-5.739030431458925e-07,-5.739030431458925e-07,,weak,low,300,medium
gamma_weak__noise_low__T_300__density_medium__seed_004,Affiliate,-1.8930410054753264e-06,1581.3329935225331,-0.0029935225331882,1581.33,4,0.0,0.0,,1.8930410054753264e-06,1.8930410054753264e-06,,weak,low,300,medium
gamma_weak__noise_low__T_300__density_medium__seed_005,TV,0.0211341382214549,2851.553719264315,61.56628073568481,2913.12,5,0.012104668944276,0.1522884397320329,0.1968043095279475,-0.0090294692771789,0.131154301510578,0.1756701713064926,weak,low,300,medium
gamma_weak__noise_low__T_300__density_medium__seed_005,Video,0.0337737202604889,2121.977844249928,74.17215575007276,2196.15,5,0.0328329090755213,0.0,0.0,-0.0009408111849676035,-0.0337737202604889,-0.0337737202604889,weak,low,300,medium
gamma_weak__noise_low__T_300__density_medium__seed_005,Display,1.0,0.0,68.79,68.79,5,0.1309230354781355,0.7277526716292991,1.0,-0.8690769645218646,-0.27224732837070087,0.0,weak,low,300,medium
gamma_weak__noise_low__T_300__density_medium__seed_005,Social,0.1988191509466599,584.6457009796939,145.08429902030616,729.73,5,0.2299773642710167,0.0,,0.03115821332435681,-0.1988191509466599,,weak,low,300,medium
gamma_weak__noise_low__T_300__density_medium__seed_005,Search,1.1413584090004557e-06,3636.685849233288,0.0041507667124278,3636.69,5,0.0,0.0,0.0,-1.1413584090004557e-06,-1.1413584090004557e-06,-1.1413584090004557e-06,weak,low,300,medium
gamma_weak__noise_low__T_300__density_medium__seed_005,Affiliate,2.246458355941622e-06,1745.1360796156648,0.0039203843352879,1745.14,5,0.0,0.1299778223718393,,-2.246458355941622e-06,0.12997557591348335,,weak,low,300,medium
gamma_weak__noise_low__T_300__density_sparse__seed_001,TV,0.0201054758370965,2710.3490580536245,55.61094194637553,2765.96,1,0.0400067392242691,0.0,0.0,0.019901263387172602,-0.0201054758370965,-0.0201054758370965,weak,low,300,sparse
gamma_weak__noise_low__T_300__density_sparse__seed_001,Video,-5.957145575525375e-07,1955.00116462196,-0.0011646219600152,1955.0,1,0.0,0.0371315806254219,0.0533420041816825,5.957145575525375e-07,0.03713217633997945,0.05334259989624005,weak,low,300,sparse
gamma_weak__noise_low__T_300__density_sparse__seed_001,Display,,0.0,0.0,0.0,1,0.0,0.0,,,,,weak,low,300,sparse
gamma_weak__noise_low__T_300__density_sparse__seed_001,Social,0.2044916879007674,547.6438322153537,140.7761677846463,688.42,1,0.1297000301798994,0.0,,-0.07479165772086802,-0.2044916879007674,,weak,low,300,sparse
gamma_weak__noise_low__T_300__density_sparse__seed_001,Search,-5.210756226086473e-08,3534.8001841898117,-0.0001841898110797,3534.8,1,0.0,0.0361683665614987,0.0,5.210756226086473e-08,0.03616841866906096,5.210756226086473e-08,weak,low,300,sparse
gamma_weak__noise_low__T_300__density_sparse__seed_001,Affiliate,1.268481782500604e-06,1655.547899964985,0.0021000350150188,1655.55,1,0.0,0.0,,-1.268481782500604e-06,-1.268481782500604e-06,,weak,low,300,sparse
gamma_weak__noise_low__T_300__density_sparse__seed_002,TV,0.0184654294185893,2703.803835543494,50.86616445650543,2754.67,2,0.0431123957933782,0.0,0.0,0.0246469663747889,-0.0184654294185893,-0.0184654294185893,weak,low,300,sparse
gamma_weak__noise_low__T_300__density_sparse__seed_002,Video,1.1443515892276465e-07,1892.3997834429051,0.0002165570947454,1892.4,2,0.0,0.1242601545346039,,-1.1443515892276465e-07,0.12426004009944498,,weak,low,300,sparse
gamma_weak__noise_low__T_300__density_sparse__seed_002,Display,,0.0,0.0,0.0,2,0.0,0.0,,,,,weak,low,300,sparse
gamma_weak__noise_low__T_300__density_sparse__seed_002,Social,0.2096804988831511,535.5521067368214,142.08789326317856,677.64,2,0.2022546820120334,0.0,,-0.0074258168711177075,-0.2096804988831511,,weak,low,300,sparse
gamma_weak__noise_low__T_300__density_sparse__seed_002,Search,1.2137835120141296e-06,3419.1358499042426,0.0041500957572679,3419.14,2,0.0,0.0,0.0,-1.2137835120141296e-06,-1.2137835120141296e-06,-1.2137835120141296e-06,weak,low,300,sparse
gamma_weak__noise_low__T_300__density_sparse__seed_002,Affiliate,7.117599504795885e-07,1618.2288482086954,0.0011517913046645,1618.23,2,0.0,0.0,,-7.117599504795885e-07,-7.117599504795885e-07,,weak,low,300,sparse
gamma_weak__noise_low__T_300__density_sparse__seed_003,TV,0.0179176462570271,3341.653058492914,60.96694150708572,3402.62,3,0.0354183104017585,0.0,0.0,0.017500664144731403,-0.0179176462570271,-0.0179176462570271,weak,low,300,sparse
gamma_weak__noise_low__T_300__density_sparse__seed_003,Video,-6.980091620871687e-06,2315.906165124384,-0.0161651243838605,2315.89,3,0.0,0.0,0.0,6.980091620871687e-06,6.980091620871687e-06,6.980091620871687e-06,weak,low,300,sparse
gamma_weak__noise_low__T_300__density_sparse__seed_003,Display,,0.0,0.0,0.0,3,0.0,0.0,,,,,weak,low,300,sparse
gamma_weak__noise_low__T_300__density_sparse__seed_003,Social,0.1914464177460094,611.088626395921,144.691373604079,755.78,3,0.148043410132506,0.0,,-0.04340300761350341,-0.1914464177460094,,weak,low,300,sparse
gamma_weak__noise_low__T_300__density_sparse__seed_003,Search,-1.043319904781704e-06,3901.774070794305,-0.0040707943048801,3901.77,3,0.0,0.228840796733548,0.1857216852395533,1.043319904781704e-06,0.2288418400534528,0.18572272855945807,weak,low,300,sparse
gamma_weak__noise_low__T_300__density_sparse__seed_003,Affiliate,1.540889431420393e-06,1862.2371304940648,0.0028695059347683,1862.24,3,0.0,0.0,,-1.540889431420393e-06,-1.540889431420393e-06,,weak,low,300,sparse
gamma_weak__noise_low__T_300__density_sparse__seed_004,TV,0.0181492586751515,2755.9175717950643,50.94242820493582,2806.86,4,0.051485551337596,0.0,0.0,0.0333362926624445,-0.0181492586751515,-0.0181492586751515,weak,low,300,sparse
gamma_weak__noise_low__T_300__density_sparse__seed_004,Video,-1.1405420582772852e-06,1967.9022444727168,-0.0022444727164838,1967.9,4,0.0,0.0,,1.1405420582772852e-06,1.1405420582772852e-06,,weak,low,300,sparse
gamma_weak__noise_low__T_300__density_sparse__seed_004,Display,,0.0,0.0,0.0,4,0.0,0.0,,,,,weak,low,300,sparse
gamma_weak__noise_low__T_300__density_sparse__seed_004,Social,0.1890593068220905,528.5305967787025,123.21940322129753,651.75,4,0.137190558360557,0.0,,-0.0518687484615335,-0.1890593068220905,,weak,low,300,sparse
gamma_weak__noise_low__T_300__density_sparse__seed_004,Search,1.2797410801770525e-06,3363.81569518136,0.0043048186403211,3363.82,4,0.0,0.0,,-1.2797410801770525e-06,-1.2797410801770525e-06,,weak,low,300,sparse
gamma_weak__noise_low__T_300__density_sparse__seed_004,Affiliate,-1.6442770219559038e-06,1600.0726309583345,-0.0026309583345209,1600.07,4,0.0,0.0,0.0,1.6442770219559038e-06,1.6442770219559038e-06,1.6442770219559038e-06,weak,low,300,sparse
gamma_weak__noise_low__T_300__density_sparse__seed_005,TV,0.0212224793455164,2886.473635061311,62.5863649386888,2949.06,5,0.0113821869138319,0.1582880927502473,0.2049889461390651,-0.0098402924316845,0.1370656134047309,0.1837664667935487,weak,low,300,sparse
gamma_weak__noise_low__T_300__density_sparse__seed_005,Video,-1.8538445753091191e-06,2147.963981983994,-0.0039819839939809,2147.96,5,0.0,0.0,0.0,1.8538445753091191e-06,1.8538445753091191e-06,1.8538445753091191e-06,weak,low,300,sparse
gamma_weak__noise_low__T_300__density_sparse__seed_005,Display,,0.0,0.0,0.0,5,0.0,0.6909710047901793,1.0,,,,weak,low,300,sparse
gamma_weak__noise_low__T_300__density_sparse__seed_005,Social,0.1996427240923429,591.5920840599038,147.5679159400962,739.16,5,0.2132228362111152,0.0,,0.013580112118772303,-0.1996427240923429,,weak,low,300,sparse
gamma_weak__noise_low__T_300__density_sparse__seed_005,Search,-2.7201280274071026e-08,3684.660100227469,-0.0001002274693746,3684.66,5,0.0,0.0,,2.7201280274071026e-08,2.7201280274071026e-08,,weak,low,300,sparse
gamma_weak__noise_low__T_300__density_sparse__seed_005,Affiliate,1.877845404757695e-06,1766.506682767314,0.0033172326859585,1766.51,5,0.0,0.0,,-1.877845404757695e-06,-1.877845404757695e-06,,weak,low,300,sparse
gamma_weak__noise_low__T_80__density_dense__seed_001,TV,0.0289068862953548,363.55783990874505,10.822160091254943,374.38,1,0.2070834696529892,0.0,0.0,0.17817658335763442,-0.0289068862953548,-0.0289068862953548,weak,low,80,dense
gamma_weak__noise_low__T_80__density_dense__seed_001,Video,0.0366725626239148,265.32927607649515,10.10072392350486,275.43,1,0.3097471093638616,0.3490225076791402,,0.2730745467399468,0.3123499450552254,,weak,low,80,dense
gamma_weak__noise_low__T_80__density_dense__seed_001,Display,1.0,0.0,49.34,49.34,1,0.3468787216886569,0.2821688853454775,,-0.6531212783113431,-0.7178311146545224,,weak,low,80,dense
gamma_weak__noise_low__T_80__density_dense__seed_001,Social,0.1907950415931877,74.90001095013454,17.65998904986546,92.56,1,0.3448338010805294,0.4044638197693885,,0.15403875948734172,0.2136687781762008,,weak,low,80,dense
gamma_weak__noise_low__T_80__density_dense__seed_001,Search,-1.0375278330720476e-05,504.9452388930403,-0.0052388930403139,504.94,1,0.0,0.0,,1.0375278330720476e-05,1.0375278330720476e-05,,weak,low,80,dense
gamma_weak__noise_low__T_80__density_dense__seed_001,Affiliate,1.271709694253548e-05,240.94693581549168,0.0030641845083039,240.95,1,0.0,0.0,,-1.271709694253548e-05,-1.271709694253548e-05,,weak,low,80,dense
gamma_weak__noise_low__T_80__density_dense__seed_002,TV,0.0311054369228596,421.6629138511715,13.537086148828507,435.2,2,0.0770869544138001,0.0680560694095986,,0.0459815174909405,0.036950632486739,,weak,low,80,dense
gamma_weak__noise_low__T_80__density_dense__seed_002,Video,0.0367441347911905,304.6392999309381,11.620700069061913,316.26,2,0.1402302276555776,0.0,,0.1034860928643871,-0.0367441347911905,,weak,low,80,dense
gamma_weak__noise_low__T_80__density_dense__seed_002,Display,1.0,0.0,56.06,56.06,2,0.1835967439615489,0.0,,-0.8164032560384511,-1.0,,weak,low,80,dense
gamma_weak__noise_low__T_80__density_dense__seed_002,Social,0.1964002226500477,85.69588025659891,20.94411974340109,106.64,2,0.2707806666709274,0.0,,0.07438044402087968,-0.1964002226500477,,weak,low,80,dense
gamma_weak__noise_low__T_80__density_dense__seed_002,Search,4.37203846938841e-06,545.1376166269488,0.0023833730512023,545.14,2,0.0,0.0,,-4.37203846938841e-06,-4.37203846938841e-06,,weak,low,80,dense
gamma_weak__noise_low__T_80__density_dense__seed_002,Affiliate,1.5384344920947856e-05,258.8860171469434,0.0039828530565841,258.89,2,0.0,0.0,,-1.5384344920947856e-05,-1.5384344920947856e-05,,weak,low,80,dense
gamma_weak__noise_low__T_80__density_dense__seed_003,TV,0.0225509489595997,602.9687706058021,13.911229394197903,616.88,3,0.2556081885073584,0.2553324797113634,1.0,0.2330572395477587,0.23278153075176372,0.9774490510404003,weak,low,80,dense
gamma_weak__noise_low__T_80__density_dense__seed_003,Video,0.0409715549689861,449.70761844394303,19.212381556056982,468.92,3,0.0346204486207487,0.0,,-0.0063511063482373994,-0.0409715549689861,,weak,low,80,dense
gamma_weak__noise_low__T_80__density_dense__seed_003,Display,1.0,0.0,58.14,58.14,3,0.4430719012445239,0.2136041541203729,1.0,-0.5569280987554761,-0.7863958458796271,0.0,weak,low,80,dense
gamma_weak__noise_low__T_80__density_dense__seed_003,Social,0.1820573566919571,109.42436682174996,24.35563317825003,133.78,3,0.0923336281959567,0.0,,-0.08972372849600041,-0.1820573566919571,,weak,low,80,dense
gamma_weak__noise_low__T_80__density_dense__seed_003,Search,-5.925526746601549e-07,683.7804051756679,-0.0004051756678791,683.78,3,0.0,0.0,0.0,5.925526746601549e-07,5.925526746601549e-07,5.925526746601549e-07,weak,low,80,dense
gamma_weak__noise_low__T_80__density_dense__seed_003,Affiliate,-5.810729566124863e-06,323.29187855076145,-0.0018785507614325,323.29,3,0.0,0.0,,5.810729566124863e-06,5.810729566124863e-06,,weak,low,80,dense
gamma_weak__noise_low__T_80__density_dense__seed_004,TV,0.0260721642023126,403.7417843299313,10.808215670068703,414.55,4,0.0641954062062452,0.0,0.0,0.0381232420039326,-0.0260721642023126,-0.0260721642023126,weak,low,80,dense
gamma_weak__noise_low__T_80__density_dense__seed_004,Video,0.0421773100538579,319.66374454262547,14.076255457374543,333.74,4,0.0298365645417523,0.0,,-0.012340745512105601,-0.0421773100538579,,weak,low,80,dense
gamma_weak__noise_low__T_80__density_dense__seed_004,Display,1.0,0.0,51.71,51.71,4,0.1611315672627551,0.0,,-0.8388684327372449,-1.0,,weak,low,80,dense
gamma_weak__noise_low__T_80__density_dense__seed_004,Social,0.2128374186798651,81.65237456033759,22.077625439662413,103.73,4,0.1134764833078893,0.0,,-0.09936093537197581,-0.2128374186798651,,weak,low,80,dense
gamma_weak__noise_low__T_80__density_dense__seed_004,Search,-4.573582947347146e-06,522.4623895141467,-0.0023895141466709,522.46,4,0.0,0.0,0.0,4.573582947347146e-06,4.573582947347146e-06,4.573582947347146e-06,weak,low,80,dense
gamma_weak__noise_low__T_80__density_dense__seed_004,Affiliate,8.893604476639934e-06,245.97781235117083,0.0021876488291638,245.98,4,0.0,0.0,,-8.893604476639934e-06,-8.893604476639934e-06,,weak,low,80,dense
gamma_weak__noise_low__T_80__density_dense__seed_005,TV,0.0255118895273427,498.42143386345,13.048566136549994,511.47,5,0.4617130557785288,0.0,0.0,0.4362011662511861,-0.0255118895273427,-0.0255118895273427,weak,low,80,dense
gamma_weak__noise_low__T_80__density_dense__seed_005,Video,0.0373965092975457,346.5372566528835,13.462743347116486,360.0,5,0.0420799471510242,0.0,,0.004683437853478502,-0.0373965092975457,,weak,low,80,dense
gamma_weak__noise_low__T_80__density_dense__seed_005,Display,1.0,0.0,46.0,46.0,5,0.1669507916564167,0.0,,-0.8330492083435833,-1.0,,weak,low,80,dense
gamma_weak__noise_low__T_80__density_dense__seed_005,Social,0.2074955388730643,94.72013319389134,24.799866806108653,119.52,5,0.2171574918396021,0.0,,0.009661952966537796,-0.2074955388730643,,weak,low,80,dense
gamma_weak__noise_low__T_80__density_dense__seed_005,Search,6.8607222644431216e-06,611.6758034334052,0.0041965665947145,611.68,5,0.0,0.0,,-6.8607222644431216e-06,-6.8607222644431216e-06,,weak,low,80,dense
gamma_weak__noise_low__T_80__density_dense__seed_005,Affiliate,1.5354645407034927e-05,293.6254914154691,0.0045085845308676,293.63,5,0.0,0.0,,-1.5354645407034927e-05,-1.5354645407034927e-05,,weak,low,80,dense
gamma_weak__noise_low__T_80__density_medium__seed_001,TV,0.023341150894221,364.9481121453565,8.721887854643569,373.67,1,0.1247585928483589,0.1412516894996788,0.0,0.1014174419541379,0.1179105386054578,-0.023341150894221,weak,low,80,medium
gamma_weak__noise_low__T_80__density_medium__seed_001,Video,0.0364871106708088,266.3438679972683,10.086132002731688,276.43,1,0.2971514560136473,0.0,,0.2606643453428385,-0.0364871106708088,,weak,low,80,medium
gamma_weak__noise_low__T_80__density_medium__seed_001,Display,1.0,0.0,9.82,9.82,1,0.2704317084818616,0.202396030343292,,-0.7295682915181384,-0.797603969656708,,weak,low,80,medium
gamma_weak__noise_low__T_80__density_medium__seed_001,Social,0.1922025639281982,75.01206991362751,17.847930086372486,92.86,1,0.335207751975794,0.0,,0.1430051880475958,-0.1922025639281982,,weak,low,80,medium
gamma_weak__noise_low__T_80__density_medium__seed_001,Search,4.273085259427831e-06,506.7378346567757,0.0021653432243624,506.74,1,0.0,0.0,,-4.273085259427831e-06,-4.273085259427831e-06,,weak,low,80,medium
gamma_weak__noise_low__T_80__density_medium__seed_001,Affiliate,6.66762204775373e-06,241.8683873022553,0.0016126977446901,241.87,1,0.0,0.0,,-6.66762204775373e-06,-6.66762204775373e-06,,weak,low,80,medium
gamma_weak__noise_low__T_80__density_medium__seed_002,TV,0.0244204465464991,421.9771800507773,10.562819949222728,432.54,2,0.0454735393562173,0.0455202267670811,,0.021053092809718198,0.021099780220581996,,weak,low,80,medium
gamma_weak__noise_low__T_80__density_medium__seed_002,Video,0.0365739186452579,304.86654918389456,11.573450816105437,316.44,2,0.1508907977129051,0.2167822707426023,,0.11431687906764719,0.18020835209734443,,weak,low,80,medium
gamma_weak__noise_low__T_80__density_medium__seed_002,Display,1.0,0.0,12.6,12.6,2,0.0971959435259142,0.0,,-0.9028040564740858,-1.0,,weak,low,80,medium
gamma_weak__noise_low__T_80__density_medium__seed_002,Social,0.1970516029302379,85.58626964366594,21.00373035633406,106.59,2,0.2586590328163727,0.0,,0.061607429886134796,-0.1970516029302379,,weak,low,80,medium
gamma_weak__noise_low__T_80__density_medium__seed_002,Search,5.900250826024754e-06,545.4967814131744,0.0032185868255965,545.5,2,0.0,0.0,,-5.900250826024754e-06,-5.900250826024754e-06,,weak,low,80,medium
gamma_weak__noise_low__T_80__density_medium__seed_002,Affiliate,3.792155131985098e-06,259.0790175284484,0.0009824715515946,259.08,2,0.0,0.0,,-3.792155131985098e-06,-3.792155131985098e-06,,weak,low,80,medium
gamma_weak__noise_low__T_80__density_medium__seed_003,TV,0.0180974108590579,606.45249613112,11.177503868879969,617.63,3,0.0865709341181635,0.1752416928646728,,0.06847352325910559,0.15714428200561492,,weak,low,80,medium
gamma_weak__noise_low__T_80__density_medium__seed_003,Video,0.0409329298135526,452.30562097063046,19.30437902936956,471.61,3,0.0395660368245819,0.3004437252568602,,-0.0013668929889706985,0.2595107954433076,,weak,low,80,medium
gamma_weak__noise_low__T_80__density_medium__seed_003,Display,1.0,0.0,13.49,13.49,3,0.4003532834150186,0.2895720118145055,,-0.5996467165849815,-0.7104279881854945,,weak,low,80,medium
gamma_weak__noise_low__T_80__density_medium__seed_003,Social,0.1851006118779308,110.41071809665917,25.079281903340856,135.49,3,0.111440990056368,0.0,,-0.07365962182156281,-0.1851006118779308,,weak,low,80,medium
gamma_weak__noise_low__T_80__density_medium__seed_003,Search,-1.7634032039303665e-07,687.8501212956894,-0.0001212956893823,687.85,3,0.0,0.3919617818407923,,1.7634032039303665e-07,0.3919619581811127,,weak,low,80,medium
gamma_weak__noise_low__T_80__density_medium__seed_003,Affiliate,9.69973409710103e-07,325.1596846034461,0.0003153965539013,325.16,3,0.0,0.0,,-9.69973409710103e-07,-9.69973409710103e-07,,weak,low,80,medium
gamma_weak__noise_low__T_80__density_medium__seed_004,TV,0.0205370202071883,403.999095275141,8.470904724858997,412.47,4,0.0345720158303954,0.0,0.0,0.014034995623207102,-0.0205370202071883,-0.0205370202071883,weak,low,80,medium
gamma_weak__noise_low__T_80__density_medium__seed_004,Video,0.0419973958088697,319.8674895133765,14.022510486623505,333.89,4,0.0303479932697234,0.0,,-0.0116494025391463,-0.0419973958088697,,weak,low,80,medium
gamma_weak__noise_low__T_80__density_medium__seed_004,Display,1.0,0.0,11.29,11.29,4,0.1047197800962319,0.0,,-0.8952802199037682,-1.0,,weak,low,80,medium
gamma_weak__noise_low__T_80__density_medium__seed_004,Social,0.2125212071225361,81.59067773003403,22.01932226996597,103.61,4,0.1214639148064453,0.0,,-0.0910572923160908,-0.2125212071225361,,weak,low,80,medium
gamma_weak__noise_low__T_80__density_medium__seed_004,Search,-3.3661614445448387e-06,522.8217598965265,-0.0017598965264369,522.82,4,0.0,0.0,0.0,3.3661614445448387e-06,3.3661614445448387e-06,3.3661614445448387e-06,weak,low,80,medium
gamma_weak__noise_low__T_80__density_medium__seed_004,Affiliate,-1.8178368351678533e-05,246.1344742418024,-0.0044742418023986,246.13,4,0.0,0.0,,1.8178368351678533e-05,1.8178368351678533e-05,,weak,low,80,medium
gamma_weak__noise_low__T_80__density_medium__seed_005,TV,0.0205437898034564,498.22978500277776,10.450214997222249,508.68,5,0.1710227197767102,0.0,0.0,0.15047892997325382,-0.0205437898034564,-0.0205437898034564,weak,low,80,medium
gamma_weak__noise_low__T_80__density_medium__seed_005,Video,0.0372318647778092,346.40397505294425,13.396024947055764,359.8,5,0.0412949203190762,0.0,,0.004063055541266999,-0.0372318647778092,,weak,low,80,medium
gamma_weak__noise_low__T_80__density_medium__seed_005,Display,1.0,0.0,10.03,10.03,5,0.1336977611688461,0.0,,-0.8663022388311539,-1.0,,weak,low,80,medium
gamma_weak__noise_low__T_80__density_medium__seed_005,Social,0.2080747195509198,95.01519514828064,24.964804851719364,119.98,5,0.2013898273515613,0.0,,-0.0066848921993585,-0.2080747195509198,,weak,low,80,medium
gamma_weak__noise_low__T_80__density_medium__seed_005,Search,-2.8961608871798543e-06,611.3017704231503,-0.001770423150333,611.3,5,0.0,0.4382920722210109,,2.8961608871798543e-06,0.4382949683818981,,weak,low,80,medium
gamma_weak__noise_low__T_80__density_medium__seed_005,Affiliate,-8.64094227417823e-06,293.5125362029669,-0.002536202966894,293.51,5,0.0,0.0,,8.64094227417823e-06,8.64094227417823e-06,,weak,low,80,medium
gamma_weak__noise_low__T_80__density_sparse__seed_001,TV,0.0233421475561044,367.1256867336603,8.774313266339675,375.9,1,0.132086289573057,0.1294425179559885,0.0,0.1087441420169526,0.1061003703998841,-0.0233421475561044,weak,low,80,sparse
gamma_weak__noise_low__T_80__density_sparse__seed_001,Video,-1.194285835896947e-05,267.9331998500401,-0.0031998500401186,267.93,1,0.0,0.0,,1.194285835896947e-05,1.194285835896947e-05,,weak,low,80,sparse
gamma_weak__noise_low__T_80__density_sparse__seed_001,Display,,0.0,0.0,0.0,1,0.0,0.239450168563943,,,,,weak,low,80,sparse
gamma_weak__noise_low__T_80__density_sparse__seed_001,Social,0.1922564590137221,75.73403440287342,18.025965597126586,93.76,1,0.3318482233042896,0.3187046349659453,,0.1395917642905675,0.1264481759522232,,weak,low,80,sparse
gamma_weak__noise_low__T_80__density_sparse__seed_001,Search,6.043463563751421e-07,510.2896916080978,0.0003083919021946,510.29,1,0.0,0.0,,-6.043463563751421e-07,-6.043463563751421e-07,,weak,low,80,sparse
gamma_weak__noise_low__T_80__density_sparse__seed_001,Affiliate,-6.664065123570071e-06,243.3116214336852,-0.0016214336852158,243.31,1,0.0,0.0,,6.664065123570071e-06,6.664065123570071e-06,,weak,low,80,sparse
gamma_weak__noise_low__T_80__density_sparse__seed_002,TV,0.0243915108970904,425.0823747870287,10.627625212971282,435.71,2,0.0465411896403607,0.0455321407572872,,0.0221496787432703,0.021140629860196797,,weak,low,80,sparse
gamma_weak__noise_low__T_80__density_sparse__seed_002,Video,2.812268663465384e-07,307.1099136324171,8.63675829236854e-05,307.11,2,0.0,0.1672851498626004,,-2.812268663465384e-07,0.16728486863573405,,weak,low,80,sparse
gamma_weak__noise_low__T_80__density_sparse__seed_002,Display,,0.0,0.0,0.0,2,0.0,0.0,,,,,weak,low,80,sparse
gamma_weak__noise_low__T_80__density_sparse__seed_002,Social,0.1967970445580467,86.30415756223788,21.145842437762127,107.45,2,0.2548251148583823,0.0,,0.05802807030033558,-0.1967970445580467,,weak,low,80,sparse
gamma_weak__noise_low__T_80__density_sparse__seed_002,Search,6.231711826839346e-06,549.7565740541061,0.0034259458939231,549.76,2,0.0,0.0,,-6.231711826839346e-06,-6.231711826839346e-06,,weak,low,80,sparse
gamma_weak__noise_low__T_80__density_sparse__seed_002,Affiliate,1.8056198322138715e-05,260.9852875127999,0.0047124872000949,260.99,2,0.0,0.0,,-1.8056198322138715e-05,-1.8056198322138715e-05,,weak,low,80,sparse
gamma_weak__noise_low__T_80__density_sparse__seed_003,TV,0.0180462368901097,609.7441892030864,11.205810796913624,620.95,3,0.0904358435402048,0.1983904053472893,,0.0723896066500951,0.1803441684571796,,weak,low,80,sparse
gamma_weak__noise_low__T_80__density_sparse__seed_003,Video,-1.8834894591819925e-06,454.7608565356665,-0.0008565356664576,454.76,3,0.0,0.3336599806820938,,1.8834894591819925e-06,0.33366186417155297,,weak,low,80,sparse
gamma_weak__noise_low__T_80__density_sparse__seed_003,Display,,0.0,0.0,0.0,3,0.0,0.3201516161904563,,,,,weak,low,80,sparse
gamma_weak__noise_low__T_80__density_sparse__seed_003,Social,0.1848785581376365,111.1499598123519,25.21004018764812,136.36,3,0.0933922543496771,0.0,,-0.09148630378795941,-0.1848785581376365,,weak,low,80,sparse
gamma_weak__noise_low__T_80__density_sparse__seed_003,Search,-5.550684747008566e-06,691.6438390755984,-0.003839075598421,691.64,3,0.0,0.3838223225749855,,5.550684747008566e-06,0.3838278732597325,,weak,low,80,sparse
gamma_weak__noise_low__T_80__density_sparse__seed_003,Affiliate,-1.4492388904461187e-05,326.92473785178066,-0.0047378517806464,326.92,3,0.0,0.0,,1.4492388904461187e-05,1.4492388904461187e-05,,weak,low,80,sparse
gamma_weak__noise_low__T_80__density_sparse__seed_004,TV,0.020564275677977,407.8174468932039,8.562553106796088,416.38,4,0.0287255519918334,0.0,0.0,0.008161276313856398,-0.020564275677977,-0.020564275677977,weak,low,80,sparse
gamma_weak__noise_low__T_80__density_sparse__seed_004,Video,-1.0809211020979763e-06,322.89034901861464,-0.0003490186146564,322.89,4,0.0,0.0,,1.0809211020979763e-06,1.0809211020979763e-06,,weak,low,80,sparse
gamma_weak__noise_low__T_80__density_sparse__seed_004,Display,,0.0,0.0,0.0,4,0.0,0.0,,,,,weak,low,80,sparse
gamma_weak__noise_low__T_80__density_sparse__seed_004,Social,0.2119573274909677,82.63415463929712,22.22584536070288,104.86,4,0.1179268469425772,0.0,,-0.09403048054839051,-0.2119573274909677,,weak,low,80,sparse
gamma_weak__noise_low__T_80__density_sparse__seed_004,Search,8.708708207162392e-06,528.0554012795441,0.0045987204558741,528.06,4,0.0,0.0,0.0,-8.708708207162392e-06,-8.708708207162392e-06,-8.708708207162392e-06,weak,low,80,sparse
gamma_weak__noise_low__T_80__density_sparse__seed_004,Affiliate,-3.3751161622672284e-06,248.46083858136168,-0.0008385813616769,248.46,4,0.0,0.0,,3.3751161622672284e-06,3.3751161622672284e-06,,weak,low,80,sparse
gamma_weak__noise_low__T_80__density_sparse__seed_005,TV,0.0206017680217644,501.1972512325423,10.542748767457738,511.74,5,0.1626657450834809,0.0,0.0,0.1420639770617165,-0.0206017680217644,-0.0206017680217644,weak,low,80,sparse
gamma_weak__noise_low__T_80__density_sparse__seed_005,Video,8.1383580133871e-06,348.4671640263831,0.002835973616925,348.47,5,0.0,0.0,,-8.1383580133871e-06,-8.1383580133871e-06,,weak,low,80,sparse
gamma_weak__noise_low__T_80__density_sparse__seed_005,Display,,0.0,0.0,0.0,5,0.0,0.0,,,,,weak,low,80,sparse
gamma_weak__noise_low__T_80__density_sparse__seed_005,Social,0.2090289611895133,95.37528785976848,25.20471214023152,120.58,5,0.2177643585769596,0.0,,0.008735397387446303,-0.2090289611895133,,weak,low,80,sparse
gamma_weak__noise_low__T_80__density_sparse__seed_005,Search,-1.6858871564479185e-06,614.8710366014359,-0.0010366014358851,614.87,5,0.0,0.0,,1.6858871564479185e-06,1.6858871564479185e-06,,weak,low,80,sparse
gamma_weak__noise_low__T_80__density_sparse__seed_005,Affiliate,-2.380465602101161e-06,295.26070285627367,-0.0007028562736763,295.26,5,0.0,0.0,,2.380465602101161e-06,2.380465602101161e-06,,weak,low,80,sparse
gamma_weak__noise_medium__T_156__density_dense__seed_001,TV,0.023843337674888,1220.8693760033943,29.82062399660572,1250.69,1,0.0957758472341942,0.0756609264012825,0.0044309359592886,0.0719325095593062,0.0518175887263945,-0.0194124017155994,weak,medium,156,dense
gamma_weak__noise_medium__T_156__density_dense__seed_001,Video,0.039269344420294,811.1929290387247,33.15707096127528,844.35,1,0.0136113522148548,0.0,,-0.025657992205439198,-0.039269344420294,,weak,medium,156,dense
gamma_weak__noise_medium__T_156__density_dense__seed_001,Display,1.0,0.0,141.13,141.13,1,0.5279590221378134,0.2722572633643734,1.0,-0.4720409778621866,-0.7277427366356266,0.0,weak,medium,156,dense
gamma_weak__noise_medium__T_156__density_dense__seed_001,Social,0.1990646702435297,234.66604226534824,58.32395773465177,292.99,1,0.0878943079456211,0.1129315364715092,1.0,-0.1111703622979086,-0.08613313377202049,0.8009353297564703,weak,medium,156,dense
gamma_weak__noise_medium__T_156__density_dense__seed_001,Search,-1.1385416733466616e-06,1505.111713630458,-0.0017136304579707,1505.11,1,0.0,0.0,0.0,1.1385416733466616e-06,1.1385416733466616e-06,1.1385416733466616e-06,weak,medium,156,dense
gamma_weak__noise_medium__T_156__density_dense__seed_001,Affiliate,-6.732415011618629e-06,709.2147746960504,-0.00477469605039,709.21,1,0.0,0.6184340497763777,0.0,6.732415011618629e-06,0.6184407821913893,6.732415011618629e-06,weak,medium,156,dense
gamma_weak__noise_medium__T_156__density_dense__seed_002,TV,0.0247160057364686,1394.3440209186856,35.33597908131446,1429.68,2,0.1192158609566113,0.0532189796194536,0.0,0.0944998552201427,0.028502973882985,-0.0247160057364686,weak,medium,156,dense
gamma_weak__noise_medium__T_156__density_dense__seed_002,Video,0.0330806956194592,1130.7251037356482,38.68489626435189,1169.41,2,0.0345445353250932,0.0,,0.0014638397056339972,-0.0330806956194592,,weak,medium,156,dense
gamma_weak__noise_medium__T_156__density_dense__seed_002,Display,1.0,0.0,150.23,150.23,2,0.2990951278241939,0.0,,-0.7009048721758061,-1.0,,weak,medium,156,dense
gamma_weak__noise_medium__T_156__density_dense__seed_002,Social,0.1967743484241152,270.6709800680417,66.30901993195835,336.98,2,0.1687287280283742,0.0,,-0.028045620395741017,-0.1967743484241152,,weak,medium,156,dense
gamma_weak__noise_medium__T_156__density_dense__seed_002,Search,-1.6262964273052616e-06,1749.152844636396,-0.0028446363958209,1749.15,2,0.0,0.0,,1.6262964273052616e-06,1.6262964273052616e-06,,weak,medium,156,dense
gamma_weak__noise_medium__T_156__density_dense__seed_002,Affiliate,3.791617901218191e-06,829.7468539050465,0.0031460949535357,829.75,2,0.0,0.0,,-3.791617901218191e-06,-3.791617901218191e-06,,weak,medium,156,dense
gamma_weak__noise_medium__T_156__density_dense__seed_003,TV,0.0219889827770944,1707.0986703422373,38.38132965776276,1745.48,3,0.0212114903077277,0.0,,-0.0007774924693666994,-0.0219889827770944,,weak,medium,156,dense
gamma_weak__noise_medium__T_156__density_dense__seed_003,Video,0.039502041579208,1073.8847424123664,44.16525758763351,1118.05,3,0.0176986889658347,0.0,,-0.0218033526133733,-0.039502041579208,,weak,medium,156,dense
gamma_weak__noise_medium__T_156__density_dense__seed_003,Display,1.0,0.0,196.55,196.55,3,0.1822199973807372,0.1029409932716085,1.0,-0.8177800026192628,-0.8970590067283915,0.0,weak,medium,156,dense
gamma_weak__noise_medium__T_156__density_dense__seed_003,Social,0.2038939747884762,285.7383745689201,73.18162543107991,358.92,3,0.2253334659544772,0.0,,0.021439491166000996,-0.2038939747884762,,weak,medium,156,dense
gamma_weak__noise_medium__T_156__density_dense__seed_003,Search,-2.5640837451473426e-06,1854.6947555804811,-0.0047555804812873,1854.69,3,0.0,0.0,0.0,2.5640837451473426e-06,2.5640837451473426e-06,2.5640837451473426e-06,weak,medium,156,dense
gamma_weak__noise_medium__T_156__density_dense__seed_003,Affiliate,-3.1686235811499176e-06,877.6227808474273,-0.0027808474272887,877.62,3,0.0,0.0,,3.1686235811499176e-06,3.1686235811499176e-06,,weak,medium,156,dense
gamma_weak__noise_medium__T_156__density_dense__seed_004,TV,0.0273565038129315,1128.2372762721138,31.7327237278862,1159.97,4,0.0622332412524695,0.0,0.0,0.034876737439537994,-0.0273565038129315,-0.0273565038129315,weak,medium,156,dense
gamma_weak__noise_medium__T_156__density_dense__seed_004,Video,0.0391301855057313,772.9717222699145,31.47827773008555,804.45,4,0.0515224181712975,0.0550158563581682,1.0,0.012392232665566195,0.015885670852436896,0.9608698144942687,weak,medium,156,dense
gamma_weak__noise_medium__T_156__density_dense__seed_004,Display,1.0,0.0,120.49,120.49,4,0.3330311550719383,0.0,,-0.6669688449280617,-1.0,,weak,medium,156,dense
gamma_weak__noise_medium__T_156__density_dense__seed_004,Social,0.1945874881705585,221.87503875877456,53.60496124122545,275.48,4,0.2224524326703769,0.0,,0.02786494449981841,-0.1945874881705585,,weak,medium,156,dense
gamma_weak__noise_medium__T_156__density_dense__seed_004,Search,-6.893955431504174e-07,1427.720984263805,-0.0009842638048667,1427.72,4,0.0,0.0,0.0,6.893955431504174e-07,6.893955431504174e-07,6.893955431504174e-07,weak,medium,156,dense
gamma_weak__noise_medium__T_156__density_dense__seed_004,Affiliate,-3.6925930624634287e-06,680.0025109632825,-0.0025109632824751,680.0,4,0.0,0.0,,3.6925930624634287e-06,3.6925930624634287e-06,,weak,medium,156,dense
gamma_weak__noise_medium__T_156__density_dense__seed_005,TV,0.0233026790577894,1339.8529188149432,31.967081185056717,1371.82,5,0.0916587900903869,0.0,0.0,0.06835611103259749,-0.0233026790577894,-0.0233026790577894,weak,medium,156,dense
gamma_weak__noise_medium__T_156__density_dense__seed_005,Video,0.035975164551775,889.9106060989654,33.20939390103456,923.12,5,0.0389328532571302,0.0,,0.002957688705355205,-0.035975164551775,,weak,medium,156,dense
gamma_weak__noise_medium__T_156__density_dense__seed_005,Display,1.0,0.0,131.49,131.49,5,0.2179856902526546,0.2105362533790601,1.0,-0.7820143097473454,-0.7894637466209399,0.0,weak,medium,156,dense
gamma_weak__noise_medium__T_156__density_dense__seed_005,Social,0.2077578383197342,261.17055101951644,68.48944898048359,329.66,5,0.1276367368499844,0.1825273265358646,1.0,-0.08012110146974982,-0.02523051178386962,0.7922421616802657,weak,medium,156,dense
gamma_weak__noise_medium__T_156__density_dense__seed_005,Search,2.70212902494699e-06,1595.2256894827156,0.0043105172844661,1595.23,5,0.0,0.3842317283707812,0.3328426701372054,-2.70212902494699e-06,0.38422902624175626,0.3328399680081805,weak,medium,156,dense
gamma_weak__noise_medium__T_156__density_dense__seed_005,Affiliate,-5.467677368470345e-06,759.8841547786787,-0.0041547786787532,759.88,5,0.0,0.0,0.0,5.467677368470345e-06,5.467677368470345e-06,5.467677368470345e-06,weak,medium,156,dense
gamma_weak__noise_medium__T_156__density_medium__seed_001,TV,0.0189437545088767,1226.19276955199,23.677230448009823,1249.87,1,0.0510130456488411,0.0209591422161582,0.0004438487678643,0.0320692911399644,0.0020153877072814977,-0.0184999057410124,weak,medium,156,medium
gamma_weak__noise_medium__T_156__density_medium__seed_001,Video,0.0393467009413522,814.7300629316392,33.369937068360855,848.1,1,0.0131762070959258,0.0,,-0.026170493845426402,-0.0393467009413522,,weak,medium,156,medium
gamma_weak__noise_medium__T_156__density_medium__seed_001,Display,1.0,0.0,31.62,31.62,1,0.2919590394725177,0.2956775062520317,1.0,-0.7080409605274822,-0.7043224937479683,0.0,weak,medium,156,medium
gamma_weak__noise_medium__T_156__density_medium__seed_001,Social,0.2014461144520438,235.6372805474909,59.442719452509095,295.08,1,0.1073137222894903,0.1173960643448717,1.0,-0.09413239216255351,-0.0840500501071721,0.7985538855479561,weak,medium,156,medium
gamma_weak__noise_medium__T_156__density_medium__seed_001,Search,1.7154390786772345e-07,1512.7697404935225,0.000259506477505,1512.77,1,0.0,0.0,0.0,-1.7154390786772345e-07,-1.7154390786772345e-07,-1.7154390786772345e-07,weak,medium,156,medium
gamma_weak__noise_medium__T_156__density_medium__seed_001,Affiliate,3.8055088186933658e-06,712.3072892980133,0.0027107019866434,712.31,1,0.0,0.6160053162757942,0.0,-3.8055088186933658e-06,0.6160015107669755,-3.8055088186933658e-06,weak,medium,156,medium
gamma_weak__noise_medium__T_156__density_medium__seed_002,TV,0.0200051726484625,1394.2190409764853,28.46095902351476,1422.68,2,0.0700746225121389,0.0,0.0,0.0500694498636764,-0.0200051726484625,-0.0200051726484625,weak,medium,156,medium
gamma_weak__noise_medium__T_156__density_medium__seed_002,Video,0.0330934164079014,1130.6232063259126,38.6967936740873,1169.32,2,0.0359547572037863,0.0,,0.0028613407958848966,-0.0330934164079014,,weak,medium,156,medium
gamma_weak__noise_medium__T_156__density_medium__seed_002,Display,1.0,0.0,33.92,33.92,2,0.0483318476568419,0.0,,-0.951668152343158,-1.0,,weak,medium,156,medium
gamma_weak__noise_medium__T_156__density_medium__seed_002,Social,0.1988056611643023,271.3084389599323,67.3215610400677,338.63,2,0.1792687681364539,0.0,,-0.01953689302784839,-0.1988056611643023,,weak,medium,156,medium
gamma_weak__noise_medium__T_156__density_medium__seed_002,Search,1.029764863363068e-06,1749.9981979114891,0.0018020885108853,1750.0,2,0.0,0.0,,-1.029764863363068e-06,-1.029764863363068e-06,,weak,medium,156,medium
gamma_weak__noise_medium__T_156__density_medium__seed_002,Affiliate,-2.73689633592972e-06,829.672270720783,-0.0022707207830308,829.67,2,0.0,0.0,,2.73689633592972e-06,2.73689633592972e-06,,weak,medium,156,medium
gamma_weak__noise_medium__T_156__density_medium__seed_003,TV,0.0173606601813724,1711.1976255403526,30.232374459647417,1741.43,3,0.0133486951502111,0.0,,-0.0040119650311613,-0.0173606601813724,,weak,medium,156,medium
gamma_weak__noise_medium__T_156__density_medium__seed_003,Video,0.0392239158916483,1076.4631323958383,43.94686760416175,1120.41,3,0.0189933793905899,0.0,,-0.020230536501058403,-0.0392239158916483,,weak,medium,156,medium
gamma_weak__noise_medium__T_156__density_medium__seed_003,Display,1.0,0.0,42.12,42.12,3,0.0990841681434524,0.0,,-0.9009158318565476,-1.0,,weak,medium,156,medium
gamma_weak__noise_medium__T_156__density_medium__seed_003,Social,0.2026983010974937,287.0605036728584,72.97949632714165,360.04,3,0.2177246891515891,0.0,,0.015026388054095396,-0.2026983010974937,,weak,medium,156,medium
gamma_weak__noise_medium__T_156__density_medium__seed_003,Search,2.9555349240835653e-06,1859.3445046261388,0.0054953738610947,1859.35,3,0.0,0.1420966483205444,0.0,-2.9555349240835653e-06,0.1420936927856203,-2.9555349240835653e-06,weak,medium,156,medium
gamma_weak__noise_medium__T_156__density_medium__seed_003,Affiliate,1.6856141760651413e-07,879.7298517114641,0.0001482885359109,879.73,3,0.0,0.0,,-1.6856141760651413e-07,-1.6856141760651413e-07,,weak,medium,156,medium
gamma_weak__noise_medium__T_156__density_medium__seed_004,TV,0.0215167480938873,1135.7842194825394,24.975780517460635,1160.76,4,0.040796430252263,0.0,0.0,0.019279682158375697,-0.0215167480938873,-0.0215167480938873,weak,medium,156,medium
gamma_weak__noise_medium__T_156__density_medium__seed_004,Video,0.0392004084021246,778.1419812392032,31.748018760796757,809.89,4,0.0529047622902678,0.0,,0.0137043538881432,-0.0392004084021246,,weak,medium,156,medium
gamma_weak__noise_medium__T_156__density_medium__seed_004,Display,1.0,0.0,26.56,26.56,4,0.1813917303355065,0.1744816936660369,1.0,-0.8186082696644935,-0.8255183063339631,0.0,weak,medium,156,medium
gamma_weak__noise_medium__T_156__density_medium__seed_004,Social,0.1942612287949595,223.8422880284723,53.967711971527706,277.81,4,0.2158006683942604,0.2034963936309817,1.0,0.021539439599300908,0.009235164836022214,0.8057387712050406,weak,medium,156,medium
gamma_weak__noise_medium__T_156__density_medium__seed_004,Search,-2.6913673273119567e-06,1438.2838709397995,-0.0038709397995262,1438.28,4,0.0,0.0,0.0,2.6913673273119567e-06,2.6913673273119567e-06,2.6913673273119567e-06,weak,medium,156,medium
gamma_weak__noise_medium__T_156__density_medium__seed_004,Affiliate,-1.8289369541828907e-06,684.5512519987919,-0.0012519987919858,684.55,4,0.0,0.0,,1.8289369541828907e-06,1.8289369541828907e-06,,weak,medium,156,medium
gamma_weak__noise_medium__T_156__density_medium__seed_005,TV,0.0178811902497456,1352.0338594426878,24.61614055731229,1376.65,5,0.0614641669940078,0.0,0.0,0.0435829767442622,-0.0178811902497456,-0.0178811902497456,weak,medium,156,medium
gamma_weak__noise_medium__T_156__density_medium__seed_005,Video,0.0360966883568032,898.0012422261514,33.62875777384863,931.63,5,0.0425010757839622,0.0,,0.006404387427159,-0.0360966883568032,,weak,medium,156,medium
gamma_weak__noise_medium__T_156__density_medium__seed_005,Display,1.0,0.0,32.18,32.18,5,0.0791199346872959,0.0897472420350237,1.0,-0.920880065312704,-0.9102527579649763,0.0,weak,medium,156,medium
gamma_weak__noise_medium__T_156__density_medium__seed_005,Social,0.2085891467765985,263.72183861963407,69.50816138036595,333.23,5,0.1539275580972079,0.1939831940392412,1.0,-0.05466158867939061,-0.01460595273735732,0.7914108532234014,weak,medium,156,medium
gamma_weak__noise_medium__T_156__density_medium__seed_005,Search,1.4718293601657396e-06,1610.6776293538862,0.0023706461138317,1610.68,5,0.0,0.3679123096918502,0.3358756770470604,-1.4718293601657396e-06,0.36791083786249,0.33587420521770023,weak,medium,156,medium
gamma_weak__noise_medium__T_156__density_medium__seed_005,Affiliate,-2.6477311241296637e-06,766.7920302537486,-0.0020302537486713,766.79,5,0.0,0.0,0.0,2.6477311241296637e-06,2.6477311241296637e-06,2.6477311241296637e-06,weak,medium,156,medium
gamma_weak__noise_medium__T_156__density_sparse__seed_001,TV,0.0189381539024964,1238.5513382242543,23.908661775745717,1262.46,1,0.05104746935265,0.0153197576159459,0.0,0.032109315450153594,-0.0036183962865504998,-0.0189381539024964,weak,medium,156,sparse
gamma_weak__noise_medium__T_156__density_sparse__seed_001,Video,-1.834902571874564e-06,822.9415100147226,-0.0015100147224984,822.94,1,0.0,0.0,,1.834902571874564e-06,1.834902571874564e-06,,weak,medium,156,sparse
gamma_weak__noise_medium__T_156__density_sparse__seed_001,Display,,0.0,0.0,0.0,1,0.0,0.0,,,,,weak,medium,156,sparse
gamma_weak__noise_medium__T_156__density_sparse__seed_001,Social,0.2013230738951601,238.11753874889692,60.02246125110304,298.14,1,0.1136447041480241,0.1260539881427668,1.0,-0.087678369747136,-0.0752690857523933,0.7986769261048399,weak,medium,156,sparse
gamma_weak__noise_medium__T_156__density_sparse__seed_001,Search,1.0390058071883754e-06,1526.5984138537349,0.0015861462652537,1526.6,1,0.0,0.0,0.0,-1.0390058071883754e-06,-1.0390058071883754e-06,-1.0390058071883754e-06,weak,medium,156,sparse
gamma_weak__noise_medium__T_156__density_sparse__seed_001,Affiliate,5.008009918545647e-06,719.4863967869437,0.0036032130562944,719.49,1,0.0,0.6039589669855435,0.0,-5.008009918545647e-06,0.603953958975625,-5.008009918545647e-06,weak,medium,156,sparse
gamma_weak__noise_medium__T_156__density_sparse__seed_002,TV,0.0199833064560699,1400.7280599154035,28.561940084596245,1429.29,2,0.0688565314235408,0.0602217675514319,0.0,0.0488732249674709,0.040238461095362,-0.0199833064560699,weak,medium,156,sparse
gamma_weak__noise_medium__T_156__density_sparse__seed_002,Video,-1.7260710010445963e-06,1135.9019606440502,-0.0019606440500865,1135.9,2,0.0,0.0,,1.7260710010445963e-06,1.7260710010445963e-06,,weak,medium,156,sparse
gamma_weak__noise_medium__T_156__density_sparse__seed_002,Display,,0.0,0.0,0.0,2,0.0,0.0366688569211115,,,,,weak,medium,156,sparse
gamma_weak__noise_medium__T_156__density_sparse__seed_002,Social,0.1974733635900162,272.5621215239228,67.06787847607723,339.63,2,0.163470904998999,0.0,,-0.03400245859101719,-0.1974733635900162,,weak,medium,156,sparse
gamma_weak__noise_medium__T_156__density_sparse__seed_002,Search,-3.865710962296582e-06,1758.2867970022708,-0.0067970022707868,1758.28,2,0.0,0.0,,3.865710962296582e-06,3.865710962296582e-06,,weak,medium,156,sparse
gamma_weak__noise_medium__T_156__density_sparse__seed_002,Affiliate,5.585789011827828e-06,833.5453439655691,0.004656034430809,833.55,2,0.0,0.0,,-5.585789011827828e-06,-5.585789011827828e-06,,weak,medium,156,sparse
gamma_weak__noise_medium__T_156__density_sparse__seed_003,TV,0.0173538201411621,1723.36487023643,30.435129763570103,1753.8,3,0.0132566794779122,0.0,,-0.0040971406632498986,-0.0173538201411621,,weak,medium,156,sparse
gamma_weak__noise_medium__T_156__density_sparse__seed_003,Video,2.27744554181301e-06,1084.117530975739,0.0024690242607903,1084.12,3,0.0,0.0,,-2.27744554181301e-06,-2.27744554181301e-06,,weak,medium,156,sparse
gamma_weak__noise_medium__T_156__density_sparse__seed_003,Display,,0.0,0.0,0.0,3,0.0,0.0,,,,,weak,medium,156,sparse
gamma_weak__noise_medium__T_156__density_sparse__seed_003,Social,0.2026534024626039,288.7351499002419,73.38485009975813,362.12,3,0.21668909324263,0.0,,0.014035690780026089,-0.2026534024626039,,weak,medium,156,sparse
gamma_weak__noise_medium__T_156__density_sparse__seed_003,Search,-2.436642356691347e-06,1872.4245624178816,-0.004562417881516,1872.42,3,0.0,0.1426334695150068,0.0,2.436642356691347e-06,0.1426359061573635,2.436642356691347e-06,weak,medium,156,sparse
gamma_weak__noise_medium__T_156__density_sparse__seed_003,Affiliate,5.581750818921152e-06,885.985054624592,0.0049453754080559,885.99,3,0.0,0.0,,-5.581750818921152e-06,-5.581750818921152e-06,,weak,medium,156,sparse
gamma_weak__noise_medium__T_156__density_sparse__seed_004,TV,0.0214919105507856,1145.6861965316125,25.16380346838741,1170.85,4,0.0406497517899758,0.0,0.0,0.019157841239190197,-0.0214919105507856,-0.0214919105507856,weak,medium,156,sparse
gamma_weak__noise_medium__T_156__density_sparse__seed_004,Video,-7.643457609315486e-06,784.9259995027467,-0.0059995027467039,784.92,4,0.0,0.0,,7.643457609315486e-06,7.643457609315486e-06,,weak,medium,156,sparse
gamma_weak__noise_medium__T_156__density_sparse__seed_004,Display,,0.0,0.0,0.0,4,0.0,0.0,,,,,weak,medium,156,sparse
gamma_weak__noise_medium__T_156__density_sparse__seed_004,Social,0.1938696556220429,225.99058074291645,54.349419257083525,280.34,4,0.2141429223912355,0.217729418427808,,0.02027326676919261,0.0238597628057651,,weak,medium,156,sparse
gamma_weak__noise_medium__T_156__density_sparse__seed_004,Search,1.3068983601567954e-06,1450.9681037296864,0.0018962703136367,1450.97,4,0.0,0.0,,-1.3068983601567954e-06,-1.3068983601567954e-06,,weak,medium,156,sparse
gamma_weak__noise_medium__T_156__density_sparse__seed_004,Affiliate,5.641009745833654e-07,690.519610476995,0.0003895230049693,690.52,4,0.0,0.0,,-5.641009745833654e-07,-5.641009745833654e-07,,weak,medium,156,sparse
gamma_weak__noise_medium__T_156__density_sparse__seed_005,TV,0.0181345920603421,1368.8382025168355,25.281797483164155,1394.12,5,0.0537372377919765,0.0,0.0,0.035602645731634394,-0.0181345920603421,-0.0181345920603421,weak,medium,156,sparse
gamma_weak__noise_medium__T_156__density_sparse__seed_005,Video,-2.646207237232702e-06,909.1624058257718,-0.0024058257718024,909.16,5,0.0,0.0,,2.646207237232702e-06,2.646207237232702e-06,,weak,medium,156,sparse
gamma_weak__noise_medium__T_156__density_sparse__seed_005,Display,,0.0,0.0,0.0,5,0.0,0.0,,,,,weak,medium,156,sparse
gamma_weak__noise_medium__T_156__density_sparse__seed_005,Social,0.2096720650738127,267.02019609416163,70.83980390583838,337.86,5,0.1407033608682467,0.2048405592542179,1.0,-0.068968704205566,-0.004831505819594795,0.7903279349261874,weak,medium,156,sparse
gamma_weak__noise_medium__T_156__density_sparse__seed_005,Search,-1.5140593195852756e-06,1630.542468734283,-0.0024687342829565,1630.54,5,0.0,0.3659560608594222,0.3420159254370785,1.5140593195852756e-06,0.3659575749187418,0.34201743949639807,weak,medium,156,sparse
gamma_weak__noise_medium__T_156__density_sparse__seed_005,Affiliate,-3.4149474403356925e-06,776.3226510919969,-0.0026510919968814,776.32,5,0.0,0.0,0.0,3.4149474403356925e-06,3.4149474403356925e-06,3.4149474403356925e-06,weak,medium,156,sparse
gamma_weak__noise_medium__T_300__density_dense__seed_001,TV,0.0251742973419377,2668.175934231329,68.90406576867099,2737.08,1,0.0941968978727436,0.0,0.0,0.0690226005308059,-0.0251742973419377,-0.0251742973419377,weak,medium,300,dense
gamma_weak__noise_medium__T_300__density_dense__seed_001,Video,0.0377670624497009,1924.581343053104,75.5386569468958,2000.12,1,0.0959845535716287,0.1020449254605522,0.1613309612685827,0.058217491121927804,0.06427786301085131,0.1235638988188818,weak,medium,300,dense
gamma_weak__noise_medium__T_300__density_dense__seed_001,Display,1.0,0.0,283.38,283.38,1,0.234932008697753,0.0,,-0.765067991302247,-1.0,,weak,medium,300,dense
gamma_weak__noise_medium__T_300__density_dense__seed_001,Social,0.2028604487670787,538.4757382533506,137.03426174664935,675.51,1,0.1054583405200398,0.0,,-0.0974021082470389,-0.2028604487670787,,weak,medium,300,dense
gamma_weak__noise_medium__T_300__density_dense__seed_001,Search,-5.547303469106599e-07,3475.3619278876586,-0.0019278876584394,3475.36,1,0.0,0.0516783381277918,0.0,5.547303469106599e-07,0.05167889285813871,5.547303469106599e-07,weak,medium,300,dense
gamma_weak__noise_medium__T_300__density_dense__seed_001,Affiliate,1.1515679890012017e-06,1629.7881231860072,0.0018768139927942,1629.79,1,0.0,0.0,,-1.1515679890012017e-06,-1.1515679890012017e-06,,weak,medium,300,dense
gamma_weak__noise_medium__T_300__density_dense__seed_002,TV,0.0233062904857302,2659.839746057306,63.47025394269394,2723.31,2,0.0720877476787589,0.0218791147607494,0.0,0.048781457193028704,-0.0014271757249808004,-0.0233062904857302,weak,medium,300,dense
gamma_weak__noise_medium__T_300__density_dense__seed_002,Video,0.0380221274213789,1861.6291987928728,73.5808012071268,1935.21,2,0.1792047873242323,0.2763060540685991,,0.14118265990285342,0.2382839266472202,,weak,medium,300,dense
gamma_weak__noise_medium__T_300__density_dense__seed_002,Display,1.0,0.0,275.18,275.18,2,0.2570695964703481,0.0883737787038727,,-0.7429304035296519,-0.9116262212961272,,weak,medium,300,dense
gamma_weak__noise_medium__T_300__density_dense__seed_002,Social,0.2081482288538136,526.5180796705222,138.40192032947778,664.92,2,0.1896538787268322,0.0,,-0.01849435012698139,-0.2081482288538136,,weak,medium,300,dense
gamma_weak__noise_medium__T_300__density_dense__seed_002,Search,1.259845982942732e-06,3360.5157662623774,0.0042337376225987,3360.52,2,0.0,0.0,,-1.259845982942732e-06,-1.259845982942732e-06,,weak,medium,300,dense
gamma_weak__noise_medium__T_300__density_dense__seed_002,Affiliate,2.3238042906501878e-06,1591.9163006894737,0.0036993105263718,1591.92,2,0.0,0.0,,-2.3238042906501878e-06,-2.3238042906501878e-06,,weak,medium,300,dense
gamma_weak__noise_medium__T_300__density_dense__seed_003,TV,0.0229242946953634,3275.9882785306504,76.8617214693495,3352.85,3,0.0417089306334882,0.0,0.0,0.018784635938124798,-0.0229242946953634,-0.0229242946953634,weak,medium,300,dense
gamma_weak__noise_medium__T_300__density_dense__seed_003,Video,0.0322013466705063,2270.3975727917923,75.54242720820776,2345.94,3,0.0894226455852257,0.0,0.0,0.057221298914719394,-0.0322013466705063,-0.0322013466705063,weak,medium,300,dense
gamma_weak__noise_medium__T_300__density_dense__seed_003,Display,1.0,0.0,317.87,317.87,3,0.2253396623703223,0.2754178229453567,1.0,-0.7746603376296777,-0.7245821770546432,0.0,weak,medium,300,dense
gamma_weak__noise_medium__T_300__density_dense__seed_003,Social,0.1899564388719778,597.6420389646435,140.1479610353565,737.79,3,0.1617187008428842,0.0,,-0.0282377380290936,-0.1899564388719778,,weak,medium,300,dense
gamma_weak__noise_medium__T_300__density_dense__seed_003,Search,-1.4712061332483697e-06,3819.595619404234,-0.0056194042344941,3819.59,3,0.0,0.1880629773039756,0.1777827936069023,1.4712061332483697e-06,0.18806444851010884,0.17778426481303555,weak,medium,300,dense
gamma_weak__noise_medium__T_300__density_dense__seed_003,Affiliate,3.6995970974229e-06,1825.6432458305592,0.0067541694409101,1825.65,3,0.0,0.0,,-3.6995970974229e-06,-3.6995970974229e-06,,weak,medium,300,dense
gamma_weak__noise_medium__T_300__density_dense__seed_004,TV,0.0232687050302672,2703.299205087729,64.40079491227061,2767.7,4,0.0531822837056495,0.0,0.0,0.029913578675382302,-0.0232687050302672,-0.0232687050302672,weak,medium,300,dense
gamma_weak__noise_medium__T_300__density_dense__seed_004,Video,0.0324944045747327,1930.3284637686763,64.83153623132375,1995.16,4,0.0908268591685733,0.0,,0.0583324545938406,-0.0324944045747327,,weak,medium,300,dense
gamma_weak__noise_medium__T_300__density_dense__seed_004,Display,1.0,0.0,256.61,256.61,4,0.2294518254312854,0.0,,-0.7705481745687146,-1.0,,weak,medium,300,dense
gamma_weak__noise_medium__T_300__density_dense__seed_004,Social,0.1893145095763561,516.674183611701,120.65581638829906,637.33,4,0.1064985466736398,0.0,,-0.0828159629027163,-0.1893145095763561,,weak,medium,300,dense
gamma_weak__noise_medium__T_300__density_dense__seed_004,Search,1.0569364448496368e-07,3295.249651713018,0.000348286981989,3295.25,4,0.0,0.1112785783323628,,-1.0569364448496368e-07,0.11127847263871832,,weak,medium,300,dense
gamma_weak__noise_medium__T_300__density_dense__seed_004,Affiliate,-1.826478146888614e-06,1569.522866693981,-0.0028666939811046,1569.52,4,0.0,0.0,0.0,1.826478146888614e-06,1.826478146888614e-06,1.826478146888614e-06,weak,medium,300,dense
gamma_weak__noise_medium__T_300__density_dense__seed_005,TV,0.0271313691412634,2831.981669684548,78.97833031545224,2910.96,5,0.0378534809413574,0.1437029152710583,0.2371104586655849,0.010722111800093997,0.1165715461297949,0.20997908952432148,weak,medium,300,dense
gamma_weak__noise_medium__T_300__density_dense__seed_005,Video,0.0335755748233225,2107.4140942730182,73.21590572698187,2180.63,5,0.0269750950498908,0.0,0.0,-0.0066004797734316965,-0.0335755748233225,-0.0335755748233225,weak,medium,300,dense
gamma_weak__noise_medium__T_300__density_dense__seed_005,Display,1.0,0.0,289.08,289.08,5,0.2815173704425987,0.1780326976085726,,-0.7184826295574013,-0.8219673023914273,,weak,medium,300,dense
gamma_weak__noise_medium__T_300__density_dense__seed_005,Social,0.198406944737192,579.8884480382205,143.53155196177943,723.42,5,0.1857919803098399,0.0,,-0.012614964427352104,-0.198406944737192,,weak,medium,300,dense
gamma_weak__noise_medium__T_300__density_dense__seed_005,Search,-1.5818499454281627e-06,3609.255709291916,-0.0057092919155365,3609.25,5,0.0,0.0,,1.5818499454281627e-06,1.5818499454281627e-06,,weak,medium,300,dense
gamma_weak__noise_medium__T_300__density_dense__seed_005,Affiliate,1.3431449141735494e-06,1733.1576721149606,0.002327885039449,1733.16,5,0.0,0.0,,-1.3431449141735494e-06,-1.3431449141735494e-06,,weak,medium,300,dense
gamma_weak__noise_medium__T_300__density_medium__seed_001,TV,0.0200330217237214,2682.5028083147886,54.837191685211565,2737.34,1,0.0388784956450008,0.0,0.0,0.0188454739212794,-0.0200330217237214,-0.0200330217237214,weak,medium,300,medium
gamma_weak__noise_medium__T_300__density_medium__seed_001,Video,0.037704951533794,1934.9155228024545,75.81447719754578,2010.73,1,0.107606686225304,0.1069803613313633,0.1684841600218276,0.06990173469151001,0.0692754097975693,0.1307792084880336,weak,medium,300,medium
gamma_weak__noise_medium__T_300__density_medium__seed_001,Display,1.0,0.0,61.79,61.79,1,0.124702061465814,0.0,,-0.875297938534186,-1.0,,weak,medium,300,medium
gamma_weak__noise_medium__T_300__density_medium__seed_001,Social,0.2040210663281777,542.4118845613266,139.02811543867347,681.44,1,0.1240955531309044,0.0,,-0.07992551319727331,-0.2040210663281777,,weak,medium,300,medium
gamma_weak__noise_medium__T_300__density_medium__seed_001,Search,-1.3653227223714846e-06,3495.3147722261647,-0.0047722261647322,3495.31,1,0.0,0.042365594468588,0.0,1.3653227223714846e-06,0.042366959791310374,1.3653227223714846e-06,weak,medium,300,medium
gamma_weak__noise_medium__T_300__density_medium__seed_001,Affiliate,6.554370518594581e-07,1638.538926040173,0.0010739598269537,1638.54,1,0.0,0.0,,-6.554370518594581e-07,-6.554370518594581e-07,,weak,medium,300,medium
gamma_weak__noise_medium__T_300__density_medium__seed_002,TV,0.0184524164337917,2675.8263139873475,50.30368601265263,2726.13,2,0.0499394287681002,0.0,0.0,0.031487012334308506,-0.0184524164337917,-0.0184524164337917,weak,medium,300,medium
gamma_weak__noise_medium__T_300__density_medium__seed_002,Video,0.0381102904428431,1872.8185023019755,74.20149769802447,1947.02,2,0.189352776229194,0.2871903053080681,,0.1512424857863509,0.24908001486522502,,weak,medium,300,medium
gamma_weak__noise_medium__T_300__density_medium__seed_002,Display,1.0,0.0,61.01,61.01,2,0.1076765071011726,0.0,,-0.8923234928988274,-1.0,,weak,medium,300,medium
gamma_weak__noise_medium__T_300__density_medium__seed_002,Social,0.2088873715368799,529.5312378617895,139.81876213821056,669.35,2,0.1968620969747684,0.0,,-0.012025274562111499,-0.2088873715368799,,weak,medium,300,medium
gamma_weak__noise_medium__T_300__density_medium__seed_002,Search,1.984360981002756e-07,3381.199329047865,0.0006709521348966,3381.2,2,0.0,0.0,,-1.984360981002756e-07,-1.984360981002756e-07,,weak,medium,300,medium
gamma_weak__noise_medium__T_300__density_medium__seed_002,Affiliate,-2.926150298099785e-06,1601.4846861711794,-0.0046861711794008,1601.48,2,0.0,0.0,,2.926150298099785e-06,2.926150298099785e-06,,weak,medium,300,medium
gamma_weak__noise_medium__T_300__density_medium__seed_003,TV,0.017915920981313,3302.4148491529777,60.24515084702216,3362.66,3,0.0354855168087831,0.0,0.0,0.017569595827470096,-0.017915920981313,-0.017915920981313,weak,medium,300,medium
gamma_weak__noise_medium__T_300__density_medium__seed_003,Video,0.0323222165441166,2288.712786318517,76.44721368148294,2365.16,3,0.0923390187383107,0.0,0.0,0.0600168021941941,-0.0323222165441166,-0.0323222165441166,weak,medium,300,medium
gamma_weak__noise_medium__T_300__density_medium__seed_003,Display,1.0,0.0,70.66,70.66,3,0.1061658667902328,0.0911605301946722,,-0.8938341332097672,-0.9088394698053278,,weak,medium,300,medium
gamma_weak__noise_medium__T_300__density_medium__seed_003,Social,0.1906660000988698,603.0428566663311,142.06714333366892,745.11,3,0.1540377572300208,0.0,,-0.036628242868849,-0.1906660000988698,,weak,medium,300,medium
gamma_weak__noise_medium__T_300__density_medium__seed_003,Search,-1.859052912836514e-07,3853.020716296805,-0.0007162968054217,3853.02,3,0.0,0.2161937571681696,0.1715384220279756,1.859052912836514e-07,0.21619394307346088,0.17153860793326686,weak,medium,300,medium
gamma_weak__noise_medium__T_300__density_medium__seed_003,Affiliate,-2.473571342263672e-07,1840.370455228649,-0.0004552286491161,1840.37,3,0.0,0.0,,2.473571342263672e-07,2.473571342263672e-07,,weak,medium,300,medium
gamma_weak__noise_medium__T_300__density_medium__seed_004,TV,0.0181926168678661,2723.641679620684,50.46832037931608,2774.11,4,0.0440675688728427,0.0,0.0,0.025874952004976602,-0.0181926168678661,-0.0181926168678661,weak,medium,300,medium
gamma_weak__noise_medium__T_300__density_medium__seed_004,Video,0.0326945973225552,1944.8545695692435,65.73543043075642,2010.59,4,0.0907844190506311,0.0,,0.058089821728075905,-0.0326945973225552,,weak,medium,300,medium
gamma_weak__noise_medium__T_300__density_medium__seed_004,Display,1.0,0.0,58.11,58.11,4,0.0801308272536302,0.0724582128784733,,-0.9198691727463698,-0.9275417871215267,,weak,medium,300,medium
gamma_weak__noise_medium__T_300__density_medium__seed_004,Social,0.1896193046796175,520.5723510599073,121.80764894009268,642.38,4,0.1056882822377927,0.0,,-0.08393102244182479,-0.1896193046796175,,weak,medium,300,medium
gamma_weak__noise_medium__T_300__density_medium__seed_004,Search,5.739030431458925e-07,3322.248093350615,0.0019066493850914,3322.25,4,0.0,0.0,,-5.739030431458925e-07,-5.739030431458925e-07,,weak,medium,300,medium
gamma_weak__noise_medium__T_300__density_medium__seed_004,Affiliate,-1.8930410054753264e-06,1581.3329935225331,-0.0029935225331882,1581.33,4,0.0,0.0,0.0,1.8930410054753264e-06,1.8930410054753264e-06,1.8930410054753264e-06,weak,medium,300,medium
gamma_weak__noise_medium__T_300__density_medium__seed_005,TV,0.0211341382214549,2851.553719264315,61.56628073568481,2913.12,5,0.0104639234238588,0.1542307162027079,0.2813144304082363,-0.0106702147975961,0.133096577981253,0.2601802921867814,weak,medium,300,medium
gamma_weak__noise_medium__T_300__density_medium__seed_005,Video,0.0337737202604889,2121.977844249928,74.17215575007276,2196.15,5,0.0289061686690247,0.0,0.0,-0.004867551591464202,-0.0337737202604889,-0.0337737202604889,weak,medium,300,medium
gamma_weak__noise_medium__T_300__density_medium__seed_005,Display,1.0,0.0,68.79,68.79,5,0.1168789117844483,0.6995778476317753,1.0,-0.8831210882155517,-0.30042215236822467,0.0,weak,medium,300,medium
gamma_weak__noise_medium__T_300__density_medium__seed_005,Social,0.1988191509466599,584.6457009796939,145.08429902030616,729.73,5,0.1943285848464447,0.0,,-0.004490566100215199,-0.1988191509466599,,weak,medium,300,medium
gamma_weak__noise_medium__T_300__density_medium__seed_005,Search,1.1413584090004557e-06,3636.685849233288,0.0041507667124278,3636.69,5,0.0,0.0,,-1.1413584090004557e-06,-1.1413584090004557e-06,,weak,medium,300,medium
gamma_weak__noise_medium__T_300__density_medium__seed_005,Affiliate,2.246458355941622e-06,1745.1360796156648,0.0039203843352879,1745.14,5,0.0,0.1295660690324708,,-2.246458355941622e-06,0.12956382257411486,,weak,medium,300,medium
gamma_weak__noise_medium__T_300__density_sparse__seed_001,TV,0.0201054758370965,2710.3490580536245,55.61094194637553,2765.96,1,0.0383996526202308,0.0,0.0,0.018294176783134296,-0.0201054758370965,-0.0201054758370965,weak,medium,300,sparse
gamma_weak__noise_medium__T_300__density_sparse__seed_001,Video,-5.957145575525375e-07,1955.00116462196,-0.0011646219600152,1955.0,1,0.0,0.0422301229761904,0.0676491460328673,5.957145575525375e-07,0.04223071869074795,0.06764974174742486,weak,medium,300,sparse
gamma_weak__noise_medium__T_300__density_sparse__seed_001,Display,,0.0,0.0,0.0,1,0.0,0.0,,,,,weak,medium,300,sparse
gamma_weak__noise_medium__T_300__density_sparse__seed_001,Social,0.2044916879007674,547.6438322153537,140.7761677846463,688.42,1,0.1124880732266674,0.0,,-0.09200361467410001,-0.2044916879007674,,weak,medium,300,sparse
gamma_weak__noise_medium__T_300__density_sparse__seed_001,Search,-5.210756226086473e-08,3534.8001841898117,-0.0001841898110797,3534.8,1,0.0,0.045870284381011,0.0,5.210756226086473e-08,0.045870336488573256,5.210756226086473e-08,weak,medium,300,sparse
gamma_weak__noise_medium__T_300__density_sparse__seed_001,Affiliate,1.268481782500604e-06,1655.547899964985,0.0021000350150188,1655.55,1,0.0,0.0,,-1.268481782500604e-06,-1.268481782500604e-06,,weak,medium,300,sparse
gamma_weak__noise_medium__T_300__density_sparse__seed_002,TV,0.0184654294185893,2703.803835543494,50.86616445650543,2754.67,2,0.0437804122553064,0.0,0.0,0.025314982836717098,-0.0184654294185893,-0.0184654294185893,weak,medium,300,sparse
gamma_weak__noise_medium__T_300__density_sparse__seed_002,Video,1.1443515892276465e-07,1892.3997834429051,0.0002165570947454,1892.4,2,0.0,0.1348531738843383,,-1.1443515892276465e-07,0.13485305944917936,,weak,medium,300,sparse
gamma_weak__noise_medium__T_300__density_sparse__seed_002,Display,,0.0,0.0,0.0,2,0.0,0.0,,,,,weak,medium,300,sparse
gamma_weak__noise_medium__T_300__density_sparse__seed_002,Social,0.2096804988831511,535.5521067368214,142.08789326317856,677.64,2,0.187266306078678,0.0,,-0.0224141928044731,-0.2096804988831511,,weak,medium,300,sparse
gamma_weak__noise_medium__T_300__density_sparse__seed_002,Search,1.2137835120141296e-06,3419.1358499042426,0.0041500957572679,3419.14,2,0.0,0.0,0.0,-1.2137835120141296e-06,-1.2137835120141296e-06,-1.2137835120141296e-06,weak,medium,300,sparse
gamma_weak__noise_medium__T_300__density_sparse__seed_002,Affiliate,7.117599504795885e-07,1618.2288482086954,0.0011517913046645,1618.23,2,0.0,0.0,,-7.117599504795885e-07,-7.117599504795885e-07,,weak,medium,300,sparse
gamma_weak__noise_medium__T_300__density_sparse__seed_003,TV,0.0179176462570271,3341.653058492914,60.96694150708572,3402.62,3,0.033160522583464,0.0,0.0,0.015242876326436897,-0.0179176462570271,-0.0179176462570271,weak,medium,300,sparse
gamma_weak__noise_medium__T_300__density_sparse__seed_003,Video,-6.980091620871687e-06,2315.906165124384,-0.0161651243838605,2315.89,3,0.0,0.0,0.0,6.980091620871687e-06,6.980091620871687e-06,6.980091620871687e-06,weak,medium,300,sparse
gamma_weak__noise_medium__T_300__density_sparse__seed_003,Display,,0.0,0.0,0.0,3,0.0,0.0,,,,,weak,medium,300,sparse
gamma_weak__noise_medium__T_300__density_sparse__seed_003,Social,0.1914464177460094,611.088626395921,144.691373604079,755.78,3,0.1446788792268031,0.0,,-0.046767538519206314,-0.1914464177460094,,weak,medium,300,sparse
gamma_weak__noise_medium__T_300__density_sparse__seed_003,Search,-1.043319904781704e-06,3901.774070794305,-0.0040707943048801,3901.77,3,0.0,0.223826239997396,0.1755429951059618,1.043319904781704e-06,0.22382728331730078,0.17554403842586658,weak,medium,300,sparse
gamma_weak__noise_medium__T_300__density_sparse__seed_003,Affiliate,1.540889431420393e-06,1862.2371304940648,0.0028695059347683,1862.24,3,0.0,0.0,,-1.540889431420393e-06,-1.540889431420393e-06,,weak,medium,300,sparse
gamma_weak__noise_medium__T_300__density_sparse__seed_004,TV,0.0181492586751515,2755.9175717950643,50.94242820493582,2806.86,4,0.0452833762852256,0.0,0.0,0.0271341176100741,-0.0181492586751515,-0.0181492586751515,weak,medium,300,sparse
gamma_weak__noise_medium__T_300__density_sparse__seed_004,Video,-1.1405420582772852e-06,1967.9022444727168,-0.0022444727164838,1967.9,4,0.0,0.0,,1.1405420582772852e-06,1.1405420582772852e-06,,weak,medium,300,sparse
gamma_weak__noise_medium__T_300__density_sparse__seed_004,Display,,0.0,0.0,0.0,4,0.0,0.0,,,,,weak,medium,300,sparse
gamma_weak__noise_medium__T_300__density_sparse__seed_004,Social,0.1890593068220905,528.5305967787025,123.21940322129753,651.75,4,0.1077040660255087,0.0,,-0.0813552407965818,-0.1890593068220905,,weak,medium,300,sparse
gamma_weak__noise_medium__T_300__density_sparse__seed_004,Search,1.2797410801770525e-06,3363.81569518136,0.0043048186403211,3363.82,4,0.0,0.0,,-1.2797410801770525e-06,-1.2797410801770525e-06,,weak,medium,300,sparse
gamma_weak__noise_medium__T_300__density_sparse__seed_004,Affiliate,-1.6442770219559038e-06,1600.0726309583345,-0.0026309583345209,1600.07,4,0.0,0.0,0.0,1.6442770219559038e-06,1.6442770219559038e-06,1.6442770219559038e-06,weak,medium,300,sparse
gamma_weak__noise_medium__T_300__density_sparse__seed_005,TV,0.0212224793455164,2886.473635061311,62.5863649386888,2949.06,5,0.0100738075392241,0.1557508943203837,0.2760672408129071,-0.0111486718062923,0.13452841497486728,0.2548447614673907,weak,medium,300,sparse
gamma_weak__noise_medium__T_300__density_sparse__seed_005,Video,-1.8538445753091191e-06,2147.963981983994,-0.0039819839939809,2147.96,5,0.0,0.0,0.0,1.8538445753091191e-06,1.8538445753091191e-06,1.8538445753091191e-06,weak,medium,300,sparse
gamma_weak__noise_medium__T_300__density_sparse__seed_005,Display,,0.0,0.0,0.0,5,0.0,0.676934350678583,1.0,,,,weak,medium,300,sparse
gamma_weak__noise_medium__T_300__density_sparse__seed_005,Social,0.1996427240923429,591.5920840599038,147.5679159400962,739.16,5,0.1767374558697025,0.0,,-0.022905268222640413,-0.1996427240923429,,weak,medium,300,sparse
gamma_weak__noise_medium__T_300__density_sparse__seed_005,Search,-2.7201280274071026e-08,3684.660100227469,-0.0001002274693746,3684.66,5,0.0,0.0,,2.7201280274071026e-08,2.7201280274071026e-08,,weak,medium,300,sparse
gamma_weak__noise_medium__T_300__density_sparse__seed_005,Affiliate,1.877845404757695e-06,1766.506682767314,0.0033172326859585,1766.51,5,0.0,0.1276220055943681,,-1.877845404757695e-06,0.12762012774896334,,weak,medium,300,sparse
gamma_weak__noise_medium__T_80__density_dense__seed_001,TV,0.0289068862953548,363.55783990874505,10.822160091254943,374.38,1,0.2033026233393973,0.1207583287477974,0.0,0.17439573704404251,0.0918514424524426,-0.0289068862953548,weak,medium,80,dense
gamma_weak__noise_medium__T_80__density_dense__seed_001,Video,0.0366725626239148,265.32927607649515,10.10072392350486,275.43,1,0.2833402494866409,0.0,,0.24666768686272608,-0.0366725626239148,,weak,medium,80,dense
gamma_weak__noise_medium__T_80__density_dense__seed_001,Display,1.0,0.0,49.34,49.34,1,0.3149828650812346,0.2449489409648267,,-0.6850171349187655,-0.7550510590351733,,weak,medium,80,dense
gamma_weak__noise_medium__T_80__density_dense__seed_001,Social,0.1907950415931877,74.90001095013454,17.65998904986546,92.56,1,0.3147482538224807,0.2921178894065298,,0.12395321222929298,0.10132284781334208,,weak,medium,80,dense
gamma_weak__noise_medium__T_80__density_dense__seed_001,Search,-1.0375278330720476e-05,504.9452388930403,-0.0052388930403139,504.94,1,0.0,0.0,,1.0375278330720476e-05,1.0375278330720476e-05,,weak,medium,80,dense
gamma_weak__noise_medium__T_80__density_dense__seed_001,Affiliate,1.271709694253548e-05,240.94693581549168,0.0030641845083039,240.95,1,0.0,0.0,,-1.271709694253548e-05,-1.271709694253548e-05,,weak,medium,80,dense
gamma_weak__noise_medium__T_80__density_dense__seed_002,TV,0.0311054369228596,421.6629138511715,13.537086148828507,435.2,2,0.0735888319042265,0.0757522192362966,,0.042483394981366905,0.044646782313437,,weak,medium,80,dense
gamma_weak__noise_medium__T_80__density_dense__seed_002,Video,0.0367441347911905,304.6392999309381,11.620700069061913,316.26,2,0.1300371065346782,0.0,0.0,0.0932929717434877,-0.0367441347911905,-0.0367441347911905,weak,medium,80,dense
gamma_weak__noise_medium__T_80__density_dense__seed_002,Display,1.0,0.0,56.06,56.06,2,0.1771091638397186,0.0,,-0.8228908361602814,-1.0,,weak,medium,80,dense
gamma_weak__noise_medium__T_80__density_dense__seed_002,Social,0.1964002226500477,85.69588025659891,20.94411974340109,106.64,2,0.2282730051715426,0.0,,0.03187278252149489,-0.1964002226500477,,weak,medium,80,dense
gamma_weak__noise_medium__T_80__density_dense__seed_002,Search,4.37203846938841e-06,545.1376166269488,0.0023833730512023,545.14,2,0.0,0.0,,-4.37203846938841e-06,-4.37203846938841e-06,,weak,medium,80,dense
gamma_weak__noise_medium__T_80__density_dense__seed_002,Affiliate,1.5384344920947856e-05,258.8860171469434,0.0039828530565841,258.89,2,0.0,0.0,,-1.5384344920947856e-05,-1.5384344920947856e-05,,weak,medium,80,dense
gamma_weak__noise_medium__T_80__density_dense__seed_003,TV,0.0225509489595997,602.9687706058021,13.911229394197903,616.88,3,0.2706432162818505,0.3015258312501496,1.0,0.24809226732225081,0.2789748822905499,0.9774490510404003,weak,medium,80,dense
gamma_weak__noise_medium__T_80__density_dense__seed_003,Video,0.0409715549689861,449.70761844394303,19.212381556056982,468.92,3,0.0297977799878074,0.0,,-0.011173774981178702,-0.0409715549689861,,weak,medium,80,dense
gamma_weak__noise_medium__T_80__density_dense__seed_003,Display,1.0,0.0,58.14,58.14,3,0.4190484690164534,0.248522287101734,1.0,-0.5809515309835467,-0.751477712898266,0.0,weak,medium,80,dense
gamma_weak__noise_medium__T_80__density_dense__seed_003,Social,0.1820573566919571,109.42436682174996,24.35563317825003,133.78,3,0.0841006097211944,0.0,,-0.0979567469707627,-0.1820573566919571,,weak,medium,80,dense
gamma_weak__noise_medium__T_80__density_dense__seed_003,Search,-5.925526746601549e-07,683.7804051756679,-0.0004051756678791,683.78,3,0.0,0.375778387484011,0.0,5.925526746601549e-07,0.37577898003668564,5.925526746601549e-07,weak,medium,80,dense
gamma_weak__noise_medium__T_80__density_dense__seed_003,Affiliate,-5.810729566124863e-06,323.29187855076145,-0.0018785507614325,323.29,3,0.0,0.0,,5.810729566124863e-06,5.810729566124863e-06,,weak,medium,80,dense
gamma_weak__noise_medium__T_80__density_dense__seed_004,TV,0.0260721642023126,403.7417843299313,10.808215670068703,414.55,4,0.0965649464322236,0.0,0.0,0.07049278222991101,-0.0260721642023126,-0.0260721642023126,weak,medium,80,dense
gamma_weak__noise_medium__T_80__density_dense__seed_004,Video,0.0421773100538579,319.66374454262547,14.076255457374543,333.74,4,0.0281222234539932,0.0,,-0.014055086599864701,-0.0421773100538579,,weak,medium,80,dense
gamma_weak__noise_medium__T_80__density_dense__seed_004,Display,1.0,0.0,51.71,51.71,4,0.1580836881012573,0.0,,-0.8419163118987427,-1.0,,weak,medium,80,dense
gamma_weak__noise_medium__T_80__density_dense__seed_004,Social,0.2128374186798651,81.65237456033759,22.077625439662413,103.73,4,0.1140587633699335,0.0,,-0.09877865530993162,-0.2128374186798651,,weak,medium,80,dense
gamma_weak__noise_medium__T_80__density_dense__seed_004,Search,-4.573582947347146e-06,522.4623895141467,-0.0023895141466709,522.46,4,0.0,0.0,0.0,4.573582947347146e-06,4.573582947347146e-06,4.573582947347146e-06,weak,medium,80,dense
gamma_weak__noise_medium__T_80__density_dense__seed_004,Affiliate,8.893604476639934e-06,245.97781235117083,0.0021876488291638,245.98,4,0.0,0.0,,-8.893604476639934e-06,-8.893604476639934e-06,,weak,medium,80,dense
gamma_weak__noise_medium__T_80__density_dense__seed_005,TV,0.0255118895273427,498.42143386345,13.048566136549994,511.47,5,0.5097274588116582,0.0,,0.4842155692843155,-0.0255118895273427,,weak,medium,80,dense
gamma_weak__noise_medium__T_80__density_dense__seed_005,Video,0.0373965092975457,346.5372566528835,13.462743347116486,360.0,5,0.0448684296401506,0.0,,0.007471920342604903,-0.0373965092975457,,weak,medium,80,dense
gamma_weak__noise_medium__T_80__density_dense__seed_005,Display,1.0,0.0,46.0,46.0,5,0.1600138224148611,0.0,,-0.8399861775851389,-1.0,,weak,medium,80,dense
gamma_weak__noise_medium__T_80__density_dense__seed_005,Social,0.2074955388730643,94.72013319389134,24.799866806108653,119.52,5,0.1832179611009862,0.0,,-0.02427757777207809,-0.2074955388730643,,weak,medium,80,dense
gamma_weak__noise_medium__T_80__density_dense__seed_005,Search,6.8607222644431216e-06,611.6758034334052,0.0041965665947145,611.68,5,0.0,0.0,,-6.8607222644431216e-06,-6.8607222644431216e-06,,weak,medium,80,dense
gamma_weak__noise_medium__T_80__density_dense__seed_005,Affiliate,1.5354645407034927e-05,293.6254914154691,0.0045085845308676,293.63,5,0.0,0.0,,-1.5354645407034927e-05,-1.5354645407034927e-05,,weak,medium,80,dense
gamma_weak__noise_medium__T_80__density_medium__seed_001,TV,0.023341150894221,364.9481121453565,8.721887854643569,373.67,1,0.1168583464617929,0.1235358026643228,0.0,0.0935171955675719,0.10019465177010181,-0.023341150894221,weak,medium,80,medium
gamma_weak__noise_medium__T_80__density_medium__seed_001,Video,0.0364871106708088,266.3438679972683,10.086132002731688,276.43,1,0.2805676090285661,0.0,,0.2440804983577573,-0.0364871106708088,,weak,medium,80,medium
gamma_weak__noise_medium__T_80__density_medium__seed_001,Display,1.0,0.0,9.82,9.82,1,0.2501994853298262,0.2484030328822306,,-0.7498005146701738,-0.7515969671177694,,weak,medium,80,medium
gamma_weak__noise_medium__T_80__density_medium__seed_001,Social,0.1922025639281982,75.01206991362751,17.847930086372486,92.86,1,0.3059279042312516,0.2723859614424075,,0.1137253403030534,0.0801833975142093,,weak,medium,80,medium
gamma_weak__noise_medium__T_80__density_medium__seed_001,Search,4.273085259427831e-06,506.7378346567757,0.0021653432243624,506.74,1,0.0,0.0,,-4.273085259427831e-06,-4.273085259427831e-06,,weak,medium,80,medium
gamma_weak__noise_medium__T_80__density_medium__seed_001,Affiliate,6.66762204775373e-06,241.8683873022553,0.0016126977446901,241.87,1,0.0,0.0,,-6.66762204775373e-06,-6.66762204775373e-06,,weak,medium,80,medium
gamma_weak__noise_medium__T_80__density_medium__seed_002,TV,0.0244204465464991,421.9771800507773,10.562819949222728,432.54,2,0.0407511025369373,0.0440065228368659,,0.016330655990438196,0.0195860762903668,,weak,medium,80,medium
gamma_weak__noise_medium__T_80__density_medium__seed_002,Video,0.0365739186452579,304.86654918389456,11.573450816105437,316.44,2,0.1358989497762329,0.1969688853868255,0.0,0.099325031130975,0.1603949667415676,-0.0365739186452579,weak,medium,80,medium
gamma_weak__noise_medium__T_80__density_medium__seed_002,Display,1.0,0.0,12.6,12.6,2,0.0930113920672491,0.0,,-0.9069886079327509,-1.0,,weak,medium,80,medium
gamma_weak__noise_medium__T_80__density_medium__seed_002,Social,0.1970516029302379,85.58626964366594,21.00373035633406,106.59,2,0.2270185035726562,0.0,,0.029966900642418304,-0.1970516029302379,,weak,medium,80,medium
gamma_weak__noise_medium__T_80__density_medium__seed_002,Search,5.900250826024754e-06,545.4967814131744,0.0032185868255965,545.5,2,0.0,0.0,,-5.900250826024754e-06,-5.900250826024754e-06,,weak,medium,80,medium
gamma_weak__noise_medium__T_80__density_medium__seed_002,Affiliate,3.792155131985098e-06,259.0790175284484,0.0009824715515946,259.08,2,0.0,0.0,,-3.792155131985098e-06,-3.792155131985098e-06,,weak,medium,80,medium
gamma_weak__noise_medium__T_80__density_medium__seed_003,TV,0.0180974108590579,606.45249613112,11.177503868879969,617.63,3,0.0844404590351123,0.1942103832886943,,0.0663430481760544,0.17611297242963642,,weak,medium,80,medium
gamma_weak__noise_medium__T_80__density_medium__seed_003,Video,0.0409329298135526,452.30562097063046,19.30437902936956,471.61,3,0.0326513500390482,0.2953051249164396,,-0.008281579774504402,0.254372195102887,,weak,medium,80,medium
gamma_weak__noise_medium__T_80__density_medium__seed_003,Display,1.0,0.0,13.49,13.49,3,0.3901716952151517,0.2706622747698317,,-0.6098283047848483,-0.7293377252301683,,weak,medium,80,medium
gamma_weak__noise_medium__T_80__density_medium__seed_003,Social,0.1851006118779308,110.41071809665917,25.079281903340856,135.49,3,0.0951071612722494,0.0,,-0.08999345060568141,-0.1851006118779308,,weak,medium,80,medium
gamma_weak__noise_medium__T_80__density_medium__seed_003,Search,-1.7634032039303665e-07,687.8501212956894,-0.0001212956893823,687.85,3,0.0,0.4327016651577873,,1.7634032039303665e-07,0.4327018414981077,,weak,medium,80,medium
gamma_weak__noise_medium__T_80__density_medium__seed_003,Affiliate,9.69973409710103e-07,325.1596846034461,0.0003153965539013,325.16,3,0.0,0.0,,-9.69973409710103e-07,-9.69973409710103e-07,,weak,medium,80,medium
gamma_weak__noise_medium__T_80__density_medium__seed_004,TV,0.0205370202071883,403.999095275141,8.470904724858997,412.47,4,0.0513030797134414,0.0,,0.030766059506253097,-0.0205370202071883,,weak,medium,80,medium
gamma_weak__noise_medium__T_80__density_medium__seed_004,Video,0.0419973958088697,319.8674895133765,14.022510486623505,333.89,4,0.0279320115018678,0.0,,-0.0140653843070019,-0.0419973958088697,,weak,medium,80,medium
gamma_weak__noise_medium__T_80__density_medium__seed_004,Display,1.0,0.0,11.29,11.29,4,0.1045516337818096,0.0,,-0.8954483662181905,-1.0,,weak,medium,80,medium
gamma_weak__noise_medium__T_80__density_medium__seed_004,Social,0.2125212071225361,81.59067773003403,22.01932226996597,103.61,4,0.1146760735476119,0.0,,-0.0978451335749242,-0.2125212071225361,,weak,medium,80,medium
gamma_weak__noise_medium__T_80__density_medium__seed_004,Search,-3.3661614445448387e-06,522.8217598965265,-0.0017598965264369,522.82,4,0.0,0.0,0.0,3.3661614445448387e-06,3.3661614445448387e-06,3.3661614445448387e-06,weak,medium,80,medium
gamma_weak__noise_medium__T_80__density_medium__seed_004,Affiliate,-1.8178368351678533e-05,246.1344742418024,-0.0044742418023986,246.13,4,0.0,0.0,,1.8178368351678533e-05,1.8178368351678533e-05,,weak,medium,80,medium
gamma_weak__noise_medium__T_80__density_medium__seed_005,TV,0.0205437898034564,498.22978500277776,10.450214997222249,508.68,5,0.1818834500588989,0.0,,0.1613396602554425,-0.0205437898034564,,weak,medium,80,medium
gamma_weak__noise_medium__T_80__density_medium__seed_005,Video,0.0372318647778092,346.40397505294425,13.396024947055764,359.8,5,0.0445067496310732,0.0,,0.0072748848532639965,-0.0372318647778092,,weak,medium,80,medium
gamma_weak__noise_medium__T_80__density_medium__seed_005,Display,1.0,0.0,10.03,10.03,5,0.1269398520254031,0.0,,-0.873060147974597,-1.0,,weak,medium,80,medium
gamma_weak__noise_medium__T_80__density_medium__seed_005,Social,0.2080747195509198,95.01519514828064,24.964804851719364,119.98,5,0.1665034573667858,0.0,,-0.04157126218413401,-0.2080747195509198,,weak,medium,80,medium
gamma_weak__noise_medium__T_80__density_medium__seed_005,Search,-2.8961608871798543e-06,611.3017704231503,-0.001770423150333,611.3,5,0.0,0.4310218626207878,,2.8961608871798543e-06,0.43102475878167495,,weak,medium,80,medium
gamma_weak__noise_medium__T_80__density_medium__seed_005,Affiliate,-8.64094227417823e-06,293.5125362029669,-0.002536202966894,293.51,5,0.0,0.0,,8.64094227417823e-06,8.64094227417823e-06,,weak,medium,80,medium
gamma_weak__noise_medium__T_80__density_sparse__seed_001,TV,0.0233421475561044,367.1256867336603,8.774313266339675,375.9,1,0.1228670612586419,0.1224126091247937,0.0,0.09952491370253749,0.09907046156868929,-0.0233421475561044,weak,medium,80,sparse
gamma_weak__noise_medium__T_80__density_sparse__seed_001,Video,-1.194285835896947e-05,267.9331998500401,-0.0031998500401186,267.93,1,0.0,0.0,,1.194285835896947e-05,1.194285835896947e-05,,weak,medium,80,sparse
gamma_weak__noise_medium__T_80__density_sparse__seed_001,Display,,0.0,0.0,0.0,1,0.0,0.2215039234272214,,,,,weak,medium,80,sparse
gamma_weak__noise_medium__T_80__density_sparse__seed_001,Social,0.1922564590137221,75.73403440287342,18.025965597126586,93.76,1,0.2891353258313116,0.2885291471841775,,0.09687886681758948,0.0962726881704554,,weak,medium,80,sparse
gamma_weak__noise_medium__T_80__density_sparse__seed_001,Search,6.043463563751421e-07,510.2896916080978,0.0003083919021946,510.29,1,0.0,0.0,,-6.043463563751421e-07,-6.043463563751421e-07,,weak,medium,80,sparse
gamma_weak__noise_medium__T_80__density_sparse__seed_001,Affiliate,-6.664065123570071e-06,243.3116214336852,-0.0016214336852158,243.31,1,0.0,0.0,,6.664065123570071e-06,6.664065123570071e-06,,weak,medium,80,sparse
gamma_weak__noise_medium__T_80__density_sparse__seed_002,TV,0.0243915108970904,425.0823747870287,10.627625212971282,435.71,2,0.0444640870479116,0.0479271092689309,,0.020072576150821198,0.0235355983718405,,weak,medium,80,sparse
gamma_weak__noise_medium__T_80__density_sparse__seed_002,Video,2.812268663465384e-07,307.1099136324171,8.63675829236854e-05,307.11,2,0.0,0.1596274700648862,0.0,-2.812268663465384e-07,0.15962718883801985,-2.812268663465384e-07,weak,medium,80,sparse
gamma_weak__noise_medium__T_80__density_sparse__seed_002,Display,,0.0,0.0,0.0,2,0.0,0.0,,,,,weak,medium,80,sparse
gamma_weak__noise_medium__T_80__density_sparse__seed_002,Social,0.1967970445580467,86.30415756223788,21.145842437762127,107.45,2,0.2172791370779097,0.0,,0.020482092519862993,-0.1967970445580467,,weak,medium,80,sparse
gamma_weak__noise_medium__T_80__density_sparse__seed_002,Search,6.231711826839346e-06,549.7565740541061,0.0034259458939231,549.76,2,0.0,0.0,,-6.231711826839346e-06,-6.231711826839346e-06,,weak,medium,80,sparse
gamma_weak__noise_medium__T_80__density_sparse__seed_002,Affiliate,1.8056198322138715e-05,260.9852875127999,0.0047124872000949,260.99,2,0.0,0.0,,-1.8056198322138715e-05,-1.8056198322138715e-05,,weak,medium,80,sparse
gamma_weak__noise_medium__T_80__density_sparse__seed_003,TV,0.0180462368901097,609.7441892030864,11.205810796913624,620.95,3,0.0898481328967302,0.2096532502148335,,0.0718018960066205,0.1916070133247238,,weak,medium,80,sparse
gamma_weak__noise_medium__T_80__density_sparse__seed_003,Video,-1.8834894591819925e-06,454.7608565356665,-0.0008565356664576,454.76,3,0.0,0.3242715566956029,,1.8834894591819925e-06,0.3242734401850621,,weak,medium,80,sparse
gamma_weak__noise_medium__T_80__density_sparse__seed_003,Display,,0.0,0.0,0.0,3,0.0,0.2695448142011228,,,,,weak,medium,80,sparse
gamma_weak__noise_medium__T_80__density_sparse__seed_003,Social,0.1848785581376365,111.1499598123519,25.21004018764812,136.36,3,0.0838958539008322,0.0,,-0.1009827042368043,-0.1848785581376365,,weak,medium,80,sparse
gamma_weak__noise_medium__T_80__density_sparse__seed_003,Search,-5.550684747008566e-06,691.6438390755984,-0.003839075598421,691.64,3,0.0,0.4241439764878099,,5.550684747008566e-06,0.4241495271725569,,weak,medium,80,sparse
gamma_weak__noise_medium__T_80__density_sparse__seed_003,Affiliate,-1.4492388904461187e-05,326.92473785178066,-0.0047378517806464,326.92,3,0.0,0.0,,1.4492388904461187e-05,1.4492388904461187e-05,,weak,medium,80,sparse
gamma_weak__noise_medium__T_80__density_sparse__seed_004,TV,0.020564275677977,407.8174468932039,8.562553106796088,416.38,4,0.042183550405466,0.0,,0.021619274727489,-0.020564275677977,,weak,medium,80,sparse
gamma_weak__noise_medium__T_80__density_sparse__seed_004,Video,-1.0809211020979763e-06,322.89034901861464,-0.0003490186146564,322.89,4,0.0,0.0,,1.0809211020979763e-06,1.0809211020979763e-06,,weak,medium,80,sparse
gamma_weak__noise_medium__T_80__density_sparse__seed_004,Display,,0.0,0.0,0.0,4,0.0,0.0,,,,,weak,medium,80,sparse
gamma_weak__noise_medium__T_80__density_sparse__seed_004,Social,0.2119573274909677,82.63415463929712,22.22584536070288,104.86,4,0.1077664220033043,0.0,,-0.10419090548766341,-0.2119573274909677,,weak,medium,80,sparse
gamma_weak__noise_medium__T_80__density_sparse__seed_004,Search,8.708708207162392e-06,528.0554012795441,0.0045987204558741,528.06,4,0.0,0.0,0.0,-8.708708207162392e-06,-8.708708207162392e-06,-8.708708207162392e-06,weak,medium,80,sparse
gamma_weak__noise_medium__T_80__density_sparse__seed_004,Affiliate,-3.3751161622672284e-06,248.46083858136168,-0.0008385813616769,248.46,4,0.0,0.0,,3.3751161622672284e-06,3.3751161622672284e-06,,weak,medium,80,sparse
gamma_weak__noise_medium__T_80__density_sparse__seed_005,TV,0.0206017680217644,501.1972512325423,10.542748767457738,511.74,5,0.1824637168587154,0.2104099132977323,0.0,0.16186194883695101,0.1898081452759679,-0.0206017680217644,weak,medium,80,sparse
gamma_weak__noise_medium__T_80__density_sparse__seed_005,Video,8.1383580133871e-06,348.4671640263831,0.002835973616925,348.47,5,0.0,0.0,,-8.1383580133871e-06,-8.1383580133871e-06,,weak,medium,80,sparse
gamma_weak__noise_medium__T_80__density_sparse__seed_005,Display,,0.0,0.0,0.0,5,0.0,0.0,,,,,weak,medium,80,sparse
gamma_weak__noise_medium__T_80__density_sparse__seed_005,Social,0.2090289611895133,95.37528785976848,25.20471214023152,120.58,5,0.1848179153288544,0.0,,-0.02421104586065892,-0.2090289611895133,,weak,medium,80,sparse
gamma_weak__noise_medium__T_80__density_sparse__seed_005,Search,-1.6858871564479185e-06,614.8710366014359,-0.0010366014358851,614.87,5,0.0,0.0,,1.6858871564479185e-06,1.6858871564479185e-06,,weak,medium,80,sparse
gamma_weak__noise_medium__T_80__density_sparse__seed_005,Affiliate,-2.380465602101161e-06,295.26070285627367,-0.0007028562736763,295.26,5,0.0,0.0,,2.380465602101161e-06,2.380465602101161e-06,,weak,medium,80,sparse
