cell,setting,precision,recall,f1,lag_accuracy,shd,true_positives,false_positives,false_negatives,n_unoriented_contemporaneous,interdependency,noise,n_weeks,dag_density,seed,status
gamma_medium__noise_high__T_156__density_dense__seed_001,controlled,0.8571,0.5455,0.6667,0.5,6.0,6.0,1.0,5.0,1.0,medium,high,156,dense,1,ok
gamma_medium__noise_high__T_156__density_dense__seed_001,uncontrolled,0.7778,0.6364,0.7,0.4286,6.0,7.0,2.0,4.0,0.0,medium,high,156,dense,1,ok
gamma_medium__noise_high__T_156__density_dense__seed_002,controlled,1.0,0.2727,0.4286,1.0,8.0,3.0,0.0,8.0,2.0,medium,high,156,dense,2,ok
gamma_medium__noise_high__T_156__density_dense__seed_002,uncontrolled,1.0,0.2727,0.4286,1.0,8.0,3.0,0.0,8.0,2.0,medium,high,156,dense,2,ok
gamma_medium__noise_high__T_156__density_dense__seed_003,controlled,0.4,0.1818,0.25,1.0,11.0,2.0,3.0,9.0,3.0,medium,high,156,dense,3,ok
gamma_medium__noise_high__T_156__density_dense__seed_003,uncontrolled,0.4,0.1818,0.25,1.0,11.0,2.0,3.0,9.0,1.0,medium,high,156,dense,3,ok
gamma_medium__noise_high__T_156__density_dense__seed_004,controlled,1.0,0.4545,0.625,1.0,6.0,5.0,0.0,6.0,1.0,medium,high,156,dense,4,ok
gamma_medium__noise_high__T_156__density_dense__seed_004,uncontrolled,0.6667,0.5455,0.6,1.0,8.0,6.0,3.0,5.0,2.0,medium,high,156,dense,4,ok
gamma_medium__noise_high__T_156__density_dense__seed_005,controlled,0.6667,0.5455,0.6,0.8333,7.0,6.0,3.0,5.0,2.0,medium,high,156,dense,5,ok
gamma_medium__noise_high__T_156__density_dense__seed_005,uncontrolled,0.7,0.6364,0.6667,0.8571,6.0,7.0,3.0,4.0,2.0,medium,high,156,dense,5,ok
gamma_medium__noise_high__T_156__density_dense__seed_006,controlled,0.6,0.5455,0.5714,1.0,8.0,6.0,4.0,5.0,3.0,medium,high,156,dense,6,ok
gamma_medium__noise_high__T_156__density_dense__seed_006,uncontrolled,0.6364,0.6364,0.6364,1.0,7.0,7.0,4.0,4.0,3.0,medium,high,156,dense,6,ok
gamma_medium__noise_high__T_156__density_dense__seed_007,controlled,0.7143,0.4545,0.5556,0.8,7.0,5.0,2.0,6.0,0.0,medium,high,156,dense,7,ok
gamma_medium__noise_high__T_156__density_dense__seed_007,uncontrolled,0.8571,0.5455,0.6667,0.8333,6.0,6.0,1.0,5.0,1.0,medium,high,156,dense,7,ok
gamma_medium__noise_high__T_156__density_dense__seed_008,controlled,0.5,0.4545,0.4762,1.0,10.0,5.0,5.0,6.0,4.0,medium,high,156,dense,8,ok
gamma_medium__noise_high__T_156__density_dense__seed_008,uncontrolled,0.4167,0.4545,0.4348,1.0,11.0,5.0,7.0,6.0,3.0,medium,high,156,dense,8,ok
gamma_medium__noise_high__T_156__density_dense__seed_009,controlled,0.7,0.6364,0.6667,0.7143,6.0,7.0,3.0,4.0,1.0,medium,high,156,dense,9,ok
gamma_medium__noise_high__T_156__density_dense__seed_009,uncontrolled,0.6667,0.5455,0.6,0.8333,7.0,6.0,3.0,5.0,1.0,medium,high,156,dense,9,ok
gamma_medium__noise_high__T_156__density_dense__seed_010,controlled,0.75,0.5455,0.6316,0.8333,7.0,6.0,2.0,5.0,2.0,medium,high,156,dense,10,ok
gamma_medium__noise_high__T_156__density_dense__seed_010,uncontrolled,0.625,0.4545,0.5263,1.0,7.0,5.0,3.0,6.0,0.0,medium,high,156,dense,10,ok
gamma_medium__noise_high__T_156__density_dense__seed_011,controlled,0.7273,0.7273,0.7273,0.625,6.0,8.0,3.0,3.0,3.0,medium,high,156,dense,11,ok
gamma_medium__noise_high__T_156__density_dense__seed_011,uncontrolled,0.8,0.7273,0.7619,0.625,5.0,8.0,2.0,3.0,1.0,medium,high,156,dense,11,ok
gamma_medium__noise_high__T_156__density_dense__seed_012,controlled,0.4444,0.3636,0.4,0.75,9.0,4.0,5.0,7.0,2.0,medium,high,156,dense,12,ok
gamma_medium__noise_high__T_156__density_dense__seed_012,uncontrolled,0.4444,0.3636,0.4,0.75,9.0,4.0,5.0,7.0,1.0,medium,high,156,dense,12,ok
gamma_medium__noise_high__T_156__density_dense__seed_013,controlled,0.8571,0.5455,0.6667,1.0,6.0,6.0,1.0,5.0,1.0,medium,high,156,dense,13,ok
gamma_medium__noise_high__T_156__density_dense__seed_013,uncontrolled,0.8,0.7273,0.7619,0.875,5.0,8.0,2.0,3.0,2.0,medium,high,156,dense,13,ok
gamma_medium__noise_high__T_156__density_dense__seed_014,controlled,0.7,0.6364,0.6667,0.5714,7.0,7.0,3.0,4.0,4.0,medium,high,156,dense,14,ok
gamma_medium__noise_high__T_156__density_dense__seed_014,uncontrolled,0.6364,0.6364,0.6364,0.5714,8.0,7.0,4.0,4.0,1.0,medium,high,156,dense,14,ok
gamma_medium__noise_high__T_156__density_dense__seed_015,controlled,0.6667,0.5455,0.6,0.6667,7.0,6.0,3.0,5.0,1.0,medium,high,156,dense,15,ok
gamma_medium__noise_high__T_156__density_dense__seed_015,uncontrolled,0.75,0.5455,0.6316,0.6667,6.0,6.0,2.0,5.0,4.0,medium,high,156,dense,15,ok
gamma_medium__noise_high__T_156__density_medium__seed_001,controlled,0.6667,0.2222,0.3333,1.0,8.0,2.0,1.0,7.0,2.0,medium,high,156,medium,1,ok
gamma_medium__noise_high__T_156__density_medium__seed_001,uncontrolled,0.6,0.3333,0.4286,0.6667,8.0,3.0,2.0,6.0,1.0,medium,high,156,medium,1,ok
gamma_medium__noise_high__T_156__density_medium__seed_002,controlled,1.0,0.3333,0.5,1.0,6.0,3.0,0.0,6.0,0.0,medium,high,156,medium,2,ok
gamma_medium__noise_high__T_156__density_medium__seed_002,uncontrolled,1.0,0.3333,0.5,0.6667,6.0,3.0,0.0,6.0,0.0,medium,high,156,medium,2,ok
gamma_medium__noise_high__T_156__density_medium__seed_003,controlled,0.4,0.2222,0.2857,0.5,9.0,2.0,3.0,7.0,2.0,medium,high,156,medium,3,ok
gamma_medium__noise_high__T_156__density_medium__seed_003,uncontrolled,0.4,0.2222,0.2857,0.5,9.0,2.0,3.0,7.0,0.0,medium,high,156,medium,3,ok
gamma_medium__noise_high__T_156__density_medium__seed_004,controlled,1.0,0.4444,0.6154,1.0,5.0,4.0,0.0,5.0,1.0,medium,high,156,medium,4,ok
gamma_medium__noise_high__T_156__density_medium__seed_004,uncontrolled,0.5,0.4444,0.4706,1.0,8.0,4.0,4.0,5.0,2.0,medium,high,156,medium,4,ok
gamma_medium__noise_high__T_156__density_medium__seed_005,controlled,0.5714,0.4444,0.5,1.0,7.0,4.0,3.0,5.0,2.0,medium,high,156,medium,5,ok
gamma_medium__noise_high__T_156__density_medium__seed_005,uncontrolled,0.5714,0.4444,0.5,1.0,7.0,4.0,3.0,5.0,2.0,medium,high,156,medium,5,ok
gamma_medium__noise_high__T_156__density_medium__seed_006,controlled,0.5,0.4444,0.4706,1.0,8.0,4.0,4.0,5.0,2.0,medium,high,156,medium,6,ok
gamma_medium__noise_high__T_156__density_medium__seed_006,uncontrolled,0.6667,0.6667,0.6667,0.8333,5.0,6.0,3.0,3.0,3.0,medium,high,156,medium,6,ok
gamma_medium__noise_high__T_156__density_medium__seed_007,controlled,0.6,0.3333,0.4286,1.0,8.0,3.0,2.0,6.0,3.0,medium,high,156,medium,7,ok
gamma_medium__noise_high__T_156__density_medium__seed_007,uncontrolled,0.6,0.3333,0.4286,1.0,8.0,3.0,2.0,6.0,2.0,medium,high,156,medium,7,ok
gamma_medium__noise_high__T_156__density_medium__seed_008,controlled,0.5,0.5556,0.5263,1.0,9.0,5.0,5.0,4.0,1.0,medium,high,156,medium,8,ok
gamma_medium__noise_high__T_156__density_medium__seed_008,uncontrolled,0.4615,0.6667,0.5455,1.0,10.0,6.0,7.0,3.0,1.0,medium,high,156,medium,8,ok
gamma_medium__noise_high__T_156__density_medium__seed_009,controlled,0.5714,0.4444,0.5,0.75,7.0,4.0,3.0,5.0,1.0,medium,high,156,medium,9,ok
gamma_medium__noise_high__T_156__density_medium__seed_009,uncontrolled,0.6,0.6667,0.6316,0.5,6.0,6.0,4.0,3.0,1.0,medium,high,156,medium,9,ok
gamma_medium__noise_high__T_156__density_medium__seed_010,controlled,0.7143,0.5556,0.625,0.8,6.0,5.0,2.0,4.0,2.0,medium,high,156,medium,10,ok
gamma_medium__noise_high__T_156__density_medium__seed_010,uncontrolled,0.5556,0.5556,0.5556,0.8,7.0,5.0,4.0,4.0,0.0,medium,high,156,medium,10,ok
gamma_medium__noise_high__T_156__density_medium__seed_011,controlled,0.5556,0.5556,0.5556,0.6,8.0,5.0,4.0,4.0,3.0,medium,high,156,medium,11,ok
gamma_medium__noise_high__T_156__density_medium__seed_011,uncontrolled,0.7,0.7778,0.7368,0.4286,5.0,7.0,3.0,2.0,0.0,medium,high,156,medium,11,ok
gamma_medium__noise_high__T_156__density_medium__seed_012,controlled,0.4286,0.3333,0.375,1.0,9.0,3.0,4.0,6.0,3.0,medium,high,156,medium,12,ok
gamma_medium__noise_high__T_156__density_medium__seed_012,uncontrolled,0.375,0.3333,0.3529,1.0,10.0,3.0,5.0,6.0,3.0,medium,high,156,medium,12,ok
gamma_medium__noise_high__T_156__density_medium__seed_013,controlled,0.6667,0.4444,0.5333,1.0,6.0,4.0,2.0,5.0,2.0,medium,high,156,medium,13,ok
gamma_medium__noise_high__T_156__density_medium__seed_013,uncontrolled,0.7778,0.7778,0.7778,0.7143,4.0,7.0,2.0,2.0,1.0,medium,high,156,medium,13,ok
gamma_medium__noise_high__T_156__density_medium__seed_014,controlled,0.6667,0.6667,0.6667,0.6667,6.0,6.0,3.0,3.0,3.0,medium,high,156,medium,14,ok
gamma_medium__noise_high__T_156__density_medium__seed_014,uncontrolled,0.625,0.5556,0.5882,0.6,7.0,5.0,3.0,4.0,2.0,medium,high,156,medium,14,ok
gamma_medium__noise_high__T_156__density_medium__seed_015,controlled,0.625,0.5556,0.5882,0.8,6.0,5.0,3.0,4.0,2.0,medium,high,156,medium,15,ok
gamma_medium__noise_high__T_156__density_medium__seed_015,uncontrolled,0.75,0.6667,0.7059,0.6667,4.0,6.0,2.0,3.0,4.0,medium,high,156,medium,15,ok
gamma_medium__noise_high__T_156__density_sparse__seed_001,controlled,0.6,0.4286,0.5,0.3333,6.0,3.0,2.0,4.0,2.0,medium,high,156,sparse,1,ok
gamma_medium__noise_high__T_156__density_sparse__seed_001,uncontrolled,0.6667,0.5714,0.6154,0.25,5.0,4.0,2.0,3.0,0.0,medium,high,156,sparse,1,ok
gamma_medium__noise_high__T_156__density_sparse__seed_002,controlled,0.6,0.4286,0.5,1.0,6.0,3.0,2.0,4.0,0.0,medium,high,156,sparse,2,ok
gamma_medium__noise_high__T_156__density_sparse__seed_002,uncontrolled,0.6,0.4286,0.5,0.6667,6.0,3.0,2.0,4.0,0.0,medium,high,156,sparse,2,ok
gamma_medium__noise_high__T_156__density_sparse__seed_003,controlled,0.4,0.2857,0.3333,0.5,8.0,2.0,3.0,5.0,2.0,medium,high,156,sparse,3,ok
gamma_medium__noise_high__T_156__density_sparse__seed_003,uncontrolled,0.4,0.2857,0.3333,0.5,8.0,2.0,3.0,5.0,0.0,medium,high,156,sparse,3,ok
gamma_medium__noise_high__T_156__density_sparse__seed_004,controlled,1.0,0.2857,0.4444,1.0,5.0,2.0,0.0,5.0,2.0,medium,high,156,sparse,4,ok
gamma_medium__noise_high__T_156__density_sparse__seed_004,uncontrolled,0.3333,0.2857,0.3077,1.0,8.0,2.0,4.0,5.0,2.0,medium,high,156,sparse,4,ok
gamma_medium__noise_high__T_156__density_sparse__seed_005,controlled,0.5714,0.5714,0.5714,1.0,6.0,4.0,3.0,3.0,1.0,medium,high,156,sparse,5,ok
gamma_medium__noise_high__T_156__density_sparse__seed_005,uncontrolled,0.5714,0.5714,0.5714,1.0,6.0,4.0,3.0,3.0,2.0,medium,high,156,sparse,5,ok
gamma_medium__noise_high__T_156__density_sparse__seed_006,controlled,0.3333,0.4286,0.375,1.0,8.0,3.0,6.0,4.0,1.0,medium,high,156,sparse,6,ok
gamma_medium__noise_high__T_156__density_sparse__seed_006,uncontrolled,0.3636,0.5714,0.4444,0.75,8.0,4.0,7.0,3.0,1.0,medium,high,156,sparse,6,ok
gamma_medium__noise_high__T_156__density_sparse__seed_007,controlled,0.6,0.4286,0.5,0.6667,6.0,3.0,2.0,4.0,1.0,medium,high,156,sparse,7,ok
gamma_medium__noise_high__T_156__density_sparse__seed_007,uncontrolled,0.5,0.4286,0.4615,0.6667,7.0,3.0,3.0,4.0,0.0,medium,high,156,sparse,7,ok
gamma_medium__noise_high__T_156__density_sparse__seed_008,controlled,0.3333,0.2857,0.3077,1.0,9.0,2.0,4.0,5.0,2.0,medium,high,156,sparse,8,ok
gamma_medium__noise_high__T_156__density_sparse__seed_008,uncontrolled,0.375,0.4286,0.4,1.0,9.0,3.0,5.0,4.0,1.0,medium,high,156,sparse,8,ok
gamma_medium__noise_high__T_156__density_sparse__seed_009,controlled,0.5,0.5714,0.5333,1.0,6.0,4.0,4.0,3.0,0.0,medium,high,156,sparse,9,ok
gamma_medium__noise_high__T_156__density_sparse__seed_009,uncontrolled,0.5,0.5714,0.5333,1.0,7.0,4.0,4.0,3.0,3.0,medium,high,156,sparse,9,ok
gamma_medium__noise_high__T_156__density_sparse__seed_010,controlled,0.5,0.4286,0.4615,0.6667,7.0,3.0,3.0,4.0,2.0,medium,high,156,sparse,10,ok
gamma_medium__noise_high__T_156__density_sparse__seed_010,uncontrolled,0.5,0.4286,0.4615,0.6667,7.0,3.0,3.0,4.0,1.0,medium,high,156,sparse,10,ok
gamma_medium__noise_high__T_156__density_sparse__seed_011,controlled,0.6667,0.5714,0.6154,0.25,5.0,4.0,2.0,3.0,2.0,medium,high,156,sparse,11,ok
gamma_medium__noise_high__T_156__density_sparse__seed_011,uncontrolled,0.5,0.5714,0.5333,0.25,7.0,4.0,4.0,3.0,0.0,medium,high,156,sparse,11,ok
gamma_medium__noise_high__T_156__density_sparse__seed_012,controlled,0.25,0.1429,0.1818,1.0,8.0,1.0,3.0,6.0,2.0,medium,high,156,sparse,12,ok
gamma_medium__noise_high__T_156__density_sparse__seed_012,uncontrolled,0.2,0.1429,0.1667,1.0,9.0,1.0,4.0,6.0,2.0,medium,high,156,sparse,12,ok
gamma_medium__noise_high__T_156__density_sparse__seed_013,controlled,0.25,0.1429,0.1818,1.0,8.0,1.0,3.0,6.0,3.0,medium,high,156,sparse,13,ok
gamma_medium__noise_high__T_156__density_sparse__seed_013,uncontrolled,0.5,0.4286,0.4615,0.6667,6.0,3.0,3.0,4.0,2.0,medium,high,156,sparse,13,ok
gamma_medium__noise_high__T_156__density_sparse__seed_014,controlled,0.5,0.4286,0.4615,0.0,7.0,3.0,3.0,4.0,3.0,medium,high,156,sparse,14,ok
gamma_medium__noise_high__T_156__density_sparse__seed_014,uncontrolled,0.5,0.4286,0.4615,0.0,7.0,3.0,3.0,4.0,2.0,medium,high,156,sparse,14,ok
gamma_medium__noise_high__T_156__density_sparse__seed_015,controlled,0.5714,0.5714,0.5714,0.5,5.0,4.0,3.0,3.0,1.0,medium,high,156,sparse,15,ok
gamma_medium__noise_high__T_156__density_sparse__seed_015,uncontrolled,0.5556,0.7143,0.625,0.4,5.0,5.0,4.0,2.0,2.0,medium,high,156,sparse,15,ok
gamma_medium__noise_high__T_300__density_dense__seed_001,controlled,0.6923,0.8182,0.75,1.0,4.0,9.0,4.0,2.0,3.0,medium,high,300,dense,1,ok
gamma_medium__noise_high__T_300__density_dense__seed_001,uncontrolled,0.75,0.8182,0.7826,1.0,4.0,9.0,3.0,2.0,3.0,medium,high,300,dense,1,ok
gamma_medium__noise_high__T_300__density_dense__seed_002,controlled,0.75,0.5455,0.6316,0.8333,7.0,6.0,2.0,5.0,1.0,medium,high,300,dense,2,ok
gamma_medium__noise_high__T_300__density_dense__seed_002,uncontrolled,0.7273,0.7273,0.7273,0.75,6.0,8.0,3.0,3.0,1.0,medium,high,300,dense,2,ok
gamma_medium__noise_high__T_300__density_dense__seed_003,controlled,0.6667,0.7273,0.6957,0.75,6.0,8.0,4.0,3.0,2.0,medium,high,300,dense,3,ok
gamma_medium__noise_high__T_300__density_dense__seed_003,uncontrolled,0.7273,0.7273,0.7273,0.75,5.0,8.0,3.0,3.0,3.0,medium,high,300,dense,3,ok
gamma_medium__noise_high__T_300__density_dense__seed_004,controlled,0.75,0.5455,0.6316,0.8333,6.0,6.0,2.0,5.0,4.0,medium,high,300,dense,4,ok
gamma_medium__noise_high__T_300__density_dense__seed_004,uncontrolled,0.7,0.6364,0.6667,0.8571,6.0,7.0,3.0,4.0,3.0,medium,high,300,dense,4,ok
gamma_medium__noise_high__T_300__density_dense__seed_005,controlled,0.7778,0.6364,0.7,0.7143,6.0,7.0,2.0,4.0,4.0,medium,high,300,dense,5,ok
gamma_medium__noise_high__T_300__density_dense__seed_005,uncontrolled,0.7778,0.6364,0.7,0.7143,6.0,7.0,2.0,4.0,2.0,medium,high,300,dense,5,ok
gamma_medium__noise_high__T_300__density_dense__seed_006,controlled,0.8571,0.5455,0.6667,1.0,6.0,6.0,1.0,5.0,6.0,medium,high,300,dense,6,ok
gamma_medium__noise_high__T_300__density_dense__seed_006,uncontrolled,0.7273,0.7273,0.7273,0.875,6.0,8.0,3.0,3.0,3.0,medium,high,300,dense,6,ok
gamma_medium__noise_high__T_300__density_dense__seed_007,controlled,0.625,0.4545,0.5263,1.0,8.0,5.0,3.0,6.0,2.0,medium,high,300,dense,7,ok
gamma_medium__noise_high__T_300__density_dense__seed_007,uncontrolled,0.5385,0.6364,0.5833,0.8571,9.0,7.0,6.0,4.0,2.0,medium,high,300,dense,7,ok
gamma_medium__noise_high__T_300__density_dense__seed_008,controlled,0.7273,0.7273,0.7273,0.75,6.0,8.0,3.0,3.0,4.0,medium,high,300,dense,8,ok
gamma_medium__noise_high__T_300__density_dense__seed_008,uncontrolled,0.6923,0.8182,0.75,0.6667,6.0,9.0,4.0,2.0,1.0,medium,high,300,dense,8,ok
gamma_medium__noise_high__T_300__density_dense__seed_009,controlled,0.6,0.5455,0.5714,1.0,8.0,6.0,4.0,5.0,1.0,medium,high,300,dense,9,ok
gamma_medium__noise_high__T_300__density_dense__seed_009,uncontrolled,0.5833,0.6364,0.6087,0.8571,8.0,7.0,5.0,4.0,0.0,medium,high,300,dense,9,ok
gamma_medium__noise_high__T_300__density_dense__seed_010,controlled,0.5385,0.6364,0.5833,1.0,8.0,7.0,6.0,4.0,4.0,medium,high,300,dense,10,ok
gamma_medium__noise_high__T_300__density_dense__seed_010,uncontrolled,0.5833,0.6364,0.6087,1.0,8.0,7.0,5.0,4.0,4.0,medium,high,300,dense,10,ok
gamma_medium__noise_high__T_300__density_dense__seed_011,controlled,0.6667,0.5455,0.6,0.8333,6.0,6.0,3.0,5.0,3.0,medium,high,300,dense,11,ok
gamma_medium__noise_high__T_300__density_dense__seed_011,uncontrolled,0.6364,0.6364,0.6364,0.7143,6.0,7.0,4.0,4.0,1.0,medium,high,300,dense,11,ok
gamma_medium__noise_high__T_300__density_dense__seed_012,controlled,0.8,0.7273,0.7619,0.625,4.0,8.0,2.0,3.0,0.0,medium,high,300,dense,12,ok
gamma_medium__noise_high__T_300__density_dense__seed_012,uncontrolled,0.6667,0.5455,0.6,0.6667,7.0,6.0,3.0,5.0,4.0,medium,high,300,dense,12,ok
gamma_medium__noise_high__T_300__density_dense__seed_013,controlled,0.5556,0.4545,0.5,0.8,9.0,5.0,4.0,6.0,1.0,medium,high,300,dense,13,ok
gamma_medium__noise_high__T_300__density_dense__seed_013,uncontrolled,0.5556,0.4545,0.5,0.8,9.0,5.0,4.0,6.0,1.0,medium,high,300,dense,13,ok
gamma_medium__noise_high__T_300__density_dense__seed_014,controlled,0.75,0.8182,0.7826,0.7778,5.0,9.0,3.0,2.0,2.0,medium,high,300,dense,14,ok
gamma_medium__noise_high__T_300__density_dense__seed_014,uncontrolled,0.8182,0.8182,0.8182,0.7778,4.0,9.0,2.0,2.0,2.0,medium,high,300,dense,14,ok
gamma_medium__noise_high__T_300__density_dense__seed_015,controlled,1.0,0.6364,0.7778,0.8571,4.0,7.0,0.0,4.0,5.0,medium,high,300,dense,15,ok
gamma_medium__noise_high__T_300__density_dense__seed_015,uncontrolled,0.75,0.8182,0.7826,0.7778,5.0,9.0,3.0,2.0,0.0,medium,high,300,dense,15,ok
gamma_medium__noise_high__T_300__density_medium__seed_001,controlled,0.5714,0.8889,0.6957,0.875,6.0,8.0,6.0,1.0,4.0,medium,high,300,medium,1,ok
gamma_medium__noise_high__T_300__density_medium__seed_001,uncontrolled,0.5833,0.7778,0.6667,1.0,6.0,7.0,5.0,2.0,4.0,medium,high,300,medium,1,ok
gamma_medium__noise_high__T_300__density_medium__seed_002,controlled,0.6667,0.4444,0.5333,0.75,7.0,4.0,2.0,5.0,3.0,medium,high,300,medium,2,ok
gamma_medium__noise_high__T_300__density_medium__seed_002,uncontrolled,0.7,0.7778,0.7368,0.5714,5.0,7.0,3.0,2.0,1.0,medium,high,300,medium,2,ok
gamma_medium__noise_high__T_300__density_medium__seed_003,controlled,0.625,0.5556,0.5882,1.0,5.0,5.0,3.0,4.0,4.0,medium,high,300,medium,3,ok
gamma_medium__noise_high__T_300__density_medium__seed_003,uncontrolled,0.625,0.5556,0.5882,1.0,5.0,5.0,3.0,4.0,4.0,medium,high,300,medium,3,ok
gamma_medium__noise_high__T_300__density_medium__seed_004,controlled,0.8333,0.5556,0.6667,0.8,4.0,5.0,1.0,4.0,3.0,medium,high,300,medium,4,ok
gamma_medium__noise_high__T_300__density_medium__seed_004,uncontrolled,0.6667,0.6667,0.6667,0.8333,5.0,6.0,3.0,3.0,2.0,medium,high,300,medium,4,ok
gamma_medium__noise_high__T_300__density_medium__seed_005,controlled,0.6,0.6667,0.6316,0.8333,7.0,6.0,4.0,3.0,1.0,medium,high,300,medium,5,ok
gamma_medium__noise_high__T_300__density_medium__seed_005,uncontrolled,0.6,0.6667,0.6316,0.8333,7.0,6.0,4.0,3.0,2.0,medium,high,300,medium,5,ok
gamma_medium__noise_high__T_300__density_medium__seed_006,controlled,0.7778,0.7778,0.7778,1.0,3.0,7.0,2.0,2.0,4.0,medium,high,300,medium,6,ok
gamma_medium__noise_high__T_300__density_medium__seed_006,uncontrolled,0.7,0.7778,0.7368,1.0,5.0,7.0,3.0,2.0,1.0,medium,high,300,medium,6,ok
gamma_medium__noise_high__T_300__density_medium__seed_007,controlled,0.7143,0.5556,0.625,1.0,5.0,5.0,2.0,4.0,0.0,medium,high,300,medium,7,ok
gamma_medium__noise_high__T_300__density_medium__seed_007,uncontrolled,0.6,0.6667,0.6316,1.0,6.0,6.0,4.0,3.0,2.0,medium,high,300,medium,7,ok
gamma_medium__noise_high__T_300__density_medium__seed_008,controlled,0.625,0.5556,0.5882,0.8,7.0,5.0,3.0,4.0,2.0,medium,high,300,medium,8,ok
gamma_medium__noise_high__T_300__density_medium__seed_008,uncontrolled,0.6667,0.6667,0.6667,0.6667,6.0,6.0,3.0,3.0,2.0,medium,high,300,medium,8,ok
gamma_medium__noise_high__T_300__density_medium__seed_009,controlled,0.8,0.4444,0.5714,1.0,6.0,4.0,1.0,5.0,2.0,medium,high,300,medium,9,ok
gamma_medium__noise_high__T_300__density_medium__seed_009,uncontrolled,0.5,0.5556,0.5263,0.8,8.0,5.0,5.0,4.0,0.0,medium,high,300,medium,9,ok
gamma_medium__noise_high__T_300__density_medium__seed_010,controlled,0.4545,0.5556,0.5,1.0,8.0,5.0,6.0,4.0,3.0,medium,high,300,medium,10,ok
gamma_medium__noise_high__T_300__density_medium__seed_010,uncontrolled,0.5,0.5556,0.5263,1.0,8.0,5.0,5.0,4.0,4.0,medium,high,300,medium,10,ok
gamma_medium__noise_high__T_300__density_medium__seed_011,controlled,0.8571,0.6667,0.75,0.6667,3.0,6.0,1.0,3.0,4.0,medium,high,300,medium,11,ok
gamma_medium__noise_high__T_300__density_medium__seed_011,uncontrolled,0.7778,0.7778,0.7778,0.7143,3.0,7.0,2.0,2.0,2.0,medium,high,300,medium,11,ok
gamma_medium__noise_high__T_300__density_medium__seed_012,controlled,0.7,0.7778,0.7368,0.7143,4.0,7.0,3.0,2.0,0.0,medium,high,300,medium,12,ok
gamma_medium__noise_high__T_300__density_medium__seed_012,uncontrolled,0.6364,0.7778,0.7,0.7143,5.0,7.0,4.0,2.0,1.0,medium,high,300,medium,12,ok
gamma_medium__noise_high__T_300__density_medium__seed_013,controlled,0.5,0.3333,0.4,1.0,8.0,3.0,3.0,6.0,1.0,medium,high,300,medium,13,ok
gamma_medium__noise_high__T_300__density_medium__seed_013,uncontrolled,0.5,0.4444,0.4706,0.75,8.0,4.0,4.0,5.0,1.0,medium,high,300,medium,13,ok
gamma_medium__noise_high__T_300__density_medium__seed_014,controlled,0.6,0.6667,0.6316,1.0,6.0,6.0,4.0,3.0,1.0,medium,high,300,medium,14,ok
gamma_medium__noise_high__T_300__density_medium__seed_014,uncontrolled,0.7,0.7778,0.7368,0.8571,4.0,7.0,3.0,2.0,3.0,medium,high,300,medium,14,ok
gamma_medium__noise_high__T_300__density_medium__seed_015,controlled,0.8333,0.5556,0.6667,1.0,5.0,5.0,1.0,4.0,6.0,medium,high,300,medium,15,ok
gamma_medium__noise_high__T_300__density_medium__seed_015,uncontrolled,0.7,0.7778,0.7368,0.8571,5.0,7.0,3.0,2.0,2.0,medium,high,300,medium,15,ok
gamma_medium__noise_high__T_300__density_sparse__seed_001,controlled,0.4545,0.7143,0.5556,1.0,6.0,5.0,6.0,2.0,4.0,medium,high,300,sparse,1,ok
gamma_medium__noise_high__T_300__density_sparse__seed_001,uncontrolled,0.4545,0.7143,0.5556,1.0,7.0,5.0,6.0,2.0,4.0,medium,high,300,sparse,1,ok
gamma_medium__noise_high__T_300__density_sparse__seed_002,controlled,0.4,0.2857,0.3333,0.5,8.0,2.0,3.0,5.0,2.0,medium,high,300,sparse,2,ok
gamma_medium__noise_high__T_300__density_sparse__seed_002,uncontrolled,0.5556,0.7143,0.625,0.4,6.0,5.0,4.0,2.0,1.0,medium,high,300,sparse,2,ok
gamma_medium__noise_high__T_300__density_sparse__seed_003,controlled,0.5556,0.7143,0.625,0.8,5.0,5.0,4.0,2.0,1.0,medium,high,300,sparse,3,ok
gamma_medium__noise_high__T_300__density_sparse__seed_003,uncontrolled,0.5556,0.7143,0.625,0.8,5.0,5.0,4.0,2.0,1.0,medium,high,300,sparse,3,ok
gamma_medium__noise_high__T_300__density_sparse__seed_004,controlled,0.6,0.4286,0.5,1.0,5.0,3.0,2.0,4.0,4.0,medium,high,300,sparse,4,ok
gamma_medium__noise_high__T_300__density_sparse__seed_004,uncontrolled,0.6,0.4286,0.5,1.0,5.0,3.0,2.0,4.0,2.0,medium,high,300,sparse,4,ok
gamma_medium__noise_high__T_300__density_sparse__seed_005,controlled,0.5,0.7143,0.5882,0.8,7.0,5.0,5.0,2.0,1.0,medium,high,300,sparse,5,ok
gamma_medium__noise_high__T_300__density_sparse__seed_005,uncontrolled,0.5,0.7143,0.5882,0.8,7.0,5.0,5.0,2.0,2.0,medium,high,300,sparse,5,ok
gamma_medium__noise_high__T_300__density_sparse__seed_006,controlled,0.6667,0.8571,0.75,1.0,4.0,6.0,3.0,1.0,4.0,medium,high,300,sparse,6,ok
gamma_medium__noise_high__T_300__density_sparse__seed_006,uncontrolled,0.5455,0.8571,0.6667,1.0,6.0,6.0,5.0,1.0,1.0,medium,high,300,sparse,6,ok
gamma_medium__noise_high__T_300__density_sparse__seed_007,controlled,0.6667,0.5714,0.6154,1.0,4.0,4.0,2.0,3.0,1.0,medium,high,300,sparse,7,ok
gamma_medium__noise_high__T_300__density_sparse__seed_007,uncontrolled,0.5714,0.5714,0.5714,1.0,5.0,4.0,3.0,3.0,2.0,medium,high,300,sparse,7,ok
gamma_medium__noise_high__T_300__density_sparse__seed_008,controlled,0.375,0.4286,0.4,0.6667,8.0,3.0,5.0,4.0,2.0,medium,high,300,sparse,8,ok
gamma_medium__noise_high__T_300__density_sparse__seed_008,uncontrolled,0.4,0.5714,0.4706,0.5,8.0,4.0,6.0,3.0,0.0,medium,high,300,sparse,8,ok
gamma_medium__noise_high__T_300__density_sparse__seed_009,controlled,0.4286,0.4286,0.4286,1.0,8.0,3.0,4.0,4.0,2.0,medium,high,300,sparse,9,ok
gamma_medium__noise_high__T_300__density_sparse__seed_009,uncontrolled,0.3333,0.4286,0.375,1.0,10.0,3.0,6.0,4.0,2.0,medium,high,300,sparse,9,ok
gamma_medium__noise_high__T_300__density_sparse__seed_010,controlled,0.3,0.4286,0.3529,1.0,9.0,3.0,7.0,4.0,3.0,medium,high,300,sparse,10,ok
gamma_medium__noise_high__T_300__density_sparse__seed_010,uncontrolled,0.3333,0.2857,0.3077,1.0,8.0,2.0,4.0,5.0,4.0,medium,high,300,sparse,10,ok
gamma_medium__noise_high__T_300__density_sparse__seed_011,controlled,0.8,0.5714,0.6667,0.75,3.0,4.0,1.0,3.0,4.0,medium,high,300,sparse,11,ok
gamma_medium__noise_high__T_300__density_sparse__seed_011,uncontrolled,0.7143,0.7143,0.7143,0.6,3.0,5.0,2.0,2.0,2.0,medium,high,300,sparse,11,ok
gamma_medium__noise_high__T_300__density_sparse__seed_012,controlled,0.7143,0.7143,0.7143,0.8,3.0,5.0,2.0,2.0,1.0,medium,high,300,sparse,12,ok
gamma_medium__noise_high__T_300__density_sparse__seed_012,uncontrolled,0.625,0.7143,0.6667,0.8,3.0,5.0,3.0,2.0,3.0,medium,high,300,sparse,12,ok
gamma_medium__noise_high__T_300__density_sparse__seed_013,controlled,0.2857,0.2857,0.2857,0.5,9.0,2.0,5.0,5.0,1.0,medium,high,300,sparse,13,ok
gamma_medium__noise_high__T_300__density_sparse__seed_013,uncontrolled,0.4444,0.5714,0.5,0.25,7.0,4.0,5.0,3.0,1.0,medium,high,300,sparse,13,ok
gamma_medium__noise_high__T_300__density_sparse__seed_014,controlled,0.625,0.7143,0.6667,0.8,4.0,5.0,3.0,2.0,4.0,medium,high,300,sparse,14,ok
gamma_medium__noise_high__T_300__density_sparse__seed_014,uncontrolled,0.625,0.7143,0.6667,0.8,4.0,5.0,3.0,2.0,3.0,medium,high,300,sparse,14,ok
gamma_medium__noise_high__T_300__density_sparse__seed_015,controlled,0.8333,0.7143,0.7692,0.8,3.0,5.0,1.0,2.0,5.0,medium,high,300,sparse,15,ok
gamma_medium__noise_high__T_300__density_sparse__seed_015,uncontrolled,0.7143,0.7143,0.7143,1.0,4.0,5.0,2.0,2.0,4.0,medium,high,300,sparse,15,ok
gamma_medium__noise_high__T_80__density_dense__seed_001,controlled,0.8571,0.5455,0.6667,0.8333,6.0,6.0,1.0,5.0,2.0,medium,high,80,dense,1,ok
gamma_medium__noise_high__T_80__density_dense__seed_001,uncontrolled,0.75,0.5455,0.6316,0.8333,7.0,6.0,2.0,5.0,1.0,medium,high,80,dense,1,ok
gamma_medium__noise_high__T_80__density_dense__seed_002,controlled,0.8333,0.4545,0.5882,1.0,7.0,5.0,1.0,6.0,2.0,medium,high,80,dense,2,ok
gamma_medium__noise_high__T_80__density_dense__seed_002,uncontrolled,0.8,0.3636,0.5,1.0,8.0,4.0,1.0,7.0,0.0,medium,high,80,dense,2,ok
gamma_medium__noise_high__T_80__density_dense__seed_003,controlled,0.8,0.3636,0.5,0.75,8.0,4.0,1.0,7.0,3.0,medium,high,80,dense,3,ok
gamma_medium__noise_high__T_80__density_dense__seed_003,uncontrolled,0.7143,0.4545,0.5556,0.6,7.0,5.0,2.0,6.0,0.0,medium,high,80,dense,3,ok
gamma_medium__noise_high__T_80__density_dense__seed_004,controlled,1.0,0.2727,0.4286,1.0,8.0,3.0,0.0,8.0,2.0,medium,high,80,dense,4,ok
gamma_medium__noise_high__T_80__density_dense__seed_004,uncontrolled,0.6667,0.3636,0.4706,1.0,8.0,4.0,2.0,7.0,2.0,medium,high,80,dense,4,ok
gamma_medium__noise_high__T_80__density_dense__seed_005,controlled,0.5,0.1818,0.2667,1.0,9.0,2.0,2.0,9.0,0.0,medium,high,80,dense,5,ok
gamma_medium__noise_high__T_80__density_dense__seed_005,uncontrolled,0.5,0.1818,0.2667,1.0,9.0,2.0,2.0,9.0,0.0,medium,high,80,dense,5,ok
gamma_medium__noise_high__T_80__density_dense__seed_006,controlled,0.8,0.3636,0.5,1.0,8.0,4.0,1.0,7.0,2.0,medium,high,80,dense,6,ok
gamma_medium__noise_high__T_80__density_dense__seed_006,uncontrolled,0.5,0.2727,0.3529,0.6667,10.0,3.0,3.0,8.0,0.0,medium,high,80,dense,6,ok
gamma_medium__noise_high__T_80__density_dense__seed_007,controlled,0.5714,0.3636,0.4444,1.0,10.0,4.0,3.0,7.0,0.0,medium,high,80,dense,7,ok
gamma_medium__noise_high__T_80__density_dense__seed_007,uncontrolled,0.6667,0.3636,0.4706,1.0,9.0,4.0,2.0,7.0,1.0,medium,high,80,dense,7,ok
gamma_medium__noise_high__T_80__density_dense__seed_008,controlled,0.5,0.2727,0.3529,0.3333,10.0,3.0,3.0,8.0,0.0,medium,high,80,dense,8,ok
gamma_medium__noise_high__T_80__density_dense__seed_008,uncontrolled,0.6,0.2727,0.375,0.3333,9.0,3.0,2.0,8.0,1.0,medium,high,80,dense,8,ok
gamma_medium__noise_high__T_80__density_dense__seed_009,controlled,0.4286,0.2727,0.3333,1.0,12.0,3.0,4.0,8.0,1.0,medium,high,80,dense,9,ok
gamma_medium__noise_high__T_80__density_dense__seed_009,uncontrolled,0.4286,0.2727,0.3333,1.0,12.0,3.0,4.0,8.0,1.0,medium,high,80,dense,9,ok
gamma_medium__noise_high__T_80__density_dense__seed_010,controlled,1.0,0.0909,0.1667,1.0,10.0,1.0,0.0,10.0,3.0,medium,high,80,dense,10,ok
gamma_medium__noise_high__T_80__density_dense__seed_010,uncontrolled,0.8,0.3636,0.5,0.75,7.0,4.0,1.0,7.0,0.0,medium,high,80,dense,10,ok
gamma_medium__noise_high__T_80__density_dense__seed_011,controlled,0.5,0.0909,0.1538,0.0,11.0,1.0,1.0,10.0,3.0,medium,high,80,dense,11,ok
gamma_medium__noise_high__T_80__density_dense__seed_011,uncontrolled,1.0,0.3636,0.5333,0.5,7.0,4.0,0.0,7.0,1.0,medium,high,80,dense,11,ok
gamma_medium__noise_high__T_80__density_dense__seed_012,controlled,0.7143,0.4545,0.5556,1.0,8.0,5.0,2.0,6.0,2.0,medium,high,80,dense,12,ok
gamma_medium__noise_high__T_80__density_dense__seed_012,uncontrolled,0.625,0.4545,0.5263,1.0,7.0,5.0,3.0,6.0,3.0,medium,high,80,dense,12,ok
gamma_medium__noise_high__T_80__density_dense__seed_013,controlled,0.5,0.3636,0.4211,0.75,10.0,4.0,4.0,7.0,1.0,medium,high,80,dense,13,ok
gamma_medium__noise_high__T_80__density_dense__seed_013,uncontrolled,0.4444,0.3636,0.4,0.75,10.0,4.0,5.0,7.0,0.0,medium,high,80,dense,13,ok
gamma_medium__noise_high__T_80__density_dense__seed_014,controlled,0.3333,0.1818,0.2353,1.0,12.0,2.0,4.0,9.0,3.0,medium,high,80,dense,14,ok
gamma_medium__noise_high__T_80__density_dense__seed_014,uncontrolled,0.6,0.2727,0.375,0.6667,10.0,3.0,2.0,8.0,2.0,medium,high,80,dense,14,ok
gamma_medium__noise_high__T_80__density_dense__seed_015,controlled,0.6364,0.6364,0.6364,0.8571,7.0,7.0,4.0,4.0,3.0,medium,high,80,dense,15,ok
gamma_medium__noise_high__T_80__density_dense__seed_015,uncontrolled,0.6364,0.6364,0.6364,0.8571,7.0,7.0,4.0,4.0,2.0,medium,high,80,dense,15,ok
gamma_medium__noise_high__T_80__density_medium__seed_001,controlled,0.8571,0.6667,0.75,0.8333,4.0,6.0,1.0,3.0,2.0,medium,high,80,medium,1,ok
gamma_medium__noise_high__T_80__density_medium__seed_001,uncontrolled,0.6667,0.6667,0.6667,0.8333,6.0,6.0,3.0,3.0,1.0,medium,high,80,medium,1,ok
gamma_medium__noise_high__T_80__density_medium__seed_002,controlled,0.6667,0.4444,0.5333,1.0,7.0,4.0,2.0,5.0,3.0,medium,high,80,medium,2,ok
gamma_medium__noise_high__T_80__density_medium__seed_002,uncontrolled,0.6,0.3333,0.4286,1.0,8.0,3.0,2.0,6.0,0.0,medium,high,80,medium,2,ok
gamma_medium__noise_high__T_80__density_medium__seed_003,controlled,0.5,0.2222,0.3077,1.0,9.0,2.0,2.0,7.0,3.0,medium,high,80,medium,3,ok
gamma_medium__noise_high__T_80__density_medium__seed_003,uncontrolled,0.5714,0.4444,0.5,0.5,8.0,4.0,3.0,5.0,1.0,medium,high,80,medium,3,ok
gamma_medium__noise_high__T_80__density_medium__seed_004,controlled,1.0,0.3333,0.5,1.0,6.0,3.0,0.0,6.0,1.0,medium,high,80,medium,4,ok
gamma_medium__noise_high__T_80__density_medium__seed_004,uncontrolled,1.0,0.3333,0.5,1.0,6.0,3.0,0.0,6.0,1.0,medium,high,80,medium,4,ok
gamma_medium__noise_high__T_80__density_medium__seed_005,controlled,0.3333,0.1111,0.1667,1.0,8.0,1.0,2.0,8.0,2.0,medium,high,80,medium,5,ok
gamma_medium__noise_high__T_80__density_medium__seed_005,uncontrolled,0.3333,0.2222,0.2667,1.0,9.0,2.0,4.0,7.0,0.0,medium,high,80,medium,5,ok
gamma_medium__noise_high__T_80__density_medium__seed_006,controlled,0.6667,0.4444,0.5333,1.0,7.0,4.0,2.0,5.0,2.0,medium,high,80,medium,6,ok
gamma_medium__noise_high__T_80__density_medium__seed_006,uncontrolled,0.5714,0.4444,0.5,1.0,7.0,4.0,3.0,5.0,2.0,medium,high,80,medium,6,ok
gamma_medium__noise_high__T_80__density_medium__seed_007,controlled,0.6667,0.4444,0.5333,1.0,7.0,4.0,2.0,5.0,1.0,medium,high,80,medium,7,ok
gamma_medium__noise_high__T_80__density_medium__seed_007,uncontrolled,0.6667,0.4444,0.5333,1.0,7.0,4.0,2.0,5.0,2.0,medium,high,80,medium,7,ok
gamma_medium__noise_high__T_80__density_medium__seed_008,controlled,0.5714,0.4444,0.5,0.75,7.0,4.0,3.0,5.0,1.0,medium,high,80,medium,8,ok
gamma_medium__noise_high__T_80__density_medium__seed_008,uncontrolled,0.5714,0.4444,0.5,0.75,7.0,4.0,3.0,5.0,1.0,medium,high,80,medium,8,ok
gamma_medium__noise_high__T_80__density_medium__seed_009,controlled,0.4,0.2222,0.2857,0.5,10.0,2.0,3.0,7.0,1.0,medium,high,80,medium,9,ok
gamma_medium__noise_high__T_80__density_medium__seed_009,uncontrolled,0.4,0.2222,0.2857,0.5,10.0,2.0,3.0,7.0,2.0,medium,high,80,medium,9,ok
gamma_medium__noise_high__T_80__density_medium__seed_010,controlled,1.0,0.2222,0.3636,1.0,7.0,2.0,0.0,7.0,3.0,medium,high,80,medium,10,ok
gamma_medium__noise_high__T_80__density_medium__seed_010,uncontrolled,0.6667,0.2222,0.3333,1.0,7.0,2.0,1.0,7.0,0.0,medium,high,80,medium,10,ok
gamma_medium__noise_high__T_80__density_medium__seed_011,controlled,0.5,0.1111,0.1818,0.0,9.0,1.0,1.0,8.0,3.0,medium,high,80,medium,11,ok
gamma_medium__noise_high__T_80__density_medium__seed_011,uncontrolled,0.8,0.4444,0.5714,0.75,6.0,4.0,1.0,5.0,1.0,medium,high,80,medium,11,ok
gamma_medium__noise_high__T_80__density_medium__seed_012,controlled,0.5,0.3333,0.4,1.0,9.0,3.0,3.0,6.0,1.0,medium,high,80,medium,12,ok
gamma_medium__noise_high__T_80__density_medium__seed_012,uncontrolled,0.4286,0.3333,0.375,1.0,10.0,3.0,4.0,6.0,2.0,medium,high,80,medium,12,ok
gamma_medium__noise_high__T_80__density_medium__seed_013,controlled,0.2,0.1111,0.1429,1.0,12.0,1.0,4.0,8.0,0.0,medium,high,80,medium,13,ok
gamma_medium__noise_high__T_80__density_medium__seed_013,uncontrolled,0.2,0.1111,0.1429,1.0,12.0,1.0,4.0,8.0,0.0,medium,high,80,medium,13,ok
gamma_medium__noise_high__T_80__density_medium__seed_014,controlled,0.25,0.1111,0.1538,1.0,10.0,1.0,3.0,8.0,3.0,medium,high,80,medium,14,ok
gamma_medium__noise_high__T_80__density_medium__seed_014,uncontrolled,0.4286,0.3333,0.375,1.0,9.0,3.0,4.0,6.0,0.0,medium,high,80,medium,14,ok
gamma_medium__noise_high__T_80__density_medium__seed_015,controlled,0.625,0.5556,0.5882,0.8,7.0,5.0,3.0,4.0,1.0,medium,high,80,medium,15,ok
gamma_medium__noise_high__T_80__density_medium__seed_015,uncontrolled,0.5556,0.5556,0.5556,0.8,8.0,5.0,4.0,4.0,1.0,medium,high,80,medium,15,ok
gamma_medium__noise_high__T_80__density_sparse__seed_001,controlled,0.5,0.4286,0.4615,1.0,7.0,3.0,3.0,4.0,2.0,medium,high,80,sparse,1,ok
gamma_medium__noise_high__T_80__density_sparse__seed_001,uncontrolled,0.375,0.4286,0.4,1.0,8.0,3.0,5.0,4.0,2.0,medium,high,80,sparse,1,ok
gamma_medium__noise_high__T_80__density_sparse__seed_002,controlled,0.5,0.2857,0.3636,1.0,7.0,2.0,2.0,5.0,1.0,medium,high,80,sparse,2,ok
gamma_medium__noise_high__T_80__density_sparse__seed_002,uncontrolled,0.5,0.2857,0.3636,1.0,7.0,2.0,2.0,5.0,1.0,medium,high,80,sparse,2,ok
gamma_medium__noise_high__T_80__density_sparse__seed_003,controlled,0.4,0.2857,0.3333,1.0,8.0,2.0,3.0,5.0,3.0,medium,high,80,sparse,3,ok
gamma_medium__noise_high__T_80__density_sparse__seed_003,uncontrolled,0.5,0.7143,0.5882,0.6,7.0,5.0,5.0,2.0,1.0,medium,high,80,sparse,3,ok
gamma_medium__noise_high__T_80__density_sparse__seed_004,controlled,1.0,0.4286,0.6,1.0,4.0,3.0,0.0,4.0,2.0,medium,high,80,sparse,4,ok
gamma_medium__noise_high__T_80__density_sparse__seed_004,uncontrolled,1.0,0.4286,0.6,1.0,4.0,3.0,0.0,4.0,2.0,medium,high,80,sparse,4,ok
gamma_medium__noise_high__T_80__density_sparse__seed_005,controlled,0.25,0.1429,0.1818,1.0,8.0,1.0,3.0,6.0,1.0,medium,high,80,sparse,5,ok
gamma_medium__noise_high__T_80__density_sparse__seed_005,uncontrolled,0.4,0.2857,0.3333,0.5,7.0,2.0,3.0,5.0,1.0,medium,high,80,sparse,5,ok
gamma_medium__noise_high__T_80__density_sparse__seed_006,controlled,0.5,0.2857,0.3636,1.0,7.0,2.0,2.0,5.0,2.0,medium,high,80,sparse,6,ok
gamma_medium__noise_high__T_80__density_sparse__seed_006,uncontrolled,0.3333,0.2857,0.3077,0.5,7.0,2.0,4.0,5.0,0.0,medium,high,80,sparse,6,ok
gamma_medium__noise_high__T_80__density_sparse__seed_007,controlled,0.6,0.4286,0.5,1.0,6.0,3.0,2.0,4.0,1.0,medium,high,80,sparse,7,ok
gamma_medium__noise_high__T_80__density_sparse__seed_007,uncontrolled,0.6,0.4286,0.5,1.0,6.0,3.0,2.0,4.0,1.0,medium,high,80,sparse,7,ok
gamma_medium__noise_high__T_80__density_sparse__seed_008,controlled,0.6,0.4286,0.5,0.6667,5.0,3.0,2.0,4.0,0.0,medium,high,80,sparse,8,ok
gamma_medium__noise_high__T_80__density_sparse__seed_008,uncontrolled,0.5,0.4286,0.4615,0.6667,6.0,3.0,3.0,4.0,0.0,medium,high,80,sparse,8,ok
gamma_medium__noise_high__T_80__density_sparse__seed_009,controlled,0.0,0.0,0.0,0.0,9.0,0.0,2.0,7.0,1.0,medium,high,80,sparse,9,ok
gamma_medium__noise_high__T_80__density_sparse__seed_009,uncontrolled,0.25,0.1429,0.1818,0.0,9.0,1.0,3.0,6.0,1.0,medium,high,80,sparse,9,ok
gamma_medium__noise_high__T_80__density_sparse__seed_010,controlled,1.0,0.2857,0.4444,1.0,5.0,2.0,0.0,5.0,3.0,medium,high,80,sparse,10,ok
gamma_medium__noise_high__T_80__density_sparse__seed_010,uncontrolled,0.3333,0.1429,0.2,1.0,7.0,1.0,2.0,6.0,1.0,medium,high,80,sparse,10,ok
gamma_medium__noise_high__T_80__density_sparse__seed_011,controlled,0.5,0.2857,0.3636,1.0,7.0,2.0,2.0,5.0,1.0,medium,high,80,sparse,11,ok
gamma_medium__noise_high__T_80__density_sparse__seed_011,uncontrolled,0.8,0.5714,0.6667,1.0,4.0,4.0,1.0,3.0,2.0,medium,high,80,sparse,11,ok
gamma_medium__noise_high__T_80__density_sparse__seed_012,controlled,0.2,0.1429,0.1667,1.0,10.0,1.0,4.0,6.0,2.0,medium,high,80,sparse,12,ok
gamma_medium__noise_high__T_80__density_sparse__seed_012,uncontrolled,0.2,0.1429,0.1667,1.0,10.0,1.0,4.0,6.0,1.0,medium,high,80,sparse,12,ok
gamma_medium__noise_high__T_80__density_sparse__seed_013,controlled,0.0,0.0,0.0,0.0,12.0,0.0,6.0,7.0,1.0,medium,high,80,sparse,13,ok
gamma_medium__noise_high__T_80__density_sparse__seed_013,uncontrolled,0.0,0.0,0.0,0.0,12.0,0.0,7.0,7.0,0.0,medium,high,80,sparse,13,ok
gamma_medium__noise_high__T_80__density_sparse__seed_014,controlled,0.25,0.1429,0.1818,1.0,8.0,1.0,3.0,6.0,3.0,medium,high,80,sparse,14,ok
gamma_medium__noise_high__T_80__density_sparse__seed_014,uncontrolled,0.3333,0.2857,0.3077,1.0,8.0,2.0,4.0,5.0,1.0,medium,high,80,sparse,14,ok
gamma_medium__noise_high__T_80__density_sparse__seed_015,controlled,0.6,0.4286,0.5,0.6667,6.0,3.0,2.0,4.0,2.0,medium,high,80,sparse,15,ok
gamma_medium__noise_high__T_80__density_sparse__seed_015,uncontrolled,0.6,0.4286,0.5,0.6667,6.0,3.0,2.0,4.0,2.0,medium,high,80,sparse,15,ok
gamma_medium__noise_low__T_156__density_dense__seed_001,controlled,0.7778,0.6364,0.7,0.5714,6.0,7.0,2.0,4.0,3.0,medium,low,156,dense,1,ok
gamma_medium__noise_low__T_156__density_dense__seed_001,uncontrolled,0.7778,0.6364,0.7,0.5714,6.0,7.0,2.0,4.0,1.0,medium,low,156,dense,1,ok
gamma_medium__noise_low__T_156__density_dense__seed_002,controlled,1.0,0.2727,0.4286,1.0,8.0,3.0,0.0,8.0,2.0,medium,low,156,dense,2,ok
gamma_medium__noise_low__T_156__density_dense__seed_002,uncontrolled,1.0,0.2727,0.4286,1.0,8.0,3.0,0.0,8.0,1.0,medium,low,156,dense,2,ok
gamma_medium__noise_low__T_156__density_dense__seed_003,controlled,0.6667,0.1818,0.2857,1.0,10.0,2.0,1.0,9.0,5.0,medium,low,156,dense,3,ok
gamma_medium__noise_low__T_156__density_dense__seed_003,uncontrolled,0.6667,0.1818,0.2857,1.0,10.0,2.0,1.0,9.0,3.0,medium,low,156,dense,3,ok
gamma_medium__noise_low__T_156__density_dense__seed_004,controlled,1.0,0.6364,0.7778,0.8571,4.0,7.0,0.0,4.0,3.0,medium,low,156,dense,4,ok
gamma_medium__noise_low__T_156__density_dense__seed_004,uncontrolled,0.6154,0.7273,0.6667,0.875,8.0,8.0,5.0,3.0,2.0,medium,low,156,dense,4,ok
gamma_medium__noise_low__T_156__density_dense__seed_005,controlled,0.7,0.6364,0.6667,0.8571,6.0,7.0,3.0,4.0,1.0,medium,low,156,dense,5,ok
gamma_medium__noise_low__T_156__density_dense__seed_005,uncontrolled,0.7,0.6364,0.6667,0.8571,6.0,7.0,3.0,4.0,1.0,medium,low,156,dense,5,ok
gamma_medium__noise_low__T_156__density_dense__seed_006,controlled,0.6,0.5455,0.5714,1.0,8.0,6.0,4.0,5.0,3.0,medium,low,156,dense,6,ok
gamma_medium__noise_low__T_156__density_dense__seed_006,uncontrolled,0.6,0.5455,0.5714,1.0,8.0,6.0,4.0,5.0,3.0,medium,low,156,dense,6,ok
gamma_medium__noise_low__T_156__density_dense__seed_007,controlled,0.7143,0.4545,0.5556,0.8,7.0,5.0,2.0,6.0,2.0,medium,low,156,dense,7,ok
gamma_medium__noise_low__T_156__density_dense__seed_007,uncontrolled,0.75,0.5455,0.6316,0.8333,7.0,6.0,2.0,5.0,0.0,medium,low,156,dense,7,ok
gamma_medium__noise_low__T_156__density_dense__seed_008,controlled,0.4,0.3636,0.381,1.0,12.0,4.0,6.0,7.0,2.0,medium,low,156,dense,8,ok
gamma_medium__noise_low__T_156__density_dense__seed_008,uncontrolled,0.3333,0.3636,0.3478,1.0,12.0,4.0,8.0,7.0,2.0,medium,low,156,dense,8,ok
gamma_medium__noise_low__T_156__density_dense__seed_009,controlled,0.7,0.6364,0.6667,0.8571,5.0,7.0,3.0,4.0,1.0,medium,low,156,dense,9,ok
gamma_medium__noise_low__T_156__density_dense__seed_009,uncontrolled,0.7,0.6364,0.6667,0.8571,6.0,7.0,3.0,4.0,1.0,medium,low,156,dense,9,ok
gamma_medium__noise_low__T_156__density_dense__seed_010,controlled,0.875,0.6364,0.7368,1.0,5.0,7.0,1.0,4.0,2.0,medium,low,156,dense,10,ok
gamma_medium__noise_low__T_156__density_dense__seed_010,uncontrolled,0.8571,0.5455,0.6667,1.0,6.0,6.0,1.0,5.0,2.0,medium,low,156,dense,10,ok
gamma_medium__noise_low__T_156__density_dense__seed_011,controlled,0.6,0.5455,0.5714,0.8333,9.0,6.0,4.0,5.0,1.0,medium,low,156,dense,11,ok
gamma_medium__noise_low__T_156__density_dense__seed_011,uncontrolled,0.6667,0.5455,0.6,0.8333,8.0,6.0,3.0,5.0,1.0,medium,low,156,dense,11,ok
gamma_medium__noise_low__T_156__density_dense__seed_012,controlled,0.5714,0.3636,0.4444,0.75,9.0,4.0,3.0,7.0,2.0,medium,low,156,dense,12,ok
gamma_medium__noise_low__T_156__density_dense__seed_012,uncontrolled,0.5,0.3636,0.4211,0.75,9.0,4.0,4.0,7.0,1.0,medium,low,156,dense,12,ok
gamma_medium__noise_low__T_156__density_dense__seed_013,controlled,0.8571,0.5455,0.6667,1.0,6.0,6.0,1.0,5.0,4.0,medium,low,156,dense,13,ok
gamma_medium__noise_low__T_156__density_dense__seed_013,uncontrolled,0.7778,0.6364,0.7,0.7143,5.0,7.0,2.0,4.0,0.0,medium,low,156,dense,13,ok
gamma_medium__noise_low__T_156__density_dense__seed_014,controlled,0.6667,0.5455,0.6,0.5,8.0,6.0,3.0,5.0,3.0,medium,low,156,dense,14,ok
gamma_medium__noise_low__T_156__density_dense__seed_014,uncontrolled,0.7,0.6364,0.6667,0.4286,7.0,7.0,3.0,4.0,1.0,medium,low,156,dense,14,ok
gamma_medium__noise_low__T_156__density_dense__seed_015,controlled,0.75,0.5455,0.6316,0.8333,7.0,6.0,2.0,5.0,2.0,medium,low,156,dense,15,ok
gamma_medium__noise_low__T_156__density_dense__seed_015,uncontrolled,0.6,0.5455,0.5714,0.8333,8.0,6.0,4.0,5.0,1.0,medium,low,156,dense,15,ok
gamma_medium__noise_low__T_156__density_medium__seed_001,controlled,0.75,0.6667,0.7059,0.5,5.0,6.0,2.0,3.0,1.0,medium,low,156,medium,1,ok
gamma_medium__noise_low__T_156__density_medium__seed_001,uncontrolled,0.75,0.6667,0.7059,0.5,5.0,6.0,2.0,3.0,0.0,medium,low,156,medium,1,ok
gamma_medium__noise_low__T_156__density_medium__seed_002,controlled,0.75,0.3333,0.4615,1.0,6.0,3.0,1.0,6.0,0.0,medium,low,156,medium,2,ok
gamma_medium__noise_low__T_156__density_medium__seed_002,uncontrolled,1.0,0.2222,0.3636,1.0,7.0,2.0,0.0,7.0,1.0,medium,low,156,medium,2,ok
gamma_medium__noise_low__T_156__density_medium__seed_003,controlled,0.6667,0.2222,0.3333,0.5,8.0,2.0,1.0,7.0,4.0,medium,low,156,medium,3,ok
gamma_medium__noise_low__T_156__density_medium__seed_003,uncontrolled,0.6667,0.2222,0.3333,0.5,8.0,2.0,1.0,7.0,2.0,medium,low,156,medium,3,ok
gamma_medium__noise_low__T_156__density_medium__seed_004,controlled,1.0,0.6667,0.8,0.8333,3.0,6.0,0.0,3.0,1.0,medium,low,156,medium,4,ok
gamma_medium__noise_low__T_156__density_medium__seed_004,uncontrolled,0.6667,0.6667,0.6667,0.8333,6.0,6.0,3.0,3.0,2.0,medium,low,156,medium,4,ok
gamma_medium__noise_low__T_156__density_medium__seed_005,controlled,0.5556,0.5556,0.5556,1.0,7.0,5.0,4.0,4.0,2.0,medium,low,156,medium,5,ok
gamma_medium__noise_low__T_156__density_medium__seed_005,uncontrolled,0.5,0.4444,0.4706,1.0,8.0,4.0,4.0,5.0,2.0,medium,low,156,medium,5,ok
gamma_medium__noise_low__T_156__density_medium__seed_006,controlled,0.5,0.4444,0.4706,1.0,8.0,4.0,4.0,5.0,2.0,medium,low,156,medium,6,ok
gamma_medium__noise_low__T_156__density_medium__seed_006,uncontrolled,0.5556,0.5556,0.5556,0.8,7.0,5.0,4.0,4.0,2.0,medium,low,156,medium,6,ok
gamma_medium__noise_low__T_156__density_medium__seed_007,controlled,0.5,0.3333,0.4,1.0,9.0,3.0,3.0,6.0,3.0,medium,low,156,medium,7,ok
gamma_medium__noise_low__T_156__density_medium__seed_007,uncontrolled,0.5,0.3333,0.4,1.0,9.0,3.0,3.0,6.0,1.0,medium,low,156,medium,7,ok
gamma_medium__noise_low__T_156__density_medium__seed_008,controlled,0.5,0.5556,0.5263,1.0,9.0,5.0,5.0,4.0,1.0,medium,low,156,medium,8,ok
gamma_medium__noise_low__T_156__density_medium__seed_008,uncontrolled,0.3846,0.5556,0.4545,1.0,11.0,5.0,8.0,4.0,2.0,medium,low,156,medium,8,ok
gamma_medium__noise_low__T_156__density_medium__seed_009,controlled,0.5556,0.5556,0.5556,0.8,6.0,5.0,4.0,4.0,0.0,medium,low,156,medium,9,ok
gamma_medium__noise_low__T_156__density_medium__seed_009,uncontrolled,0.625,0.5556,0.5882,0.6,6.0,5.0,3.0,4.0,1.0,medium,low,156,medium,9,ok
gamma_medium__noise_low__T_156__density_medium__seed_010,controlled,0.75,0.6667,0.7059,1.0,5.0,6.0,2.0,3.0,2.0,medium,low,156,medium,10,ok
gamma_medium__noise_low__T_156__density_medium__seed_010,uncontrolled,0.5556,0.5556,0.5556,1.0,6.0,5.0,4.0,4.0,0.0,medium,low,156,medium,10,ok
gamma_medium__noise_low__T_156__density_medium__seed_011,controlled,0.6667,0.4444,0.5333,0.75,7.0,4.0,2.0,5.0,1.0,medium,low,156,medium,11,ok
gamma_medium__noise_low__T_156__density_medium__seed_011,uncontrolled,0.6667,0.4444,0.5333,0.75,7.0,4.0,2.0,5.0,2.0,medium,low,156,medium,11,ok
gamma_medium__noise_low__T_156__density_medium__seed_012,controlled,0.6,0.3333,0.4286,1.0,8.0,3.0,2.0,6.0,3.0,medium,low,156,medium,12,ok
gamma_medium__noise_low__T_156__density_medium__seed_012,uncontrolled,0.4286,0.3333,0.375,1.0,10.0,3.0,4.0,6.0,3.0,medium,low,156,medium,12,ok
gamma_medium__noise_low__T_156__density_medium__seed_013,controlled,0.6,0.3333,0.4286,1.0,7.0,3.0,2.0,6.0,3.0,medium,low,156,medium,13,ok
gamma_medium__noise_low__T_156__density_medium__seed_013,uncontrolled,0.8333,0.5556,0.6667,0.6,5.0,5.0,1.0,4.0,1.0,medium,low,156,medium,13,ok
gamma_medium__noise_low__T_156__density_medium__seed_014,controlled,0.7,0.7778,0.7368,0.5714,5.0,7.0,3.0,2.0,2.0,medium,low,156,medium,14,ok
gamma_medium__noise_low__T_156__density_medium__seed_014,uncontrolled,0.6667,0.6667,0.6667,0.5,6.0,6.0,3.0,3.0,1.0,medium,low,156,medium,14,ok
gamma_medium__noise_low__T_156__density_medium__seed_015,controlled,0.7143,0.5556,0.625,0.8,6.0,5.0,2.0,4.0,3.0,medium,low,156,medium,15,ok
gamma_medium__noise_low__T_156__density_medium__seed_015,uncontrolled,0.5556,0.5556,0.5556,0.8,7.0,5.0,4.0,4.0,1.0,medium,low,156,medium,15,ok
gamma_medium__noise_low__T_156__density_sparse__seed_001,controlled,0.7143,0.7143,0.7143,0.4,4.0,5.0,2.0,2.0,2.0,medium,low,156,sparse,1,ok
gamma_medium__noise_low__T_156__density_sparse__seed_001,uncontrolled,0.7143,0.7143,0.7143,0.4,4.0,5.0,2.0,2.0,0.0,medium,low,156,sparse,1,ok
gamma_medium__noise_low__T_156__density_sparse__seed_002,controlled,0.6,0.4286,0.5,1.0,5.0,3.0,2.0,4.0,1.0,medium,low,156,sparse,2,ok
gamma_medium__noise_low__T_156__density_sparse__seed_002,uncontrolled,0.4,0.2857,0.3333,1.0,6.0,2.0,3.0,5.0,1.0,medium,low,156,sparse,2,ok
gamma_medium__noise_low__T_156__density_sparse__seed_003,controlled,0.5,0.2857,0.3636,0.5,7.0,2.0,2.0,5.0,4.0,medium,low,156,sparse,3,ok
gamma_medium__noise_low__T_156__density_sparse__seed_003,uncontrolled,0.5,0.2857,0.3636,0.5,7.0,2.0,2.0,5.0,2.0,medium,low,156,sparse,3,ok
gamma_medium__noise_low__T_156__density_sparse__seed_004,controlled,0.6667,0.5714,0.6154,0.75,5.0,4.0,2.0,3.0,1.0,medium,low,156,sparse,4,ok
gamma_medium__noise_low__T_156__density_sparse__seed_004,uncontrolled,0.5556,0.7143,0.625,0.8,6.0,5.0,4.0,2.0,2.0,medium,low,156,sparse,4,ok
gamma_medium__noise_low__T_156__density_sparse__seed_005,controlled,0.625,0.7143,0.6667,1.0,5.0,5.0,3.0,2.0,1.0,medium,low,156,sparse,5,ok
gamma_medium__noise_low__T_156__density_sparse__seed_005,uncontrolled,0.5714,0.5714,0.5714,1.0,6.0,4.0,3.0,3.0,1.0,medium,low,156,sparse,5,ok
gamma_medium__noise_low__T_156__density_sparse__seed_006,controlled,0.4286,0.4286,0.4286,1.0,8.0,3.0,4.0,4.0,1.0,medium,low,156,sparse,6,ok
gamma_medium__noise_low__T_156__density_sparse__seed_006,uncontrolled,0.4444,0.5714,0.5,0.75,8.0,4.0,5.0,3.0,1.0,medium,low,156,sparse,6,ok
gamma_medium__noise_low__T_156__density_sparse__seed_007,controlled,0.6,0.4286,0.5,0.6667,6.0,3.0,2.0,4.0,3.0,medium,low,156,sparse,7,ok
gamma_medium__noise_low__T_156__density_sparse__seed_007,uncontrolled,0.5,0.4286,0.4615,0.6667,7.0,3.0,3.0,4.0,1.0,medium,low,156,sparse,7,ok
gamma_medium__noise_low__T_156__density_sparse__seed_008,controlled,0.3333,0.2857,0.3077,1.0,9.0,2.0,4.0,5.0,3.0,medium,low,156,sparse,8,ok
gamma_medium__noise_low__T_156__density_sparse__seed_008,uncontrolled,0.2727,0.4286,0.3333,1.0,12.0,3.0,8.0,4.0,0.0,medium,low,156,sparse,8,ok
gamma_medium__noise_low__T_156__density_sparse__seed_009,controlled,0.4286,0.4286,0.4286,1.0,6.0,3.0,4.0,4.0,0.0,medium,low,156,sparse,9,ok
gamma_medium__noise_low__T_156__density_sparse__seed_009,uncontrolled,0.5,0.4286,0.4615,1.0,6.0,3.0,3.0,4.0,2.0,medium,low,156,sparse,9,ok
gamma_medium__noise_low__T_156__density_sparse__seed_010,controlled,0.6667,0.5714,0.6154,1.0,5.0,4.0,2.0,3.0,3.0,medium,low,156,sparse,10,ok
gamma_medium__noise_low__T_156__density_sparse__seed_010,uncontrolled,0.4286,0.4286,0.4286,1.0,6.0,3.0,4.0,4.0,1.0,medium,low,156,sparse,10,ok
gamma_medium__noise_low__T_156__density_sparse__seed_011,controlled,0.4286,0.4286,0.4286,0.3333,8.0,3.0,4.0,4.0,0.0,medium,low,156,sparse,11,ok
gamma_medium__noise_low__T_156__density_sparse__seed_011,uncontrolled,0.5,0.2857,0.3636,0.5,7.0,2.0,2.0,5.0,2.0,medium,low,156,sparse,11,ok
gamma_medium__noise_low__T_156__density_sparse__seed_012,controlled,0.4286,0.4286,0.4286,0.6667,7.0,3.0,4.0,4.0,2.0,medium,low,156,sparse,12,ok
gamma_medium__noise_low__T_156__density_sparse__seed_012,uncontrolled,0.375,0.4286,0.4,0.6667,8.0,3.0,5.0,4.0,1.0,medium,low,156,sparse,12,ok
gamma_medium__noise_low__T_156__density_sparse__seed_013,controlled,0.3333,0.1429,0.2,1.0,7.0,1.0,2.0,6.0,4.0,medium,low,156,sparse,13,ok
gamma_medium__noise_low__T_156__density_sparse__seed_013,uncontrolled,0.6,0.4286,0.5,0.0,5.0,3.0,2.0,4.0,1.0,medium,low,156,sparse,13,ok
gamma_medium__noise_low__T_156__density_sparse__seed_014,controlled,0.375,0.4286,0.4,0.3333,8.0,3.0,5.0,4.0,4.0,medium,low,156,sparse,14,ok
gamma_medium__noise_low__T_156__density_sparse__seed_014,uncontrolled,0.5556,0.7143,0.625,0.4,6.0,5.0,4.0,2.0,2.0,medium,low,156,sparse,14,ok
gamma_medium__noise_low__T_156__density_sparse__seed_015,controlled,0.5,0.4286,0.4615,0.6667,6.0,3.0,3.0,4.0,1.0,medium,low,156,sparse,15,ok
gamma_medium__noise_low__T_156__density_sparse__seed_015,uncontrolled,0.4286,0.4286,0.4286,0.6667,6.0,3.0,4.0,4.0,1.0,medium,low,156,sparse,15,ok
gamma_medium__noise_low__T_300__density_dense__seed_001,controlled,0.75,0.8182,0.7826,1.0,4.0,9.0,3.0,2.0,2.0,medium,low,300,dense,1,ok
gamma_medium__noise_low__T_300__density_dense__seed_001,uncontrolled,0.8182,0.8182,0.8182,1.0,3.0,9.0,2.0,2.0,2.0,medium,low,300,dense,1,ok
gamma_medium__noise_low__T_300__density_dense__seed_002,controlled,0.7778,0.6364,0.7,0.8571,6.0,7.0,2.0,4.0,2.0,medium,low,300,dense,2,ok
gamma_medium__noise_low__T_300__density_dense__seed_002,uncontrolled,0.7778,0.6364,0.7,0.8571,6.0,7.0,2.0,4.0,2.0,medium,low,300,dense,2,ok
gamma_medium__noise_low__T_300__density_dense__seed_003,controlled,0.7273,0.7273,0.7273,0.75,5.0,8.0,3.0,3.0,1.0,medium,low,300,dense,3,ok
gamma_medium__noise_low__T_300__density_dense__seed_003,uncontrolled,0.6667,0.7273,0.6957,0.75,6.0,8.0,4.0,3.0,1.0,medium,low,300,dense,3,ok
gamma_medium__noise_low__T_300__density_dense__seed_004,controlled,0.75,0.5455,0.6316,0.8333,6.0,6.0,2.0,5.0,3.0,medium,low,300,dense,4,ok
gamma_medium__noise_low__T_300__density_dense__seed_004,uncontrolled,0.7778,0.6364,0.7,0.7143,5.0,7.0,2.0,4.0,1.0,medium,low,300,dense,4,ok
gamma_medium__noise_low__T_300__density_dense__seed_005,controlled,0.6364,0.6364,0.6364,1.0,7.0,7.0,4.0,4.0,1.0,medium,low,300,dense,5,ok
gamma_medium__noise_low__T_300__density_dense__seed_005,uncontrolled,0.7,0.6364,0.6667,1.0,7.0,7.0,3.0,4.0,2.0,medium,low,300,dense,5,ok
gamma_medium__noise_low__T_300__density_dense__seed_006,controlled,0.6364,0.6364,0.6364,1.0,8.0,7.0,4.0,4.0,1.0,medium,low,300,dense,6,ok
gamma_medium__noise_low__T_300__density_dense__seed_006,uncontrolled,0.6154,0.7273,0.6667,0.875,8.0,8.0,5.0,3.0,1.0,medium,low,300,dense,6,ok
gamma_medium__noise_low__T_300__density_dense__seed_007,controlled,0.5556,0.4545,0.5,1.0,8.0,5.0,4.0,6.0,2.0,medium,low,300,dense,7,ok
gamma_medium__noise_low__T_300__density_dense__seed_007,uncontrolled,0.5,0.5455,0.5217,1.0,9.0,6.0,6.0,5.0,2.0,medium,low,300,dense,7,ok
gamma_medium__noise_low__T_300__density_dense__seed_008,controlled,0.625,0.4545,0.5263,1.0,9.0,5.0,3.0,6.0,3.0,medium,low,300,dense,8,ok
gamma_medium__noise_low__T_300__density_dense__seed_008,uncontrolled,0.6,0.5455,0.5714,0.8333,9.0,6.0,4.0,5.0,2.0,medium,low,300,dense,8,ok
gamma_medium__noise_low__T_300__density_dense__seed_009,controlled,0.6364,0.6364,0.6364,1.0,7.0,7.0,4.0,4.0,2.0,medium,low,300,dense,9,ok
gamma_medium__noise_low__T_300__density_dense__seed_009,uncontrolled,0.6667,0.7273,0.6957,1.0,6.0,8.0,4.0,3.0,1.0,medium,low,300,dense,9,ok
gamma_medium__noise_low__T_300__density_dense__seed_010,controlled,0.5833,0.6364,0.6087,1.0,9.0,7.0,5.0,4.0,5.0,medium,low,300,dense,10,ok
gamma_medium__noise_low__T_300__density_dense__seed_010,uncontrolled,0.6,0.5455,0.5714,1.0,9.0,6.0,4.0,5.0,4.0,medium,low,300,dense,10,ok
gamma_medium__noise_low__T_300__density_dense__seed_011,controlled,0.875,0.6364,0.7368,0.8571,5.0,7.0,1.0,4.0,3.0,medium,low,300,dense,11,ok
gamma_medium__noise_low__T_300__density_dense__seed_011,uncontrolled,0.8,0.7273,0.7619,0.875,4.0,8.0,2.0,3.0,2.0,medium,low,300,dense,11,ok
gamma_medium__noise_low__T_300__density_dense__seed_012,controlled,0.7273,0.7273,0.7273,0.625,5.0,8.0,3.0,3.0,0.0,medium,low,300,dense,12,ok
gamma_medium__noise_low__T_300__density_dense__seed_012,uncontrolled,0.6667,0.7273,0.6957,0.625,6.0,8.0,4.0,3.0,0.0,medium,low,300,dense,12,ok
gamma_medium__noise_low__T_300__density_dense__seed_013,controlled,0.7,0.6364,0.6667,0.8571,7.0,7.0,3.0,4.0,1.0,medium,low,300,dense,13,ok
gamma_medium__noise_low__T_300__density_dense__seed_013,uncontrolled,0.6364,0.6364,0.6364,0.8571,7.0,7.0,4.0,4.0,1.0,medium,low,300,dense,13,ok
gamma_medium__noise_low__T_300__density_dense__seed_014,controlled,0.75,0.8182,0.7826,0.7778,5.0,9.0,3.0,2.0,0.0,medium,low,300,dense,14,ok
gamma_medium__noise_low__T_300__density_dense__seed_014,uncontrolled,0.8,0.7273,0.7619,1.0,4.0,8.0,2.0,3.0,3.0,medium,low,300,dense,14,ok
gamma_medium__noise_low__T_300__density_dense__seed_015,controlled,0.8889,0.7273,0.8,0.875,4.0,8.0,1.0,3.0,3.0,medium,low,300,dense,15,ok
gamma_medium__noise_low__T_300__density_dense__seed_015,uncontrolled,0.9091,0.9091,0.9091,0.7,2.0,10.0,1.0,1.0,2.0,medium,low,300,dense,15,ok
gamma_medium__noise_low__T_300__density_medium__seed_001,controlled,0.6364,0.7778,0.7,1.0,5.0,7.0,4.0,2.0,2.0,medium,low,300,medium,1,ok
gamma_medium__noise_low__T_300__density_medium__seed_001,uncontrolled,0.7,0.7778,0.7368,1.0,4.0,7.0,3.0,2.0,2.0,medium,low,300,medium,1,ok
gamma_medium__noise_low__T_300__density_medium__seed_002,controlled,0.8333,0.5556,0.6667,0.8,5.0,5.0,1.0,4.0,3.0,medium,low,300,medium,2,ok
gamma_medium__noise_low__T_300__density_medium__seed_002,uncontrolled,0.75,0.6667,0.7059,0.8333,5.0,6.0,2.0,3.0,3.0,medium,low,300,medium,2,ok
gamma_medium__noise_low__T_300__density_medium__seed_003,controlled,0.6,0.6667,0.6316,1.0,6.0,6.0,4.0,3.0,3.0,medium,low,300,medium,3,ok
gamma_medium__noise_low__T_300__density_medium__seed_003,uncontrolled,0.6364,0.7778,0.7,0.8571,6.0,7.0,4.0,2.0,2.0,medium,low,300,medium,3,ok
gamma_medium__noise_low__T_300__density_medium__seed_004,controlled,0.8333,0.5556,0.6667,0.8,4.0,5.0,1.0,4.0,2.0,medium,low,300,medium,4,ok
gamma_medium__noise_low__T_300__density_medium__seed_004,uncontrolled,0.6667,0.6667,0.6667,0.6667,5.0,6.0,3.0,3.0,2.0,medium,low,300,medium,4,ok
gamma_medium__noise_low__T_300__density_medium__seed_005,controlled,0.5455,0.6667,0.6,1.0,7.0,6.0,5.0,3.0,2.0,medium,low,300,medium,5,ok
gamma_medium__noise_low__T_300__density_medium__seed_005,uncontrolled,0.5455,0.6667,0.6,1.0,8.0,6.0,5.0,3.0,2.0,medium,low,300,medium,5,ok
gamma_medium__noise_low__T_300__density_medium__seed_006,controlled,0.6,0.6667,0.6316,1.0,7.0,6.0,4.0,3.0,1.0,medium,low,300,medium,6,ok
gamma_medium__noise_low__T_300__density_medium__seed_006,uncontrolled,0.7778,0.7778,0.7778,0.8571,4.0,7.0,2.0,2.0,2.0,medium,low,300,medium,6,ok
gamma_medium__noise_low__T_300__density_medium__seed_007,controlled,0.6667,0.6667,0.6667,1.0,4.0,6.0,3.0,3.0,2.0,medium,low,300,medium,7,ok
gamma_medium__noise_low__T_300__density_medium__seed_007,uncontrolled,0.5455,0.6667,0.6,1.0,6.0,6.0,5.0,3.0,2.0,medium,low,300,medium,7,ok
gamma_medium__noise_low__T_300__density_medium__seed_008,controlled,0.5556,0.5556,0.5556,0.8,8.0,5.0,4.0,4.0,2.0,medium,low,300,medium,8,ok
gamma_medium__noise_low__T_300__density_medium__seed_008,uncontrolled,0.8,0.8889,0.8421,0.625,3.0,8.0,2.0,1.0,4.0,medium,low,300,medium,8,ok
gamma_medium__noise_low__T_300__density_medium__seed_009,controlled,0.8,0.8889,0.8421,0.75,3.0,8.0,2.0,1.0,3.0,medium,low,300,medium,9,ok
gamma_medium__noise_low__T_300__density_medium__seed_009,uncontrolled,0.7273,0.8889,0.8,0.75,4.0,8.0,3.0,1.0,1.0,medium,low,300,medium,9,ok
gamma_medium__noise_low__T_300__density_medium__seed_010,controlled,0.5556,0.5556,0.5556,1.0,8.0,5.0,4.0,4.0,5.0,medium,low,300,medium,10,ok
gamma_medium__noise_low__T_300__density_medium__seed_010,uncontrolled,0.625,0.5556,0.5882,1.0,7.0,5.0,3.0,4.0,6.0,medium,low,300,medium,10,ok
gamma_medium__noise_low__T_300__density_medium__seed_011,controlled,1.0,0.6667,0.8,0.8333,3.0,6.0,0.0,3.0,2.0,medium,low,300,medium,11,ok
gamma_medium__noise_low__T_300__density_medium__seed_011,uncontrolled,0.875,0.7778,0.8235,0.8571,2.0,7.0,1.0,2.0,2.0,medium,low,300,medium,11,ok
gamma_medium__noise_low__T_300__density_medium__seed_012,controlled,0.7,0.7778,0.7368,0.7143,3.0,7.0,3.0,2.0,1.0,medium,low,300,medium,12,ok
gamma_medium__noise_low__T_300__density_medium__seed_012,uncontrolled,0.6364,0.7778,0.7,0.7143,4.0,7.0,4.0,2.0,0.0,medium,low,300,medium,12,ok
gamma_medium__noise_low__T_300__density_medium__seed_013,controlled,0.75,0.6667,0.7059,0.8333,5.0,6.0,2.0,3.0,1.0,medium,low,300,medium,13,ok
gamma_medium__noise_low__T_300__density_medium__seed_013,uncontrolled,0.75,0.6667,0.7059,0.8333,5.0,6.0,2.0,3.0,3.0,medium,low,300,medium,13,ok
gamma_medium__noise_low__T_300__density_medium__seed_014,controlled,0.6364,0.7778,0.7,0.8571,5.0,7.0,4.0,2.0,2.0,medium,low,300,medium,14,ok
gamma_medium__noise_low__T_300__density_medium__seed_014,uncontrolled,0.6923,1.0,0.8182,0.7778,4.0,9.0,4.0,0.0,0.0,medium,low,300,medium,14,ok
gamma_medium__noise_low__T_300__density_medium__seed_015,controlled,0.8571,0.6667,0.75,1.0,4.0,6.0,1.0,3.0,5.0,medium,low,300,medium,15,ok
gamma_medium__noise_low__T_300__density_medium__seed_015,uncontrolled,0.7273,0.8889,0.8,0.75,4.0,8.0,3.0,1.0,2.0,medium,low,300,medium,15,ok
gamma_medium__noise_low__T_300__density_sparse__seed_001,controlled,0.5455,0.8571,0.6667,0.8333,5.0,6.0,5.0,1.0,1.0,medium,low,300,sparse,1,ok
gamma_medium__noise_low__T_300__density_sparse__seed_001,uncontrolled,0.6,0.8571,0.7059,0.8333,4.0,6.0,4.0,1.0,1.0,medium,low,300,sparse,1,ok
gamma_medium__noise_low__T_300__density_sparse__seed_002,controlled,0.8,0.5714,0.6667,0.75,4.0,4.0,1.0,3.0,3.0,medium,low,300,sparse,2,ok
gamma_medium__noise_low__T_300__density_sparse__seed_002,uncontrolled,0.75,0.8571,0.8,0.6667,3.0,6.0,2.0,1.0,2.0,medium,low,300,sparse,2,ok
gamma_medium__noise_low__T_300__density_sparse__seed_003,controlled,0.5,0.7143,0.5882,0.8,6.0,5.0,5.0,2.0,1.0,medium,low,300,sparse,3,ok
gamma_medium__noise_low__T_300__density_sparse__seed_003,uncontrolled,0.5,0.7143,0.5882,0.8,6.0,5.0,5.0,2.0,0.0,medium,low,300,sparse,3,ok
gamma_medium__noise_low__T_300__density_sparse__seed_004,controlled,0.6667,0.5714,0.6154,0.75,4.0,4.0,2.0,3.0,4.0,medium,low,300,sparse,4,ok
gamma_medium__noise_low__T_300__density_sparse__seed_004,uncontrolled,0.5714,0.5714,0.5714,0.75,5.0,4.0,3.0,3.0,2.0,medium,low,300,sparse,4,ok
gamma_medium__noise_low__T_300__density_sparse__seed_005,controlled,0.4167,0.7143,0.5263,1.0,7.0,5.0,7.0,2.0,0.0,medium,low,300,sparse,5,ok
gamma_medium__noise_low__T_300__density_sparse__seed_005,uncontrolled,0.4167,0.7143,0.5263,1.0,7.0,5.0,7.0,2.0,0.0,medium,low,300,sparse,5,ok
gamma_medium__noise_low__T_300__density_sparse__seed_006,controlled,0.625,0.7143,0.6667,1.0,5.0,5.0,3.0,2.0,1.0,medium,low,300,sparse,6,ok
gamma_medium__noise_low__T_300__density_sparse__seed_006,uncontrolled,0.5455,0.8571,0.6667,0.8333,6.0,6.0,5.0,1.0,1.0,medium,low,300,sparse,6,ok
gamma_medium__noise_low__T_300__density_sparse__seed_007,controlled,0.5714,0.5714,0.5714,1.0,6.0,4.0,3.0,3.0,0.0,medium,low,300,sparse,7,ok
gamma_medium__noise_low__T_300__density_sparse__seed_007,uncontrolled,0.4444,0.5714,0.5,1.0,6.0,4.0,5.0,3.0,2.0,medium,low,300,sparse,7,ok
gamma_medium__noise_low__T_300__density_sparse__seed_008,controlled,0.6667,0.2857,0.4,0.5,6.0,2.0,1.0,5.0,5.0,medium,low,300,sparse,8,ok
gamma_medium__noise_low__T_300__density_sparse__seed_008,uncontrolled,1.0,0.7143,0.8333,0.4,2.0,5.0,0.0,2.0,3.0,medium,low,300,sparse,8,ok
gamma_medium__noise_low__T_300__density_sparse__seed_009,controlled,0.625,0.7143,0.6667,0.8,5.0,5.0,3.0,2.0,4.0,medium,low,300,sparse,9,ok
gamma_medium__noise_low__T_300__density_sparse__seed_009,uncontrolled,0.5556,0.7143,0.625,0.8,6.0,5.0,4.0,2.0,1.0,medium,low,300,sparse,9,ok
gamma_medium__noise_low__T_300__density_sparse__seed_010,controlled,0.3333,0.2857,0.3077,1.0,9.0,2.0,4.0,5.0,5.0,medium,low,300,sparse,10,ok
gamma_medium__noise_low__T_300__density_sparse__seed_010,uncontrolled,0.4,0.2857,0.3333,1.0,8.0,2.0,3.0,5.0,5.0,medium,low,300,sparse,10,ok
gamma_medium__noise_low__T_300__density_sparse__seed_011,controlled,0.7143,0.7143,0.7143,0.8,3.0,5.0,2.0,2.0,4.0,medium,low,300,sparse,11,ok
gamma_medium__noise_low__T_300__density_sparse__seed_011,uncontrolled,0.7143,0.7143,0.7143,0.8,3.0,5.0,2.0,2.0,2.0,medium,low,300,sparse,11,ok
gamma_medium__noise_low__T_300__density_sparse__seed_012,controlled,0.625,0.7143,0.6667,0.8,3.0,5.0,3.0,2.0,2.0,medium,low,300,sparse,12,ok
gamma_medium__noise_low__T_300__density_sparse__seed_012,uncontrolled,0.5556,0.7143,0.625,0.8,4.0,5.0,4.0,2.0,0.0,medium,low,300,sparse,12,ok
gamma_medium__noise_low__T_300__density_sparse__seed_013,controlled,0.5,0.4286,0.4615,0.6667,7.0,3.0,3.0,4.0,1.0,medium,low,300,sparse,13,ok
gamma_medium__noise_low__T_300__density_sparse__seed_013,uncontrolled,0.5,0.5714,0.5333,0.5,6.0,4.0,4.0,3.0,1.0,medium,low,300,sparse,13,ok
gamma_medium__noise_low__T_300__density_sparse__seed_014,controlled,0.6364,1.0,0.7778,0.5714,4.0,7.0,4.0,0.0,0.0,medium,low,300,sparse,14,ok
gamma_medium__noise_low__T_300__density_sparse__seed_014,uncontrolled,0.6364,1.0,0.7778,0.7143,4.0,7.0,4.0,0.0,0.0,medium,low,300,sparse,14,ok
gamma_medium__noise_low__T_300__density_sparse__seed_015,controlled,0.7143,0.7143,0.7143,1.0,4.0,5.0,2.0,2.0,4.0,medium,low,300,sparse,15,ok
gamma_medium__noise_low__T_300__density_sparse__seed_015,uncontrolled,0.75,0.8571,0.8,0.8333,3.0,6.0,2.0,1.0,3.0,medium,low,300,sparse,15,ok
gamma_medium__noise_low__T_80__density_dense__seed_001,controlled,0.8571,0.5455,0.6667,0.8333,6.0,6.0,1.0,5.0,2.0,medium,low,80,dense,1,ok
gamma_medium__noise_low__T_80__density_dense__seed_001,uncontrolled,0.75,0.5455,0.6316,0.8333,7.0,6.0,2.0,5.0,0.0,medium,low,80,dense,1,ok
gamma_medium__noise_low__T_80__density_dense__seed_002,controlled,0.8333,0.4545,0.5882,1.0,7.0,5.0,1.0,6.0,3.0,medium,low,80,dense,2,ok
gamma_medium__noise_low__T_80__density_dense__seed_002,uncontrolled,0.8,0.3636,0.5,1.0,8.0,4.0,1.0,7.0,1.0,medium,low,80,dense,2,ok
gamma_medium__noise_low__T_80__density_dense__seed_003,controlled,0.5,0.1818,0.2667,1.0,10.0,2.0,2.0,9.0,2.0,medium,low,80,dense,3,ok
gamma_medium__noise_low__T_80__density_dense__seed_003,uncontrolled,0.7143,0.4545,0.5556,0.4,8.0,5.0,2.0,6.0,1.0,medium,low,80,dense,3,ok
gamma_medium__noise_low__T_80__density_dense__seed_004,controlled,0.75,0.2727,0.4,1.0,8.0,3.0,1.0,8.0,0.0,medium,low,80,dense,4,ok
gamma_medium__noise_low__T_80__density_dense__seed_004,uncontrolled,0.6667,0.3636,0.4706,1.0,8.0,4.0,2.0,7.0,0.0,medium,low,80,dense,4,ok
gamma_medium__noise_low__T_80__density_dense__seed_005,controlled,0.5,0.1818,0.2667,1.0,9.0,2.0,2.0,9.0,1.0,medium,low,80,dense,5,ok
gamma_medium__noise_low__T_80__density_dense__seed_005,uncontrolled,0.6,0.2727,0.375,0.6667,8.0,3.0,2.0,8.0,0.0,medium,low,80,dense,5,ok
gamma_medium__noise_low__T_80__density_dense__seed_006,controlled,0.4444,0.3636,0.4,1.0,9.0,4.0,5.0,7.0,2.0,medium,low,80,dense,6,ok
gamma_medium__noise_low__T_80__density_dense__seed_006,uncontrolled,0.4286,0.2727,0.3333,0.6667,10.0,3.0,4.0,8.0,1.0,medium,low,80,dense,6,ok
gamma_medium__noise_low__T_80__density_dense__seed_007,controlled,0.6667,0.3636,0.4706,1.0,9.0,4.0,2.0,7.0,0.0,medium,low,80,dense,7,ok
gamma_medium__noise_low__T_80__density_dense__seed_007,uncontrolled,0.75,0.2727,0.4,1.0,9.0,3.0,1.0,8.0,1.0,medium,low,80,dense,7,ok
gamma_medium__noise_low__T_80__density_dense__seed_008,controlled,0.6667,0.1818,0.2857,0.5,10.0,2.0,1.0,9.0,1.0,medium,low,80,dense,8,ok
gamma_medium__noise_low__T_80__density_dense__seed_008,uncontrolled,1.0,0.2727,0.4286,0.3333,8.0,3.0,0.0,8.0,1.0,medium,low,80,dense,8,ok
gamma_medium__noise_low__T_80__density_dense__seed_009,controlled,0.4286,0.2727,0.3333,1.0,12.0,3.0,4.0,8.0,1.0,medium,low,80,dense,9,ok
gamma_medium__noise_low__T_80__density_dense__seed_009,uncontrolled,0.5,0.4545,0.4762,0.6,11.0,5.0,5.0,6.0,0.0,medium,low,80,dense,9,ok
gamma_medium__noise_low__T_80__density_dense__seed_010,controlled,1.0,0.0909,0.1667,1.0,10.0,1.0,0.0,10.0,4.0,medium,low,80,dense,10,ok
gamma_medium__noise_low__T_80__density_dense__seed_010,uncontrolled,1.0,0.2727,0.4286,0.6667,8.0,3.0,0.0,8.0,1.0,medium,low,80,dense,10,ok
gamma_medium__noise_low__T_80__density_dense__seed_011,controlled,0.6667,0.1818,0.2857,0.5,10.0,2.0,1.0,9.0,2.0,medium,low,80,dense,11,ok
gamma_medium__noise_low__T_80__density_dense__seed_011,uncontrolled,1.0,0.3636,0.5333,0.5,7.0,4.0,0.0,7.0,1.0,medium,low,80,dense,11,ok
gamma_medium__noise_low__T_80__density_dense__seed_012,controlled,0.75,0.5455,0.6316,0.8333,7.0,6.0,2.0,5.0,0.0,medium,low,80,dense,12,ok
gamma_medium__noise_low__T_80__density_dense__seed_012,uncontrolled,0.8333,0.4545,0.5882,1.0,7.0,5.0,1.0,6.0,1.0,medium,low,80,dense,12,ok
gamma_medium__noise_low__T_80__density_dense__seed_013,controlled,0.5,0.4545,0.4762,0.6,8.0,5.0,5.0,6.0,1.0,medium,low,80,dense,13,ok
gamma_medium__noise_low__T_80__density_dense__seed_013,uncontrolled,0.5,0.4545,0.4762,0.6,8.0,5.0,5.0,6.0,0.0,medium,low,80,dense,13,ok
gamma_medium__noise_low__T_80__density_dense__seed_014,controlled,0.4286,0.2727,0.3333,0.6667,11.0,3.0,4.0,8.0,3.0,medium,low,80,dense,14,ok
gamma_medium__noise_low__T_80__density_dense__seed_014,uncontrolled,0.6667,0.3636,0.4706,0.75,9.0,4.0,2.0,7.0,2.0,medium,low,80,dense,14,ok
gamma_medium__noise_low__T_80__density_dense__seed_015,controlled,0.5,0.5455,0.5217,1.0,9.0,6.0,6.0,5.0,1.0,medium,low,80,dense,15,ok
gamma_medium__noise_low__T_80__density_dense__seed_015,uncontrolled,0.4286,0.5455,0.48,1.0,11.0,6.0,8.0,5.0,0.0,medium,low,80,dense,15,ok
gamma_medium__noise_low__T_80__density_medium__seed_001,controlled,0.8571,0.6667,0.75,0.8333,4.0,6.0,1.0,3.0,2.0,medium,low,80,medium,1,ok
gamma_medium__noise_low__T_80__density_medium__seed_001,uncontrolled,0.5,0.5556,0.5263,1.0,8.0,5.0,5.0,4.0,0.0,medium,low,80,medium,1,ok
gamma_medium__noise_low__T_80__density_medium__seed_002,controlled,0.6667,0.4444,0.5333,1.0,7.0,4.0,2.0,5.0,3.0,medium,low,80,medium,2,ok
gamma_medium__noise_low__T_80__density_medium__seed_002,uncontrolled,0.6,0.3333,0.4286,1.0,8.0,3.0,2.0,6.0,1.0,medium,low,80,medium,2,ok
gamma_medium__noise_low__T_80__density_medium__seed_003,controlled,0.5,0.2222,0.3077,1.0,9.0,2.0,2.0,7.0,4.0,medium,low,80,medium,3,ok
gamma_medium__noise_low__T_80__density_medium__seed_003,uncontrolled,0.5,0.4444,0.4706,0.5,9.0,4.0,4.0,5.0,1.0,medium,low,80,medium,3,ok
gamma_medium__noise_low__T_80__density_medium__seed_004,controlled,0.75,0.3333,0.4615,1.0,6.0,3.0,1.0,6.0,0.0,medium,low,80,medium,4,ok
gamma_medium__noise_low__T_80__density_medium__seed_004,uncontrolled,0.75,0.3333,0.4615,1.0,7.0,3.0,1.0,6.0,0.0,medium,low,80,medium,4,ok
gamma_medium__noise_low__T_80__density_medium__seed_005,controlled,0.3333,0.1111,0.1667,1.0,8.0,1.0,2.0,8.0,2.0,medium,low,80,medium,5,ok
gamma_medium__noise_low__T_80__density_medium__seed_005,uncontrolled,0.2,0.1111,0.1429,0.0,9.0,1.0,4.0,8.0,0.0,medium,low,80,medium,5,ok
gamma_medium__noise_low__T_80__density_medium__seed_006,controlled,0.4444,0.4444,0.4444,1.0,9.0,4.0,5.0,5.0,2.0,medium,low,80,medium,6,ok
gamma_medium__noise_low__T_80__density_medium__seed_006,uncontrolled,0.375,0.3333,0.3529,1.0,9.0,3.0,5.0,6.0,1.0,medium,low,80,medium,6,ok
gamma_medium__noise_low__T_80__density_medium__seed_007,controlled,0.8,0.4444,0.5714,1.0,6.0,4.0,1.0,5.0,1.0,medium,low,80,medium,7,ok
gamma_medium__noise_low__T_80__density_medium__seed_007,uncontrolled,0.8,0.4444,0.5714,1.0,6.0,4.0,1.0,5.0,1.0,medium,low,80,medium,7,ok
gamma_medium__noise_low__T_80__density_medium__seed_008,controlled,0.6667,0.4444,0.5333,0.75,6.0,4.0,2.0,5.0,2.0,medium,low,80,medium,8,ok
gamma_medium__noise_low__T_80__density_medium__seed_008,uncontrolled,0.6667,0.4444,0.5333,0.75,6.0,4.0,2.0,5.0,2.0,medium,low,80,medium,8,ok
gamma_medium__noise_low__T_80__density_medium__seed_009,controlled,0.5,0.2222,0.3077,0.5,9.0,2.0,2.0,7.0,2.0,medium,low,80,medium,9,ok
gamma_medium__noise_low__T_80__density_medium__seed_009,uncontrolled,0.3333,0.2222,0.2667,1.0,10.0,2.0,4.0,7.0,1.0,medium,low,80,medium,9,ok
gamma_medium__noise_low__T_80__density_medium__seed_010,controlled,1.0,0.1111,0.2,1.0,8.0,1.0,0.0,8.0,4.0,medium,low,80,medium,10,ok
gamma_medium__noise_low__T_80__density_medium__seed_010,uncontrolled,0.5,0.1111,0.1818,1.0,8.0,1.0,1.0,8.0,1.0,medium,low,80,medium,10,ok
gamma_medium__noise_low__T_80__density_medium__seed_011,controlled,0.6667,0.2222,0.3333,0.5,8.0,2.0,1.0,7.0,4.0,medium,low,80,medium,11,ok
gamma_medium__noise_low__T_80__density_medium__seed_011,uncontrolled,0.75,0.3333,0.4615,0.6667,7.0,3.0,1.0,6.0,2.0,medium,low,80,medium,11,ok
gamma_medium__noise_low__T_80__density_medium__seed_012,controlled,0.4286,0.3333,0.375,1.0,10.0,3.0,4.0,6.0,1.0,medium,low,80,medium,12,ok
gamma_medium__noise_low__T_80__density_medium__seed_012,uncontrolled,0.5,0.3333,0.4,1.0,9.0,3.0,3.0,6.0,2.0,medium,low,80,medium,12,ok
gamma_medium__noise_low__T_80__density_medium__seed_013,controlled,0.3333,0.2222,0.2667,0.5,10.0,2.0,4.0,7.0,1.0,medium,low,80,medium,13,ok
gamma_medium__noise_low__T_80__density_medium__seed_013,uncontrolled,0.3333,0.2222,0.2667,0.5,10.0,2.0,4.0,7.0,0.0,medium,low,80,medium,13,ok
gamma_medium__noise_low__T_80__density_medium__seed_014,controlled,0.25,0.1111,0.1538,1.0,10.0,1.0,3.0,8.0,4.0,medium,low,80,medium,14,ok
gamma_medium__noise_low__T_80__density_medium__seed_014,uncontrolled,0.4286,0.3333,0.375,1.0,9.0,3.0,4.0,6.0,0.0,medium,low,80,medium,14,ok
gamma_medium__noise_low__T_80__density_medium__seed_015,controlled,0.5556,0.5556,0.5556,0.8,8.0,5.0,4.0,4.0,1.0,medium,low,80,medium,15,ok
gamma_medium__noise_low__T_80__density_medium__seed_015,uncontrolled,0.4545,0.5556,0.5,0.8,10.0,5.0,6.0,4.0,0.0,medium,low,80,medium,15,ok
gamma_medium__noise_low__T_80__density_sparse__seed_001,controlled,0.5,0.4286,0.4615,1.0,7.0,3.0,3.0,4.0,2.0,medium,low,80,sparse,1,ok
gamma_medium__noise_low__T_80__density_sparse__seed_001,uncontrolled,0.4286,0.4286,0.4286,1.0,8.0,3.0,4.0,4.0,2.0,medium,low,80,sparse,1,ok
gamma_medium__noise_low__T_80__density_sparse__seed_002,controlled,0.3333,0.1429,0.2,1.0,8.0,1.0,2.0,6.0,0.0,medium,low,80,sparse,2,ok
gamma_medium__noise_low__T_80__density_sparse__seed_002,uncontrolled,0.3333,0.1429,0.2,1.0,8.0,1.0,2.0,6.0,2.0,medium,low,80,sparse,2,ok
gamma_medium__noise_low__T_80__density_sparse__seed_003,controlled,0.4,0.2857,0.3333,1.0,8.0,2.0,3.0,5.0,3.0,medium,low,80,sparse,3,ok
gamma_medium__noise_low__T_80__density_sparse__seed_003,uncontrolled,0.5,0.5714,0.5333,0.5,7.0,4.0,4.0,3.0,1.0,medium,low,80,sparse,3,ok
gamma_medium__noise_low__T_80__density_sparse__seed_004,controlled,1.0,0.4286,0.6,1.0,4.0,3.0,0.0,4.0,2.0,medium,low,80,sparse,4,ok
gamma_medium__noise_low__T_80__density_sparse__seed_004,uncontrolled,0.5,0.4286,0.4615,1.0,6.0,3.0,3.0,4.0,0.0,medium,low,80,sparse,4,ok
gamma_medium__noise_low__T_80__density_sparse__seed_005,controlled,0.0,0.0,0.0,0.0,9.0,0.0,3.0,7.0,2.0,medium,low,80,sparse,5,ok
gamma_medium__noise_low__T_80__density_sparse__seed_005,uncontrolled,0.0,0.0,0.0,0.0,9.0,0.0,3.0,7.0,1.0,medium,low,80,sparse,5,ok
gamma_medium__noise_low__T_80__density_sparse__seed_006,controlled,0.2857,0.2857,0.2857,1.0,8.0,2.0,5.0,5.0,1.0,medium,low,80,sparse,6,ok
gamma_medium__noise_low__T_80__density_sparse__seed_006,uncontrolled,0.2857,0.2857,0.2857,0.5,8.0,2.0,5.0,5.0,0.0,medium,low,80,sparse,6,ok
gamma_medium__noise_low__T_80__density_sparse__seed_007,controlled,0.75,0.4286,0.5455,1.0,5.0,3.0,1.0,4.0,1.0,medium,low,80,sparse,7,ok
gamma_medium__noise_low__T_80__density_sparse__seed_007,uncontrolled,0.75,0.4286,0.5455,1.0,5.0,3.0,1.0,4.0,1.0,medium,low,80,sparse,7,ok
gamma_medium__noise_low__T_80__density_sparse__seed_008,controlled,0.6,0.4286,0.5,0.6667,5.0,3.0,2.0,4.0,2.0,medium,low,80,sparse,8,ok
gamma_medium__noise_low__T_80__density_sparse__seed_008,uncontrolled,0.6,0.4286,0.5,0.6667,5.0,3.0,2.0,4.0,1.0,medium,low,80,sparse,8,ok
gamma_medium__noise_low__T_80__density_sparse__seed_009,controlled,0.0,0.0,0.0,0.0,9.0,0.0,2.0,7.0,2.0,medium,low,80,sparse,9,ok
gamma_medium__noise_low__T_80__density_sparse__seed_009,uncontrolled,0.25,0.1429,0.1818,1.0,9.0,1.0,3.0,6.0,2.0,medium,low,80,sparse,9,ok
gamma_medium__noise_low__T_80__density_sparse__seed_010,controlled,0.0,0.0,0.0,0.0,7.0,0.0,0.0,7.0,3.0,medium,low,80,sparse,10,ok
gamma_medium__noise_low__T_80__density_sparse__seed_010,uncontrolled,0.0,0.0,0.0,0.0,7.0,0.0,2.0,7.0,2.0,medium,low,80,sparse,10,ok
gamma_medium__noise_low__T_80__density_sparse__seed_011,controlled,0.6,0.4286,0.5,1.0,6.0,3.0,2.0,4.0,1.0,medium,low,80,sparse,11,ok
gamma_medium__noise_low__T_80__density_sparse__seed_011,uncontrolled,0.8,0.5714,0.6667,1.0,4.0,4.0,1.0,3.0,2.0,medium,low,80,sparse,11,ok
gamma_medium__noise_low__T_80__density_sparse__seed_012,controlled,0.2,0.1429,0.1667,1.0,10.0,1.0,4.0,6.0,1.0,medium,low,80,sparse,12,ok
gamma_medium__noise_low__T_80__density_sparse__seed_012,uncontrolled,0.2,0.1429,0.1667,1.0,10.0,1.0,4.0,6.0,1.0,medium,low,80,sparse,12,ok
gamma_medium__noise_low__T_80__density_sparse__seed_013,controlled,0.1429,0.1429,0.1429,0.0,10.0,1.0,6.0,6.0,2.0,medium,low,80,sparse,13,ok
gamma_medium__noise_low__T_80__density_sparse__seed_013,uncontrolled,0.1429,0.1429,0.1429,0.0,10.0,1.0,6.0,6.0,1.0,medium,low,80,sparse,13,ok
gamma_medium__noise_low__T_80__density_sparse__seed_014,controlled,0.4,0.2857,0.3333,1.0,7.0,2.0,3.0,5.0,3.0,medium,low,80,sparse,14,ok
gamma_medium__noise_low__T_80__density_sparse__seed_014,uncontrolled,0.4286,0.4286,0.4286,1.0,7.0,3.0,4.0,4.0,1.0,medium,low,80,sparse,14,ok
gamma_medium__noise_low__T_80__density_sparse__seed_015,controlled,0.5,0.4286,0.4615,0.6667,7.0,3.0,3.0,4.0,1.0,medium,low,80,sparse,15,ok
gamma_medium__noise_low__T_80__density_sparse__seed_015,uncontrolled,0.3333,0.4286,0.375,0.6667,10.0,3.0,6.0,4.0,1.0,medium,low,80,sparse,15,ok
gamma_medium__noise_medium__T_156__density_dense__seed_001,controlled,0.7143,0.4545,0.5556,0.6,8.0,5.0,2.0,6.0,2.0,medium,medium,156,dense,1,ok
gamma_medium__noise_medium__T_156__density_dense__seed_001,uncontrolled,0.75,0.5455,0.6316,0.5,7.0,6.0,2.0,5.0,1.0,medium,medium,156,dense,1,ok
gamma_medium__noise_medium__T_156__density_dense__seed_002,controlled,1.0,0.2727,0.4286,1.0,8.0,3.0,0.0,8.0,3.0,medium,medium,156,dense,2,ok
gamma_medium__noise_medium__T_156__density_dense__seed_002,uncontrolled,1.0,0.2727,0.4286,1.0,8.0,3.0,0.0,8.0,2.0,medium,medium,156,dense,2,ok
gamma_medium__noise_medium__T_156__density_dense__seed_003,controlled,0.5,0.1818,0.2667,1.0,10.0,2.0,2.0,9.0,4.0,medium,medium,156,dense,3,ok
gamma_medium__noise_medium__T_156__density_dense__seed_003,uncontrolled,0.5,0.1818,0.2667,1.0,10.0,2.0,2.0,9.0,2.0,medium,medium,156,dense,3,ok
gamma_medium__noise_medium__T_156__density_dense__seed_004,controlled,1.0,0.6364,0.7778,0.8571,4.0,7.0,0.0,4.0,1.0,medium,medium,156,dense,4,ok
gamma_medium__noise_medium__T_156__density_dense__seed_004,uncontrolled,0.6364,0.6364,0.6364,1.0,7.0,7.0,4.0,4.0,2.0,medium,medium,156,dense,4,ok
gamma_medium__noise_medium__T_156__density_dense__seed_005,controlled,0.7,0.6364,0.6667,0.8571,6.0,7.0,3.0,4.0,1.0,medium,medium,156,dense,5,ok
gamma_medium__noise_medium__T_156__density_dense__seed_005,uncontrolled,0.7,0.6364,0.6667,0.8571,6.0,7.0,3.0,4.0,1.0,medium,medium,156,dense,5,ok
gamma_medium__noise_medium__T_156__density_dense__seed_006,controlled,0.6,0.5455,0.5714,1.0,8.0,6.0,4.0,5.0,3.0,medium,medium,156,dense,6,ok
gamma_medium__noise_medium__T_156__density_dense__seed_006,uncontrolled,0.6364,0.6364,0.6364,1.0,7.0,7.0,4.0,4.0,3.0,medium,medium,156,dense,6,ok
gamma_medium__noise_medium__T_156__density_dense__seed_007,controlled,0.7143,0.4545,0.5556,0.8,7.0,5.0,2.0,6.0,2.0,medium,medium,156,dense,7,ok
gamma_medium__noise_medium__T_156__density_dense__seed_007,uncontrolled,0.75,0.5455,0.6316,0.8333,7.0,6.0,2.0,5.0,0.0,medium,medium,156,dense,7,ok
gamma_medium__noise_medium__T_156__density_dense__seed_008,controlled,0.5,0.4545,0.4762,1.0,10.0,5.0,5.0,6.0,3.0,medium,medium,156,dense,8,ok
gamma_medium__noise_medium__T_156__density_dense__seed_008,uncontrolled,0.4,0.5455,0.4615,1.0,11.0,6.0,9.0,5.0,1.0,medium,medium,156,dense,8,ok
gamma_medium__noise_medium__T_156__density_dense__seed_009,controlled,0.6,0.5455,0.5714,0.8333,7.0,6.0,4.0,5.0,0.0,medium,medium,156,dense,9,ok
gamma_medium__noise_medium__T_156__density_dense__seed_009,uncontrolled,0.75,0.5455,0.6316,0.8333,6.0,6.0,2.0,5.0,2.0,medium,medium,156,dense,9,ok
gamma_medium__noise_medium__T_156__density_dense__seed_010,controlled,0.875,0.6364,0.7368,1.0,5.0,7.0,1.0,4.0,2.0,medium,medium,156,dense,10,ok
gamma_medium__noise_medium__T_156__density_dense__seed_010,uncontrolled,0.875,0.6364,0.7368,1.0,5.0,7.0,1.0,4.0,2.0,medium,medium,156,dense,10,ok
gamma_medium__noise_medium__T_156__density_dense__seed_011,controlled,0.6667,0.7273,0.6957,0.625,7.0,8.0,4.0,3.0,1.0,medium,medium,156,dense,11,ok
gamma_medium__noise_medium__T_156__density_dense__seed_011,uncontrolled,0.7,0.6364,0.6667,0.7143,7.0,7.0,3.0,4.0,2.0,medium,medium,156,dense,11,ok
gamma_medium__noise_medium__T_156__density_dense__seed_012,controlled,0.4444,0.3636,0.4,0.75,9.0,4.0,5.0,7.0,1.0,medium,medium,156,dense,12,ok
gamma_medium__noise_medium__T_156__density_dense__seed_012,uncontrolled,0.4444,0.3636,0.4,0.75,9.0,4.0,5.0,7.0,1.0,medium,medium,156,dense,12,ok
gamma_medium__noise_medium__T_156__density_dense__seed_013,controlled,0.75,0.5455,0.6316,1.0,7.0,6.0,2.0,5.0,2.0,medium,medium,156,dense,13,ok
gamma_medium__noise_medium__T_156__density_dense__seed_013,uncontrolled,0.8182,0.8182,0.8182,0.8889,4.0,9.0,2.0,2.0,2.0,medium,medium,156,dense,13,ok
gamma_medium__noise_medium__T_156__density_dense__seed_014,controlled,0.6667,0.5455,0.6,0.5,8.0,6.0,3.0,5.0,2.0,medium,medium,156,dense,14,ok
gamma_medium__noise_medium__T_156__density_dense__seed_014,uncontrolled,0.6667,0.5455,0.6,0.5,8.0,6.0,3.0,5.0,2.0,medium,medium,156,dense,14,ok
gamma_medium__noise_medium__T_156__density_dense__seed_015,controlled,0.75,0.5455,0.6316,0.8333,7.0,6.0,2.0,5.0,1.0,medium,medium,156,dense,15,ok
gamma_medium__noise_medium__T_156__density_dense__seed_015,uncontrolled,0.8571,0.5455,0.6667,0.8333,6.0,6.0,1.0,5.0,3.0,medium,medium,156,dense,15,ok
gamma_medium__noise_medium__T_156__density_medium__seed_001,controlled,0.7143,0.5556,0.625,0.6,6.0,5.0,2.0,4.0,1.0,medium,medium,156,medium,1,ok
gamma_medium__noise_medium__T_156__density_medium__seed_001,uncontrolled,0.75,0.6667,0.7059,0.5,5.0,6.0,2.0,3.0,0.0,medium,medium,156,medium,1,ok
gamma_medium__noise_medium__T_156__density_medium__seed_002,controlled,1.0,0.3333,0.5,1.0,6.0,3.0,0.0,6.0,0.0,medium,medium,156,medium,2,ok
gamma_medium__noise_medium__T_156__density_medium__seed_002,uncontrolled,1.0,0.2222,0.3636,1.0,7.0,2.0,0.0,7.0,0.0,medium,medium,156,medium,2,ok
gamma_medium__noise_medium__T_156__density_medium__seed_003,controlled,0.5,0.2222,0.3077,0.5,8.0,2.0,2.0,7.0,3.0,medium,medium,156,medium,3,ok
gamma_medium__noise_medium__T_156__density_medium__seed_003,uncontrolled,0.5,0.2222,0.3077,0.5,8.0,2.0,2.0,7.0,1.0,medium,medium,156,medium,3,ok
gamma_medium__noise_medium__T_156__density_medium__seed_004,controlled,1.0,0.5556,0.7143,1.0,4.0,5.0,0.0,4.0,2.0,medium,medium,156,medium,4,ok
gamma_medium__noise_medium__T_156__density_medium__seed_004,uncontrolled,0.625,0.5556,0.5882,1.0,6.0,5.0,3.0,4.0,2.0,medium,medium,156,medium,4,ok
gamma_medium__noise_medium__T_156__density_medium__seed_005,controlled,0.625,0.5556,0.5882,1.0,6.0,5.0,3.0,4.0,2.0,medium,medium,156,medium,5,ok
gamma_medium__noise_medium__T_156__density_medium__seed_005,uncontrolled,0.625,0.5556,0.5882,1.0,6.0,5.0,3.0,4.0,2.0,medium,medium,156,medium,5,ok
gamma_medium__noise_medium__T_156__density_medium__seed_006,controlled,0.5,0.4444,0.4706,1.0,8.0,4.0,4.0,5.0,2.0,medium,medium,156,medium,6,ok
gamma_medium__noise_medium__T_156__density_medium__seed_006,uncontrolled,0.6667,0.6667,0.6667,0.8333,5.0,6.0,3.0,3.0,3.0,medium,medium,156,medium,6,ok
gamma_medium__noise_medium__T_156__density_medium__seed_007,controlled,0.4286,0.3333,0.375,1.0,9.0,3.0,4.0,6.0,3.0,medium,medium,156,medium,7,ok
gamma_medium__noise_medium__T_156__density_medium__seed_007,uncontrolled,0.4286,0.3333,0.375,1.0,9.0,3.0,4.0,6.0,1.0,medium,medium,156,medium,7,ok
gamma_medium__noise_medium__T_156__density_medium__seed_008,controlled,0.5,0.5556,0.5263,1.0,9.0,5.0,5.0,4.0,1.0,medium,medium,156,medium,8,ok
gamma_medium__noise_medium__T_156__density_medium__seed_008,uncontrolled,0.4,0.6667,0.5,1.0,11.0,6.0,9.0,3.0,0.0,medium,medium,156,medium,8,ok
gamma_medium__noise_medium__T_156__density_medium__seed_009,controlled,0.6667,0.4444,0.5333,0.75,6.0,4.0,2.0,5.0,0.0,medium,medium,156,medium,9,ok
gamma_medium__noise_medium__T_156__density_medium__seed_009,uncontrolled,0.625,0.5556,0.5882,0.6,6.0,5.0,3.0,4.0,1.0,medium,medium,156,medium,9,ok
gamma_medium__noise_medium__T_156__density_medium__seed_010,controlled,0.75,0.6667,0.7059,1.0,5.0,6.0,2.0,3.0,2.0,medium,medium,156,medium,10,ok
gamma_medium__noise_medium__T_156__density_medium__seed_010,uncontrolled,0.6,0.6667,0.6316,1.0,5.0,6.0,4.0,3.0,0.0,medium,medium,156,medium,10,ok
gamma_medium__noise_medium__T_156__density_medium__seed_011,controlled,0.75,0.6667,0.7059,0.5,5.0,6.0,2.0,3.0,0.0,medium,medium,156,medium,11,ok
gamma_medium__noise_medium__T_156__density_medium__seed_011,uncontrolled,0.625,0.5556,0.5882,0.6,7.0,5.0,3.0,4.0,2.0,medium,medium,156,medium,11,ok
gamma_medium__noise_medium__T_156__density_medium__seed_012,controlled,0.4286,0.3333,0.375,1.0,9.0,3.0,4.0,6.0,2.0,medium,medium,156,medium,12,ok
gamma_medium__noise_medium__T_156__density_medium__seed_012,uncontrolled,0.375,0.3333,0.3529,1.0,10.0,3.0,5.0,6.0,3.0,medium,medium,156,medium,12,ok
gamma_medium__noise_medium__T_156__density_medium__seed_013,controlled,0.6,0.3333,0.4286,1.0,7.0,3.0,2.0,6.0,2.0,medium,medium,156,medium,13,ok
gamma_medium__noise_medium__T_156__density_medium__seed_013,uncontrolled,0.7778,0.7778,0.7778,0.7143,4.0,7.0,2.0,2.0,1.0,medium,medium,156,medium,13,ok
gamma_medium__noise_medium__T_156__density_medium__seed_014,controlled,0.625,0.5556,0.5882,0.6,7.0,5.0,3.0,4.0,2.0,medium,medium,156,medium,14,ok
gamma_medium__noise_medium__T_156__density_medium__seed_014,uncontrolled,0.625,0.5556,0.5882,0.6,7.0,5.0,3.0,4.0,2.0,medium,medium,156,medium,14,ok
gamma_medium__noise_medium__T_156__density_medium__seed_015,controlled,0.625,0.5556,0.5882,0.8,6.0,5.0,3.0,4.0,2.0,medium,medium,156,medium,15,ok
gamma_medium__noise_medium__T_156__density_medium__seed_015,uncontrolled,0.7143,0.5556,0.625,0.8,5.0,5.0,2.0,4.0,3.0,medium,medium,156,medium,15,ok
gamma_medium__noise_medium__T_156__density_sparse__seed_001,controlled,0.7143,0.7143,0.7143,0.4,4.0,5.0,2.0,2.0,3.0,medium,medium,156,sparse,1,ok
gamma_medium__noise_medium__T_156__density_sparse__seed_001,uncontrolled,0.7143,0.7143,0.7143,0.4,4.0,5.0,2.0,2.0,0.0,medium,medium,156,sparse,1,ok
gamma_medium__noise_medium__T_156__density_sparse__seed_002,controlled,0.6,0.4286,0.5,1.0,5.0,3.0,2.0,4.0,2.0,medium,medium,156,sparse,2,ok
gamma_medium__noise_medium__T_156__density_sparse__seed_002,uncontrolled,0.6,0.4286,0.5,0.6667,5.0,3.0,2.0,4.0,2.0,medium,medium,156,sparse,2,ok
gamma_medium__noise_medium__T_156__density_sparse__seed_003,controlled,0.5,0.2857,0.3636,0.5,7.0,2.0,2.0,5.0,3.0,medium,medium,156,sparse,3,ok
gamma_medium__noise_medium__T_156__density_sparse__seed_003,uncontrolled,0.5,0.2857,0.3636,0.5,7.0,2.0,2.0,5.0,1.0,medium,medium,156,sparse,3,ok
gamma_medium__noise_medium__T_156__density_sparse__seed_004,controlled,1.0,0.4286,0.6,1.0,4.0,3.0,0.0,4.0,1.0,medium,medium,156,sparse,4,ok
gamma_medium__noise_medium__T_156__density_sparse__seed_004,uncontrolled,0.4286,0.4286,0.4286,1.0,7.0,3.0,4.0,4.0,2.0,medium,medium,156,sparse,4,ok
gamma_medium__noise_medium__T_156__density_sparse__seed_005,controlled,0.625,0.7143,0.6667,1.0,5.0,5.0,3.0,2.0,1.0,medium,medium,156,sparse,5,ok
gamma_medium__noise_medium__T_156__density_sparse__seed_005,uncontrolled,0.5714,0.5714,0.5714,1.0,6.0,4.0,3.0,3.0,1.0,medium,medium,156,sparse,5,ok
gamma_medium__noise_medium__T_156__density_sparse__seed_006,controlled,0.2857,0.2857,0.2857,1.0,9.0,2.0,5.0,5.0,1.0,medium,medium,156,sparse,6,ok
gamma_medium__noise_medium__T_156__density_sparse__seed_006,uncontrolled,0.4,0.5714,0.4706,0.75,8.0,4.0,6.0,3.0,1.0,medium,medium,156,sparse,6,ok
gamma_medium__noise_medium__T_156__density_sparse__seed_007,controlled,0.6,0.4286,0.5,0.6667,6.0,3.0,2.0,4.0,2.0,medium,medium,156,sparse,7,ok
gamma_medium__noise_medium__T_156__density_sparse__seed_007,uncontrolled,0.5,0.4286,0.4615,0.6667,7.0,3.0,3.0,4.0,0.0,medium,medium,156,sparse,7,ok
gamma_medium__noise_medium__T_156__density_sparse__seed_008,controlled,0.3333,0.2857,0.3077,1.0,9.0,2.0,4.0,5.0,2.0,medium,medium,156,sparse,8,ok
gamma_medium__noise_medium__T_156__density_sparse__seed_008,uncontrolled,0.3,0.4286,0.3529,1.0,11.0,3.0,7.0,4.0,1.0,medium,medium,156,sparse,8,ok
gamma_medium__noise_medium__T_156__density_sparse__seed_009,controlled,0.4286,0.4286,0.4286,1.0,6.0,3.0,4.0,4.0,0.0,medium,medium,156,sparse,9,ok
gamma_medium__noise_medium__T_156__density_sparse__seed_009,uncontrolled,0.5714,0.5714,0.5714,1.0,6.0,4.0,3.0,3.0,2.0,medium,medium,156,sparse,9,ok
gamma_medium__noise_medium__T_156__density_sparse__seed_010,controlled,0.4,0.2857,0.3333,1.0,7.0,2.0,3.0,5.0,1.0,medium,medium,156,sparse,10,ok
gamma_medium__noise_medium__T_156__density_sparse__seed_010,uncontrolled,0.6667,0.5714,0.6154,0.75,5.0,4.0,2.0,3.0,0.0,medium,medium,156,sparse,10,ok
gamma_medium__noise_medium__T_156__density_sparse__seed_011,controlled,0.5714,0.5714,0.5714,0.25,6.0,4.0,3.0,3.0,0.0,medium,medium,156,sparse,11,ok
gamma_medium__noise_medium__T_156__density_sparse__seed_011,uncontrolled,0.4286,0.4286,0.4286,0.3333,8.0,3.0,4.0,4.0,1.0,medium,medium,156,sparse,11,ok
gamma_medium__noise_medium__T_156__density_sparse__seed_012,controlled,0.4,0.2857,0.3333,0.5,7.0,2.0,3.0,5.0,2.0,medium,medium,156,sparse,12,ok
gamma_medium__noise_medium__T_156__density_sparse__seed_012,uncontrolled,0.2,0.1429,0.1667,1.0,9.0,1.0,4.0,6.0,3.0,medium,medium,156,sparse,12,ok
gamma_medium__noise_medium__T_156__density_sparse__seed_013,controlled,0.0,0.0,0.0,0.0,9.0,0.0,4.0,7.0,2.0,medium,medium,156,sparse,13,ok
gamma_medium__noise_medium__T_156__density_sparse__seed_013,uncontrolled,0.3333,0.2857,0.3077,0.5,8.0,2.0,4.0,5.0,2.0,medium,medium,156,sparse,13,ok
gamma_medium__noise_medium__T_156__density_sparse__seed_014,controlled,0.5,0.4286,0.4615,0.3333,7.0,3.0,3.0,4.0,3.0,medium,medium,156,sparse,14,ok
gamma_medium__noise_medium__T_156__density_sparse__seed_014,uncontrolled,0.5,0.4286,0.4615,0.3333,7.0,3.0,3.0,4.0,3.0,medium,medium,156,sparse,14,ok
gamma_medium__noise_medium__T_156__density_sparse__seed_015,controlled,0.5,0.4286,0.4615,0.6667,6.0,3.0,3.0,4.0,1.0,medium,medium,156,sparse,15,ok
gamma_medium__noise_medium__T_156__density_sparse__seed_015,uncontrolled,0.4286,0.4286,0.4286,0.6667,6.0,3.0,4.0,4.0,1.0,medium,medium,156,sparse,15,ok
gamma_medium__noise_medium__T_300__density_dense__seed_001,controlled,0.6923,0.8182,0.75,1.0,4.0,9.0,4.0,2.0,3.0,medium,medium,300,dense,1,ok
gamma_medium__noise_medium__T_300__density_dense__seed_001,uncontrolled,0.6923,0.8182,0.75,1.0,5.0,9.0,4.0,2.0,2.0,medium,medium,300,dense,1,ok
gamma_medium__noise_medium__T_300__density_dense__seed_002,controlled,0.7,0.6364,0.6667,0.8571,6.0,7.0,3.0,4.0,1.0,medium,medium,300,dense,2,ok
gamma_medium__noise_medium__T_300__density_dense__seed_002,uncontrolled,0.6364,0.6364,0.6364,0.8571,7.0,7.0,4.0,4.0,2.0,medium,medium,300,dense,2,ok
gamma_medium__noise_medium__T_300__density_dense__seed_003,controlled,0.6667,0.7273,0.6957,0.75,6.0,8.0,4.0,3.0,2.0,medium,medium,300,dense,3,ok
gamma_medium__noise_medium__T_300__density_dense__seed_003,uncontrolled,0.6667,0.7273,0.6957,0.75,6.0,8.0,4.0,3.0,2.0,medium,medium,300,dense,3,ok
gamma_medium__noise_medium__T_300__density_dense__seed_004,controlled,0.7778,0.6364,0.7,0.7143,5.0,7.0,2.0,4.0,3.0,medium,medium,300,dense,4,ok
gamma_medium__noise_medium__T_300__density_dense__seed_004,uncontrolled,0.75,0.5455,0.6316,0.8333,6.0,6.0,2.0,5.0,3.0,medium,medium,300,dense,4,ok
gamma_medium__noise_medium__T_300__density_dense__seed_005,controlled,0.6667,0.5455,0.6,1.0,7.0,6.0,3.0,5.0,1.0,medium,medium,300,dense,5,ok
gamma_medium__noise_medium__T_300__density_dense__seed_005,uncontrolled,0.75,0.5455,0.6316,1.0,7.0,6.0,2.0,5.0,3.0,medium,medium,300,dense,5,ok
gamma_medium__noise_medium__T_300__density_dense__seed_006,controlled,0.8,0.7273,0.7619,1.0,4.0,8.0,2.0,3.0,6.0,medium,medium,300,dense,6,ok
gamma_medium__noise_medium__T_300__density_dense__seed_006,uncontrolled,0.6667,0.7273,0.6957,1.0,6.0,8.0,4.0,3.0,3.0,medium,medium,300,dense,6,ok
gamma_medium__noise_medium__T_300__density_dense__seed_007,controlled,0.625,0.4545,0.5263,1.0,7.0,5.0,3.0,6.0,3.0,medium,medium,300,dense,7,ok
gamma_medium__noise_medium__T_300__density_dense__seed_007,uncontrolled,0.6,0.5455,0.5714,1.0,7.0,6.0,4.0,5.0,4.0,medium,medium,300,dense,7,ok
gamma_medium__noise_medium__T_300__density_dense__seed_008,controlled,0.6364,0.6364,0.6364,0.8571,8.0,7.0,4.0,4.0,3.0,medium,medium,300,dense,8,ok
gamma_medium__noise_medium__T_300__density_dense__seed_008,uncontrolled,0.6364,0.6364,0.6364,0.8571,8.0,7.0,4.0,4.0,1.0,medium,medium,300,dense,8,ok
gamma_medium__noise_medium__T_300__density_dense__seed_009,controlled,0.7,0.6364,0.6667,1.0,7.0,7.0,3.0,4.0,2.0,medium,medium,300,dense,9,ok
gamma_medium__noise_medium__T_300__density_dense__seed_009,uncontrolled,0.6364,0.6364,0.6364,0.8571,8.0,7.0,4.0,4.0,0.0,medium,medium,300,dense,9,ok
gamma_medium__noise_medium__T_300__density_dense__seed_010,controlled,0.5833,0.6364,0.6087,1.0,8.0,7.0,5.0,4.0,4.0,medium,medium,300,dense,10,ok
gamma_medium__noise_medium__T_300__density_dense__seed_010,uncontrolled,0.6364,0.6364,0.6364,0.8571,8.0,7.0,4.0,4.0,3.0,medium,medium,300,dense,10,ok
gamma_medium__noise_medium__T_300__density_dense__seed_011,controlled,0.75,0.5455,0.6316,0.8333,6.0,6.0,2.0,5.0,1.0,medium,medium,300,dense,11,ok
gamma_medium__noise_medium__T_300__density_dense__seed_011,uncontrolled,0.7778,0.6364,0.7,0.8571,5.0,7.0,2.0,4.0,2.0,medium,medium,300,dense,11,ok
gamma_medium__noise_medium__T_300__density_dense__seed_012,controlled,0.8,0.7273,0.7619,0.625,4.0,8.0,2.0,3.0,0.0,medium,medium,300,dense,12,ok
gamma_medium__noise_medium__T_300__density_dense__seed_012,uncontrolled,0.6667,0.7273,0.6957,0.625,6.0,8.0,4.0,3.0,1.0,medium,medium,300,dense,12,ok
gamma_medium__noise_medium__T_300__density_dense__seed_013,controlled,0.6667,0.5455,0.6,0.8333,8.0,6.0,3.0,5.0,0.0,medium,medium,300,dense,13,ok
gamma_medium__noise_medium__T_300__density_dense__seed_013,uncontrolled,0.5455,0.5455,0.5455,0.8333,8.0,6.0,5.0,5.0,1.0,medium,medium,300,dense,13,ok
gamma_medium__noise_medium__T_300__density_dense__seed_014,controlled,0.7273,0.7273,0.7273,0.875,5.0,8.0,3.0,3.0,2.0,medium,medium,300,dense,14,ok
gamma_medium__noise_medium__T_300__density_dense__seed_014,uncontrolled,0.8,0.7273,0.7619,0.875,5.0,8.0,2.0,3.0,3.0,medium,medium,300,dense,14,ok
gamma_medium__noise_medium__T_300__density_dense__seed_015,controlled,1.0,0.7273,0.8421,0.875,3.0,8.0,0.0,3.0,5.0,medium,medium,300,dense,15,ok
gamma_medium__noise_medium__T_300__density_dense__seed_015,uncontrolled,0.9,0.8182,0.8571,0.7778,3.0,9.0,1.0,2.0,2.0,medium,medium,300,dense,15,ok
gamma_medium__noise_medium__T_300__density_medium__seed_001,controlled,0.6154,0.8889,0.7273,0.875,5.0,8.0,5.0,1.0,3.0,medium,medium,300,medium,1,ok
gamma_medium__noise_medium__T_300__density_medium__seed_001,uncontrolled,0.6364,0.7778,0.7,1.0,5.0,7.0,4.0,2.0,3.0,medium,medium,300,medium,1,ok
gamma_medium__noise_medium__T_300__density_medium__seed_002,controlled,0.625,0.5556,0.5882,0.8,6.0,5.0,3.0,4.0,3.0,medium,medium,300,medium,2,ok
gamma_medium__noise_medium__T_300__density_medium__seed_002,uncontrolled,0.6,0.6667,0.6316,0.6667,6.0,6.0,4.0,3.0,2.0,medium,medium,300,medium,2,ok
gamma_medium__noise_medium__T_300__density_medium__seed_003,controlled,0.6,0.6667,0.6316,1.0,6.0,6.0,4.0,3.0,2.0,medium,medium,300,medium,3,ok
gamma_medium__noise_medium__T_300__density_medium__seed_003,uncontrolled,0.6,0.6667,0.6316,1.0,6.0,6.0,4.0,3.0,2.0,medium,medium,300,medium,3,ok
gamma_medium__noise_medium__T_300__density_medium__seed_004,controlled,0.75,0.6667,0.7059,0.6667,4.0,6.0,2.0,3.0,2.0,medium,medium,300,medium,4,ok
gamma_medium__noise_medium__T_300__density_medium__seed_004,uncontrolled,0.6667,0.6667,0.6667,0.8333,5.0,6.0,3.0,3.0,2.0,medium,medium,300,medium,4,ok
gamma_medium__noise_medium__T_300__density_medium__seed_005,controlled,0.6,0.6667,0.6316,0.8333,7.0,6.0,4.0,3.0,1.0,medium,medium,300,medium,5,ok
gamma_medium__noise_medium__T_300__density_medium__seed_005,uncontrolled,0.6,0.6667,0.6316,0.8333,7.0,6.0,4.0,3.0,2.0,medium,medium,300,medium,5,ok
gamma_medium__noise_medium__T_300__density_medium__seed_006,controlled,0.7,0.7778,0.7368,1.0,4.0,7.0,3.0,2.0,4.0,medium,medium,300,medium,6,ok
gamma_medium__noise_medium__T_300__density_medium__seed_006,uncontrolled,0.6364,0.7778,0.7,1.0,5.0,7.0,4.0,2.0,1.0,medium,medium,300,medium,6,ok
gamma_medium__noise_medium__T_300__density_medium__seed_007,controlled,0.625,0.5556,0.5882,1.0,5.0,5.0,3.0,4.0,2.0,medium,medium,300,medium,7,ok
gamma_medium__noise_medium__T_300__density_medium__seed_007,uncontrolled,0.6,0.6667,0.6316,1.0,5.0,6.0,4.0,3.0,3.0,medium,medium,300,medium,7,ok
gamma_medium__noise_medium__T_300__density_medium__seed_008,controlled,0.625,0.5556,0.5882,0.8,7.0,5.0,3.0,4.0,2.0,medium,medium,300,medium,8,ok
gamma_medium__noise_medium__T_300__density_medium__seed_008,uncontrolled,0.75,0.6667,0.7059,0.6667,5.0,6.0,2.0,3.0,3.0,medium,medium,300,medium,8,ok
gamma_medium__noise_medium__T_300__density_medium__seed_009,controlled,0.4444,0.4444,0.4444,1.0,8.0,4.0,5.0,5.0,2.0,medium,medium,300,medium,9,ok
gamma_medium__noise_medium__T_300__density_medium__seed_009,uncontrolled,0.6,0.6667,0.6316,0.8333,6.0,6.0,4.0,3.0,0.0,medium,medium,300,medium,9,ok
gamma_medium__noise_medium__T_300__density_medium__seed_010,controlled,0.5,0.5556,0.5263,1.0,8.0,5.0,5.0,4.0,3.0,medium,medium,300,medium,10,ok
gamma_medium__noise_medium__T_300__density_medium__seed_010,uncontrolled,0.5556,0.5556,0.5556,1.0,8.0,5.0,4.0,4.0,4.0,medium,medium,300,medium,10,ok
gamma_medium__noise_medium__T_300__density_medium__seed_011,controlled,1.0,0.6667,0.8,0.8333,3.0,6.0,0.0,3.0,2.0,medium,medium,300,medium,11,ok
gamma_medium__noise_medium__T_300__density_medium__seed_011,uncontrolled,0.7778,0.7778,0.7778,0.7143,3.0,7.0,2.0,2.0,1.0,medium,medium,300,medium,11,ok
gamma_medium__noise_medium__T_300__density_medium__seed_012,controlled,0.7,0.7778,0.7368,0.7143,4.0,7.0,3.0,2.0,0.0,medium,medium,300,medium,12,ok
gamma_medium__noise_medium__T_300__density_medium__seed_012,uncontrolled,0.5833,0.7778,0.6667,0.7143,5.0,7.0,5.0,2.0,1.0,medium,medium,300,medium,12,ok
gamma_medium__noise_medium__T_300__density_medium__seed_013,controlled,0.5556,0.5556,0.5556,0.8,8.0,5.0,4.0,4.0,1.0,medium,medium,300,medium,13,ok
gamma_medium__noise_medium__T_300__density_medium__seed_013,uncontrolled,0.5455,0.6667,0.6,0.8333,7.0,6.0,5.0,3.0,1.0,medium,medium,300,medium,13,ok
gamma_medium__noise_medium__T_300__density_medium__seed_014,controlled,0.7,0.7778,0.7368,0.8571,4.0,7.0,3.0,2.0,3.0,medium,medium,300,medium,14,ok
gamma_medium__noise_medium__T_300__density_medium__seed_014,uncontrolled,0.8,0.8889,0.8421,0.75,2.0,8.0,2.0,1.0,4.0,medium,medium,300,medium,14,ok
gamma_medium__noise_medium__T_300__density_medium__seed_015,controlled,0.75,0.6667,0.7059,1.0,5.0,6.0,2.0,3.0,5.0,medium,medium,300,medium,15,ok
gamma_medium__noise_medium__T_300__density_medium__seed_015,uncontrolled,0.7,0.7778,0.7368,0.8571,5.0,7.0,3.0,2.0,2.0,medium,medium,300,medium,15,ok
gamma_medium__noise_medium__T_300__density_sparse__seed_001,controlled,0.5,0.8571,0.6316,0.8333,6.0,6.0,6.0,1.0,2.0,medium,medium,300,sparse,1,ok
gamma_medium__noise_medium__T_300__density_sparse__seed_001,uncontrolled,0.5,0.8571,0.6316,0.8333,6.0,6.0,6.0,1.0,1.0,medium,medium,300,sparse,1,ok
gamma_medium__noise_medium__T_300__density_sparse__seed_002,controlled,0.5,0.4286,0.4615,0.6667,6.0,3.0,3.0,4.0,2.0,medium,medium,300,sparse,2,ok
gamma_medium__noise_medium__T_300__density_sparse__seed_002,uncontrolled,0.625,0.7143,0.6667,0.4,4.0,5.0,3.0,2.0,2.0,medium,medium,300,sparse,2,ok
gamma_medium__noise_medium__T_300__density_sparse__seed_003,controlled,0.5,0.7143,0.5882,0.8,6.0,5.0,5.0,2.0,2.0,medium,medium,300,sparse,3,ok
gamma_medium__noise_medium__T_300__density_sparse__seed_003,uncontrolled,0.5,0.7143,0.5882,0.8,6.0,5.0,5.0,2.0,0.0,medium,medium,300,sparse,3,ok
gamma_medium__noise_medium__T_300__density_sparse__seed_004,controlled,0.75,0.4286,0.5455,1.0,4.0,3.0,1.0,4.0,5.0,medium,medium,300,sparse,4,ok
gamma_medium__noise_medium__T_300__density_sparse__seed_004,uncontrolled,0.6667,0.5714,0.6154,1.0,4.0,4.0,2.0,3.0,2.0,medium,medium,300,sparse,4,ok
gamma_medium__noise_medium__T_300__density_sparse__seed_005,controlled,0.4444,0.5714,0.5,1.0,8.0,4.0,5.0,3.0,2.0,medium,medium,300,sparse,5,ok
gamma_medium__noise_medium__T_300__density_sparse__seed_005,uncontrolled,0.4545,0.7143,0.5556,0.8,6.0,5.0,6.0,2.0,0.0,medium,medium,300,sparse,5,ok
gamma_medium__noise_medium__T_300__density_sparse__seed_006,controlled,0.6667,0.8571,0.75,1.0,4.0,6.0,3.0,1.0,4.0,medium,medium,300,sparse,6,ok
gamma_medium__noise_medium__T_300__density_sparse__seed_006,uncontrolled,0.5,0.8571,0.6316,0.8333,7.0,6.0,6.0,1.0,1.0,medium,medium,300,sparse,6,ok
gamma_medium__noise_medium__T_300__density_sparse__seed_007,controlled,0.6667,0.5714,0.6154,1.0,4.0,4.0,2.0,3.0,2.0,medium,medium,300,sparse,7,ok
gamma_medium__noise_medium__T_300__density_sparse__seed_007,uncontrolled,0.5,0.5714,0.5333,1.0,5.0,4.0,4.0,3.0,2.0,medium,medium,300,sparse,7,ok
gamma_medium__noise_medium__T_300__density_sparse__seed_008,controlled,0.5,0.4286,0.4615,0.6667,7.0,3.0,3.0,4.0,4.0,medium,medium,300,sparse,8,ok
gamma_medium__noise_medium__T_300__density_sparse__seed_008,uncontrolled,0.6667,0.5714,0.6154,0.5,5.0,4.0,2.0,3.0,4.0,medium,medium,300,sparse,8,ok
gamma_medium__noise_medium__T_300__density_sparse__seed_009,controlled,0.5,0.4286,0.4615,1.0,7.0,3.0,3.0,4.0,3.0,medium,medium,300,sparse,9,ok
gamma_medium__noise_medium__T_300__density_sparse__seed_009,uncontrolled,0.5,0.5714,0.5333,0.75,7.0,4.0,4.0,3.0,2.0,medium,medium,300,sparse,9,ok
gamma_medium__noise_medium__T_300__density_sparse__seed_010,controlled,0.2857,0.2857,0.2857,1.0,9.0,2.0,5.0,5.0,4.0,medium,medium,300,sparse,10,ok
gamma_medium__noise_medium__T_300__density_sparse__seed_010,uncontrolled,0.4,0.2857,0.3333,1.0,8.0,2.0,3.0,5.0,4.0,medium,medium,300,sparse,10,ok
gamma_medium__noise_medium__T_300__density_sparse__seed_011,controlled,1.0,0.7143,0.8333,0.8,2.0,5.0,0.0,2.0,3.0,medium,medium,300,sparse,11,ok
gamma_medium__noise_medium__T_300__density_sparse__seed_011,uncontrolled,0.75,0.8571,0.8,0.6667,2.0,6.0,2.0,1.0,1.0,medium,medium,300,sparse,11,ok
gamma_medium__noise_medium__T_300__density_sparse__seed_012,controlled,0.625,0.7143,0.6667,0.8,3.0,5.0,3.0,2.0,2.0,medium,medium,300,sparse,12,ok
gamma_medium__noise_medium__T_300__density_sparse__seed_012,uncontrolled,0.5556,0.7143,0.625,0.8,4.0,5.0,4.0,2.0,2.0,medium,medium,300,sparse,12,ok
gamma_medium__noise_medium__T_300__density_sparse__seed_013,controlled,0.375,0.4286,0.4,0.6667,9.0,3.0,5.0,4.0,2.0,medium,medium,300,sparse,13,ok
gamma_medium__noise_medium__T_300__density_sparse__seed_013,uncontrolled,0.4444,0.5714,0.5,0.5,7.0,4.0,5.0,3.0,2.0,medium,medium,300,sparse,13,ok
gamma_medium__noise_medium__T_300__density_sparse__seed_014,controlled,0.7143,0.7143,0.7143,0.8,3.0,5.0,2.0,2.0,2.0,medium,medium,300,sparse,14,ok
gamma_medium__noise_medium__T_300__density_sparse__seed_014,uncontrolled,0.75,0.8571,0.8,0.6667,2.0,6.0,2.0,1.0,3.0,medium,medium,300,sparse,14,ok
gamma_medium__noise_medium__T_300__density_sparse__seed_015,controlled,0.7143,0.7143,0.7143,1.0,4.0,5.0,2.0,2.0,5.0,medium,medium,300,sparse,15,ok
gamma_medium__noise_medium__T_300__density_sparse__seed_015,uncontrolled,0.625,0.7143,0.6667,1.0,5.0,5.0,3.0,2.0,3.0,medium,medium,300,sparse,15,ok
gamma_medium__noise_medium__T_80__density_dense__seed_001,controlled,1.0,0.5455,0.7059,0.8333,5.0,6.0,0.0,5.0,2.0,medium,medium,80,dense,1,ok
gamma_medium__noise_medium__T_80__density_dense__seed_001,uncontrolled,0.7778,0.6364,0.7,0.7143,6.0,7.0,2.0,4.0,1.0,medium,medium,80,dense,1,ok
gamma_medium__noise_medium__T_80__density_dense__seed_002,controlled,0.8333,0.4545,0.5882,1.0,7.0,5.0,1.0,6.0,3.0,medium,medium,80,dense,2,ok
gamma_medium__noise_medium__T_80__density_dense__seed_002,uncontrolled,0.8333,0.4545,0.5882,1.0,7.0,5.0,1.0,6.0,0.0,medium,medium,80,dense,2,ok
gamma_medium__noise_medium__T_80__density_dense__seed_003,controlled,0.8333,0.4545,0.5882,0.6,7.0,5.0,1.0,6.0,3.0,medium,medium,80,dense,3,ok
gamma_medium__noise_medium__T_80__density_dense__seed_003,uncontrolled,0.7778,0.6364,0.7,0.4286,6.0,7.0,2.0,4.0,0.0,medium,medium,80,dense,3,ok
gamma_medium__noise_medium__T_80__density_dense__seed_004,controlled,1.0,0.2727,0.4286,1.0,8.0,3.0,0.0,8.0,2.0,medium,medium,80,dense,4,ok
gamma_medium__noise_medium__T_80__density_dense__seed_004,uncontrolled,0.8,0.3636,0.5,1.0,8.0,4.0,1.0,7.0,2.0,medium,medium,80,dense,4,ok
gamma_medium__noise_medium__T_80__density_dense__seed_005,controlled,0.3333,0.0909,0.1429,1.0,10.0,1.0,2.0,10.0,1.0,medium,medium,80,dense,5,ok
gamma_medium__noise_medium__T_80__density_dense__seed_005,uncontrolled,0.5,0.1818,0.2667,1.0,9.0,2.0,2.0,9.0,0.0,medium,medium,80,dense,5,ok
gamma_medium__noise_medium__T_80__density_dense__seed_006,controlled,0.8,0.3636,0.5,1.0,8.0,4.0,1.0,7.0,4.0,medium,medium,80,dense,6,ok
gamma_medium__noise_medium__T_80__density_dense__seed_006,uncontrolled,0.4,0.1818,0.25,1.0,11.0,2.0,3.0,9.0,1.0,medium,medium,80,dense,6,ok
gamma_medium__noise_medium__T_80__density_dense__seed_007,controlled,0.5714,0.3636,0.4444,1.0,10.0,4.0,3.0,7.0,0.0,medium,medium,80,dense,7,ok
gamma_medium__noise_medium__T_80__density_dense__seed_007,uncontrolled,0.5,0.1818,0.2667,1.0,11.0,2.0,2.0,9.0,1.0,medium,medium,80,dense,7,ok
gamma_medium__noise_medium__T_80__density_dense__seed_008,controlled,0.6,0.2727,0.375,0.3333,9.0,3.0,2.0,8.0,0.0,medium,medium,80,dense,8,ok
gamma_medium__noise_medium__T_80__density_dense__seed_008,uncontrolled,0.75,0.2727,0.4,0.3333,8.0,3.0,1.0,8.0,1.0,medium,medium,80,dense,8,ok
gamma_medium__noise_medium__T_80__density_dense__seed_009,controlled,0.4286,0.2727,0.3333,1.0,12.0,3.0,4.0,8.0,1.0,medium,medium,80,dense,9,ok
gamma_medium__noise_medium__T_80__density_dense__seed_009,uncontrolled,0.4444,0.3636,0.4,0.75,12.0,4.0,5.0,7.0,0.0,medium,medium,80,dense,9,ok
gamma_medium__noise_medium__T_80__density_dense__seed_010,controlled,1.0,0.0909,0.1667,1.0,10.0,1.0,0.0,10.0,4.0,medium,medium,80,dense,10,ok
gamma_medium__noise_medium__T_80__density_dense__seed_010,uncontrolled,0.8,0.3636,0.5,0.75,7.0,4.0,1.0,7.0,1.0,medium,medium,80,dense,10,ok
gamma_medium__noise_medium__T_80__density_dense__seed_011,controlled,0.5,0.0909,0.1538,0.0,11.0,1.0,1.0,10.0,3.0,medium,medium,80,dense,11,ok
gamma_medium__noise_medium__T_80__density_dense__seed_011,uncontrolled,1.0,0.3636,0.5333,0.5,7.0,4.0,0.0,7.0,1.0,medium,medium,80,dense,11,ok
gamma_medium__noise_medium__T_80__density_dense__seed_012,controlled,0.6667,0.5455,0.6,0.8333,7.0,6.0,3.0,5.0,0.0,medium,medium,80,dense,12,ok
gamma_medium__noise_medium__T_80__density_dense__seed_012,uncontrolled,0.8571,0.5455,0.6667,0.8333,6.0,6.0,1.0,5.0,2.0,medium,medium,80,dense,12,ok
gamma_medium__noise_medium__T_80__density_dense__seed_013,controlled,0.4545,0.4545,0.4545,0.6,9.0,5.0,6.0,6.0,1.0,medium,medium,80,dense,13,ok
gamma_medium__noise_medium__T_80__density_dense__seed_013,uncontrolled,0.4167,0.4545,0.4348,0.6,10.0,5.0,7.0,6.0,0.0,medium,medium,80,dense,13,ok
gamma_medium__noise_medium__T_80__density_dense__seed_014,controlled,0.4286,0.2727,0.3333,0.6667,11.0,3.0,4.0,8.0,3.0,medium,medium,80,dense,14,ok
gamma_medium__noise_medium__T_80__density_dense__seed_014,uncontrolled,0.6667,0.3636,0.4706,0.75,9.0,4.0,2.0,7.0,2.0,medium,medium,80,dense,14,ok
gamma_medium__noise_medium__T_80__density_dense__seed_015,controlled,0.6,0.5455,0.5714,1.0,8.0,6.0,4.0,5.0,3.0,medium,medium,80,dense,15,ok
gamma_medium__noise_medium__T_80__density_dense__seed_015,uncontrolled,0.5,0.5455,0.5217,1.0,10.0,6.0,6.0,5.0,1.0,medium,medium,80,dense,15,ok
gamma_medium__noise_medium__T_80__density_medium__seed_001,controlled,0.8571,0.6667,0.75,0.8333,4.0,6.0,1.0,3.0,2.0,medium,medium,80,medium,1,ok
gamma_medium__noise_medium__T_80__density_medium__seed_001,uncontrolled,0.6667,0.6667,0.6667,0.8333,6.0,6.0,3.0,3.0,1.0,medium,medium,80,medium,1,ok
gamma_medium__noise_medium__T_80__density_medium__seed_002,controlled,0.6667,0.4444,0.5333,1.0,7.0,4.0,2.0,5.0,3.0,medium,medium,80,medium,2,ok
gamma_medium__noise_medium__T_80__density_medium__seed_002,uncontrolled,0.6667,0.4444,0.5333,1.0,7.0,4.0,2.0,5.0,0.0,medium,medium,80,medium,2,ok
gamma_medium__noise_medium__T_80__density_medium__seed_003,controlled,0.5,0.2222,0.3077,1.0,9.0,2.0,2.0,7.0,4.0,medium,medium,80,medium,3,ok
gamma_medium__noise_medium__T_80__density_medium__seed_003,uncontrolled,0.5714,0.4444,0.5,0.5,8.0,4.0,3.0,5.0,1.0,medium,medium,80,medium,3,ok
gamma_medium__noise_medium__T_80__density_medium__seed_004,controlled,1.0,0.3333,0.5,1.0,6.0,3.0,0.0,6.0,1.0,medium,medium,80,medium,4,ok
gamma_medium__noise_medium__T_80__density_medium__seed_004,uncontrolled,1.0,0.3333,0.5,1.0,6.0,3.0,0.0,6.0,1.0,medium,medium,80,medium,4,ok
gamma_medium__noise_medium__T_80__density_medium__seed_005,controlled,0.3333,0.1111,0.1667,1.0,8.0,1.0,2.0,8.0,2.0,medium,medium,80,medium,5,ok
gamma_medium__noise_medium__T_80__density_medium__seed_005,uncontrolled,0.2,0.1111,0.1429,0.0,9.0,1.0,4.0,8.0,0.0,medium,medium,80,medium,5,ok
gamma_medium__noise_medium__T_80__density_medium__seed_006,controlled,0.6667,0.4444,0.5333,1.0,7.0,4.0,2.0,5.0,4.0,medium,medium,80,medium,6,ok
gamma_medium__noise_medium__T_80__density_medium__seed_006,uncontrolled,0.5,0.4444,0.4706,1.0,8.0,4.0,4.0,5.0,1.0,medium,medium,80,medium,6,ok
gamma_medium__noise_medium__T_80__density_medium__seed_007,controlled,0.6667,0.4444,0.5333,1.0,7.0,4.0,2.0,5.0,1.0,medium,medium,80,medium,7,ok
gamma_medium__noise_medium__T_80__density_medium__seed_007,uncontrolled,0.6667,0.4444,0.5333,1.0,7.0,4.0,2.0,5.0,1.0,medium,medium,80,medium,7,ok
gamma_medium__noise_medium__T_80__density_medium__seed_008,controlled,0.6667,0.4444,0.5333,0.75,6.0,4.0,2.0,5.0,1.0,medium,medium,80,medium,8,ok
gamma_medium__noise_medium__T_80__density_medium__seed_008,uncontrolled,0.6667,0.4444,0.5333,0.75,6.0,4.0,2.0,5.0,1.0,medium,medium,80,medium,8,ok
gamma_medium__noise_medium__T_80__density_medium__seed_009,controlled,0.25,0.1111,0.1538,1.0,11.0,1.0,3.0,8.0,2.0,medium,medium,80,medium,9,ok
gamma_medium__noise_medium__T_80__density_medium__seed_009,uncontrolled,0.3333,0.2222,0.2667,0.5,11.0,2.0,4.0,7.0,2.0,medium,medium,80,medium,9,ok
gamma_medium__noise_medium__T_80__density_medium__seed_010,controlled,1.0,0.2222,0.3636,1.0,7.0,2.0,0.0,7.0,5.0,medium,medium,80,medium,10,ok
gamma_medium__noise_medium__T_80__density_medium__seed_010,uncontrolled,0.5,0.1111,0.1818,1.0,8.0,1.0,1.0,8.0,0.0,medium,medium,80,medium,10,ok
gamma_medium__noise_medium__T_80__density_medium__seed_011,controlled,0.6667,0.2222,0.3333,0.5,8.0,2.0,1.0,7.0,4.0,medium,medium,80,medium,11,ok
gamma_medium__noise_medium__T_80__density_medium__seed_011,uncontrolled,0.8,0.4444,0.5714,0.75,6.0,4.0,1.0,5.0,2.0,medium,medium,80,medium,11,ok
gamma_medium__noise_medium__T_80__density_medium__seed_012,controlled,0.5,0.4444,0.4706,0.75,9.0,4.0,4.0,5.0,0.0,medium,medium,80,medium,12,ok
gamma_medium__noise_medium__T_80__density_medium__seed_012,uncontrolled,0.5,0.3333,0.4,1.0,9.0,3.0,3.0,6.0,2.0,medium,medium,80,medium,12,ok
gamma_medium__noise_medium__T_80__density_medium__seed_013,controlled,0.2,0.1111,0.1429,1.0,10.0,1.0,4.0,8.0,2.0,medium,medium,80,medium,13,ok
gamma_medium__noise_medium__T_80__density_medium__seed_013,uncontrolled,0.2857,0.2222,0.25,0.5,10.0,2.0,5.0,7.0,1.0,medium,medium,80,medium,13,ok
gamma_medium__noise_medium__T_80__density_medium__seed_014,controlled,0.4,0.2222,0.2857,0.5,9.0,2.0,3.0,7.0,3.0,medium,medium,80,medium,14,ok
gamma_medium__noise_medium__T_80__density_medium__seed_014,uncontrolled,0.5,0.4444,0.4706,0.75,8.0,4.0,4.0,5.0,0.0,medium,medium,80,medium,14,ok
gamma_medium__noise_medium__T_80__density_medium__seed_015,controlled,0.625,0.5556,0.5882,0.8,7.0,5.0,3.0,4.0,2.0,medium,medium,80,medium,15,ok
gamma_medium__noise_medium__T_80__density_medium__seed_015,uncontrolled,0.4167,0.5556,0.4762,0.8,10.0,5.0,7.0,4.0,0.0,medium,medium,80,medium,15,ok
gamma_medium__noise_medium__T_80__density_sparse__seed_001,controlled,0.6,0.4286,0.5,1.0,6.0,3.0,2.0,4.0,3.0,medium,medium,80,sparse,1,ok
gamma_medium__noise_medium__T_80__density_sparse__seed_001,uncontrolled,0.5714,0.5714,0.5714,0.75,5.0,4.0,3.0,3.0,3.0,medium,medium,80,sparse,1,ok
gamma_medium__noise_medium__T_80__density_sparse__seed_002,controlled,0.5,0.2857,0.3636,1.0,7.0,2.0,2.0,5.0,1.0,medium,medium,80,sparse,2,ok
gamma_medium__noise_medium__T_80__density_sparse__seed_002,uncontrolled,0.5,0.2857,0.3636,1.0,7.0,2.0,2.0,5.0,1.0,medium,medium,80,sparse,2,ok
gamma_medium__noise_medium__T_80__density_sparse__seed_003,controlled,0.5,0.4286,0.4615,1.0,7.0,3.0,3.0,4.0,3.0,medium,medium,80,sparse,3,ok
gamma_medium__noise_medium__T_80__density_sparse__seed_003,uncontrolled,0.5556,0.7143,0.625,0.6,6.0,5.0,4.0,2.0,1.0,medium,medium,80,sparse,3,ok
gamma_medium__noise_medium__T_80__density_sparse__seed_004,controlled,1.0,0.4286,0.6,1.0,4.0,3.0,0.0,4.0,3.0,medium,medium,80,sparse,4,ok
gamma_medium__noise_medium__T_80__density_sparse__seed_004,uncontrolled,0.8,0.5714,0.6667,1.0,4.0,4.0,1.0,3.0,2.0,medium,medium,80,sparse,4,ok
gamma_medium__noise_medium__T_80__density_sparse__seed_005,controlled,0.25,0.1429,0.1818,1.0,8.0,1.0,3.0,6.0,2.0,medium,medium,80,sparse,5,ok
gamma_medium__noise_medium__T_80__density_sparse__seed_005,uncontrolled,0.25,0.1429,0.1818,0.0,8.0,1.0,3.0,6.0,1.0,medium,medium,80,sparse,5,ok
gamma_medium__noise_medium__T_80__density_sparse__seed_006,controlled,0.5,0.2857,0.3636,0.5,7.0,2.0,2.0,5.0,2.0,medium,medium,80,sparse,6,ok
gamma_medium__noise_medium__T_80__density_sparse__seed_006,uncontrolled,0.4,0.2857,0.3333,0.5,7.0,2.0,3.0,5.0,0.0,medium,medium,80,sparse,6,ok
gamma_medium__noise_medium__T_80__density_sparse__seed_007,controlled,0.6,0.4286,0.5,1.0,6.0,3.0,2.0,4.0,1.0,medium,medium,80,sparse,7,ok
gamma_medium__noise_medium__T_80__density_sparse__seed_007,uncontrolled,0.6,0.4286,0.5,1.0,6.0,3.0,2.0,4.0,1.0,medium,medium,80,sparse,7,ok
gamma_medium__noise_medium__T_80__density_sparse__seed_008,controlled,0.6,0.4286,0.5,0.6667,5.0,3.0,2.0,4.0,1.0,medium,medium,80,sparse,8,ok
gamma_medium__noise_medium__T_80__density_sparse__seed_008,uncontrolled,0.6,0.4286,0.5,0.6667,5.0,3.0,2.0,4.0,0.0,medium,medium,80,sparse,8,ok
gamma_medium__noise_medium__T_80__density_sparse__seed_009,controlled,0.0,0.0,0.0,0.0,9.0,0.0,2.0,7.0,2.0,medium,medium,80,sparse,9,ok
gamma_medium__noise_medium__T_80__density_sparse__seed_009,uncontrolled,0.0,0.0,0.0,0.0,10.0,0.0,3.0,7.0,2.0,medium,medium,80,sparse,9,ok
gamma_medium__noise_medium__T_80__density_sparse__seed_010,controlled,1.0,0.1429,0.25,1.0,6.0,1.0,0.0,6.0,4.0,medium,medium,80,sparse,10,ok
gamma_medium__noise_medium__T_80__density_sparse__seed_010,uncontrolled,0.3333,0.1429,0.2,1.0,7.0,1.0,2.0,6.0,1.0,medium,medium,80,sparse,10,ok
gamma_medium__noise_medium__T_80__density_sparse__seed_011,controlled,0.5,0.2857,0.3636,1.0,7.0,2.0,2.0,5.0,2.0,medium,medium,80,sparse,11,ok
gamma_medium__noise_medium__T_80__density_sparse__seed_011,uncontrolled,0.8,0.5714,0.6667,1.0,4.0,4.0,1.0,3.0,2.0,medium,medium,80,sparse,11,ok
gamma_medium__noise_medium__T_80__density_sparse__seed_012,controlled,0.3333,0.2857,0.3077,0.5,9.0,2.0,4.0,5.0,0.0,medium,medium,80,sparse,12,ok
gamma_medium__noise_medium__T_80__density_sparse__seed_012,uncontrolled,0.2,0.1429,0.1667,1.0,10.0,1.0,4.0,6.0,1.0,medium,medium,80,sparse,12,ok
gamma_medium__noise_medium__T_80__density_sparse__seed_013,controlled,0.1429,0.1429,0.1429,0.0,9.0,1.0,6.0,6.0,1.0,medium,medium,80,sparse,13,ok
gamma_medium__noise_medium__T_80__density_sparse__seed_013,uncontrolled,0.2222,0.2857,0.25,0.0,9.0,2.0,7.0,5.0,1.0,medium,medium,80,sparse,13,ok
gamma_medium__noise_medium__T_80__density_sparse__seed_014,controlled,0.25,0.1429,0.1818,1.0,8.0,1.0,3.0,6.0,3.0,medium,medium,80,sparse,14,ok
gamma_medium__noise_medium__T_80__density_sparse__seed_014,uncontrolled,0.3333,0.2857,0.3077,1.0,8.0,2.0,4.0,5.0,1.0,medium,medium,80,sparse,14,ok
gamma_medium__noise_medium__T_80__density_sparse__seed_015,controlled,0.5,0.4286,0.4615,0.6667,7.0,3.0,3.0,4.0,3.0,medium,medium,80,sparse,15,ok
gamma_medium__noise_medium__T_80__density_sparse__seed_015,uncontrolled,0.3333,0.4286,0.375,0.6667,10.0,3.0,6.0,4.0,1.0,medium,medium,80,sparse,15,ok
gamma_strong__noise_high__T_156__density_dense__seed_001,controlled,0.6,0.5455,0.5714,0.8333,8.0,6.0,4.0,5.0,0.0,strong,high,156,dense,1,ok
gamma_strong__noise_high__T_156__density_dense__seed_001,uncontrolled,0.5385,0.6364,0.5833,0.7143,8.0,7.0,6.0,4.0,0.0,strong,high,156,dense,1,ok
gamma_strong__noise_high__T_156__density_dense__seed_002,controlled,0.8,0.3636,0.5,1.0,7.0,4.0,1.0,7.0,1.0,strong,high,156,dense,2,ok
gamma_strong__noise_high__T_156__density_dense__seed_002,uncontrolled,1.0,0.3636,0.5333,0.75,7.0,4.0,0.0,7.0,0.0,strong,high,156,dense,2,ok
gamma_strong__noise_high__T_156__density_dense__seed_003,controlled,0.6667,0.3636,0.4706,0.75,8.0,4.0,2.0,7.0,1.0,strong,high,156,dense,3,ok
gamma_strong__noise_high__T_156__density_dense__seed_003,uncontrolled,0.8,0.3636,0.5,0.75,8.0,4.0,1.0,7.0,0.0,strong,high,156,dense,3,ok
gamma_strong__noise_high__T_156__density_dense__seed_004,controlled,0.75,0.5455,0.6316,1.0,7.0,6.0,2.0,5.0,2.0,strong,high,156,dense,4,ok
gamma_strong__noise_high__T_156__density_dense__seed_004,uncontrolled,0.7,0.6364,0.6667,0.8571,7.0,7.0,3.0,4.0,3.0,strong,high,156,dense,4,ok
gamma_strong__noise_high__T_156__density_dense__seed_005,controlled,0.75,0.5455,0.6316,1.0,6.0,6.0,2.0,5.0,4.0,strong,high,156,dense,5,ok
gamma_strong__noise_high__T_156__density_dense__seed_005,uncontrolled,0.6667,0.5455,0.6,1.0,6.0,6.0,3.0,5.0,2.0,strong,high,156,dense,5,ok
gamma_strong__noise_high__T_156__density_dense__seed_006,controlled,0.6,0.5455,0.5714,1.0,8.0,6.0,4.0,5.0,3.0,strong,high,156,dense,6,ok
gamma_strong__noise_high__T_156__density_dense__seed_006,uncontrolled,0.5833,0.6364,0.6087,1.0,7.0,7.0,5.0,4.0,4.0,strong,high,156,dense,6,ok
gamma_strong__noise_high__T_156__density_dense__seed_007,controlled,0.7778,0.6364,0.7,0.8571,5.0,7.0,2.0,4.0,0.0,strong,high,156,dense,7,ok
gamma_strong__noise_high__T_156__density_dense__seed_007,uncontrolled,0.8,0.7273,0.7619,0.875,4.0,8.0,2.0,3.0,1.0,strong,high,156,dense,7,ok
gamma_strong__noise_high__T_156__density_dense__seed_008,controlled,0.4615,0.5455,0.5,1.0,11.0,6.0,7.0,5.0,1.0,strong,high,156,dense,8,ok
gamma_strong__noise_high__T_156__density_dense__seed_008,uncontrolled,0.4375,0.6364,0.5185,1.0,11.0,7.0,9.0,4.0,0.0,strong,high,156,dense,8,ok
gamma_strong__noise_high__T_156__density_dense__seed_009,controlled,0.7,0.6364,0.6667,1.0,6.0,7.0,3.0,4.0,2.0,strong,high,156,dense,9,ok
gamma_strong__noise_high__T_156__density_dense__seed_009,uncontrolled,0.7,0.6364,0.6667,1.0,7.0,7.0,3.0,4.0,4.0,strong,high,156,dense,9,ok
gamma_strong__noise_high__T_156__density_dense__seed_010,controlled,0.875,0.6364,0.7368,0.7143,5.0,7.0,1.0,4.0,1.0,strong,high,156,dense,10,ok
gamma_strong__noise_high__T_156__density_dense__seed_010,uncontrolled,0.875,0.6364,0.7368,0.7143,5.0,7.0,1.0,4.0,0.0,strong,high,156,dense,10,ok
gamma_strong__noise_high__T_156__density_dense__seed_011,controlled,0.7778,0.6364,0.7,0.7143,6.0,7.0,2.0,4.0,2.0,strong,high,156,dense,11,ok
gamma_strong__noise_high__T_156__density_dense__seed_011,uncontrolled,0.9,0.8182,0.8571,0.5556,3.0,9.0,1.0,2.0,1.0,strong,high,156,dense,11,ok
gamma_strong__noise_high__T_156__density_dense__seed_012,controlled,0.6,0.5455,0.5714,1.0,8.0,6.0,4.0,5.0,3.0,strong,high,156,dense,12,ok
gamma_strong__noise_high__T_156__density_dense__seed_012,uncontrolled,0.6,0.5455,0.5714,1.0,8.0,6.0,4.0,5.0,3.0,strong,high,156,dense,12,ok
gamma_strong__noise_high__T_156__density_dense__seed_013,controlled,0.7143,0.4545,0.5556,1.0,7.0,5.0,2.0,6.0,0.0,strong,high,156,dense,13,ok
gamma_strong__noise_high__T_156__density_dense__seed_013,uncontrolled,0.8,0.7273,0.7619,0.875,5.0,8.0,2.0,3.0,0.0,strong,high,156,dense,13,ok
gamma_strong__noise_high__T_156__density_dense__seed_014,controlled,0.6667,0.7273,0.6957,0.75,6.0,8.0,4.0,3.0,4.0,strong,high,156,dense,14,ok
gamma_strong__noise_high__T_156__density_dense__seed_014,uncontrolled,0.75,0.8182,0.7826,0.6667,5.0,9.0,3.0,2.0,1.0,strong,high,156,dense,14,ok
gamma_strong__noise_high__T_156__density_dense__seed_015,controlled,0.8,0.7273,0.7619,0.75,5.0,8.0,2.0,3.0,1.0,strong,high,156,dense,15,ok
gamma_strong__noise_high__T_156__density_dense__seed_015,uncontrolled,0.8889,0.7273,0.8,0.75,4.0,8.0,1.0,3.0,4.0,strong,high,156,dense,15,ok
gamma_strong__noise_high__T_156__density_medium__seed_001,controlled,0.6667,0.4444,0.5333,1.0,7.0,4.0,2.0,5.0,3.0,strong,high,156,medium,1,ok
gamma_strong__noise_high__T_156__density_medium__seed_001,uncontrolled,0.7143,0.5556,0.625,0.8,6.0,5.0,2.0,4.0,2.0,strong,high,156,medium,1,ok
gamma_strong__noise_high__T_156__density_medium__seed_002,controlled,1.0,0.5556,0.7143,1.0,4.0,5.0,0.0,4.0,0.0,strong,high,156,medium,2,ok
gamma_strong__noise_high__T_156__density_medium__seed_002,uncontrolled,1.0,0.5556,0.7143,1.0,4.0,5.0,0.0,4.0,0.0,strong,high,156,medium,2,ok
gamma_strong__noise_high__T_156__density_medium__seed_003,controlled,0.625,0.5556,0.5882,0.8,6.0,5.0,3.0,4.0,3.0,strong,high,156,medium,3,ok
gamma_strong__noise_high__T_156__density_medium__seed_003,uncontrolled,0.6667,0.4444,0.5333,1.0,7.0,4.0,2.0,5.0,2.0,strong,high,156,medium,3,ok
gamma_strong__noise_high__T_156__density_medium__seed_004,controlled,1.0,0.4444,0.6154,1.0,5.0,4.0,0.0,5.0,2.0,strong,high,156,medium,4,ok
gamma_strong__noise_high__T_156__density_medium__seed_004,uncontrolled,0.6667,0.4444,0.5333,1.0,7.0,4.0,2.0,5.0,3.0,strong,high,156,medium,4,ok
gamma_strong__noise_high__T_156__density_medium__seed_005,controlled,0.8571,0.6667,0.75,1.0,4.0,6.0,1.0,3.0,3.0,strong,high,156,medium,5,ok
gamma_strong__noise_high__T_156__density_medium__seed_005,uncontrolled,0.7143,0.5556,0.625,1.0,5.0,5.0,2.0,4.0,3.0,strong,high,156,medium,5,ok
gamma_strong__noise_high__T_156__density_medium__seed_006,controlled,0.5556,0.5556,0.5556,0.8,6.0,5.0,4.0,4.0,3.0,strong,high,156,medium,6,ok
gamma_strong__noise_high__T_156__density_medium__seed_006,uncontrolled,0.5455,0.6667,0.6,0.8333,6.0,6.0,5.0,3.0,3.0,strong,high,156,medium,6,ok
gamma_strong__noise_high__T_156__density_medium__seed_007,controlled,0.6,0.6667,0.6316,0.8333,5.0,6.0,4.0,3.0,0.0,strong,high,156,medium,7,ok
gamma_strong__noise_high__T_156__density_medium__seed_007,uncontrolled,0.75,0.6667,0.7059,0.8333,4.0,6.0,2.0,3.0,0.0,strong,high,156,medium,7,ok
gamma_strong__noise_high__T_156__density_medium__seed_008,controlled,0.5,0.5556,0.5263,1.0,9.0,5.0,5.0,4.0,2.0,strong,high,156,medium,8,ok
gamma_strong__noise_high__T_156__density_medium__seed_008,uncontrolled,0.5,0.6667,0.5714,1.0,9.0,6.0,6.0,3.0,1.0,strong,high,156,medium,8,ok
gamma_strong__noise_high__T_156__density_medium__seed_009,controlled,0.5556,0.5556,0.5556,1.0,7.0,5.0,4.0,4.0,1.0,strong,high,156,medium,9,ok
gamma_strong__noise_high__T_156__density_medium__seed_009,uncontrolled,0.6364,0.7778,0.7,0.7143,6.0,7.0,4.0,2.0,1.0,strong,high,156,medium,9,ok
gamma_strong__noise_high__T_156__density_medium__seed_010,controlled,0.625,0.5556,0.5882,0.8,7.0,5.0,3.0,4.0,1.0,strong,high,156,medium,10,ok
gamma_strong__noise_high__T_156__density_medium__seed_010,uncontrolled,0.5,0.4444,0.4706,1.0,7.0,4.0,4.0,5.0,0.0,strong,high,156,medium,10,ok
gamma_strong__noise_high__T_156__density_medium__seed_011,controlled,0.6667,0.6667,0.6667,0.6667,6.0,6.0,3.0,3.0,3.0,strong,high,156,medium,11,ok
gamma_strong__noise_high__T_156__density_medium__seed_011,uncontrolled,0.7778,0.7778,0.7778,0.5714,4.0,7.0,2.0,2.0,2.0,strong,high,156,medium,11,ok
gamma_strong__noise_high__T_156__density_medium__seed_012,controlled,0.5,0.4444,0.4706,1.0,8.0,4.0,4.0,5.0,4.0,strong,high,156,medium,12,ok
gamma_strong__noise_high__T_156__density_medium__seed_012,uncontrolled,0.5,0.4444,0.4706,1.0,8.0,4.0,4.0,5.0,3.0,strong,high,156,medium,12,ok
gamma_strong__noise_high__T_156__density_medium__seed_013,controlled,0.6667,0.4444,0.5333,1.0,6.0,4.0,2.0,5.0,1.0,strong,high,156,medium,13,ok
gamma_strong__noise_high__T_156__density_medium__seed_013,uncontrolled,0.8333,0.5556,0.6667,0.8,5.0,5.0,1.0,4.0,1.0,strong,high,156,medium,13,ok
gamma_strong__noise_high__T_156__density_medium__seed_014,controlled,0.5556,0.5556,0.5556,0.6,8.0,5.0,4.0,4.0,4.0,strong,high,156,medium,14,ok
gamma_strong__noise_high__T_156__density_medium__seed_014,uncontrolled,0.5,0.5556,0.5263,0.6,9.0,5.0,5.0,4.0,1.0,strong,high,156,medium,14,ok
gamma_strong__noise_high__T_156__density_medium__seed_015,controlled,0.8571,0.6667,0.75,0.6667,3.0,6.0,1.0,3.0,2.0,strong,high,156,medium,15,ok
gamma_strong__noise_high__T_156__density_medium__seed_015,uncontrolled,0.8571,0.6667,0.75,0.6667,4.0,6.0,1.0,3.0,4.0,strong,high,156,medium,15,ok
gamma_strong__noise_high__T_156__density_sparse__seed_001,controlled,0.75,0.4286,0.5455,0.6667,5.0,3.0,1.0,4.0,3.0,strong,high,156,sparse,1,ok
gamma_strong__noise_high__T_156__density_sparse__seed_001,uncontrolled,0.6667,0.5714,0.6154,0.5,5.0,4.0,2.0,3.0,1.0,strong,high,156,sparse,1,ok
gamma_strong__noise_high__T_156__density_sparse__seed_002,controlled,0.75,0.4286,0.5455,1.0,5.0,3.0,1.0,4.0,2.0,strong,high,156,sparse,2,ok
gamma_strong__noise_high__T_156__density_sparse__seed_002,uncontrolled,0.75,0.4286,0.5455,1.0,5.0,3.0,1.0,4.0,3.0,strong,high,156,sparse,2,ok
gamma_strong__noise_high__T_156__density_sparse__seed_003,controlled,0.5,0.2857,0.3636,1.0,7.0,2.0,2.0,5.0,4.0,strong,high,156,sparse,3,ok
gamma_strong__noise_high__T_156__density_sparse__seed_003,uncontrolled,0.5,0.2857,0.3636,1.0,7.0,2.0,2.0,5.0,2.0,strong,high,156,sparse,3,ok
gamma_strong__noise_high__T_156__density_sparse__seed_004,controlled,0.6667,0.2857,0.4,1.0,6.0,2.0,1.0,5.0,2.0,strong,high,156,sparse,4,ok
gamma_strong__noise_high__T_156__density_sparse__seed_004,uncontrolled,0.3333,0.2857,0.3077,1.0,8.0,2.0,4.0,5.0,2.0,strong,high,156,sparse,4,ok
gamma_strong__noise_high__T_156__density_sparse__seed_005,controlled,0.5714,0.5714,0.5714,1.0,6.0,4.0,3.0,3.0,1.0,strong,high,156,sparse,5,ok
gamma_strong__noise_high__T_156__density_sparse__seed_005,uncontrolled,0.5,0.4286,0.4615,1.0,7.0,3.0,3.0,4.0,2.0,strong,high,156,sparse,5,ok
gamma_strong__noise_high__T_156__density_sparse__seed_006,controlled,0.5,0.4286,0.4615,1.0,6.0,3.0,3.0,4.0,3.0,strong,high,156,sparse,6,ok
gamma_strong__noise_high__T_156__density_sparse__seed_006,uncontrolled,0.3636,0.5714,0.4444,1.0,8.0,4.0,7.0,3.0,1.0,strong,high,156,sparse,6,ok
gamma_strong__noise_high__T_156__density_sparse__seed_007,controlled,0.6667,0.5714,0.6154,0.75,5.0,4.0,2.0,3.0,1.0,strong,high,156,sparse,7,ok
gamma_strong__noise_high__T_156__density_sparse__seed_007,uncontrolled,0.5,0.5714,0.5333,0.75,7.0,4.0,4.0,3.0,0.0,strong,high,156,sparse,7,ok
gamma_strong__noise_high__T_156__density_sparse__seed_008,controlled,0.5714,0.5714,0.5714,1.0,6.0,4.0,3.0,3.0,3.0,strong,high,156,sparse,8,ok
gamma_strong__noise_high__T_156__density_sparse__seed_008,uncontrolled,0.4,0.5714,0.4706,1.0,9.0,4.0,6.0,3.0,1.0,strong,high,156,sparse,8,ok
gamma_strong__noise_high__T_156__density_sparse__seed_009,controlled,0.5,0.5714,0.5333,1.0,6.0,4.0,4.0,3.0,0.0,strong,high,156,sparse,9,ok
gamma_strong__noise_high__T_156__density_sparse__seed_009,uncontrolled,0.5556,0.7143,0.625,1.0,6.0,5.0,4.0,2.0,2.0,strong,high,156,sparse,9,ok
gamma_strong__noise_high__T_156__density_sparse__seed_010,controlled,0.6,0.4286,0.5,0.6667,6.0,3.0,2.0,4.0,1.0,strong,high,156,sparse,10,ok
gamma_strong__noise_high__T_156__density_sparse__seed_010,uncontrolled,0.5,0.4286,0.4615,0.6667,7.0,3.0,3.0,4.0,1.0,strong,high,156,sparse,10,ok
gamma_strong__noise_high__T_156__density_sparse__seed_011,controlled,0.5556,0.7143,0.625,0.4,6.0,5.0,4.0,2.0,1.0,strong,high,156,sparse,11,ok
gamma_strong__noise_high__T_156__density_sparse__seed_011,uncontrolled,0.5,0.5714,0.5333,0.5,7.0,4.0,4.0,3.0,1.0,strong,high,156,sparse,11,ok
gamma_strong__noise_high__T_156__density_sparse__seed_012,controlled,0.4,0.2857,0.3333,0.5,7.0,2.0,3.0,5.0,3.0,strong,high,156,sparse,12,ok
gamma_strong__noise_high__T_156__density_sparse__seed_012,uncontrolled,0.3333,0.2857,0.3077,0.5,8.0,2.0,4.0,5.0,2.0,strong,high,156,sparse,12,ok
gamma_strong__noise_high__T_156__density_sparse__seed_013,controlled,0.375,0.4286,0.4,0.6667,9.0,3.0,5.0,4.0,1.0,strong,high,156,sparse,13,ok
gamma_strong__noise_high__T_156__density_sparse__seed_013,uncontrolled,0.375,0.4286,0.4,0.6667,9.0,3.0,5.0,4.0,0.0,strong,high,156,sparse,13,ok
gamma_strong__noise_high__T_156__density_sparse__seed_014,controlled,0.5,0.4286,0.4615,0.6667,7.0,3.0,3.0,4.0,5.0,strong,high,156,sparse,14,ok
gamma_strong__noise_high__T_156__density_sparse__seed_014,uncontrolled,0.5,0.4286,0.4615,0.6667,7.0,3.0,3.0,4.0,3.0,strong,high,156,sparse,14,ok
gamma_strong__noise_high__T_156__density_sparse__seed_015,controlled,0.6667,0.5714,0.6154,0.5,4.0,4.0,2.0,3.0,1.0,strong,high,156,sparse,15,ok
gamma_strong__noise_high__T_156__density_sparse__seed_015,uncontrolled,0.625,0.7143,0.6667,0.4,4.0,5.0,3.0,2.0,3.0,strong,high,156,sparse,15,ok
gamma_strong__noise_high__T_300__density_dense__seed_001,controlled,0.6364,0.6364,0.6364,1.0,7.0,7.0,4.0,4.0,4.0,strong,high,300,dense,1,ok
gamma_strong__noise_high__T_300__density_dense__seed_001,uncontrolled,0.6667,0.7273,0.6957,1.0,6.0,8.0,4.0,3.0,4.0,strong,high,300,dense,1,ok
gamma_strong__noise_high__T_300__density_dense__seed_002,controlled,0.75,0.5455,0.6316,1.0,7.0,6.0,2.0,5.0,2.0,strong,high,300,dense,2,ok
gamma_strong__noise_high__T_300__density_dense__seed_002,uncontrolled,0.8,0.7273,0.7619,0.875,5.0,8.0,2.0,3.0,2.0,strong,high,300,dense,2,ok
gamma_strong__noise_high__T_300__density_dense__seed_003,controlled,0.8889,0.7273,0.8,0.875,3.0,8.0,1.0,3.0,3.0,strong,high,300,dense,3,ok
gamma_strong__noise_high__T_300__density_dense__seed_003,uncontrolled,0.8889,0.7273,0.8,0.875,3.0,8.0,1.0,3.0,3.0,strong,high,300,dense,3,ok
gamma_strong__noise_high__T_300__density_dense__seed_004,controlled,0.5455,0.5455,0.5455,1.0,8.0,6.0,5.0,5.0,3.0,strong,high,300,dense,4,ok
gamma_strong__noise_high__T_300__density_dense__seed_004,uncontrolled,0.5833,0.6364,0.6087,1.0,7.0,7.0,5.0,4.0,2.0,strong,high,300,dense,4,ok
gamma_strong__noise_high__T_300__density_dense__seed_005,controlled,0.8182,0.8182,0.8182,0.8889,4.0,9.0,2.0,2.0,4.0,strong,high,300,dense,5,ok
gamma_strong__noise_high__T_300__density_dense__seed_005,uncontrolled,0.8182,0.8182,0.8182,0.8889,4.0,9.0,2.0,2.0,3.0,strong,high,300,dense,5,ok
gamma_strong__noise_high__T_300__density_dense__seed_006,controlled,0.7778,0.6364,0.7,1.0,5.0,7.0,2.0,4.0,3.0,strong,high,300,dense,6,ok
gamma_strong__noise_high__T_300__density_dense__seed_006,uncontrolled,0.5833,0.6364,0.6087,1.0,9.0,7.0,5.0,4.0,1.0,strong,high,300,dense,6,ok
gamma_strong__noise_high__T_300__density_dense__seed_007,controlled,0.6667,0.5455,0.6,1.0,7.0,6.0,3.0,5.0,1.0,strong,high,300,dense,7,ok
gamma_strong__noise_high__T_300__density_dense__seed_007,uncontrolled,0.6667,0.7273,0.6957,0.875,6.0,8.0,4.0,3.0,2.0,strong,high,300,dense,7,ok
gamma_strong__noise_high__T_300__density_dense__seed_008,controlled,0.6364,0.6364,0.6364,1.0,8.0,7.0,4.0,4.0,4.0,strong,high,300,dense,8,ok
gamma_strong__noise_high__T_300__density_dense__seed_008,uncontrolled,0.5714,0.7273,0.64,0.875,9.0,8.0,6.0,3.0,2.0,strong,high,300,dense,8,ok
gamma_strong__noise_high__T_300__density_dense__seed_009,controlled,0.5455,0.5455,0.5455,1.0,9.0,6.0,5.0,5.0,1.0,strong,high,300,dense,9,ok
gamma_strong__noise_high__T_300__density_dense__seed_009,uncontrolled,0.6364,0.6364,0.6364,0.8571,7.0,7.0,4.0,4.0,1.0,strong,high,300,dense,9,ok
gamma_strong__noise_high__T_300__density_dense__seed_010,controlled,0.5,0.5455,0.5217,1.0,9.0,6.0,6.0,5.0,5.0,strong,high,300,dense,10,ok
gamma_strong__noise_high__T_300__density_dense__seed_010,uncontrolled,0.5,0.5455,0.5217,1.0,9.0,6.0,6.0,5.0,4.0,strong,high,300,dense,10,ok
gamma_strong__noise_high__T_300__density_dense__seed_011,controlled,0.75,0.5455,0.6316,0.8333,6.0,6.0,2.0,5.0,3.0,strong,high,300,dense,11,ok
gamma_strong__noise_high__T_300__density_dense__seed_011,uncontrolled,0.7,0.6364,0.6667,0.7143,6.0,7.0,3.0,4.0,1.0,strong,high,300,dense,11,ok
gamma_strong__noise_high__T_300__density_dense__seed_012,controlled,0.7273,0.7273,0.7273,1.0,5.0,8.0,3.0,3.0,1.0,strong,high,300,dense,12,ok
gamma_strong__noise_high__T_300__density_dense__seed_012,uncontrolled,0.6923,0.8182,0.75,1.0,5.0,9.0,4.0,2.0,4.0,strong,high,300,dense,12,ok
gamma_strong__noise_high__T_300__density_dense__seed_013,controlled,0.7143,0.4545,0.5556,1.0,7.0,5.0,2.0,6.0,2.0,strong,high,300,dense,13,ok
gamma_strong__noise_high__T_300__density_dense__seed_013,uncontrolled,0.625,0.4545,0.5263,1.0,8.0,5.0,3.0,6.0,2.0,strong,high,300,dense,13,ok
gamma_strong__noise_high__T_300__density_dense__seed_014,controlled,0.6,0.5455,0.5714,1.0,8.0,6.0,4.0,5.0,0.0,strong,high,300,dense,14,ok
gamma_strong__noise_high__T_300__density_dense__seed_014,uncontrolled,0.7143,0.9091,0.8,0.8,5.0,10.0,4.0,1.0,0.0,strong,high,300,dense,14,ok
gamma_strong__noise_high__T_300__density_dense__seed_015,controlled,0.9,0.8182,0.8571,0.7778,3.0,9.0,1.0,2.0,5.0,strong,high,300,dense,15,ok
gamma_strong__noise_high__T_300__density_dense__seed_015,uncontrolled,0.8333,0.9091,0.8696,0.7,3.0,10.0,2.0,1.0,2.0,strong,high,300,dense,15,ok
gamma_strong__noise_high__T_300__density_medium__seed_001,controlled,0.6,0.6667,0.6316,0.8333,6.0,6.0,4.0,3.0,2.0,strong,high,300,medium,1,ok
gamma_strong__noise_high__T_300__density_medium__seed_001,uncontrolled,0.6667,0.6667,0.6667,1.0,5.0,6.0,3.0,3.0,3.0,strong,high,300,medium,1,ok
gamma_strong__noise_high__T_300__density_medium__seed_002,controlled,0.7143,0.5556,0.625,1.0,6.0,5.0,2.0,4.0,1.0,strong,high,300,medium,2,ok
gamma_strong__noise_high__T_300__density_medium__seed_002,uncontrolled,0.7,0.7778,0.7368,0.7143,5.0,7.0,3.0,2.0,1.0,strong,high,300,medium,2,ok
gamma_strong__noise_high__T_300__density_medium__seed_003,controlled,0.625,0.5556,0.5882,0.8,5.0,5.0,3.0,4.0,2.0,strong,high,300,medium,3,ok
gamma_strong__noise_high__T_300__density_medium__seed_003,uncontrolled,0.75,0.6667,0.7059,0.8333,3.0,6.0,2.0,3.0,3.0,strong,high,300,medium,3,ok
gamma_strong__noise_high__T_300__density_medium__seed_004,controlled,0.8571,0.6667,0.75,1.0,3.0,6.0,1.0,3.0,3.0,strong,high,300,medium,4,ok
gamma_strong__noise_high__T_300__density_medium__seed_004,uncontrolled,0.6667,0.6667,0.6667,1.0,5.0,6.0,3.0,3.0,2.0,strong,high,300,medium,4,ok
gamma_strong__noise_high__T_300__density_medium__seed_005,controlled,0.7,0.7778,0.7368,0.8571,5.0,7.0,3.0,2.0,2.0,strong,high,300,medium,5,ok
gamma_strong__noise_high__T_300__density_medium__seed_005,uncontrolled,0.7,0.7778,0.7368,0.8571,5.0,7.0,3.0,2.0,2.0,strong,high,300,medium,5,ok
gamma_strong__noise_high__T_300__density_medium__seed_006,controlled,0.8571,0.6667,0.75,1.0,4.0,6.0,1.0,3.0,4.0,strong,high,300,medium,6,ok
gamma_strong__noise_high__T_300__density_medium__seed_006,uncontrolled,0.75,0.6667,0.7059,0.8333,5.0,6.0,2.0,3.0,2.0,strong,high,300,medium,6,ok
gamma_strong__noise_high__T_300__density_medium__seed_007,controlled,0.6,0.6667,0.6316,1.0,5.0,6.0,4.0,3.0,0.0,strong,high,300,medium,7,ok
gamma_strong__noise_high__T_300__density_medium__seed_007,uncontrolled,0.6,0.6667,0.6316,1.0,5.0,6.0,4.0,3.0,2.0,strong,high,300,medium,7,ok
gamma_strong__noise_high__T_300__density_medium__seed_008,controlled,0.5556,0.5556,0.5556,1.0,8.0,5.0,4.0,4.0,3.0,strong,high,300,medium,8,ok
gamma_strong__noise_high__T_300__density_medium__seed_008,uncontrolled,0.5,0.5556,0.5263,1.0,9.0,5.0,5.0,4.0,1.0,strong,high,300,medium,8,ok
gamma_strong__noise_high__T_300__density_medium__seed_009,controlled,0.6667,0.4444,0.5333,1.0,7.0,4.0,2.0,5.0,2.0,strong,high,300,medium,9,ok
gamma_strong__noise_high__T_300__density_medium__seed_009,uncontrolled,0.5714,0.4444,0.5,1.0,7.0,4.0,3.0,5.0,1.0,strong,high,300,medium,9,ok
gamma_strong__noise_high__T_300__density_medium__seed_010,controlled,0.4167,0.5556,0.4762,1.0,9.0,5.0,7.0,4.0,3.0,strong,high,300,medium,10,ok
gamma_strong__noise_high__T_300__density_medium__seed_010,uncontrolled,0.4545,0.5556,0.5,1.0,9.0,5.0,6.0,4.0,3.0,strong,high,300,medium,10,ok
gamma_strong__noise_high__T_300__density_medium__seed_011,controlled,0.75,0.6667,0.7059,0.8333,4.0,6.0,2.0,3.0,3.0,strong,high,300,medium,11,ok
gamma_strong__noise_high__T_300__density_medium__seed_011,uncontrolled,0.7143,0.5556,0.625,1.0,5.0,5.0,2.0,4.0,3.0,strong,high,300,medium,11,ok
gamma_strong__noise_high__T_300__density_medium__seed_012,controlled,0.4615,0.6667,0.5455,1.0,8.0,6.0,7.0,3.0,0.0,strong,high,300,medium,12,ok
gamma_strong__noise_high__T_300__density_medium__seed_012,uncontrolled,0.5833,0.7778,0.6667,1.0,6.0,7.0,5.0,2.0,2.0,strong,high,300,medium,12,ok
gamma_strong__noise_high__T_300__density_medium__seed_013,controlled,0.5556,0.5556,0.5556,1.0,7.0,5.0,4.0,4.0,2.0,strong,high,300,medium,13,ok
gamma_strong__noise_high__T_300__density_medium__seed_013,uncontrolled,0.5556,0.5556,0.5556,1.0,7.0,5.0,4.0,4.0,2.0,strong,high,300,medium,13,ok
gamma_strong__noise_high__T_300__density_medium__seed_014,controlled,0.6667,0.4444,0.5333,1.0,6.0,4.0,2.0,5.0,5.0,strong,high,300,medium,14,ok
gamma_strong__noise_high__T_300__density_medium__seed_014,uncontrolled,0.6364,0.7778,0.7,0.7143,6.0,7.0,4.0,2.0,1.0,strong,high,300,medium,14,ok
gamma_strong__noise_high__T_300__density_medium__seed_015,controlled,0.875,0.7778,0.8235,0.8571,3.0,7.0,1.0,2.0,4.0,strong,high,300,medium,15,ok
gamma_strong__noise_high__T_300__density_medium__seed_015,uncontrolled,0.8889,0.8889,0.8889,0.75,2.0,8.0,1.0,1.0,2.0,strong,high,300,medium,15,ok
gamma_strong__noise_high__T_300__density_sparse__seed_001,controlled,0.5455,0.8571,0.6667,0.8333,5.0,6.0,5.0,1.0,4.0,strong,high,300,sparse,1,ok
gamma_strong__noise_high__T_300__density_sparse__seed_001,uncontrolled,0.5455,0.8571,0.6667,0.8333,5.0,6.0,5.0,1.0,3.0,strong,high,300,sparse,1,ok
gamma_strong__noise_high__T_300__density_sparse__seed_002,controlled,0.4,0.2857,0.3333,1.0,8.0,2.0,3.0,5.0,2.0,strong,high,300,sparse,2,ok
gamma_strong__noise_high__T_300__density_sparse__seed_002,uncontrolled,0.5556,0.7143,0.625,0.6,6.0,5.0,4.0,2.0,0.0,strong,high,300,sparse,2,ok
gamma_strong__noise_high__T_300__density_sparse__seed_003,controlled,0.4,0.5714,0.4706,0.75,6.0,4.0,6.0,3.0,0.0,strong,high,300,sparse,3,ok
gamma_strong__noise_high__T_300__density_sparse__seed_003,uncontrolled,0.5,0.7143,0.5882,0.8,5.0,5.0,5.0,2.0,1.0,strong,high,300,sparse,3,ok
gamma_strong__noise_high__T_300__density_sparse__seed_004,controlled,0.6,0.4286,0.5,1.0,5.0,3.0,2.0,4.0,4.0,strong,high,300,sparse,4,ok
gamma_strong__noise_high__T_300__density_sparse__seed_004,uncontrolled,0.6,0.4286,0.5,1.0,5.0,3.0,2.0,4.0,2.0,strong,high,300,sparse,4,ok
gamma_strong__noise_high__T_300__density_sparse__seed_005,controlled,0.625,0.7143,0.6667,0.8,5.0,5.0,3.0,2.0,1.0,strong,high,300,sparse,5,ok
gamma_strong__noise_high__T_300__density_sparse__seed_005,uncontrolled,0.625,0.7143,0.6667,0.8,5.0,5.0,3.0,2.0,2.0,strong,high,300,sparse,5,ok
gamma_strong__noise_high__T_300__density_sparse__seed_006,controlled,0.7143,0.7143,0.7143,1.0,4.0,5.0,2.0,2.0,4.0,strong,high,300,sparse,6,ok
gamma_strong__noise_high__T_300__density_sparse__seed_006,uncontrolled,0.5455,0.8571,0.6667,0.8333,6.0,6.0,5.0,1.0,1.0,strong,high,300,sparse,6,ok
gamma_strong__noise_high__T_300__density_sparse__seed_007,controlled,0.7143,0.7143,0.7143,0.8,3.0,5.0,2.0,2.0,1.0,strong,high,300,sparse,7,ok
gamma_strong__noise_high__T_300__density_sparse__seed_007,uncontrolled,0.5714,0.5714,0.5714,1.0,5.0,4.0,3.0,3.0,2.0,strong,high,300,sparse,7,ok
gamma_strong__noise_high__T_300__density_sparse__seed_008,controlled,0.4286,0.4286,0.4286,1.0,8.0,3.0,4.0,4.0,4.0,strong,high,300,sparse,8,ok
gamma_strong__noise_high__T_300__density_sparse__seed_008,uncontrolled,0.5714,0.5714,0.5714,0.75,6.0,4.0,3.0,3.0,4.0,strong,high,300,sparse,8,ok
gamma_strong__noise_high__T_300__density_sparse__seed_009,controlled,0.3333,0.2857,0.3077,1.0,9.0,2.0,4.0,5.0,2.0,strong,high,300,sparse,9,ok
gamma_strong__noise_high__T_300__density_sparse__seed_009,uncontrolled,0.4286,0.4286,0.4286,1.0,8.0,3.0,4.0,4.0,2.0,strong,high,300,sparse,9,ok
gamma_strong__noise_high__T_300__density_sparse__seed_010,controlled,0.3333,0.4286,0.375,1.0,8.0,3.0,6.0,4.0,4.0,strong,high,300,sparse,10,ok
gamma_strong__noise_high__T_300__density_sparse__seed_010,uncontrolled,0.375,0.4286,0.4,0.6667,8.0,3.0,5.0,4.0,3.0,strong,high,300,sparse,10,ok
gamma_strong__noise_high__T_300__density_sparse__seed_011,controlled,0.75,0.4286,0.5455,1.0,4.0,3.0,1.0,4.0,3.0,strong,high,300,sparse,11,ok
gamma_strong__noise_high__T_300__density_sparse__seed_011,uncontrolled,0.6667,0.5714,0.6154,0.75,3.0,4.0,2.0,3.0,1.0,strong,high,300,sparse,11,ok
gamma_strong__noise_high__T_300__density_sparse__seed_012,controlled,0.7143,0.7143,0.7143,1.0,3.0,5.0,2.0,2.0,3.0,strong,high,300,sparse,12,ok
gamma_strong__noise_high__T_300__density_sparse__seed_012,uncontrolled,0.7143,0.7143,0.7143,1.0,3.0,5.0,2.0,2.0,5.0,strong,high,300,sparse,12,ok
gamma_strong__noise_high__T_300__density_sparse__seed_013,controlled,0.25,0.2857,0.2667,1.0,10.0,2.0,6.0,5.0,4.0,strong,high,300,sparse,13,ok
gamma_strong__noise_high__T_300__density_sparse__seed_013,uncontrolled,0.4444,0.5714,0.5,0.5,7.0,4.0,5.0,3.0,1.0,strong,high,300,sparse,13,ok
gamma_strong__noise_high__T_300__density_sparse__seed_014,controlled,0.5556,0.7143,0.625,0.6,6.0,5.0,4.0,2.0,0.0,strong,high,300,sparse,14,ok
gamma_strong__noise_high__T_300__density_sparse__seed_014,uncontrolled,0.7143,0.7143,0.7143,0.6,4.0,5.0,2.0,2.0,2.0,strong,high,300,sparse,14,ok
gamma_strong__noise_high__T_300__density_sparse__seed_015,controlled,1.0,0.5714,0.7273,1.0,3.0,4.0,0.0,3.0,7.0,strong,high,300,sparse,15,ok
gamma_strong__noise_high__T_300__density_sparse__seed_015,uncontrolled,0.75,0.8571,0.8,0.8333,3.0,6.0,2.0,1.0,4.0,strong,high,300,sparse,15,ok
gamma_strong__noise_high__T_80__density_dense__seed_001,controlled,1.0,0.6364,0.7778,0.8571,4.0,7.0,0.0,4.0,2.0,strong,high,80,dense,1,ok
gamma_strong__noise_high__T_80__density_dense__seed_001,uncontrolled,0.7778,0.6364,0.7,0.8571,6.0,7.0,2.0,4.0,1.0,strong,high,80,dense,1,ok
gamma_strong__noise_high__T_80__density_dense__seed_002,controlled,0.875,0.6364,0.7368,1.0,5.0,7.0,1.0,4.0,2.0,strong,high,80,dense,2,ok
gamma_strong__noise_high__T_80__density_dense__seed_002,uncontrolled,0.875,0.6364,0.7368,1.0,5.0,7.0,1.0,4.0,0.0,strong,high,80,dense,2,ok
gamma_strong__noise_high__T_80__density_dense__seed_003,controlled,0.8,0.3636,0.5,1.0,8.0,4.0,1.0,7.0,3.0,strong,high,80,dense,3,ok
gamma_strong__noise_high__T_80__density_dense__seed_003,uncontrolled,0.75,0.5455,0.6316,0.6667,6.0,6.0,2.0,5.0,2.0,strong,high,80,dense,3,ok
gamma_strong__noise_high__T_80__density_dense__seed_004,controlled,0.8571,0.5455,0.6667,1.0,5.0,6.0,1.0,5.0,2.0,strong,high,80,dense,4,ok
gamma_strong__noise_high__T_80__density_dense__seed_004,uncontrolled,0.7778,0.6364,0.7,0.8571,5.0,7.0,2.0,4.0,1.0,strong,high,80,dense,4,ok
gamma_strong__noise_high__T_80__density_dense__seed_005,controlled,1.0,0.3636,0.5333,1.0,7.0,4.0,0.0,7.0,1.0,strong,high,80,dense,5,ok
gamma_strong__noise_high__T_80__density_dense__seed_005,uncontrolled,1.0,0.4545,0.625,1.0,6.0,5.0,0.0,6.0,1.0,strong,high,80,dense,5,ok
gamma_strong__noise_high__T_80__density_dense__seed_006,controlled,0.75,0.2727,0.4,1.0,9.0,3.0,1.0,8.0,2.0,strong,high,80,dense,6,ok
gamma_strong__noise_high__T_80__density_dense__seed_006,uncontrolled,0.6667,0.3636,0.4706,0.75,8.0,4.0,2.0,7.0,1.0,strong,high,80,dense,6,ok
gamma_strong__noise_high__T_80__density_dense__seed_007,controlled,0.5,0.3636,0.4211,1.0,11.0,4.0,4.0,7.0,0.0,strong,high,80,dense,7,ok
gamma_strong__noise_high__T_80__density_dense__seed_007,uncontrolled,0.5,0.3636,0.4211,1.0,11.0,4.0,4.0,7.0,0.0,strong,high,80,dense,7,ok
gamma_strong__noise_high__T_80__density_dense__seed_008,controlled,0.75,0.5455,0.6316,1.0,6.0,6.0,2.0,5.0,2.0,strong,high,80,dense,8,ok
gamma_strong__noise_high__T_80__density_dense__seed_008,uncontrolled,0.7778,0.6364,0.7,0.8571,5.0,7.0,2.0,4.0,0.0,strong,high,80,dense,8,ok
gamma_strong__noise_high__T_80__density_dense__seed_009,controlled,0.5455,0.5455,0.5455,1.0,10.0,6.0,5.0,5.0,1.0,strong,high,80,dense,9,ok
gamma_strong__noise_high__T_80__density_dense__seed_009,uncontrolled,0.5833,0.6364,0.6087,1.0,9.0,7.0,5.0,4.0,0.0,strong,high,80,dense,9,ok
gamma_strong__noise_high__T_80__density_dense__seed_010,controlled,1.0,0.4545,0.625,1.0,6.0,5.0,0.0,6.0,0.0,strong,high,80,dense,10,ok
gamma_strong__noise_high__T_80__density_dense__seed_010,uncontrolled,1.0,0.5455,0.7059,0.8333,5.0,6.0,0.0,5.0,0.0,strong,high,80,dense,10,ok
gamma_strong__noise_high__T_80__density_dense__seed_011,controlled,0.75,0.5455,0.6316,1.0,7.0,6.0,2.0,5.0,2.0,strong,high,80,dense,11,ok
gamma_strong__noise_high__T_80__density_dense__seed_011,uncontrolled,0.75,0.5455,0.6316,1.0,7.0,6.0,2.0,5.0,1.0,strong,high,80,dense,11,ok
gamma_strong__noise_high__T_80__density_dense__seed_012,controlled,0.8333,0.4545,0.5882,1.0,7.0,5.0,1.0,6.0,1.0,strong,high,80,dense,12,ok
gamma_strong__noise_high__T_80__density_dense__seed_012,uncontrolled,0.7143,0.4545,0.5556,1.0,7.0,5.0,2.0,6.0,3.0,strong,high,80,dense,12,ok
gamma_strong__noise_high__T_80__density_dense__seed_013,controlled,0.5,0.4545,0.4762,1.0,9.0,5.0,5.0,6.0,0.0,strong,high,80,dense,13,ok
gamma_strong__noise_high__T_80__density_dense__seed_013,uncontrolled,0.5,0.4545,0.4762,1.0,9.0,5.0,5.0,6.0,0.0,strong,high,80,dense,13,ok
gamma_strong__noise_high__T_80__density_dense__seed_014,controlled,0.5,0.3636,0.4211,1.0,10.0,4.0,4.0,7.0,3.0,strong,high,80,dense,14,ok
gamma_strong__noise_high__T_80__density_dense__seed_014,uncontrolled,0.5556,0.4545,0.5,1.0,9.0,5.0,4.0,6.0,0.0,strong,high,80,dense,14,ok
gamma_strong__noise_high__T_80__density_dense__seed_015,controlled,0.6,0.5455,0.5714,1.0,9.0,6.0,4.0,5.0,2.0,strong,high,80,dense,15,ok
gamma_strong__noise_high__T_80__density_dense__seed_015,uncontrolled,0.6,0.5455,0.5714,1.0,9.0,6.0,4.0,5.0,2.0,strong,high,80,dense,15,ok
gamma_strong__noise_high__T_80__density_medium__seed_001,controlled,0.7143,0.5556,0.625,1.0,6.0,5.0,2.0,4.0,3.0,strong,high,80,medium,1,ok
gamma_strong__noise_high__T_80__density_medium__seed_001,uncontrolled,0.5556,0.5556,0.5556,1.0,8.0,5.0,4.0,4.0,1.0,strong,high,80,medium,1,ok
gamma_strong__noise_high__T_80__density_medium__seed_002,controlled,0.8,0.4444,0.5714,1.0,6.0,4.0,1.0,5.0,2.0,strong,high,80,medium,2,ok
gamma_strong__noise_high__T_80__density_medium__seed_002,uncontrolled,0.8,0.4444,0.5714,1.0,6.0,4.0,1.0,5.0,0.0,strong,high,80,medium,2,ok
gamma_strong__noise_high__T_80__density_medium__seed_003,controlled,0.75,0.3333,0.4615,1.0,6.0,3.0,1.0,6.0,4.0,strong,high,80,medium,3,ok
gamma_strong__noise_high__T_80__density_medium__seed_003,uncontrolled,0.6667,0.4444,0.5333,0.75,5.0,4.0,2.0,5.0,0.0,strong,high,80,medium,3,ok
gamma_strong__noise_high__T_80__density_medium__seed_004,controlled,1.0,0.4444,0.6154,0.75,5.0,4.0,0.0,5.0,1.0,strong,high,80,medium,4,ok
gamma_strong__noise_high__T_80__density_medium__seed_004,uncontrolled,0.8,0.4444,0.5714,0.75,5.0,4.0,1.0,5.0,2.0,strong,high,80,medium,4,ok
gamma_strong__noise_high__T_80__density_medium__seed_005,controlled,0.75,0.3333,0.4615,0.6667,7.0,3.0,1.0,6.0,1.0,strong,high,80,medium,5,ok
gamma_strong__noise_high__T_80__density_medium__seed_005,uncontrolled,0.75,0.3333,0.4615,1.0,7.0,3.0,1.0,6.0,2.0,strong,high,80,medium,5,ok
gamma_strong__noise_high__T_80__density_medium__seed_006,controlled,0.8,0.4444,0.5714,1.0,6.0,4.0,1.0,5.0,3.0,strong,high,80,medium,6,ok
gamma_strong__noise_high__T_80__density_medium__seed_006,uncontrolled,0.5,0.4444,0.4706,1.0,7.0,4.0,4.0,5.0,1.0,strong,high,80,medium,6,ok
gamma_strong__noise_high__T_80__density_medium__seed_007,controlled,0.7143,0.5556,0.625,1.0,6.0,5.0,2.0,4.0,0.0,strong,high,80,medium,7,ok
gamma_strong__noise_high__T_80__density_medium__seed_007,uncontrolled,0.625,0.5556,0.5882,1.0,7.0,5.0,3.0,4.0,0.0,strong,high,80,medium,7,ok
gamma_strong__noise_high__T_80__density_medium__seed_008,controlled,0.6667,0.4444,0.5333,0.75,6.0,4.0,2.0,5.0,3.0,strong,high,80,medium,8,ok
gamma_strong__noise_high__T_80__density_medium__seed_008,uncontrolled,0.6667,0.4444,0.5333,0.75,6.0,4.0,2.0,5.0,1.0,strong,high,80,medium,8,ok
gamma_strong__noise_high__T_80__density_medium__seed_009,controlled,0.625,0.5556,0.5882,0.8,7.0,5.0,3.0,4.0,1.0,strong,high,80,medium,9,ok
gamma_strong__noise_high__T_80__density_medium__seed_009,uncontrolled,0.5714,0.4444,0.5,1.0,8.0,4.0,3.0,5.0,2.0,strong,high,80,medium,9,ok
gamma_strong__noise_high__T_80__density_medium__seed_010,controlled,1.0,0.3333,0.5,1.0,6.0,3.0,0.0,6.0,3.0,strong,high,80,medium,10,ok
gamma_strong__noise_high__T_80__density_medium__seed_010,uncontrolled,0.75,0.3333,0.4615,1.0,6.0,3.0,1.0,6.0,2.0,strong,high,80,medium,10,ok
gamma_strong__noise_high__T_80__density_medium__seed_011,controlled,0.6667,0.4444,0.5333,1.0,7.0,4.0,2.0,5.0,4.0,strong,high,80,medium,11,ok
gamma_strong__noise_high__T_80__density_medium__seed_011,uncontrolled,0.8571,0.6667,0.75,1.0,4.0,6.0,1.0,3.0,3.0,strong,high,80,medium,11,ok
gamma_strong__noise_high__T_80__density_medium__seed_012,controlled,0.5,0.4444,0.4706,1.0,8.0,4.0,4.0,5.0,1.0,strong,high,80,medium,12,ok
gamma_strong__noise_high__T_80__density_medium__seed_012,uncontrolled,0.5,0.4444,0.4706,1.0,8.0,4.0,4.0,5.0,1.0,strong,high,80,medium,12,ok
gamma_strong__noise_high__T_80__density_medium__seed_013,controlled,0.5556,0.5556,0.5556,0.8,8.0,5.0,4.0,4.0,2.0,strong,high,80,medium,13,ok
gamma_strong__noise_high__T_80__density_medium__seed_013,uncontrolled,0.5,0.5556,0.5263,0.8,9.0,5.0,5.0,4.0,1.0,strong,high,80,medium,13,ok
gamma_strong__noise_high__T_80__density_medium__seed_014,controlled,0.625,0.5556,0.5882,0.8,6.0,5.0,3.0,4.0,2.0,strong,high,80,medium,14,ok
gamma_strong__noise_high__T_80__density_medium__seed_014,uncontrolled,0.625,0.5556,0.5882,0.8,6.0,5.0,3.0,4.0,1.0,strong,high,80,medium,14,ok
gamma_strong__noise_high__T_80__density_medium__seed_015,controlled,0.75,0.6667,0.7059,0.8333,5.0,6.0,2.0,3.0,2.0,strong,high,80,medium,15,ok
gamma_strong__noise_high__T_80__density_medium__seed_015,uncontrolled,0.6,0.6667,0.6316,0.8333,6.0,6.0,4.0,3.0,2.0,strong,high,80,medium,15,ok
gamma_strong__noise_high__T_80__density_sparse__seed_001,controlled,0.5,0.4286,0.4615,1.0,7.0,3.0,3.0,4.0,2.0,strong,high,80,sparse,1,ok
gamma_strong__noise_high__T_80__density_sparse__seed_001,uncontrolled,0.3333,0.4286,0.375,1.0,9.0,3.0,6.0,4.0,2.0,strong,high,80,sparse,1,ok
gamma_strong__noise_high__T_80__density_sparse__seed_002,controlled,0.75,0.4286,0.5455,1.0,5.0,3.0,1.0,4.0,2.0,strong,high,80,sparse,2,ok
gamma_strong__noise_high__T_80__density_sparse__seed_002,uncontrolled,0.75,0.4286,0.5455,1.0,5.0,3.0,1.0,4.0,0.0,strong,high,80,sparse,2,ok
gamma_strong__noise_high__T_80__density_sparse__seed_003,controlled,0.3333,0.2857,0.3077,1.0,9.0,2.0,4.0,5.0,3.0,strong,high,80,sparse,3,ok
gamma_strong__noise_high__T_80__density_sparse__seed_003,uncontrolled,0.4444,0.5714,0.5,0.5,8.0,4.0,5.0,3.0,1.0,strong,high,80,sparse,3,ok
gamma_strong__noise_high__T_80__density_sparse__seed_004,controlled,1.0,0.4286,0.6,1.0,4.0,3.0,0.0,4.0,1.0,strong,high,80,sparse,4,ok
gamma_strong__noise_high__T_80__density_sparse__seed_004,uncontrolled,0.75,0.4286,0.5455,1.0,5.0,3.0,1.0,4.0,1.0,strong,high,80,sparse,4,ok
gamma_strong__noise_high__T_80__density_sparse__seed_005,controlled,1.0,0.4286,0.6,1.0,4.0,3.0,0.0,4.0,1.0,strong,high,80,sparse,5,ok
gamma_strong__noise_high__T_80__density_sparse__seed_005,uncontrolled,0.75,0.4286,0.5455,1.0,5.0,3.0,1.0,4.0,1.0,strong,high,80,sparse,5,ok
gamma_strong__noise_high__T_80__density_sparse__seed_006,controlled,0.6667,0.2857,0.4,1.0,6.0,2.0,1.0,5.0,1.0,strong,high,80,sparse,6,ok
gamma_strong__noise_high__T_80__density_sparse__seed_006,uncontrolled,0.4,0.2857,0.3333,1.0,7.0,2.0,3.0,5.0,1.0,strong,high,80,sparse,6,ok
gamma_strong__noise_high__T_80__density_sparse__seed_007,controlled,0.6667,0.2857,0.4,1.0,6.0,2.0,1.0,5.0,2.0,strong,high,80,sparse,7,ok
gamma_strong__noise_high__T_80__density_sparse__seed_007,uncontrolled,0.6667,0.2857,0.4,1.0,6.0,2.0,1.0,5.0,2.0,strong,high,80,sparse,7,ok
gamma_strong__noise_high__T_80__density_sparse__seed_008,controlled,0.5,0.4286,0.4615,0.6667,6.0,3.0,3.0,4.0,2.0,strong,high,80,sparse,8,ok
gamma_strong__noise_high__T_80__density_sparse__seed_008,uncontrolled,0.5,0.4286,0.4615,0.6667,6.0,3.0,3.0,4.0,0.0,strong,high,80,sparse,8,ok
gamma_strong__noise_high__T_80__density_sparse__seed_009,controlled,0.5,0.4286,0.4615,0.6667,7.0,3.0,3.0,4.0,2.0,strong,high,80,sparse,9,ok
gamma_strong__noise_high__T_80__density_sparse__seed_009,uncontrolled,0.4286,0.4286,0.4286,0.6667,7.0,3.0,4.0,4.0,1.0,strong,high,80,sparse,9,ok
gamma_strong__noise_high__T_80__density_sparse__seed_010,controlled,1.0,0.4286,0.6,1.0,4.0,3.0,0.0,4.0,3.0,strong,high,80,sparse,10,ok
gamma_strong__noise_high__T_80__density_sparse__seed_010,uncontrolled,0.6667,0.2857,0.4,1.0,5.0,2.0,1.0,5.0,1.0,strong,high,80,sparse,10,ok
gamma_strong__noise_high__T_80__density_sparse__seed_011,controlled,0.5,0.2857,0.3636,1.0,7.0,2.0,2.0,5.0,2.0,strong,high,80,sparse,11,ok
gamma_strong__noise_high__T_80__density_sparse__seed_011,uncontrolled,0.8,0.5714,0.6667,1.0,4.0,4.0,1.0,3.0,2.0,strong,high,80,sparse,11,ok
gamma_strong__noise_high__T_80__density_sparse__seed_012,controlled,0.5,0.4286,0.4615,0.6667,7.0,3.0,3.0,4.0,0.0,strong,high,80,sparse,12,ok
gamma_strong__noise_high__T_80__density_sparse__seed_012,uncontrolled,0.5,0.2857,0.3636,1.0,7.0,2.0,2.0,5.0,1.0,strong,high,80,sparse,12,ok
gamma_strong__noise_high__T_80__density_sparse__seed_013,controlled,0.2857,0.2857,0.2857,1.0,9.0,2.0,5.0,5.0,3.0,strong,high,80,sparse,13,ok
gamma_strong__noise_high__T_80__density_sparse__seed_013,uncontrolled,0.25,0.2857,0.2667,1.0,9.0,2.0,6.0,5.0,1.0,strong,high,80,sparse,13,ok
gamma_strong__noise_high__T_80__density_sparse__seed_014,controlled,0.5,0.4286,0.4615,0.6667,6.0,3.0,3.0,4.0,1.0,strong,high,80,sparse,14,ok
gamma_strong__noise_high__T_80__density_sparse__seed_014,uncontrolled,0.5714,0.5714,0.5714,0.75,5.0,4.0,3.0,3.0,1.0,strong,high,80,sparse,14,ok
gamma_strong__noise_high__T_80__density_sparse__seed_015,controlled,0.5714,0.5714,0.5714,0.75,6.0,4.0,3.0,3.0,3.0,strong,high,80,sparse,15,ok
gamma_strong__noise_high__T_80__density_sparse__seed_015,uncontrolled,0.5,0.4286,0.4615,1.0,7.0,3.0,3.0,4.0,2.0,strong,high,80,sparse,15,ok
gamma_strong__noise_low__T_156__density_dense__seed_001,controlled,0.6667,0.5455,0.6,0.8333,8.0,6.0,3.0,5.0,3.0,strong,low,156,dense,1,ok
gamma_strong__noise_low__T_156__density_dense__seed_001,uncontrolled,0.7,0.6364,0.6667,0.7143,7.0,7.0,3.0,4.0,2.0,strong,low,156,dense,1,ok
gamma_strong__noise_low__T_156__density_dense__seed_002,controlled,1.0,0.3636,0.5333,1.0,7.0,4.0,0.0,7.0,2.0,strong,low,156,dense,2,ok
gamma_strong__noise_low__T_156__density_dense__seed_002,uncontrolled,0.75,0.2727,0.4,1.0,8.0,3.0,1.0,8.0,2.0,strong,low,156,dense,2,ok
gamma_strong__noise_low__T_156__density_dense__seed_003,controlled,1.0,0.3636,0.5333,0.75,7.0,4.0,0.0,7.0,2.0,strong,low,156,dense,3,ok
gamma_strong__noise_low__T_156__density_dense__seed_003,uncontrolled,1.0,0.3636,0.5333,0.75,7.0,4.0,0.0,7.0,1.0,strong,low,156,dense,3,ok
gamma_strong__noise_low__T_156__density_dense__seed_004,controlled,0.7778,0.6364,0.7,1.0,6.0,7.0,2.0,4.0,1.0,strong,low,156,dense,4,ok
gamma_strong__noise_low__T_156__density_dense__seed_004,uncontrolled,0.6154,0.7273,0.6667,0.875,7.0,8.0,5.0,3.0,1.0,strong,low,156,dense,4,ok
gamma_strong__noise_low__T_156__density_dense__seed_005,controlled,0.7778,0.6364,0.7,1.0,5.0,7.0,2.0,4.0,2.0,strong,low,156,dense,5,ok
gamma_strong__noise_low__T_156__density_dense__seed_005,uncontrolled,0.7,0.6364,0.6667,1.0,6.0,7.0,3.0,4.0,2.0,strong,low,156,dense,5,ok
gamma_strong__noise_low__T_156__density_dense__seed_006,controlled,0.6,0.5455,0.5714,1.0,8.0,6.0,4.0,5.0,3.0,strong,low,156,dense,6,ok
gamma_strong__noise_low__T_156__density_dense__seed_006,uncontrolled,0.5455,0.5455,0.5455,1.0,8.0,6.0,5.0,5.0,3.0,strong,low,156,dense,6,ok
gamma_strong__noise_low__T_156__density_dense__seed_007,controlled,0.75,0.5455,0.6316,1.0,6.0,6.0,2.0,5.0,2.0,strong,low,156,dense,7,ok
gamma_strong__noise_low__T_156__density_dense__seed_007,uncontrolled,0.8,0.7273,0.7619,0.875,5.0,8.0,2.0,3.0,0.0,strong,low,156,dense,7,ok
gamma_strong__noise_low__T_156__density_dense__seed_008,controlled,0.5,0.5455,0.5217,1.0,10.0,6.0,6.0,5.0,2.0,strong,low,156,dense,8,ok
gamma_strong__noise_low__T_156__density_dense__seed_008,uncontrolled,0.4375,0.6364,0.5185,1.0,11.0,7.0,9.0,4.0,0.0,strong,low,156,dense,8,ok
gamma_strong__noise_low__T_156__density_dense__seed_009,controlled,0.5333,0.7273,0.6154,1.0,8.0,8.0,7.0,3.0,1.0,strong,low,156,dense,9,ok
gamma_strong__noise_low__T_156__density_dense__seed_009,uncontrolled,0.5714,0.7273,0.64,1.0,8.0,8.0,6.0,3.0,2.0,strong,low,156,dense,9,ok
gamma_strong__noise_low__T_156__density_dense__seed_010,controlled,0.875,0.6364,0.7368,0.7143,5.0,7.0,1.0,4.0,1.0,strong,low,156,dense,10,ok
gamma_strong__noise_low__T_156__density_dense__seed_010,uncontrolled,0.875,0.6364,0.7368,0.7143,5.0,7.0,1.0,4.0,0.0,strong,low,156,dense,10,ok
gamma_strong__noise_low__T_156__density_dense__seed_011,controlled,0.6667,0.7273,0.6957,0.75,7.0,8.0,4.0,3.0,2.0,strong,low,156,dense,11,ok
gamma_strong__noise_low__T_156__density_dense__seed_011,uncontrolled,0.7273,0.7273,0.7273,0.75,6.0,8.0,3.0,3.0,2.0,strong,low,156,dense,11,ok
gamma_strong__noise_low__T_156__density_dense__seed_012,controlled,0.6667,0.5455,0.6,1.0,8.0,6.0,3.0,5.0,4.0,strong,low,156,dense,12,ok
gamma_strong__noise_low__T_156__density_dense__seed_012,uncontrolled,0.6667,0.5455,0.6,1.0,8.0,6.0,3.0,5.0,3.0,strong,low,156,dense,12,ok
gamma_strong__noise_low__T_156__density_dense__seed_013,controlled,0.875,0.6364,0.7368,0.8571,5.0,7.0,1.0,4.0,0.0,strong,low,156,dense,13,ok
gamma_strong__noise_low__T_156__density_dense__seed_013,uncontrolled,0.7,0.6364,0.6667,0.8571,7.0,7.0,3.0,4.0,0.0,strong,low,156,dense,13,ok
gamma_strong__noise_low__T_156__density_dense__seed_014,controlled,0.75,0.8182,0.7826,0.6667,5.0,9.0,3.0,2.0,4.0,strong,low,156,dense,14,ok
gamma_strong__noise_low__T_156__density_dense__seed_014,uncontrolled,0.6154,0.7273,0.6667,0.75,6.0,8.0,5.0,3.0,2.0,strong,low,156,dense,14,ok
gamma_strong__noise_low__T_156__density_dense__seed_015,controlled,0.6,0.5455,0.5714,0.8333,8.0,6.0,4.0,5.0,0.0,strong,low,156,dense,15,ok
gamma_strong__noise_low__T_156__density_dense__seed_015,uncontrolled,0.75,0.5455,0.6316,0.8333,6.0,6.0,2.0,5.0,3.0,strong,low,156,dense,15,ok
gamma_strong__noise_low__T_156__density_medium__seed_001,controlled,0.7778,0.7778,0.7778,0.7143,4.0,7.0,2.0,2.0,2.0,strong,low,156,medium,1,ok
gamma_strong__noise_low__T_156__density_medium__seed_001,uncontrolled,0.7778,0.7778,0.7778,0.7143,4.0,7.0,2.0,2.0,1.0,strong,low,156,medium,1,ok
gamma_strong__noise_low__T_156__density_medium__seed_002,controlled,0.8333,0.5556,0.6667,1.0,4.0,5.0,1.0,4.0,0.0,strong,low,156,medium,2,ok
gamma_strong__noise_low__T_156__density_medium__seed_002,uncontrolled,0.7143,0.5556,0.625,1.0,4.0,5.0,2.0,4.0,0.0,strong,low,156,medium,2,ok
gamma_strong__noise_low__T_156__density_medium__seed_003,controlled,1.0,0.5556,0.7143,0.8,4.0,5.0,0.0,4.0,4.0,strong,low,156,medium,3,ok
gamma_strong__noise_low__T_156__density_medium__seed_003,uncontrolled,1.0,0.5556,0.7143,0.8,4.0,5.0,0.0,4.0,2.0,strong,low,156,medium,3,ok
gamma_strong__noise_low__T_156__density_medium__seed_004,controlled,0.7143,0.5556,0.625,1.0,4.0,5.0,2.0,4.0,1.0,strong,low,156,medium,4,ok
gamma_strong__noise_low__T_156__density_medium__seed_004,uncontrolled,0.5556,0.5556,0.5556,1.0,6.0,5.0,4.0,4.0,1.0,strong,low,156,medium,4,ok
gamma_strong__noise_low__T_156__density_medium__seed_005,controlled,0.875,0.7778,0.8235,1.0,3.0,7.0,1.0,2.0,3.0,strong,low,156,medium,5,ok
gamma_strong__noise_low__T_156__density_medium__seed_005,uncontrolled,0.7778,0.7778,0.7778,1.0,4.0,7.0,2.0,2.0,3.0,strong,low,156,medium,5,ok
gamma_strong__noise_low__T_156__density_medium__seed_006,controlled,0.625,0.5556,0.5882,0.8,6.0,5.0,3.0,4.0,3.0,strong,low,156,medium,6,ok
gamma_strong__noise_low__T_156__density_medium__seed_006,uncontrolled,0.5556,0.5556,0.5556,0.8,7.0,5.0,4.0,4.0,3.0,strong,low,156,medium,6,ok
gamma_strong__noise_low__T_156__density_medium__seed_007,controlled,0.5556,0.5556,0.5556,1.0,7.0,5.0,4.0,4.0,1.0,strong,low,156,medium,7,ok
gamma_strong__noise_low__T_156__density_medium__seed_007,uncontrolled,0.6,0.6667,0.6316,0.8333,6.0,6.0,4.0,3.0,0.0,strong,low,156,medium,7,ok
gamma_strong__noise_low__T_156__density_medium__seed_008,controlled,0.4545,0.5556,0.5,1.0,10.0,5.0,6.0,4.0,1.0,strong,low,156,medium,8,ok
gamma_strong__noise_low__T_156__density_medium__seed_008,uncontrolled,0.5,0.5556,0.5263,1.0,8.0,5.0,5.0,4.0,3.0,strong,low,156,medium,8,ok
gamma_strong__noise_low__T_156__density_medium__seed_009,controlled,0.6364,0.7778,0.7,0.8571,5.0,7.0,4.0,2.0,2.0,strong,low,156,medium,9,ok
gamma_strong__noise_low__T_156__density_medium__seed_009,uncontrolled,0.6,0.6667,0.6316,1.0,6.0,6.0,4.0,3.0,2.0,strong,low,156,medium,9,ok
gamma_strong__noise_low__T_156__density_medium__seed_010,controlled,0.5714,0.4444,0.5,1.0,7.0,4.0,3.0,5.0,1.0,strong,low,156,medium,10,ok
gamma_strong__noise_low__T_156__density_medium__seed_010,uncontrolled,0.5714,0.4444,0.5,1.0,6.0,4.0,3.0,5.0,1.0,strong,low,156,medium,10,ok
gamma_strong__noise_low__T_156__density_medium__seed_011,controlled,0.6667,0.6667,0.6667,0.6667,6.0,6.0,3.0,3.0,2.0,strong,low,156,medium,11,ok
gamma_strong__noise_low__T_156__density_medium__seed_011,uncontrolled,0.75,0.6667,0.7059,0.6667,5.0,6.0,2.0,3.0,3.0,strong,low,156,medium,11,ok
gamma_strong__noise_low__T_156__density_medium__seed_012,controlled,0.6667,0.4444,0.5333,1.0,7.0,4.0,2.0,5.0,5.0,strong,low,156,medium,12,ok
gamma_strong__noise_low__T_156__density_medium__seed_012,uncontrolled,0.6667,0.4444,0.5333,1.0,7.0,4.0,2.0,5.0,4.0,strong,low,156,medium,12,ok
gamma_strong__noise_low__T_156__density_medium__seed_013,controlled,0.6667,0.4444,0.5333,1.0,6.0,4.0,2.0,5.0,2.0,strong,low,156,medium,13,ok
gamma_strong__noise_low__T_156__density_medium__seed_013,uncontrolled,0.8571,0.6667,0.75,0.6667,4.0,6.0,1.0,3.0,1.0,strong,low,156,medium,13,ok
gamma_strong__noise_low__T_156__density_medium__seed_014,controlled,0.5455,0.6667,0.6,0.6667,7.0,6.0,5.0,3.0,2.0,strong,low,156,medium,14,ok
gamma_strong__noise_low__T_156__density_medium__seed_014,uncontrolled,0.5455,0.6667,0.6,0.5,8.0,6.0,5.0,3.0,0.0,strong,low,156,medium,14,ok
gamma_strong__noise_low__T_156__density_medium__seed_015,controlled,0.625,0.5556,0.5882,0.8,6.0,5.0,3.0,4.0,3.0,strong,low,156,medium,15,ok
gamma_strong__noise_low__T_156__density_medium__seed_015,uncontrolled,0.7143,0.5556,0.625,0.8,5.0,5.0,2.0,4.0,3.0,strong,low,156,medium,15,ok
gamma_strong__noise_low__T_156__density_sparse__seed_001,controlled,0.7143,0.7143,0.7143,0.6,4.0,5.0,2.0,2.0,4.0,strong,low,156,sparse,1,ok
gamma_strong__noise_low__T_156__density_sparse__seed_001,uncontrolled,0.7143,0.7143,0.7143,0.6,4.0,5.0,2.0,2.0,1.0,strong,low,156,sparse,1,ok
gamma_strong__noise_low__T_156__density_sparse__seed_002,controlled,0.6,0.4286,0.5,1.0,5.0,3.0,2.0,4.0,3.0,strong,low,156,sparse,2,ok
gamma_strong__noise_low__T_156__density_sparse__seed_002,uncontrolled,0.6667,0.5714,0.6154,0.75,4.0,4.0,2.0,3.0,2.0,strong,low,156,sparse,2,ok
gamma_strong__noise_low__T_156__density_sparse__seed_003,controlled,0.6667,0.2857,0.4,1.0,6.0,2.0,1.0,5.0,5.0,strong,low,156,sparse,3,ok
gamma_strong__noise_low__T_156__density_sparse__seed_003,uncontrolled,0.6667,0.2857,0.4,1.0,6.0,2.0,1.0,5.0,3.0,strong,low,156,sparse,3,ok
gamma_strong__noise_low__T_156__density_sparse__seed_004,controlled,0.6667,0.5714,0.6154,0.75,4.0,4.0,2.0,3.0,1.0,strong,low,156,sparse,4,ok
gamma_strong__noise_low__T_156__density_sparse__seed_004,uncontrolled,0.5714,0.5714,0.5714,0.75,6.0,4.0,3.0,3.0,2.0,strong,low,156,sparse,4,ok
gamma_strong__noise_low__T_156__density_sparse__seed_005,controlled,0.625,0.7143,0.6667,1.0,5.0,5.0,3.0,2.0,1.0,strong,low,156,sparse,5,ok
gamma_strong__noise_low__T_156__density_sparse__seed_005,uncontrolled,0.5714,0.5714,0.5714,1.0,6.0,4.0,3.0,3.0,1.0,strong,low,156,sparse,5,ok
gamma_strong__noise_low__T_156__density_sparse__seed_006,controlled,0.5,0.4286,0.4615,1.0,7.0,3.0,3.0,4.0,2.0,strong,low,156,sparse,6,ok
gamma_strong__noise_low__T_156__density_sparse__seed_006,uncontrolled,0.5,0.4286,0.4615,0.6667,7.0,3.0,3.0,4.0,2.0,strong,low,156,sparse,6,ok
gamma_strong__noise_low__T_156__density_sparse__seed_007,controlled,0.5,0.4286,0.4615,1.0,7.0,3.0,3.0,4.0,2.0,strong,low,156,sparse,7,ok
gamma_strong__noise_low__T_156__density_sparse__seed_007,uncontrolled,0.5,0.5714,0.5333,0.75,7.0,4.0,4.0,3.0,1.0,strong,low,156,sparse,7,ok
gamma_strong__noise_low__T_156__density_sparse__seed_008,controlled,0.5714,0.5714,0.5714,1.0,6.0,4.0,3.0,3.0,3.0,strong,low,156,sparse,8,ok
gamma_strong__noise_low__T_156__density_sparse__seed_008,uncontrolled,0.3636,0.5714,0.4444,1.0,10.0,4.0,7.0,3.0,1.0,strong,low,156,sparse,8,ok
gamma_strong__noise_low__T_156__density_sparse__seed_009,controlled,0.5,0.5714,0.5333,1.0,5.0,4.0,4.0,3.0,0.0,strong,low,156,sparse,9,ok
gamma_strong__noise_low__T_156__density_sparse__seed_009,uncontrolled,0.5714,0.5714,0.5714,1.0,5.0,4.0,3.0,3.0,2.0,strong,low,156,sparse,9,ok
gamma_strong__noise_low__T_156__density_sparse__seed_010,controlled,0.4,0.2857,0.3333,1.0,7.0,2.0,3.0,5.0,0.0,strong,low,156,sparse,10,ok
gamma_strong__noise_low__T_156__density_sparse__seed_010,uncontrolled,0.5,0.5714,0.5333,1.0,5.0,4.0,4.0,3.0,0.0,strong,low,156,sparse,10,ok
gamma_strong__noise_low__T_156__density_sparse__seed_011,controlled,0.6,0.4286,0.5,0.6667,6.0,3.0,2.0,4.0,1.0,strong,low,156,sparse,11,ok
gamma_strong__noise_low__T_156__density_sparse__seed_011,uncontrolled,0.4286,0.4286,0.4286,0.6667,7.0,3.0,4.0,4.0,1.0,strong,low,156,sparse,11,ok
gamma_strong__noise_low__T_156__density_sparse__seed_012,controlled,0.5714,0.5714,0.5714,0.5,5.0,4.0,3.0,3.0,2.0,strong,low,156,sparse,12,ok
gamma_strong__noise_low__T_156__density_sparse__seed_012,uncontrolled,0.4286,0.4286,0.4286,0.3333,7.0,3.0,4.0,4.0,2.0,strong,low,156,sparse,12,ok
gamma_strong__noise_low__T_156__density_sparse__seed_013,controlled,0.4444,0.5714,0.5,1.0,8.0,4.0,5.0,3.0,1.0,strong,low,156,sparse,13,ok
gamma_strong__noise_low__T_156__density_sparse__seed_013,uncontrolled,0.625,0.7143,0.6667,0.4,5.0,5.0,3.0,2.0,0.0,strong,low,156,sparse,13,ok
gamma_strong__noise_low__T_156__density_sparse__seed_014,controlled,0.5714,0.5714,0.5714,0.75,6.0,4.0,3.0,3.0,4.0,strong,low,156,sparse,14,ok
gamma_strong__noise_low__T_156__density_sparse__seed_014,uncontrolled,0.5,0.4286,0.4615,0.6667,7.0,3.0,3.0,4.0,3.0,strong,low,156,sparse,14,ok
gamma_strong__noise_low__T_156__density_sparse__seed_015,controlled,0.6,0.4286,0.5,0.6667,5.0,3.0,2.0,4.0,2.0,strong,low,156,sparse,15,ok
gamma_strong__noise_low__T_156__density_sparse__seed_015,uncontrolled,0.5,0.4286,0.4615,0.6667,5.0,3.0,3.0,4.0,3.0,strong,low,156,sparse,15,ok
gamma_strong__noise_low__T_300__density_dense__seed_001,controlled,0.6429,0.8182,0.72,1.0,5.0,9.0,5.0,2.0,2.0,strong,low,300,dense,1,ok
gamma_strong__noise_low__T_300__density_dense__seed_001,uncontrolled,0.75,0.8182,0.7826,1.0,4.0,9.0,3.0,2.0,4.0,strong,low,300,dense,1,ok
gamma_strong__noise_low__T_300__density_dense__seed_002,controlled,0.7,0.6364,0.6667,1.0,7.0,7.0,3.0,4.0,3.0,strong,low,300,dense,2,ok
gamma_strong__noise_low__T_300__density_dense__seed_002,uncontrolled,0.7,0.6364,0.6667,1.0,7.0,7.0,3.0,4.0,3.0,strong,low,300,dense,2,ok
gamma_strong__noise_low__T_300__density_dense__seed_003,controlled,0.8,0.7273,0.7619,0.875,4.0,8.0,2.0,3.0,1.0,strong,low,300,dense,3,ok
gamma_strong__noise_low__T_300__density_dense__seed_003,uncontrolled,0.8,0.7273,0.7619,0.875,4.0,8.0,2.0,3.0,2.0,strong,low,300,dense,3,ok
gamma_strong__noise_low__T_300__density_dense__seed_004,controlled,0.5455,0.5455,0.5455,1.0,8.0,6.0,5.0,5.0,3.0,strong,low,300,dense,4,ok
gamma_strong__noise_low__T_300__density_dense__seed_004,uncontrolled,0.5455,0.5455,0.5455,1.0,8.0,6.0,5.0,5.0,1.0,strong,low,300,dense,4,ok
gamma_strong__noise_low__T_300__density_dense__seed_005,controlled,0.75,0.8182,0.7826,1.0,4.0,9.0,3.0,2.0,3.0,strong,low,300,dense,5,ok
gamma_strong__noise_low__T_300__density_dense__seed_005,uncontrolled,0.6923,0.8182,0.75,1.0,5.0,9.0,4.0,2.0,2.0,strong,low,300,dense,5,ok
gamma_strong__noise_low__T_300__density_dense__seed_006,controlled,0.6364,0.6364,0.6364,1.0,8.0,7.0,4.0,4.0,0.0,strong,low,300,dense,6,ok
gamma_strong__noise_low__T_300__density_dense__seed_006,uncontrolled,0.5833,0.6364,0.6087,1.0,8.0,7.0,5.0,4.0,1.0,strong,low,300,dense,6,ok
gamma_strong__noise_low__T_300__density_dense__seed_007,controlled,0.6364,0.6364,0.6364,1.0,7.0,7.0,4.0,4.0,1.0,strong,low,300,dense,7,ok
gamma_strong__noise_low__T_300__density_dense__seed_007,uncontrolled,0.5833,0.6364,0.6087,1.0,8.0,7.0,5.0,4.0,2.0,strong,low,300,dense,7,ok
gamma_strong__noise_low__T_300__density_dense__seed_008,controlled,0.7,0.6364,0.6667,1.0,7.0,7.0,3.0,4.0,4.0,strong,low,300,dense,8,ok
gamma_strong__noise_low__T_300__density_dense__seed_008,uncontrolled,0.7273,0.7273,0.7273,0.875,6.0,8.0,3.0,3.0,4.0,strong,low,300,dense,8,ok
gamma_strong__noise_low__T_300__density_dense__seed_009,controlled,0.6,0.5455,0.5714,1.0,8.0,6.0,4.0,5.0,2.0,strong,low,300,dense,9,ok
gamma_strong__noise_low__T_300__density_dense__seed_009,uncontrolled,0.5833,0.6364,0.6087,1.0,6.0,7.0,5.0,4.0,1.0,strong,low,300,dense,9,ok
gamma_strong__noise_low__T_300__density_dense__seed_010,controlled,0.6,0.5455,0.5714,1.0,8.0,6.0,4.0,5.0,6.0,strong,low,300,dense,10,ok
gamma_strong__noise_low__T_300__density_dense__seed_010,uncontrolled,0.6,0.5455,0.5714,1.0,8.0,6.0,4.0,5.0,5.0,strong,low,300,dense,10,ok
gamma_strong__noise_low__T_300__density_dense__seed_011,controlled,0.8889,0.7273,0.8,0.875,4.0,8.0,1.0,3.0,1.0,strong,low,300,dense,11,ok
gamma_strong__noise_low__T_300__density_dense__seed_011,uncontrolled,0.8,0.7273,0.7619,0.875,4.0,8.0,2.0,3.0,1.0,strong,low,300,dense,11,ok
gamma_strong__noise_low__T_300__density_dense__seed_012,controlled,0.75,0.8182,0.7826,1.0,4.0,9.0,3.0,2.0,3.0,strong,low,300,dense,12,ok
gamma_strong__noise_low__T_300__density_dense__seed_012,uncontrolled,0.6923,0.8182,0.75,1.0,5.0,9.0,4.0,2.0,3.0,strong,low,300,dense,12,ok
gamma_strong__noise_low__T_300__density_dense__seed_013,controlled,0.7778,0.6364,0.7,1.0,6.0,7.0,2.0,4.0,1.0,strong,low,300,dense,13,ok
gamma_strong__noise_low__T_300__density_dense__seed_013,uncontrolled,0.7,0.6364,0.6667,1.0,6.0,7.0,3.0,4.0,2.0,strong,low,300,dense,13,ok
gamma_strong__noise_low__T_300__density_dense__seed_014,controlled,0.8182,0.8182,0.8182,0.8889,3.0,9.0,2.0,2.0,3.0,strong,low,300,dense,14,ok
gamma_strong__noise_low__T_300__density_dense__seed_014,uncontrolled,0.75,0.8182,0.7826,0.8889,4.0,9.0,3.0,2.0,3.0,strong,low,300,dense,14,ok
gamma_strong__noise_low__T_300__density_dense__seed_015,controlled,0.7692,0.9091,0.8333,0.8,4.0,10.0,3.0,1.0,3.0,strong,low,300,dense,15,ok
gamma_strong__noise_low__T_300__density_dense__seed_015,uncontrolled,0.7143,0.9091,0.8,0.8,5.0,10.0,4.0,1.0,1.0,strong,low,300,dense,15,ok
gamma_strong__noise_low__T_300__density_medium__seed_001,controlled,0.7778,0.7778,0.7778,1.0,3.0,7.0,2.0,2.0,3.0,strong,low,300,medium,1,ok
gamma_strong__noise_low__T_300__density_medium__seed_001,uncontrolled,0.7778,0.7778,0.7778,1.0,3.0,7.0,2.0,2.0,3.0,strong,low,300,medium,1,ok
gamma_strong__noise_low__T_300__density_medium__seed_002,controlled,0.7143,0.5556,0.625,1.0,6.0,5.0,2.0,4.0,4.0,strong,low,300,medium,2,ok
gamma_strong__noise_low__T_300__density_medium__seed_002,uncontrolled,0.6667,0.6667,0.6667,1.0,6.0,6.0,3.0,3.0,4.0,strong,low,300,medium,2,ok
gamma_strong__noise_low__T_300__density_medium__seed_003,controlled,0.75,0.6667,0.7059,0.8333,4.0,6.0,2.0,3.0,2.0,strong,low,300,medium,3,ok
gamma_strong__noise_low__T_300__density_medium__seed_003,uncontrolled,0.8571,0.6667,0.75,0.8333,3.0,6.0,1.0,3.0,3.0,strong,low,300,medium,3,ok
gamma_strong__noise_low__T_300__density_medium__seed_004,controlled,0.8571,0.6667,0.75,1.0,3.0,6.0,1.0,3.0,2.0,strong,low,300,medium,4,ok
gamma_strong__noise_low__T_300__density_medium__seed_004,uncontrolled,0.75,0.6667,0.7059,1.0,4.0,6.0,2.0,3.0,3.0,strong,low,300,medium,4,ok
gamma_strong__noise_low__T_300__density_medium__seed_005,controlled,0.5833,0.7778,0.6667,1.0,6.0,7.0,5.0,2.0,1.0,strong,low,300,medium,5,ok
gamma_strong__noise_low__T_300__density_medium__seed_005,uncontrolled,0.6364,0.7778,0.7,1.0,6.0,7.0,4.0,2.0,2.0,strong,low,300,medium,5,ok
gamma_strong__noise_low__T_300__density_medium__seed_006,controlled,0.6667,0.6667,0.6667,1.0,6.0,6.0,3.0,3.0,1.0,strong,low,300,medium,6,ok
gamma_strong__noise_low__T_300__density_medium__seed_006,uncontrolled,0.6667,0.6667,0.6667,1.0,6.0,6.0,3.0,3.0,1.0,strong,low,300,medium,6,ok
gamma_strong__noise_low__T_300__density_medium__seed_007,controlled,0.6,0.6667,0.6316,1.0,5.0,6.0,4.0,3.0,2.0,strong,low,300,medium,7,ok
gamma_strong__noise_low__T_300__density_medium__seed_007,uncontrolled,0.6,0.6667,0.6316,1.0,5.0,6.0,4.0,3.0,2.0,strong,low,300,medium,7,ok
gamma_strong__noise_low__T_300__density_medium__seed_008,controlled,0.5556,0.5556,0.5556,1.0,8.0,5.0,4.0,4.0,3.0,strong,low,300,medium,8,ok
gamma_strong__noise_low__T_300__density_medium__seed_008,uncontrolled,0.6,0.6667,0.6316,0.8333,7.0,6.0,4.0,3.0,1.0,strong,low,300,medium,8,ok
gamma_strong__noise_low__T_300__density_medium__seed_009,controlled,0.5714,0.4444,0.5,1.0,7.0,4.0,3.0,5.0,4.0,strong,low,300,medium,9,ok
gamma_strong__noise_low__T_300__density_medium__seed_009,uncontrolled,0.6667,0.6667,0.6667,0.8333,5.0,6.0,3.0,3.0,2.0,strong,low,300,medium,9,ok
gamma_strong__noise_low__T_300__density_medium__seed_010,controlled,0.5,0.5556,0.5263,1.0,9.0,5.0,5.0,4.0,4.0,strong,low,300,medium,10,ok
gamma_strong__noise_low__T_300__density_medium__seed_010,uncontrolled,0.5556,0.5556,0.5556,1.0,8.0,5.0,4.0,4.0,4.0,strong,low,300,medium,10,ok
gamma_strong__noise_low__T_300__density_medium__seed_011,controlled,1.0,0.6667,0.8,1.0,3.0,6.0,0.0,3.0,1.0,strong,low,300,medium,11,ok
gamma_strong__noise_low__T_300__density_medium__seed_011,uncontrolled,0.6667,0.6667,0.6667,1.0,5.0,6.0,3.0,3.0,0.0,strong,low,300,medium,11,ok
gamma_strong__noise_low__T_300__density_medium__seed_012,controlled,0.7,0.7778,0.7368,1.0,3.0,7.0,3.0,2.0,2.0,strong,low,300,medium,12,ok
gamma_strong__noise_low__T_300__density_medium__seed_012,uncontrolled,0.5833,0.7778,0.6667,1.0,5.0,7.0,5.0,2.0,0.0,strong,low,300,medium,12,ok
gamma_strong__noise_low__T_300__density_medium__seed_013,controlled,0.6667,0.6667,0.6667,1.0,6.0,6.0,3.0,3.0,1.0,strong,low,300,medium,13,ok
gamma_strong__noise_low__T_300__density_medium__seed_013,uncontrolled,0.6,0.6667,0.6316,1.0,6.0,6.0,4.0,3.0,2.0,strong,low,300,medium,13,ok
gamma_strong__noise_low__T_300__density_medium__seed_014,controlled,0.7,0.7778,0.7368,0.8571,4.0,7.0,3.0,2.0,3.0,strong,low,300,medium,14,ok
gamma_strong__noise_low__T_300__density_medium__seed_014,uncontrolled,0.8,0.8889,0.8421,0.875,3.0,8.0,2.0,1.0,4.0,strong,low,300,medium,14,ok
gamma_strong__noise_low__T_300__density_medium__seed_015,controlled,0.8,0.8889,0.8421,0.75,3.0,8.0,2.0,1.0,3.0,strong,low,300,medium,15,ok
gamma_strong__noise_low__T_300__density_medium__seed_015,uncontrolled,0.75,1.0,0.8571,0.7778,3.0,9.0,3.0,0.0,1.0,strong,low,300,medium,15,ok
gamma_strong__noise_low__T_300__density_sparse__seed_001,controlled,0.6,0.8571,0.7059,0.8333,4.0,6.0,4.0,1.0,0.0,strong,low,300,sparse,1,ok
gamma_strong__noise_low__T_300__density_sparse__seed_001,uncontrolled,0.6,0.8571,0.7059,0.8333,4.0,6.0,4.0,1.0,0.0,strong,low,300,sparse,1,ok
gamma_strong__noise_low__T_300__density_sparse__seed_002,controlled,0.5,0.4286,0.4615,1.0,7.0,3.0,3.0,4.0,2.0,strong,low,300,sparse,2,ok
gamma_strong__noise_low__T_300__density_sparse__seed_002,uncontrolled,0.5714,0.5714,0.5714,0.75,6.0,4.0,3.0,3.0,2.0,strong,low,300,sparse,2,ok
gamma_strong__noise_low__T_300__density_sparse__seed_003,controlled,0.5556,0.7143,0.625,0.8,5.0,5.0,4.0,2.0,0.0,strong,low,300,sparse,3,ok
gamma_strong__noise_low__T_300__density_sparse__seed_003,uncontrolled,0.5556,0.7143,0.625,0.8,5.0,5.0,4.0,2.0,0.0,strong,low,300,sparse,3,ok
gamma_strong__noise_low__T_300__density_sparse__seed_004,controlled,0.8333,0.7143,0.7692,0.8,2.0,5.0,1.0,2.0,3.0,strong,low,300,sparse,4,ok
gamma_strong__noise_low__T_300__density_sparse__seed_004,uncontrolled,0.6667,0.5714,0.6154,1.0,4.0,4.0,2.0,3.0,3.0,strong,low,300,sparse,4,ok
gamma_strong__noise_low__T_300__density_sparse__seed_005,controlled,0.5,0.7143,0.5882,1.0,6.0,5.0,5.0,2.0,2.0,strong,low,300,sparse,5,ok
gamma_strong__noise_low__T_300__density_sparse__seed_005,uncontrolled,0.4545,0.7143,0.5556,1.0,6.0,5.0,6.0,2.0,0.0,strong,low,300,sparse,5,ok
gamma_strong__noise_low__T_300__density_sparse__seed_006,controlled,0.625,0.7143,0.6667,1.0,5.0,5.0,3.0,2.0,2.0,strong,low,300,sparse,6,ok
gamma_strong__noise_low__T_300__density_sparse__seed_006,uncontrolled,0.5455,0.8571,0.6667,0.8333,6.0,6.0,5.0,1.0,1.0,strong,low,300,sparse,6,ok
gamma_strong__noise_low__T_300__density_sparse__seed_007,controlled,0.6,0.4286,0.5,1.0,5.0,3.0,2.0,4.0,3.0,strong,low,300,sparse,7,ok
gamma_strong__noise_low__T_300__density_sparse__seed_007,uncontrolled,0.4,0.5714,0.4706,0.75,7.0,4.0,6.0,3.0,1.0,strong,low,300,sparse,7,ok
gamma_strong__noise_low__T_300__density_sparse__seed_008,controlled,0.6667,0.5714,0.6154,0.75,5.0,4.0,2.0,3.0,6.0,strong,low,300,sparse,8,ok
gamma_strong__noise_low__T_300__density_sparse__seed_008,uncontrolled,0.6667,0.5714,0.6154,0.75,5.0,4.0,2.0,3.0,4.0,strong,low,300,sparse,8,ok
gamma_strong__noise_low__T_300__density_sparse__seed_009,controlled,0.625,0.7143,0.6667,0.8,5.0,5.0,3.0,2.0,3.0,strong,low,300,sparse,9,ok
gamma_strong__noise_low__T_300__density_sparse__seed_009,uncontrolled,0.3333,0.4286,0.375,1.0,8.0,3.0,6.0,4.0,0.0,strong,low,300,sparse,9,ok
gamma_strong__noise_low__T_300__density_sparse__seed_010,controlled,0.3333,0.2857,0.3077,1.0,9.0,2.0,4.0,5.0,6.0,strong,low,300,sparse,10,ok
gamma_strong__noise_low__T_300__density_sparse__seed_010,uncontrolled,0.4,0.2857,0.3333,1.0,8.0,2.0,3.0,5.0,5.0,strong,low,300,sparse,10,ok
gamma_strong__noise_low__T_300__density_sparse__seed_011,controlled,0.7143,0.7143,0.7143,1.0,3.0,5.0,2.0,2.0,4.0,strong,low,300,sparse,11,ok
gamma_strong__noise_low__T_300__density_sparse__seed_011,uncontrolled,0.7143,0.7143,0.7143,1.0,3.0,5.0,2.0,2.0,2.0,strong,low,300,sparse,11,ok
gamma_strong__noise_low__T_300__density_sparse__seed_012,controlled,0.7143,0.7143,0.7143,1.0,3.0,5.0,2.0,2.0,3.0,strong,low,300,sparse,12,ok
gamma_strong__noise_low__T_300__density_sparse__seed_012,uncontrolled,0.5,0.7143,0.5882,1.0,5.0,5.0,5.0,2.0,3.0,strong,low,300,sparse,12,ok
gamma_strong__noise_low__T_300__density_sparse__seed_013,controlled,0.5,0.4286,0.4615,1.0,7.0,3.0,3.0,4.0,3.0,strong,low,300,sparse,13,ok
gamma_strong__noise_low__T_300__density_sparse__seed_013,uncontrolled,0.5,0.5714,0.5333,0.75,6.0,4.0,4.0,3.0,2.0,strong,low,300,sparse,13,ok
gamma_strong__noise_low__T_300__density_sparse__seed_014,controlled,0.75,0.8571,0.8,0.6667,3.0,6.0,2.0,1.0,2.0,strong,low,300,sparse,14,ok
gamma_strong__noise_low__T_300__density_sparse__seed_014,uncontrolled,0.7778,1.0,0.875,0.7143,2.0,7.0,2.0,0.0,2.0,strong,low,300,sparse,14,ok
gamma_strong__noise_low__T_300__density_sparse__seed_015,controlled,0.75,0.8571,0.8,0.6667,3.0,6.0,2.0,1.0,7.0,strong,low,300,sparse,15,ok
gamma_strong__noise_low__T_300__density_sparse__seed_015,uncontrolled,0.75,0.8571,0.8,0.8333,3.0,6.0,2.0,1.0,3.0,strong,low,300,sparse,15,ok
gamma_strong__noise_low__T_80__density_dense__seed_001,controlled,1.0,0.7273,0.8421,0.875,3.0,8.0,0.0,3.0,2.0,strong,low,80,dense,1,ok
gamma_strong__noise_low__T_80__density_dense__seed_001,uncontrolled,0.7273,0.7273,0.7273,0.875,5.0,8.0,3.0,3.0,1.0,strong,low,80,dense,1,ok
gamma_strong__noise_low__T_80__density_dense__seed_002,controlled,0.7778,0.6364,0.7,1.0,5.0,7.0,2.0,4.0,2.0,strong,low,80,dense,2,ok
gamma_strong__noise_low__T_80__density_dense__seed_002,uncontrolled,0.8571,0.5455,0.6667,1.0,6.0,6.0,1.0,5.0,1.0,strong,low,80,dense,2,ok
gamma_strong__noise_low__T_80__density_dense__seed_003,controlled,0.8333,0.4545,0.5882,1.0,7.0,5.0,1.0,6.0,2.0,strong,low,80,dense,3,ok
gamma_strong__noise_low__T_80__density_dense__seed_003,uncontrolled,0.7,0.6364,0.6667,0.7143,7.0,7.0,3.0,4.0,0.0,strong,low,80,dense,3,ok
gamma_strong__noise_low__T_80__density_dense__seed_004,controlled,1.0,0.4545,0.625,1.0,6.0,5.0,0.0,6.0,2.0,strong,low,80,dense,4,ok
gamma_strong__noise_low__T_80__density_dense__seed_004,uncontrolled,1.0,0.5455,0.7059,1.0,5.0,6.0,0.0,5.0,2.0,strong,low,80,dense,4,ok
gamma_strong__noise_low__T_80__density_dense__seed_005,controlled,1.0,0.4545,0.625,0.8,6.0,5.0,0.0,6.0,1.0,strong,low,80,dense,5,ok
gamma_strong__noise_low__T_80__density_dense__seed_005,uncontrolled,1.0,0.5455,0.7059,0.8333,5.0,6.0,0.0,5.0,1.0,strong,low,80,dense,5,ok
gamma_strong__noise_low__T_80__density_dense__seed_006,controlled,0.6,0.5455,0.5714,0.8333,7.0,6.0,4.0,5.0,1.0,strong,low,80,dense,6,ok
gamma_strong__noise_low__T_80__density_dense__seed_006,uncontrolled,0.5,0.3636,0.4211,0.75,9.0,4.0,4.0,7.0,1.0,strong,low,80,dense,6,ok
gamma_strong__noise_low__T_80__density_dense__seed_007,controlled,0.5714,0.3636,0.4444,1.0,10.0,4.0,3.0,7.0,1.0,strong,low,80,dense,7,ok
gamma_strong__noise_low__T_80__density_dense__seed_007,uncontrolled,0.5714,0.3636,0.4444,1.0,10.0,4.0,3.0,7.0,0.0,strong,low,80,dense,7,ok
gamma_strong__noise_low__T_80__density_dense__seed_008,controlled,0.8571,0.5455,0.6667,1.0,6.0,6.0,1.0,5.0,1.0,strong,low,80,dense,8,ok
gamma_strong__noise_low__T_80__density_dense__seed_008,uncontrolled,0.8571,0.5455,0.6667,1.0,6.0,6.0,1.0,5.0,1.0,strong,low,80,dense,8,ok
gamma_strong__noise_low__T_80__density_dense__seed_009,controlled,0.6364,0.6364,0.6364,1.0,8.0,7.0,4.0,4.0,0.0,strong,low,80,dense,9,ok
gamma_strong__noise_low__T_80__density_dense__seed_009,uncontrolled,0.6364,0.6364,0.6364,1.0,8.0,7.0,4.0,4.0,0.0,strong,low,80,dense,9,ok
gamma_strong__noise_low__T_80__density_dense__seed_010,controlled,1.0,0.4545,0.625,1.0,6.0,5.0,0.0,6.0,2.0,strong,low,80,dense,10,ok
gamma_strong__noise_low__T_80__density_dense__seed_010,uncontrolled,1.0,0.5455,0.7059,0.8333,5.0,6.0,0.0,5.0,0.0,strong,low,80,dense,10,ok
gamma_strong__noise_low__T_80__density_dense__seed_011,controlled,0.75,0.5455,0.6316,1.0,7.0,6.0,2.0,5.0,4.0,strong,low,80,dense,11,ok
gamma_strong__noise_low__T_80__density_dense__seed_011,uncontrolled,0.75,0.5455,0.6316,1.0,7.0,6.0,2.0,5.0,2.0,strong,low,80,dense,11,ok
gamma_strong__noise_low__T_80__density_dense__seed_012,controlled,0.7778,0.6364,0.7,0.7143,5.0,7.0,2.0,4.0,1.0,strong,low,80,dense,12,ok
gamma_strong__noise_low__T_80__density_dense__seed_012,uncontrolled,0.6667,0.5455,0.6,0.8333,6.0,6.0,3.0,5.0,1.0,strong,low,80,dense,12,ok
gamma_strong__noise_low__T_80__density_dense__seed_013,controlled,0.75,0.5455,0.6316,0.8333,6.0,6.0,2.0,5.0,3.0,strong,low,80,dense,13,ok
gamma_strong__noise_low__T_80__density_dense__seed_013,uncontrolled,0.6667,0.5455,0.6,0.8333,7.0,6.0,3.0,5.0,1.0,strong,low,80,dense,13,ok
gamma_strong__noise_low__T_80__density_dense__seed_014,controlled,0.5714,0.3636,0.4444,1.0,9.0,4.0,3.0,7.0,4.0,strong,low,80,dense,14,ok
gamma_strong__noise_low__T_80__density_dense__seed_014,uncontrolled,0.5556,0.4545,0.5,1.0,9.0,5.0,4.0,6.0,0.0,strong,low,80,dense,14,ok
gamma_strong__noise_low__T_80__density_dense__seed_015,controlled,0.5455,0.5455,0.5455,1.0,10.0,6.0,5.0,5.0,2.0,strong,low,80,dense,15,ok
gamma_strong__noise_low__T_80__density_dense__seed_015,uncontrolled,0.6,0.5455,0.5714,1.0,9.0,6.0,4.0,5.0,2.0,strong,low,80,dense,15,ok
gamma_strong__noise_low__T_80__density_medium__seed_001,controlled,0.7143,0.5556,0.625,1.0,6.0,5.0,2.0,4.0,2.0,strong,low,80,medium,1,ok
gamma_strong__noise_low__T_80__density_medium__seed_001,uncontrolled,0.625,0.5556,0.5882,1.0,7.0,5.0,3.0,4.0,1.0,strong,low,80,medium,1,ok
gamma_strong__noise_low__T_80__density_medium__seed_002,controlled,0.8333,0.5556,0.6667,1.0,5.0,5.0,1.0,4.0,3.0,strong,low,80,medium,2,ok
gamma_strong__noise_low__T_80__density_medium__seed_002,uncontrolled,0.8,0.4444,0.5714,1.0,6.0,4.0,1.0,5.0,0.0,strong,low,80,medium,2,ok
gamma_strong__noise_low__T_80__density_medium__seed_003,controlled,1.0,0.3333,0.5,1.0,6.0,3.0,0.0,6.0,3.0,strong,low,80,medium,3,ok
gamma_strong__noise_low__T_80__density_medium__seed_003,uncontrolled,0.625,0.5556,0.5882,0.6,6.0,5.0,3.0,4.0,0.0,strong,low,80,medium,3,ok
gamma_strong__noise_low__T_80__density_medium__seed_004,controlled,1.0,0.4444,0.6154,0.75,5.0,4.0,0.0,5.0,2.0,strong,low,80,medium,4,ok
gamma_strong__noise_low__T_80__density_medium__seed_004,uncontrolled,1.0,0.4444,0.6154,0.75,5.0,4.0,0.0,5.0,2.0,strong,low,80,medium,4,ok
gamma_strong__noise_low__T_80__density_medium__seed_005,controlled,0.8,0.4444,0.5714,0.5,6.0,4.0,1.0,5.0,2.0,strong,low,80,medium,5,ok
gamma_strong__noise_low__T_80__density_medium__seed_005,uncontrolled,0.8,0.4444,0.5714,0.75,6.0,4.0,1.0,5.0,2.0,strong,low,80,medium,5,ok
gamma_strong__noise_low__T_80__density_medium__seed_006,controlled,0.5556,0.5556,0.5556,1.0,7.0,5.0,4.0,4.0,3.0,strong,low,80,medium,6,ok
gamma_strong__noise_low__T_80__density_medium__seed_006,uncontrolled,0.5,0.4444,0.4706,1.0,7.0,4.0,4.0,5.0,1.0,strong,low,80,medium,6,ok
gamma_strong__noise_low__T_80__density_medium__seed_007,controlled,0.7143,0.5556,0.625,1.0,6.0,5.0,2.0,4.0,1.0,strong,low,80,medium,7,ok
gamma_strong__noise_low__T_80__density_medium__seed_007,uncontrolled,0.625,0.5556,0.5882,1.0,7.0,5.0,3.0,4.0,0.0,strong,low,80,medium,7,ok
gamma_strong__noise_low__T_80__density_medium__seed_008,controlled,0.75,0.3333,0.4615,1.0,7.0,3.0,1.0,6.0,3.0,strong,low,80,medium,8,ok
gamma_strong__noise_low__T_80__density_medium__seed_008,uncontrolled,0.75,0.3333,0.4615,1.0,7.0,3.0,1.0,6.0,2.0,strong,low,80,medium,8,ok
gamma_strong__noise_low__T_80__density_medium__seed_009,controlled,0.7143,0.5556,0.625,1.0,6.0,5.0,2.0,4.0,1.0,strong,low,80,medium,9,ok
gamma_strong__noise_low__T_80__density_medium__seed_009,uncontrolled,0.7143,0.5556,0.625,1.0,6.0,5.0,2.0,4.0,1.0,strong,low,80,medium,9,ok
gamma_strong__noise_low__T_80__density_medium__seed_010,controlled,1.0,0.3333,0.5,1.0,6.0,3.0,0.0,6.0,5.0,strong,low,80,medium,10,ok
gamma_strong__noise_low__T_80__density_medium__seed_010,uncontrolled,1.0,0.3333,0.5,1.0,6.0,3.0,0.0,6.0,2.0,strong,low,80,medium,10,ok
gamma_strong__noise_low__T_80__density_medium__seed_011,controlled,0.75,0.6667,0.7059,1.0,5.0,6.0,2.0,3.0,4.0,strong,low,80,medium,11,ok
gamma_strong__noise_low__T_80__density_medium__seed_011,uncontrolled,0.8571,0.6667,0.75,1.0,4.0,6.0,1.0,3.0,3.0,strong,low,80,medium,11,ok
gamma_strong__noise_low__T_80__density_medium__seed_012,controlled,0.625,0.5556,0.5882,0.8,6.0,5.0,3.0,4.0,1.0,strong,low,80,medium,12,ok
gamma_strong__noise_low__T_80__density_medium__seed_012,uncontrolled,0.7143,0.5556,0.625,0.8,5.0,5.0,2.0,4.0,1.0,strong,low,80,medium,12,ok
gamma_strong__noise_low__T_80__density_medium__seed_013,controlled,0.5714,0.4444,0.5,1.0,6.0,4.0,3.0,5.0,3.0,strong,low,80,medium,13,ok
gamma_strong__noise_low__T_80__density_medium__seed_013,uncontrolled,0.5,0.4444,0.4706,1.0,7.0,4.0,4.0,5.0,2.0,strong,low,80,medium,13,ok
gamma_strong__noise_low__T_80__density_medium__seed_014,controlled,0.5714,0.4444,0.5,1.0,7.0,4.0,3.0,5.0,3.0,strong,low,80,medium,14,ok
gamma_strong__noise_low__T_80__density_medium__seed_014,uncontrolled,0.5556,0.5556,0.5556,1.0,7.0,5.0,4.0,4.0,0.0,strong,low,80,medium,14,ok
gamma_strong__noise_low__T_80__density_medium__seed_015,controlled,0.6,0.6667,0.6316,0.8333,6.0,6.0,4.0,3.0,1.0,strong,low,80,medium,15,ok
gamma_strong__noise_low__T_80__density_medium__seed_015,uncontrolled,0.5,0.6667,0.5714,0.8333,8.0,6.0,6.0,3.0,0.0,strong,low,80,medium,15,ok
gamma_strong__noise_low__T_80__density_sparse__seed_001,controlled,0.6,0.4286,0.5,1.0,6.0,3.0,2.0,4.0,3.0,strong,low,80,sparse,1,ok
gamma_strong__noise_low__T_80__density_sparse__seed_001,uncontrolled,0.5,0.4286,0.4615,1.0,7.0,3.0,3.0,4.0,3.0,strong,low,80,sparse,1,ok
gamma_strong__noise_low__T_80__density_sparse__seed_002,controlled,0.6667,0.2857,0.4,1.0,6.0,2.0,1.0,5.0,2.0,strong,low,80,sparse,2,ok
gamma_strong__noise_low__T_80__density_sparse__seed_002,uncontrolled,0.6667,0.2857,0.4,1.0,6.0,2.0,1.0,5.0,1.0,strong,low,80,sparse,2,ok
gamma_strong__noise_low__T_80__density_sparse__seed_003,controlled,0.5,0.4286,0.4615,1.0,7.0,3.0,3.0,4.0,3.0,strong,low,80,sparse,3,ok
gamma_strong__noise_low__T_80__density_sparse__seed_003,uncontrolled,0.5556,0.7143,0.625,0.6,6.0,5.0,4.0,2.0,1.0,strong,low,80,sparse,3,ok
gamma_strong__noise_low__T_80__density_sparse__seed_004,controlled,0.75,0.4286,0.5455,1.0,4.0,3.0,1.0,4.0,1.0,strong,low,80,sparse,4,ok
gamma_strong__noise_low__T_80__density_sparse__seed_004,uncontrolled,0.5,0.4286,0.4615,1.0,6.0,3.0,3.0,4.0,1.0,strong,low,80,sparse,4,ok
gamma_strong__noise_low__T_80__density_sparse__seed_005,controlled,1.0,0.2857,0.4444,1.0,5.0,2.0,0.0,5.0,2.0,strong,low,80,sparse,5,ok
gamma_strong__noise_low__T_80__density_sparse__seed_005,uncontrolled,1.0,0.4286,0.6,0.6667,4.0,3.0,0.0,4.0,1.0,strong,low,80,sparse,5,ok
gamma_strong__noise_low__T_80__density_sparse__seed_006,controlled,0.5,0.2857,0.3636,1.0,7.0,2.0,2.0,5.0,2.0,strong,low,80,sparse,6,ok
gamma_strong__noise_low__T_80__density_sparse__seed_006,uncontrolled,0.4,0.2857,0.3333,1.0,8.0,2.0,3.0,5.0,1.0,strong,low,80,sparse,6,ok
gamma_strong__noise_low__T_80__density_sparse__seed_007,controlled,0.75,0.4286,0.5455,1.0,5.0,3.0,1.0,4.0,1.0,strong,low,80,sparse,7,ok
gamma_strong__noise_low__T_80__density_sparse__seed_007,uncontrolled,0.75,0.4286,0.5455,1.0,5.0,3.0,1.0,4.0,1.0,strong,low,80,sparse,7,ok
gamma_strong__noise_low__T_80__density_sparse__seed_008,controlled,0.5,0.4286,0.4615,0.6667,6.0,3.0,3.0,4.0,1.0,strong,low,80,sparse,8,ok
gamma_strong__noise_low__T_80__density_sparse__seed_008,uncontrolled,0.5,0.4286,0.4615,0.6667,6.0,3.0,3.0,4.0,0.0,strong,low,80,sparse,8,ok
gamma_strong__noise_low__T_80__density_sparse__seed_009,controlled,0.6,0.4286,0.5,0.6667,6.0,3.0,2.0,4.0,2.0,strong,low,80,sparse,9,ok
gamma_strong__noise_low__T_80__density_sparse__seed_009,uncontrolled,0.5,0.4286,0.4615,0.6667,7.0,3.0,3.0,4.0,1.0,strong,low,80,sparse,9,ok
gamma_strong__noise_low__T_80__density_sparse__seed_010,controlled,1.0,0.2857,0.4444,1.0,5.0,2.0,0.0,5.0,3.0,strong,low,80,sparse,10,ok
gamma_strong__noise_low__T_80__density_sparse__seed_010,uncontrolled,0.6667,0.2857,0.4,1.0,5.0,2.0,1.0,5.0,2.0,strong,low,80,sparse,10,ok
gamma_strong__noise_low__T_80__density_sparse__seed_011,controlled,0.6,0.4286,0.5,1.0,6.0,3.0,2.0,4.0,1.0,strong,low,80,sparse,11,ok
gamma_strong__noise_low__T_80__density_sparse__seed_011,uncontrolled,0.8,0.5714,0.6667,1.0,4.0,4.0,1.0,3.0,2.0,strong,low,80,sparse,11,ok
gamma_strong__noise_low__T_80__density_sparse__seed_012,controlled,0.4,0.2857,0.3333,1.0,7.0,2.0,3.0,5.0,0.0,strong,low,80,sparse,12,ok
gamma_strong__noise_low__T_80__density_sparse__seed_012,uncontrolled,0.6667,0.2857,0.4,1.0,6.0,2.0,1.0,5.0,1.0,strong,low,80,sparse,12,ok
gamma_strong__noise_low__T_80__density_sparse__seed_013,controlled,0.3333,0.4286,0.375,0.6667,8.0,3.0,6.0,4.0,2.0,strong,low,80,sparse,13,ok
gamma_strong__noise_low__T_80__density_sparse__seed_013,uncontrolled,0.4,0.5714,0.4706,0.5,7.0,4.0,6.0,3.0,0.0,strong,low,80,sparse,13,ok
gamma_strong__noise_low__T_80__density_sparse__seed_014,controlled,0.5,0.4286,0.4615,1.0,6.0,3.0,3.0,4.0,1.0,strong,low,80,sparse,14,ok
gamma_strong__noise_low__T_80__density_sparse__seed_014,uncontrolled,0.5714,0.5714,0.5714,1.0,5.0,4.0,3.0,3.0,1.0,strong,low,80,sparse,14,ok
gamma_strong__noise_low__T_80__density_sparse__seed_015,controlled,0.5,0.5714,0.5333,0.75,6.0,4.0,4.0,3.0,1.0,strong,low,80,sparse,15,ok
gamma_strong__noise_low__T_80__density_sparse__seed_015,uncontrolled,0.4,0.5714,0.4706,0.75,8.0,4.0,6.0,3.0,0.0,strong,low,80,sparse,15,ok
gamma_strong__noise_medium__T_156__density_dense__seed_001,controlled,0.6667,0.5455,0.6,0.8333,8.0,6.0,3.0,5.0,1.0,strong,medium,156,dense,1,ok
gamma_strong__noise_medium__T_156__density_dense__seed_001,uncontrolled,0.6667,0.5455,0.6,0.8333,8.0,6.0,3.0,5.0,4.0,strong,medium,156,dense,1,ok
gamma_strong__noise_medium__T_156__density_dense__seed_002,controlled,1.0,0.3636,0.5333,1.0,7.0,4.0,0.0,7.0,1.0,strong,medium,156,dense,2,ok
gamma_strong__noise_medium__T_156__density_dense__seed_002,uncontrolled,0.75,0.2727,0.4,1.0,8.0,3.0,1.0,8.0,1.0,strong,medium,156,dense,2,ok
gamma_strong__noise_medium__T_156__density_dense__seed_003,controlled,1.0,0.3636,0.5333,0.75,7.0,4.0,0.0,7.0,2.0,strong,medium,156,dense,3,ok
gamma_strong__noise_medium__T_156__density_dense__seed_003,uncontrolled,1.0,0.3636,0.5333,0.75,7.0,4.0,0.0,7.0,1.0,strong,medium,156,dense,3,ok
gamma_strong__noise_medium__T_156__density_dense__seed_004,controlled,0.7778,0.6364,0.7,1.0,6.0,7.0,2.0,4.0,1.0,strong,medium,156,dense,4,ok
gamma_strong__noise_medium__T_156__density_dense__seed_004,uncontrolled,0.5455,0.5455,0.5455,1.0,9.0,6.0,5.0,5.0,3.0,strong,medium,156,dense,4,ok
gamma_strong__noise_medium__T_156__density_dense__seed_005,controlled,0.7778,0.6364,0.7,1.0,5.0,7.0,2.0,4.0,2.0,strong,medium,156,dense,5,ok
gamma_strong__noise_medium__T_156__density_dense__seed_005,uncontrolled,0.7,0.6364,0.6667,1.0,6.0,7.0,3.0,4.0,2.0,strong,medium,156,dense,5,ok
gamma_strong__noise_medium__T_156__density_dense__seed_006,controlled,0.5455,0.5455,0.5455,1.0,8.0,6.0,5.0,5.0,3.0,strong,medium,156,dense,6,ok
gamma_strong__noise_medium__T_156__density_dense__seed_006,uncontrolled,0.5455,0.5455,0.5455,1.0,8.0,6.0,5.0,5.0,4.0,strong,medium,156,dense,6,ok
gamma_strong__noise_medium__T_156__density_dense__seed_007,controlled,0.6667,0.5455,0.6,1.0,6.0,6.0,3.0,5.0,2.0,strong,medium,156,dense,7,ok
gamma_strong__noise_medium__T_156__density_dense__seed_007,uncontrolled,0.8,0.7273,0.7619,0.875,5.0,8.0,2.0,3.0,0.0,strong,medium,156,dense,7,ok
gamma_strong__noise_medium__T_156__density_dense__seed_008,controlled,0.4615,0.5455,0.5,1.0,11.0,6.0,7.0,5.0,1.0,strong,medium,156,dense,8,ok
gamma_strong__noise_medium__T_156__density_dense__seed_008,uncontrolled,0.4375,0.6364,0.5185,1.0,11.0,7.0,9.0,4.0,0.0,strong,medium,156,dense,8,ok
gamma_strong__noise_medium__T_156__density_dense__seed_009,controlled,0.6667,0.7273,0.6957,1.0,6.0,8.0,4.0,3.0,2.0,strong,medium,156,dense,9,ok
gamma_strong__noise_medium__T_156__density_dense__seed_009,uncontrolled,0.6923,0.8182,0.75,0.8889,5.0,9.0,4.0,2.0,2.0,strong,medium,156,dense,9,ok
gamma_strong__noise_medium__T_156__density_dense__seed_010,controlled,0.75,0.5455,0.6316,0.8333,6.0,6.0,2.0,5.0,2.0,strong,medium,156,dense,10,ok
gamma_strong__noise_medium__T_156__density_dense__seed_010,uncontrolled,0.75,0.5455,0.6316,0.8333,6.0,6.0,2.0,5.0,1.0,strong,medium,156,dense,10,ok
gamma_strong__noise_medium__T_156__density_dense__seed_011,controlled,0.6667,0.7273,0.6957,0.75,7.0,8.0,4.0,3.0,1.0,strong,medium,156,dense,11,ok
gamma_strong__noise_medium__T_156__density_dense__seed_011,uncontrolled,0.7273,0.7273,0.7273,0.75,6.0,8.0,3.0,3.0,2.0,strong,medium,156,dense,11,ok
gamma_strong__noise_medium__T_156__density_dense__seed_012,controlled,0.75,0.5455,0.6316,1.0,7.0,6.0,2.0,5.0,4.0,strong,medium,156,dense,12,ok
gamma_strong__noise_medium__T_156__density_dense__seed_012,uncontrolled,0.75,0.5455,0.6316,1.0,7.0,6.0,2.0,5.0,4.0,strong,medium,156,dense,12,ok
gamma_strong__noise_medium__T_156__density_dense__seed_013,controlled,0.875,0.6364,0.7368,0.8571,5.0,7.0,1.0,4.0,0.0,strong,medium,156,dense,13,ok
gamma_strong__noise_medium__T_156__density_dense__seed_013,uncontrolled,0.8,0.7273,0.7619,0.875,5.0,8.0,2.0,3.0,0.0,strong,medium,156,dense,13,ok
gamma_strong__noise_medium__T_156__density_dense__seed_014,controlled,0.75,0.8182,0.7826,0.6667,5.0,9.0,3.0,2.0,2.0,strong,medium,156,dense,14,ok
gamma_strong__noise_medium__T_156__density_dense__seed_014,uncontrolled,0.75,0.8182,0.7826,0.6667,5.0,9.0,3.0,2.0,2.0,strong,medium,156,dense,14,ok
gamma_strong__noise_medium__T_156__density_dense__seed_015,controlled,0.6667,0.5455,0.6,0.8333,7.0,6.0,3.0,5.0,0.0,strong,medium,156,dense,15,ok
gamma_strong__noise_medium__T_156__density_dense__seed_015,uncontrolled,0.75,0.5455,0.6316,0.8333,6.0,6.0,2.0,5.0,2.0,strong,medium,156,dense,15,ok
gamma_strong__noise_medium__T_156__density_medium__seed_001,controlled,0.7143,0.5556,0.625,0.8,6.0,5.0,2.0,4.0,3.0,strong,medium,156,medium,1,ok
gamma_strong__noise_medium__T_156__density_medium__seed_001,uncontrolled,0.75,0.6667,0.7059,0.6667,5.0,6.0,2.0,3.0,1.0,strong,medium,156,medium,1,ok
gamma_strong__noise_medium__T_156__density_medium__seed_002,controlled,1.0,0.5556,0.7143,1.0,4.0,5.0,0.0,4.0,0.0,strong,medium,156,medium,2,ok
gamma_strong__noise_medium__T_156__density_medium__seed_002,uncontrolled,0.8333,0.5556,0.6667,1.0,4.0,5.0,1.0,4.0,0.0,strong,medium,156,medium,2,ok
gamma_strong__noise_medium__T_156__density_medium__seed_003,controlled,0.8333,0.5556,0.6667,0.8,5.0,5.0,1.0,4.0,3.0,strong,medium,156,medium,3,ok
gamma_strong__noise_medium__T_156__density_medium__seed_003,uncontrolled,0.8333,0.5556,0.6667,0.8,5.0,5.0,1.0,4.0,1.0,strong,medium,156,medium,3,ok
gamma_strong__noise_medium__T_156__density_medium__seed_004,controlled,1.0,0.5556,0.7143,0.8,4.0,5.0,0.0,4.0,1.0,strong,medium,156,medium,4,ok
gamma_strong__noise_medium__T_156__density_medium__seed_004,uncontrolled,0.5714,0.4444,0.5,1.0,7.0,4.0,3.0,5.0,2.0,strong,medium,156,medium,4,ok
gamma_strong__noise_medium__T_156__density_medium__seed_005,controlled,0.7778,0.7778,0.7778,1.0,4.0,7.0,2.0,2.0,3.0,strong,medium,156,medium,5,ok
gamma_strong__noise_medium__T_156__density_medium__seed_005,uncontrolled,0.7,0.7778,0.7368,1.0,5.0,7.0,3.0,2.0,3.0,strong,medium,156,medium,5,ok
gamma_strong__noise_medium__T_156__density_medium__seed_006,controlled,0.625,0.5556,0.5882,0.8,6.0,5.0,3.0,4.0,3.0,strong,medium,156,medium,6,ok
gamma_strong__noise_medium__T_156__density_medium__seed_006,uncontrolled,0.5556,0.5556,0.5556,0.8,7.0,5.0,4.0,4.0,3.0,strong,medium,156,medium,6,ok
gamma_strong__noise_medium__T_156__density_medium__seed_007,controlled,0.625,0.5556,0.5882,1.0,6.0,5.0,3.0,4.0,1.0,strong,medium,156,medium,7,ok
gamma_strong__noise_medium__T_156__density_medium__seed_007,uncontrolled,0.6,0.6667,0.6316,0.8333,6.0,6.0,4.0,3.0,0.0,strong,medium,156,medium,7,ok
gamma_strong__noise_medium__T_156__density_medium__seed_008,controlled,0.5,0.5556,0.5263,1.0,9.0,5.0,5.0,4.0,2.0,strong,medium,156,medium,8,ok
gamma_strong__noise_medium__T_156__density_medium__seed_008,uncontrolled,0.4615,0.6667,0.5455,1.0,9.0,6.0,7.0,3.0,1.0,strong,medium,156,medium,8,ok
gamma_strong__noise_medium__T_156__density_medium__seed_009,controlled,0.6,0.6667,0.6316,1.0,5.0,6.0,4.0,3.0,2.0,strong,medium,156,medium,9,ok
gamma_strong__noise_medium__T_156__density_medium__seed_009,uncontrolled,0.6,0.6667,0.6316,1.0,6.0,6.0,4.0,3.0,2.0,strong,medium,156,medium,9,ok
gamma_strong__noise_medium__T_156__density_medium__seed_010,controlled,0.75,0.6667,0.7059,1.0,5.0,6.0,2.0,3.0,2.0,strong,medium,156,medium,10,ok
gamma_strong__noise_medium__T_156__density_medium__seed_010,uncontrolled,0.6,0.6667,0.6316,1.0,5.0,6.0,4.0,3.0,0.0,strong,medium,156,medium,10,ok
gamma_strong__noise_medium__T_156__density_medium__seed_011,controlled,0.6364,0.7778,0.7,0.5714,6.0,7.0,4.0,2.0,2.0,strong,medium,156,medium,11,ok
gamma_strong__noise_medium__T_156__density_medium__seed_011,uncontrolled,0.6667,0.6667,0.6667,0.6667,6.0,6.0,3.0,3.0,3.0,strong,medium,156,medium,11,ok
gamma_strong__noise_medium__T_156__density_medium__seed_012,controlled,0.5,0.4444,0.4706,1.0,8.0,4.0,4.0,5.0,3.0,strong,medium,156,medium,12,ok
gamma_strong__noise_medium__T_156__density_medium__seed_012,uncontrolled,0.5,0.4444,0.4706,1.0,8.0,4.0,4.0,5.0,3.0,strong,medium,156,medium,12,ok
gamma_strong__noise_medium__T_156__density_medium__seed_013,controlled,0.8333,0.5556,0.6667,0.8,5.0,5.0,1.0,4.0,0.0,strong,medium,156,medium,13,ok
gamma_strong__noise_medium__T_156__density_medium__seed_013,uncontrolled,0.8571,0.6667,0.75,0.8333,4.0,6.0,1.0,3.0,2.0,strong,medium,156,medium,13,ok
gamma_strong__noise_medium__T_156__density_medium__seed_014,controlled,0.5556,0.5556,0.5556,0.6,8.0,5.0,4.0,4.0,4.0,strong,medium,156,medium,14,ok
gamma_strong__noise_medium__T_156__density_medium__seed_014,uncontrolled,0.5455,0.6667,0.6,0.5,8.0,6.0,5.0,3.0,1.0,strong,medium,156,medium,14,ok
gamma_strong__noise_medium__T_156__density_medium__seed_015,controlled,1.0,0.5556,0.7143,0.8,4.0,5.0,0.0,4.0,4.0,strong,medium,156,medium,15,ok
gamma_strong__noise_medium__T_156__density_medium__seed_015,uncontrolled,0.8333,0.5556,0.6667,0.8,5.0,5.0,1.0,4.0,3.0,strong,medium,156,medium,15,ok
gamma_strong__noise_medium__T_156__density_sparse__seed_001,controlled,0.6667,0.5714,0.6154,0.75,5.0,4.0,2.0,3.0,3.0,strong,medium,156,sparse,1,ok
gamma_strong__noise_medium__T_156__density_sparse__seed_001,uncontrolled,0.7143,0.7143,0.7143,0.6,4.0,5.0,2.0,2.0,1.0,strong,medium,156,sparse,1,ok
gamma_strong__noise_medium__T_156__density_sparse__seed_002,controlled,0.6,0.4286,0.5,1.0,5.0,3.0,2.0,4.0,3.0,strong,medium,156,sparse,2,ok
gamma_strong__noise_medium__T_156__density_sparse__seed_002,uncontrolled,0.6,0.4286,0.5,1.0,5.0,3.0,2.0,4.0,3.0,strong,medium,156,sparse,2,ok
gamma_strong__noise_medium__T_156__density_sparse__seed_003,controlled,0.5,0.2857,0.3636,1.0,6.0,2.0,2.0,5.0,5.0,strong,medium,156,sparse,3,ok
gamma_strong__noise_medium__T_156__density_sparse__seed_003,uncontrolled,0.5,0.2857,0.3636,1.0,6.0,2.0,2.0,5.0,2.0,strong,medium,156,sparse,3,ok
gamma_strong__noise_medium__T_156__density_sparse__seed_004,controlled,0.75,0.4286,0.5455,1.0,5.0,3.0,1.0,4.0,2.0,strong,medium,156,sparse,4,ok
gamma_strong__noise_medium__T_156__density_sparse__seed_004,uncontrolled,0.4286,0.4286,0.4286,1.0,7.0,3.0,4.0,4.0,1.0,strong,medium,156,sparse,4,ok
gamma_strong__noise_medium__T_156__density_sparse__seed_005,controlled,0.625,0.7143,0.6667,1.0,5.0,5.0,3.0,2.0,1.0,strong,medium,156,sparse,5,ok
gamma_strong__noise_medium__T_156__density_sparse__seed_005,uncontrolled,0.5714,0.5714,0.5714,1.0,6.0,4.0,3.0,3.0,1.0,strong,medium,156,sparse,5,ok
gamma_strong__noise_medium__T_156__density_sparse__seed_006,controlled,0.3333,0.2857,0.3077,1.0,8.0,2.0,4.0,5.0,2.0,strong,medium,156,sparse,6,ok
gamma_strong__noise_medium__T_156__density_sparse__seed_006,uncontrolled,0.375,0.4286,0.4,1.0,8.0,3.0,5.0,4.0,2.0,strong,medium,156,sparse,6,ok
gamma_strong__noise_medium__T_156__density_sparse__seed_007,controlled,0.5714,0.5714,0.5714,0.75,6.0,4.0,3.0,3.0,0.0,strong,medium,156,sparse,7,ok
gamma_strong__noise_medium__T_156__density_sparse__seed_007,uncontrolled,0.5,0.5714,0.5333,0.75,7.0,4.0,4.0,3.0,0.0,strong,medium,156,sparse,7,ok
gamma_strong__noise_medium__T_156__density_sparse__seed_008,controlled,0.5714,0.5714,0.5714,1.0,6.0,4.0,3.0,3.0,3.0,strong,medium,156,sparse,8,ok
gamma_strong__noise_medium__T_156__density_sparse__seed_008,uncontrolled,0.3636,0.5714,0.4444,1.0,10.0,4.0,7.0,3.0,1.0,strong,medium,156,sparse,8,ok
gamma_strong__noise_medium__T_156__density_sparse__seed_009,controlled,0.5,0.5714,0.5333,1.0,6.0,4.0,4.0,3.0,0.0,strong,medium,156,sparse,9,ok
gamma_strong__noise_medium__T_156__density_sparse__seed_009,uncontrolled,0.5,0.7143,0.5882,1.0,7.0,5.0,5.0,2.0,1.0,strong,medium,156,sparse,9,ok
gamma_strong__noise_medium__T_156__density_sparse__seed_010,controlled,0.4,0.2857,0.3333,1.0,7.0,2.0,3.0,5.0,1.0,strong,medium,156,sparse,10,ok
gamma_strong__noise_medium__T_156__density_sparse__seed_010,uncontrolled,0.6,0.4286,0.5,1.0,6.0,3.0,2.0,4.0,2.0,strong,medium,156,sparse,10,ok
gamma_strong__noise_medium__T_156__density_sparse__seed_011,controlled,0.7143,0.7143,0.7143,0.4,4.0,5.0,2.0,2.0,1.0,strong,medium,156,sparse,11,ok
gamma_strong__noise_medium__T_156__density_sparse__seed_011,uncontrolled,0.625,0.7143,0.6667,0.4,5.0,5.0,3.0,2.0,0.0,strong,medium,156,sparse,11,ok
gamma_strong__noise_medium__T_156__density_sparse__seed_012,controlled,0.4,0.2857,0.3333,0.5,7.0,2.0,3.0,5.0,2.0,strong,medium,156,sparse,12,ok
gamma_strong__noise_medium__T_156__density_sparse__seed_012,uncontrolled,0.2857,0.2857,0.2857,0.5,9.0,2.0,5.0,5.0,2.0,strong,medium,156,sparse,12,ok
gamma_strong__noise_medium__T_156__density_sparse__seed_013,controlled,0.25,0.2857,0.2667,1.0,10.0,2.0,6.0,5.0,1.0,strong,medium,156,sparse,13,ok
gamma_strong__noise_medium__T_156__density_sparse__seed_013,uncontrolled,0.5,0.7143,0.5882,0.6,7.0,5.0,5.0,2.0,0.0,strong,medium,156,sparse,13,ok
gamma_strong__noise_medium__T_156__density_sparse__seed_014,controlled,0.5,0.4286,0.4615,0.6667,7.0,3.0,3.0,4.0,3.0,strong,medium,156,sparse,14,ok
gamma_strong__noise_medium__T_156__density_sparse__seed_014,uncontrolled,0.5,0.4286,0.4615,0.6667,7.0,3.0,3.0,4.0,3.0,strong,medium,156,sparse,14,ok
gamma_strong__noise_medium__T_156__density_sparse__seed_015,controlled,0.4286,0.4286,0.4286,0.6667,7.0,3.0,4.0,4.0,1.0,strong,medium,156,sparse,15,ok
gamma_strong__noise_medium__T_156__density_sparse__seed_015,uncontrolled,0.5,0.4286,0.4615,0.6667,5.0,3.0,3.0,4.0,1.0,strong,medium,156,sparse,15,ok
gamma_strong__noise_medium__T_300__density_dense__seed_001,controlled,0.7,0.6364,0.6667,1.0,7.0,7.0,3.0,4.0,4.0,strong,medium,300,dense,1,ok
gamma_strong__noise_medium__T_300__density_dense__seed_001,uncontrolled,0.6667,0.7273,0.6957,1.0,6.0,8.0,4.0,3.0,5.0,strong,medium,300,dense,1,ok
gamma_strong__noise_medium__T_300__density_dense__seed_002,controlled,0.6667,0.5455,0.6,1.0,7.0,6.0,3.0,5.0,2.0,strong,medium,300,dense,2,ok
gamma_strong__noise_medium__T_300__density_dense__seed_002,uncontrolled,0.6,0.5455,0.5714,1.0,7.0,6.0,4.0,5.0,3.0,strong,medium,300,dense,2,ok
gamma_strong__noise_medium__T_300__density_dense__seed_003,controlled,0.8,0.7273,0.7619,0.875,4.0,8.0,2.0,3.0,2.0,strong,medium,300,dense,3,ok
gamma_strong__noise_medium__T_300__density_dense__seed_003,uncontrolled,0.8889,0.7273,0.8,0.875,3.0,8.0,1.0,3.0,3.0,strong,medium,300,dense,3,ok
gamma_strong__noise_medium__T_300__density_dense__seed_004,controlled,0.5833,0.6364,0.6087,0.8571,7.0,7.0,5.0,4.0,2.0,strong,medium,300,dense,4,ok
gamma_strong__noise_medium__T_300__density_dense__seed_004,uncontrolled,0.5455,0.5455,0.5455,1.0,8.0,6.0,5.0,5.0,2.0,strong,medium,300,dense,4,ok
gamma_strong__noise_medium__T_300__density_dense__seed_005,controlled,0.7273,0.7273,0.7273,1.0,5.0,8.0,3.0,3.0,3.0,strong,medium,300,dense,5,ok
gamma_strong__noise_medium__T_300__density_dense__seed_005,uncontrolled,0.8182,0.8182,0.8182,0.8889,4.0,9.0,2.0,2.0,3.0,strong,medium,300,dense,5,ok
gamma_strong__noise_medium__T_300__density_dense__seed_006,controlled,0.8,0.7273,0.7619,1.0,4.0,8.0,2.0,3.0,3.0,strong,medium,300,dense,6,ok
gamma_strong__noise_medium__T_300__density_dense__seed_006,uncontrolled,0.5714,0.7273,0.64,0.875,8.0,8.0,6.0,3.0,0.0,strong,medium,300,dense,6,ok
gamma_strong__noise_medium__T_300__density_dense__seed_007,controlled,0.7,0.6364,0.6667,1.0,6.0,7.0,3.0,4.0,1.0,strong,medium,300,dense,7,ok
gamma_strong__noise_medium__T_300__density_dense__seed_007,uncontrolled,0.6364,0.6364,0.6364,1.0,7.0,7.0,4.0,4.0,2.0,strong,medium,300,dense,7,ok
gamma_strong__noise_medium__T_300__density_dense__seed_008,controlled,0.6364,0.6364,0.6364,1.0,8.0,7.0,4.0,4.0,4.0,strong,medium,300,dense,8,ok
gamma_strong__noise_medium__T_300__density_dense__seed_008,uncontrolled,0.6667,0.7273,0.6957,0.875,7.0,8.0,4.0,3.0,3.0,strong,medium,300,dense,8,ok
gamma_strong__noise_medium__T_300__density_dense__seed_009,controlled,0.6667,0.5455,0.6,1.0,8.0,6.0,3.0,5.0,2.0,strong,medium,300,dense,9,ok
gamma_strong__noise_medium__T_300__density_dense__seed_009,uncontrolled,0.7,0.6364,0.6667,0.8571,6.0,7.0,3.0,4.0,0.0,strong,medium,300,dense,9,ok
gamma_strong__noise_medium__T_300__density_dense__seed_010,controlled,0.5,0.5455,0.5217,1.0,9.0,6.0,6.0,5.0,5.0,strong,medium,300,dense,10,ok
gamma_strong__noise_medium__T_300__density_dense__seed_010,uncontrolled,0.5,0.5455,0.5217,1.0,10.0,6.0,6.0,5.0,4.0,strong,medium,300,dense,10,ok
gamma_strong__noise_medium__T_300__density_dense__seed_011,controlled,1.0,0.6364,0.7778,0.8571,4.0,7.0,0.0,4.0,3.0,strong,medium,300,dense,11,ok
gamma_strong__noise_medium__T_300__density_dense__seed_011,uncontrolled,0.6364,0.6364,0.6364,0.8571,6.0,7.0,4.0,4.0,0.0,strong,medium,300,dense,11,ok
gamma_strong__noise_medium__T_300__density_dense__seed_012,controlled,0.6923,0.8182,0.75,1.0,5.0,9.0,4.0,2.0,2.0,strong,medium,300,dense,12,ok
gamma_strong__noise_medium__T_300__density_dense__seed_012,uncontrolled,0.6429,0.8182,0.72,1.0,6.0,9.0,5.0,2.0,2.0,strong,medium,300,dense,12,ok
gamma_strong__noise_medium__T_300__density_dense__seed_013,controlled,0.75,0.5455,0.6316,1.0,7.0,6.0,2.0,5.0,1.0,strong,medium,300,dense,13,ok
gamma_strong__noise_medium__T_300__density_dense__seed_013,uncontrolled,0.75,0.5455,0.6316,1.0,6.0,6.0,2.0,5.0,2.0,strong,medium,300,dense,13,ok
gamma_strong__noise_medium__T_300__density_dense__seed_014,controlled,0.8182,0.8182,0.8182,0.8889,3.0,9.0,2.0,2.0,3.0,strong,medium,300,dense,14,ok
gamma_strong__noise_medium__T_300__density_dense__seed_014,uncontrolled,0.75,0.8182,0.7826,0.8889,4.0,9.0,3.0,2.0,3.0,strong,medium,300,dense,14,ok
gamma_strong__noise_medium__T_300__density_dense__seed_015,controlled,0.9091,0.9091,0.9091,0.7,2.0,10.0,1.0,1.0,4.0,strong,medium,300,dense,15,ok
gamma_strong__noise_medium__T_300__density_dense__seed_015,uncontrolled,0.7692,0.9091,0.8333,0.8,4.0,10.0,3.0,1.0,2.0,strong,medium,300,dense,15,ok
gamma_strong__noise_medium__T_300__density_medium__seed_001,controlled,0.6667,0.6667,0.6667,1.0,5.0,6.0,3.0,3.0,3.0,strong,medium,300,medium,1,ok
gamma_strong__noise_medium__T_300__density_medium__seed_001,uncontrolled,0.6667,0.6667,0.6667,1.0,5.0,6.0,3.0,3.0,3.0,strong,medium,300,medium,1,ok
gamma_strong__noise_medium__T_300__density_medium__seed_002,controlled,0.5556,0.5556,0.5556,1.0,7.0,5.0,4.0,4.0,1.0,strong,medium,300,medium,2,ok
gamma_strong__noise_medium__T_300__density_medium__seed_002,uncontrolled,0.5556,0.5556,0.5556,1.0,7.0,5.0,4.0,4.0,3.0,strong,medium,300,medium,2,ok
gamma_strong__noise_medium__T_300__density_medium__seed_003,controlled,0.75,0.6667,0.7059,0.8333,4.0,6.0,2.0,3.0,3.0,strong,medium,300,medium,3,ok
gamma_strong__noise_medium__T_300__density_medium__seed_003,uncontrolled,0.8571,0.6667,0.75,0.8333,3.0,6.0,1.0,3.0,3.0,strong,medium,300,medium,3,ok
gamma_strong__noise_medium__T_300__density_medium__seed_004,controlled,0.8571,0.6667,0.75,1.0,3.0,6.0,1.0,3.0,2.0,strong,medium,300,medium,4,ok
gamma_strong__noise_medium__T_300__density_medium__seed_004,uncontrolled,0.6667,0.6667,0.6667,1.0,5.0,6.0,3.0,3.0,2.0,strong,medium,300,medium,4,ok
gamma_strong__noise_medium__T_300__density_medium__seed_005,controlled,0.6,0.6667,0.6316,1.0,6.0,6.0,4.0,3.0,2.0,strong,medium,300,medium,5,ok
gamma_strong__noise_medium__T_300__density_medium__seed_005,uncontrolled,0.6667,0.6667,0.6667,1.0,6.0,6.0,3.0,3.0,3.0,strong,medium,300,medium,5,ok
gamma_strong__noise_medium__T_300__density_medium__seed_006,controlled,1.0,0.7778,0.875,1.0,2.0,7.0,0.0,2.0,5.0,strong,medium,300,medium,6,ok
gamma_strong__noise_medium__T_300__density_medium__seed_006,uncontrolled,0.6364,0.7778,0.7,0.8571,5.0,7.0,4.0,2.0,1.0,strong,medium,300,medium,6,ok
gamma_strong__noise_medium__T_300__density_medium__seed_007,controlled,0.6667,0.6667,0.6667,1.0,4.0,6.0,3.0,3.0,0.0,strong,medium,300,medium,7,ok
gamma_strong__noise_medium__T_300__density_medium__seed_007,uncontrolled,0.6,0.6667,0.6316,0.8333,5.0,6.0,4.0,3.0,2.0,strong,medium,300,medium,7,ok
gamma_strong__noise_medium__T_300__density_medium__seed_008,controlled,0.5556,0.5556,0.5556,1.0,8.0,5.0,4.0,4.0,3.0,strong,medium,300,medium,8,ok
gamma_strong__noise_medium__T_300__density_medium__seed_008,uncontrolled,0.5455,0.6667,0.6,0.8333,8.0,6.0,5.0,3.0,1.0,strong,medium,300,medium,8,ok
gamma_strong__noise_medium__T_300__density_medium__seed_009,controlled,0.4444,0.4444,0.4444,1.0,9.0,4.0,5.0,5.0,3.0,strong,medium,300,medium,9,ok
gamma_strong__noise_medium__T_300__density_medium__seed_009,uncontrolled,0.4444,0.4444,0.4444,1.0,8.0,4.0,5.0,5.0,2.0,strong,medium,300,medium,9,ok
gamma_strong__noise_medium__T_300__density_medium__seed_010,controlled,0.4545,0.5556,0.5,1.0,9.0,5.0,6.0,4.0,3.0,strong,medium,300,medium,10,ok
gamma_strong__noise_medium__T_300__density_medium__seed_010,uncontrolled,0.5,0.5556,0.5263,1.0,9.0,5.0,5.0,4.0,3.0,strong,medium,300,medium,10,ok
gamma_strong__noise_medium__T_300__density_medium__seed_011,controlled,1.0,0.6667,0.8,0.8333,3.0,6.0,0.0,3.0,1.0,strong,medium,300,medium,11,ok
gamma_strong__noise_medium__T_300__density_medium__seed_011,uncontrolled,0.8571,0.6667,0.75,1.0,3.0,6.0,1.0,3.0,2.0,strong,medium,300,medium,11,ok
gamma_strong__noise_medium__T_300__density_medium__seed_012,controlled,0.5833,0.7778,0.6667,1.0,6.0,7.0,5.0,2.0,1.0,strong,medium,300,medium,12,ok
gamma_strong__noise_medium__T_300__density_medium__seed_012,uncontrolled,0.5833,0.7778,0.6667,1.0,5.0,7.0,5.0,2.0,1.0,strong,medium,300,medium,12,ok
gamma_strong__noise_medium__T_300__density_medium__seed_013,controlled,0.6,0.6667,0.6316,1.0,7.0,6.0,4.0,3.0,1.0,strong,medium,300,medium,13,ok
gamma_strong__noise_medium__T_300__density_medium__seed_013,uncontrolled,0.6,0.6667,0.6316,1.0,6.0,6.0,4.0,3.0,2.0,strong,medium,300,medium,13,ok
gamma_strong__noise_medium__T_300__density_medium__seed_014,controlled,0.7,0.7778,0.7368,0.8571,4.0,7.0,3.0,2.0,2.0,strong,medium,300,medium,14,ok
gamma_strong__noise_medium__T_300__density_medium__seed_014,uncontrolled,0.7,0.7778,0.7368,0.8571,4.0,7.0,3.0,2.0,3.0,strong,medium,300,medium,14,ok
gamma_strong__noise_medium__T_300__density_medium__seed_015,controlled,0.8,0.8889,0.8421,0.875,3.0,8.0,2.0,1.0,3.0,strong,medium,300,medium,15,ok
gamma_strong__noise_medium__T_300__density_medium__seed_015,uncontrolled,0.7273,0.8889,0.8,0.875,4.0,8.0,3.0,1.0,1.0,strong,medium,300,medium,15,ok
gamma_strong__noise_medium__T_300__density_sparse__seed_001,controlled,0.5455,0.8571,0.6667,0.8333,5.0,6.0,5.0,1.0,3.0,strong,medium,300,sparse,1,ok
gamma_strong__noise_medium__T_300__density_sparse__seed_001,uncontrolled,0.5455,0.8571,0.6667,0.8333,5.0,6.0,5.0,1.0,2.0,strong,medium,300,sparse,1,ok
gamma_strong__noise_medium__T_300__density_sparse__seed_002,controlled,0.3333,0.2857,0.3077,1.0,8.0,2.0,4.0,5.0,2.0,strong,medium,300,sparse,2,ok
gamma_strong__noise_medium__T_300__density_sparse__seed_002,uncontrolled,0.3333,0.4286,0.375,0.6667,7.0,3.0,6.0,4.0,1.0,strong,medium,300,sparse,2,ok
gamma_strong__noise_medium__T_300__density_sparse__seed_003,controlled,0.5556,0.7143,0.625,0.8,5.0,5.0,4.0,2.0,0.0,strong,medium,300,sparse,3,ok
gamma_strong__noise_medium__T_300__density_sparse__seed_003,uncontrolled,0.625,0.7143,0.6667,0.8,4.0,5.0,3.0,2.0,1.0,strong,medium,300,sparse,3,ok
gamma_strong__noise_medium__T_300__density_sparse__seed_004,controlled,0.75,0.4286,0.5455,1.0,4.0,3.0,1.0,4.0,4.0,strong,medium,300,sparse,4,ok
gamma_strong__noise_medium__T_300__density_sparse__seed_004,uncontrolled,0.7143,0.7143,0.7143,1.0,3.0,5.0,2.0,2.0,2.0,strong,medium,300,sparse,4,ok
gamma_strong__noise_medium__T_300__density_sparse__seed_005,controlled,0.5,0.7143,0.5882,0.8,6.0,5.0,5.0,2.0,1.0,strong,medium,300,sparse,5,ok
gamma_strong__noise_medium__T_300__density_sparse__seed_005,uncontrolled,0.5556,0.7143,0.625,0.8,5.0,5.0,4.0,2.0,1.0,strong,medium,300,sparse,5,ok
gamma_strong__noise_medium__T_300__density_sparse__seed_006,controlled,0.8333,0.7143,0.7692,1.0,3.0,5.0,1.0,2.0,4.0,strong,medium,300,sparse,6,ok
gamma_strong__noise_medium__T_300__density_sparse__seed_006,uncontrolled,0.5455,0.8571,0.6667,0.8333,6.0,6.0,5.0,1.0,1.0,strong,medium,300,sparse,6,ok
gamma_strong__noise_medium__T_300__density_sparse__seed_007,controlled,0.6,0.4286,0.5,1.0,5.0,3.0,2.0,4.0,3.0,strong,medium,300,sparse,7,ok
gamma_strong__noise_medium__T_300__density_sparse__seed_007,uncontrolled,0.5,0.5714,0.5333,1.0,5.0,4.0,4.0,3.0,2.0,strong,medium,300,sparse,7,ok
gamma_strong__noise_medium__T_300__density_sparse__seed_008,controlled,0.5,0.4286,0.4615,1.0,7.0,3.0,3.0,4.0,6.0,strong,medium,300,sparse,8,ok
gamma_strong__noise_medium__T_300__density_sparse__seed_008,uncontrolled,0.6667,0.5714,0.6154,0.75,5.0,4.0,2.0,3.0,5.0,strong,medium,300,sparse,8,ok
gamma_strong__noise_medium__T_300__density_sparse__seed_009,controlled,0.4,0.2857,0.3333,1.0,8.0,2.0,3.0,5.0,4.0,strong,medium,300,sparse,9,ok
gamma_strong__noise_medium__T_300__density_sparse__seed_009,uncontrolled,0.4286,0.4286,0.4286,1.0,7.0,3.0,4.0,4.0,2.0,strong,medium,300,sparse,9,ok
gamma_strong__noise_medium__T_300__density_sparse__seed_010,controlled,0.3333,0.4286,0.375,0.6667,8.0,3.0,6.0,4.0,4.0,strong,medium,300,sparse,10,ok
gamma_strong__noise_medium__T_300__density_sparse__seed_010,uncontrolled,0.4,0.2857,0.3333,1.0,8.0,2.0,3.0,5.0,4.0,strong,medium,300,sparse,10,ok
gamma_strong__noise_medium__T_300__density_sparse__seed_011,controlled,1.0,0.5714,0.7273,1.0,3.0,4.0,0.0,3.0,2.0,strong,medium,300,sparse,11,ok
gamma_strong__noise_medium__T_300__density_sparse__seed_011,uncontrolled,0.8333,0.7143,0.7692,1.0,2.0,5.0,1.0,2.0,2.0,strong,medium,300,sparse,11,ok
gamma_strong__noise_medium__T_300__density_sparse__seed_012,controlled,0.7143,0.7143,0.7143,1.0,3.0,5.0,2.0,2.0,3.0,strong,medium,300,sparse,12,ok
gamma_strong__noise_medium__T_300__density_sparse__seed_012,uncontrolled,0.5,0.7143,0.5882,1.0,5.0,5.0,5.0,2.0,1.0,strong,medium,300,sparse,12,ok
gamma_strong__noise_medium__T_300__density_sparse__seed_013,controlled,0.375,0.4286,0.4,1.0,9.0,3.0,5.0,4.0,4.0,strong,medium,300,sparse,13,ok
gamma_strong__noise_medium__T_300__density_sparse__seed_013,uncontrolled,0.375,0.4286,0.4,1.0,9.0,3.0,5.0,4.0,3.0,strong,medium,300,sparse,13,ok
gamma_strong__noise_medium__T_300__density_sparse__seed_014,controlled,0.6,0.8571,0.7059,0.6667,5.0,6.0,4.0,1.0,0.0,strong,medium,300,sparse,14,ok
gamma_strong__noise_medium__T_300__density_sparse__seed_014,uncontrolled,0.6667,0.8571,0.75,0.6667,3.0,6.0,3.0,1.0,2.0,strong,medium,300,sparse,14,ok
gamma_strong__noise_medium__T_300__density_sparse__seed_015,controlled,0.8333,0.7143,0.7692,1.0,3.0,5.0,1.0,2.0,6.0,strong,medium,300,sparse,15,ok
gamma_strong__noise_medium__T_300__density_sparse__seed_015,uncontrolled,0.6667,0.8571,0.75,0.8333,4.0,6.0,3.0,1.0,3.0,strong,medium,300,sparse,15,ok
gamma_strong__noise_medium__T_80__density_dense__seed_001,controlled,1.0,0.7273,0.8421,0.875,3.0,8.0,0.0,3.0,2.0,strong,medium,80,dense,1,ok
gamma_strong__noise_medium__T_80__density_dense__seed_001,uncontrolled,0.875,0.6364,0.7368,0.8571,5.0,7.0,1.0,4.0,2.0,strong,medium,80,dense,1,ok
gamma_strong__noise_medium__T_80__density_dense__seed_002,controlled,0.875,0.6364,0.7368,1.0,5.0,7.0,1.0,4.0,2.0,strong,medium,80,dense,2,ok
gamma_strong__noise_medium__T_80__density_dense__seed_002,uncontrolled,0.8571,0.5455,0.6667,1.0,6.0,6.0,1.0,5.0,1.0,strong,medium,80,dense,2,ok
gamma_strong__noise_medium__T_80__density_dense__seed_003,controlled,0.8333,0.4545,0.5882,1.0,7.0,5.0,1.0,6.0,3.0,strong,medium,80,dense,3,ok
gamma_strong__noise_medium__T_80__density_dense__seed_003,uncontrolled,0.6364,0.6364,0.6364,0.7143,7.0,7.0,4.0,4.0,0.0,strong,medium,80,dense,3,ok
gamma_strong__noise_medium__T_80__density_dense__seed_004,controlled,1.0,0.5455,0.7059,1.0,5.0,6.0,0.0,5.0,3.0,strong,medium,80,dense,4,ok
gamma_strong__noise_medium__T_80__density_dense__seed_004,uncontrolled,0.875,0.6364,0.7368,0.8571,5.0,7.0,1.0,4.0,1.0,strong,medium,80,dense,4,ok
gamma_strong__noise_medium__T_80__density_dense__seed_005,controlled,1.0,0.3636,0.5333,1.0,7.0,4.0,0.0,7.0,2.0,strong,medium,80,dense,5,ok
gamma_strong__noise_medium__T_80__density_dense__seed_005,uncontrolled,1.0,0.5455,0.7059,0.8333,5.0,6.0,0.0,5.0,1.0,strong,medium,80,dense,5,ok
gamma_strong__noise_medium__T_80__density_dense__seed_006,controlled,0.75,0.2727,0.4,1.0,9.0,3.0,1.0,8.0,4.0,strong,medium,80,dense,6,ok
gamma_strong__noise_medium__T_80__density_dense__seed_006,uncontrolled,0.6667,0.3636,0.4706,0.75,8.0,4.0,2.0,7.0,1.0,strong,medium,80,dense,6,ok
gamma_strong__noise_medium__T_80__density_dense__seed_007,controlled,0.5714,0.3636,0.4444,1.0,10.0,4.0,3.0,7.0,0.0,strong,medium,80,dense,7,ok
gamma_strong__noise_medium__T_80__density_dense__seed_007,uncontrolled,0.5714,0.3636,0.4444,1.0,10.0,4.0,3.0,7.0,0.0,strong,medium,80,dense,7,ok
gamma_strong__noise_medium__T_80__density_dense__seed_008,controlled,0.75,0.5455,0.6316,1.0,6.0,6.0,2.0,5.0,1.0,strong,medium,80,dense,8,ok
gamma_strong__noise_medium__T_80__density_dense__seed_008,uncontrolled,0.75,0.5455,0.6316,1.0,6.0,6.0,2.0,5.0,0.0,strong,medium,80,dense,8,ok
gamma_strong__noise_medium__T_80__density_dense__seed_009,controlled,0.5833,0.6364,0.6087,1.0,9.0,7.0,5.0,4.0,0.0,strong,medium,80,dense,9,ok
gamma_strong__noise_medium__T_80__density_dense__seed_009,uncontrolled,0.5833,0.6364,0.6087,1.0,9.0,7.0,5.0,4.0,0.0,strong,medium,80,dense,9,ok
gamma_strong__noise_medium__T_80__density_dense__seed_010,controlled,1.0,0.4545,0.625,1.0,6.0,5.0,0.0,6.0,0.0,strong,medium,80,dense,10,ok
gamma_strong__noise_medium__T_80__density_dense__seed_010,uncontrolled,0.8571,0.5455,0.6667,0.8333,5.0,6.0,1.0,5.0,1.0,strong,medium,80,dense,10,ok
gamma_strong__noise_medium__T_80__density_dense__seed_011,controlled,0.75,0.5455,0.6316,1.0,7.0,6.0,2.0,5.0,3.0,strong,medium,80,dense,11,ok
gamma_strong__noise_medium__T_80__density_dense__seed_011,uncontrolled,0.75,0.5455,0.6316,1.0,7.0,6.0,2.0,5.0,2.0,strong,medium,80,dense,11,ok
gamma_strong__noise_medium__T_80__density_dense__seed_012,controlled,0.8571,0.5455,0.6667,0.8333,6.0,6.0,1.0,5.0,1.0,strong,medium,80,dense,12,ok
gamma_strong__noise_medium__T_80__density_dense__seed_012,uncontrolled,0.75,0.5455,0.6316,0.8333,6.0,6.0,2.0,5.0,1.0,strong,medium,80,dense,12,ok
gamma_strong__noise_medium__T_80__density_dense__seed_013,controlled,0.6,0.5455,0.5714,0.8333,7.0,6.0,4.0,5.0,1.0,strong,medium,80,dense,13,ok
gamma_strong__noise_medium__T_80__density_dense__seed_013,uncontrolled,0.5455,0.5455,0.5455,0.8333,8.0,6.0,5.0,5.0,0.0,strong,medium,80,dense,13,ok
gamma_strong__noise_medium__T_80__density_dense__seed_014,controlled,0.5714,0.3636,0.4444,1.0,9.0,4.0,3.0,7.0,4.0,strong,medium,80,dense,14,ok
gamma_strong__noise_medium__T_80__density_dense__seed_014,uncontrolled,0.5556,0.4545,0.5,1.0,9.0,5.0,4.0,6.0,0.0,strong,medium,80,dense,14,ok
gamma_strong__noise_medium__T_80__density_dense__seed_015,controlled,0.6667,0.5455,0.6,1.0,8.0,6.0,3.0,5.0,1.0,strong,medium,80,dense,15,ok
gamma_strong__noise_medium__T_80__density_dense__seed_015,uncontrolled,0.5455,0.5455,0.5455,1.0,10.0,6.0,5.0,5.0,1.0,strong,medium,80,dense,15,ok
gamma_strong__noise_medium__T_80__density_medium__seed_001,controlled,0.7143,0.5556,0.625,1.0,6.0,5.0,2.0,4.0,2.0,strong,medium,80,medium,1,ok
gamma_strong__noise_medium__T_80__density_medium__seed_001,uncontrolled,0.625,0.5556,0.5882,1.0,7.0,5.0,3.0,4.0,1.0,strong,medium,80,medium,1,ok
gamma_strong__noise_medium__T_80__density_medium__seed_002,controlled,0.8,0.4444,0.5714,1.0,6.0,4.0,1.0,5.0,2.0,strong,medium,80,medium,2,ok
gamma_strong__noise_medium__T_80__density_medium__seed_002,uncontrolled,0.8,0.4444,0.5714,1.0,6.0,4.0,1.0,5.0,0.0,strong,medium,80,medium,2,ok
gamma_strong__noise_medium__T_80__density_medium__seed_003,controlled,0.75,0.3333,0.4615,1.0,6.0,3.0,1.0,6.0,4.0,strong,medium,80,medium,3,ok
gamma_strong__noise_medium__T_80__density_medium__seed_003,uncontrolled,0.7143,0.5556,0.625,0.6,5.0,5.0,2.0,4.0,0.0,strong,medium,80,medium,3,ok
gamma_strong__noise_medium__T_80__density_medium__seed_004,controlled,1.0,0.4444,0.6154,0.75,5.0,4.0,0.0,5.0,2.0,strong,medium,80,medium,4,ok
gamma_strong__noise_medium__T_80__density_medium__seed_004,uncontrolled,0.8,0.4444,0.5714,0.75,5.0,4.0,1.0,5.0,1.0,strong,medium,80,medium,4,ok
gamma_strong__noise_medium__T_80__density_medium__seed_005,controlled,0.75,0.3333,0.4615,0.6667,7.0,3.0,1.0,6.0,2.0,strong,medium,80,medium,5,ok
gamma_strong__noise_medium__T_80__density_medium__seed_005,uncontrolled,0.75,0.3333,0.4615,1.0,7.0,3.0,1.0,6.0,2.0,strong,medium,80,medium,5,ok
gamma_strong__noise_medium__T_80__density_medium__seed_006,controlled,0.8,0.4444,0.5714,1.0,6.0,4.0,1.0,5.0,3.0,strong,medium,80,medium,6,ok
gamma_strong__noise_medium__T_80__density_medium__seed_006,uncontrolled,0.6667,0.4444,0.5333,1.0,6.0,4.0,2.0,5.0,1.0,strong,medium,80,medium,6,ok
gamma_strong__noise_medium__T_80__density_medium__seed_007,controlled,0.8333,0.5556,0.6667,1.0,5.0,5.0,1.0,4.0,0.0,strong,medium,80,medium,7,ok
gamma_strong__noise_medium__T_80__density_medium__seed_007,uncontrolled,0.7143,0.5556,0.625,1.0,6.0,5.0,2.0,4.0,0.0,strong,medium,80,medium,7,ok
gamma_strong__noise_medium__T_80__density_medium__seed_008,controlled,0.6667,0.4444,0.5333,0.75,6.0,4.0,2.0,5.0,2.0,strong,medium,80,medium,8,ok
gamma_strong__noise_medium__T_80__density_medium__seed_008,uncontrolled,0.6,0.3333,0.4286,1.0,7.0,3.0,2.0,6.0,1.0,strong,medium,80,medium,8,ok
gamma_strong__noise_medium__T_80__density_medium__seed_009,controlled,0.625,0.5556,0.5882,0.8,7.0,5.0,3.0,4.0,1.0,strong,medium,80,medium,9,ok
gamma_strong__noise_medium__T_80__density_medium__seed_009,uncontrolled,0.5714,0.4444,0.5,1.0,8.0,4.0,3.0,5.0,2.0,strong,medium,80,medium,9,ok
gamma_strong__noise_medium__T_80__density_medium__seed_010,controlled,1.0,0.3333,0.5,1.0,6.0,3.0,0.0,6.0,5.0,strong,medium,80,medium,10,ok
gamma_strong__noise_medium__T_80__density_medium__seed_010,uncontrolled,0.75,0.3333,0.4615,1.0,6.0,3.0,1.0,6.0,2.0,strong,medium,80,medium,10,ok
gamma_strong__noise_medium__T_80__density_medium__seed_011,controlled,0.75,0.6667,0.7059,1.0,5.0,6.0,2.0,3.0,5.0,strong,medium,80,medium,11,ok
gamma_strong__noise_medium__T_80__density_medium__seed_011,uncontrolled,0.8571,0.6667,0.75,1.0,4.0,6.0,1.0,3.0,3.0,strong,medium,80,medium,11,ok
gamma_strong__noise_medium__T_80__density_medium__seed_012,controlled,0.5714,0.4444,0.5,1.0,7.0,4.0,3.0,5.0,1.0,strong,medium,80,medium,12,ok
gamma_strong__noise_medium__T_80__density_medium__seed_012,uncontrolled,0.625,0.5556,0.5882,0.8,6.0,5.0,3.0,4.0,1.0,strong,medium,80,medium,12,ok
gamma_strong__noise_medium__T_80__density_medium__seed_013,controlled,0.625,0.5556,0.5882,0.8,5.0,5.0,3.0,4.0,3.0,strong,medium,80,medium,13,ok
gamma_strong__noise_medium__T_80__density_medium__seed_013,uncontrolled,0.4545,0.5556,0.5,0.8,8.0,5.0,6.0,4.0,1.0,strong,medium,80,medium,13,ok
gamma_strong__noise_medium__T_80__density_medium__seed_014,controlled,0.5714,0.4444,0.5,1.0,7.0,4.0,3.0,5.0,3.0,strong,medium,80,medium,14,ok
gamma_strong__noise_medium__T_80__density_medium__seed_014,uncontrolled,0.5,0.4444,0.4706,1.0,8.0,4.0,4.0,5.0,0.0,strong,medium,80,medium,14,ok
gamma_strong__noise_medium__T_80__density_medium__seed_015,controlled,0.6667,0.6667,0.6667,0.8333,5.0,6.0,3.0,3.0,2.0,strong,medium,80,medium,15,ok
gamma_strong__noise_medium__T_80__density_medium__seed_015,uncontrolled,0.5,0.6667,0.5714,0.8333,8.0,6.0,6.0,3.0,1.0,strong,medium,80,medium,15,ok
gamma_strong__noise_medium__T_80__density_sparse__seed_001,controlled,0.6,0.4286,0.5,1.0,6.0,3.0,2.0,4.0,3.0,strong,medium,80,sparse,1,ok
gamma_strong__noise_medium__T_80__density_sparse__seed_001,uncontrolled,0.5,0.4286,0.4615,1.0,7.0,3.0,3.0,4.0,3.0,strong,medium,80,sparse,1,ok
gamma_strong__noise_medium__T_80__density_sparse__seed_002,controlled,0.75,0.4286,0.5455,1.0,5.0,3.0,1.0,4.0,2.0,strong,medium,80,sparse,2,ok
gamma_strong__noise_medium__T_80__density_sparse__seed_002,uncontrolled,0.6667,0.2857,0.4,1.0,6.0,2.0,1.0,5.0,1.0,strong,medium,80,sparse,2,ok
gamma_strong__noise_medium__T_80__density_sparse__seed_003,controlled,0.4,0.2857,0.3333,1.0,8.0,2.0,3.0,5.0,4.0,strong,medium,80,sparse,3,ok
gamma_strong__noise_medium__T_80__density_sparse__seed_003,uncontrolled,0.5,0.5714,0.5333,0.5,7.0,4.0,4.0,3.0,1.0,strong,medium,80,sparse,3,ok
gamma_strong__noise_medium__T_80__density_sparse__seed_004,controlled,1.0,0.4286,0.6,1.0,4.0,3.0,0.0,4.0,2.0,strong,medium,80,sparse,4,ok
gamma_strong__noise_medium__T_80__density_sparse__seed_004,uncontrolled,0.75,0.4286,0.5455,1.0,5.0,3.0,1.0,4.0,1.0,strong,medium,80,sparse,4,ok
gamma_strong__noise_medium__T_80__density_sparse__seed_005,controlled,1.0,0.4286,0.6,1.0,4.0,3.0,0.0,4.0,2.0,strong,medium,80,sparse,5,ok
gamma_strong__noise_medium__T_80__density_sparse__seed_005,uncontrolled,0.75,0.4286,0.5455,1.0,5.0,3.0,1.0,4.0,1.0,strong,medium,80,sparse,5,ok
gamma_strong__noise_medium__T_80__density_sparse__seed_006,controlled,0.6667,0.2857,0.4,1.0,6.0,2.0,1.0,5.0,3.0,strong,medium,80,sparse,6,ok
gamma_strong__noise_medium__T_80__density_sparse__seed_006,uncontrolled,0.5,0.2857,0.3636,1.0,7.0,2.0,2.0,5.0,1.0,strong,medium,80,sparse,6,ok
gamma_strong__noise_medium__T_80__density_sparse__seed_007,controlled,0.75,0.4286,0.5455,1.0,5.0,3.0,1.0,4.0,2.0,strong,medium,80,sparse,7,ok
gamma_strong__noise_medium__T_80__density_sparse__seed_007,uncontrolled,0.75,0.4286,0.5455,1.0,5.0,3.0,1.0,4.0,2.0,strong,medium,80,sparse,7,ok
gamma_strong__noise_medium__T_80__density_sparse__seed_008,controlled,0.5,0.4286,0.4615,0.6667,6.0,3.0,3.0,4.0,1.0,strong,medium,80,sparse,8,ok
gamma_strong__noise_medium__T_80__density_sparse__seed_008,uncontrolled,0.5,0.4286,0.4615,0.6667,6.0,3.0,3.0,4.0,0.0,strong,medium,80,sparse,8,ok
gamma_strong__noise_medium__T_80__density_sparse__seed_009,controlled,0.5,0.4286,0.4615,0.6667,6.0,3.0,3.0,4.0,1.0,strong,medium,80,sparse,9,ok
gamma_strong__noise_medium__T_80__density_sparse__seed_009,uncontrolled,0.4286,0.4286,0.4286,0.6667,7.0,3.0,4.0,4.0,1.0,strong,medium,80,sparse,9,ok
gamma_strong__noise_medium__T_80__density_sparse__seed_010,controlled,1.0,0.2857,0.4444,1.0,5.0,2.0,0.0,5.0,3.0,strong,medium,80,sparse,10,ok
gamma_strong__noise_medium__T_80__density_sparse__seed_010,uncontrolled,0.6667,0.2857,0.4,1.0,5.0,2.0,1.0,5.0,1.0,strong,medium,80,sparse,10,ok
gamma_strong__noise_medium__T_80__density_sparse__seed_011,controlled,0.5,0.4286,0.4615,1.0,7.0,3.0,3.0,4.0,1.0,strong,medium,80,sparse,11,ok
gamma_strong__noise_medium__T_80__density_sparse__seed_011,uncontrolled,0.8,0.5714,0.6667,1.0,4.0,4.0,1.0,3.0,2.0,strong,medium,80,sparse,11,ok
gamma_strong__noise_medium__T_80__density_sparse__seed_012,controlled,0.5,0.2857,0.3636,1.0,7.0,2.0,2.0,5.0,1.0,strong,medium,80,sparse,12,ok
gamma_strong__noise_medium__T_80__density_sparse__seed_012,uncontrolled,0.6667,0.2857,0.4,1.0,6.0,2.0,1.0,5.0,1.0,strong,medium,80,sparse,12,ok
gamma_strong__noise_medium__T_80__density_sparse__seed_013,controlled,0.3333,0.4286,0.375,0.6667,8.0,3.0,6.0,4.0,3.0,strong,medium,80,sparse,13,ok
gamma_strong__noise_medium__T_80__density_sparse__seed_013,uncontrolled,0.3333,0.4286,0.375,0.6667,8.0,3.0,6.0,4.0,0.0,strong,medium,80,sparse,13,ok
gamma_strong__noise_medium__T_80__density_sparse__seed_014,controlled,0.5,0.4286,0.4615,1.0,6.0,3.0,3.0,4.0,1.0,strong,medium,80,sparse,14,ok
gamma_strong__noise_medium__T_80__density_sparse__seed_014,uncontrolled,0.5714,0.5714,0.5714,1.0,5.0,4.0,3.0,3.0,1.0,strong,medium,80,sparse,14,ok
gamma_strong__noise_medium__T_80__density_sparse__seed_015,controlled,0.5,0.4286,0.4615,1.0,7.0,3.0,3.0,4.0,3.0,strong,medium,80,sparse,15,ok
gamma_strong__noise_medium__T_80__density_sparse__seed_015,uncontrolled,0.375,0.4286,0.4,1.0,9.0,3.0,5.0,4.0,1.0,strong,medium,80,sparse,15,ok
gamma_weak__noise_high__T_156__density_dense__seed_001,controlled,,,,,,,,,,weak,high,156,dense,1,skipped
gamma_weak__noise_high__T_156__density_dense__seed_001,uncontrolled,,,,,,,,,,weak,high,156,dense,1,skipped
gamma_weak__noise_high__T_156__density_dense__seed_002,controlled,,,,,,,,,,weak,high,156,dense,2,skipped
gamma_weak__noise_high__T_156__density_dense__seed_002,uncontrolled,,,,,,,,,,weak,high,156,dense,2,skipped
gamma_weak__noise_high__T_156__density_dense__seed_003,controlled,,,,,,,,,,weak,high,156,dense,3,skipped
gamma_weak__noise_high__T_156__density_dense__seed_003,uncontrolled,,,,,,,,,,weak,high,156,dense,3,skipped
gamma_weak__noise_high__T_156__density_dense__seed_004,controlled,,,,,,,,,,weak,high,156,dense,4,skipped
gamma_weak__noise_high__T_156__density_dense__seed_004,uncontrolled,,,,,,,,,,weak,high,156,dense,4,skipped
gamma_weak__noise_high__T_156__density_dense__seed_005,controlled,,,,,,,,,,weak,high,156,dense,5,skipped
gamma_weak__noise_high__T_156__density_dense__seed_005,uncontrolled,,,,,,,,,,weak,high,156,dense,5,skipped
gamma_weak__noise_high__T_156__density_dense__seed_006,controlled,,,,,,,,,,weak,high,156,dense,6,skipped
gamma_weak__noise_high__T_156__density_dense__seed_006,uncontrolled,,,,,,,,,,weak,high,156,dense,6,skipped
gamma_weak__noise_high__T_156__density_dense__seed_007,controlled,,,,,,,,,,weak,high,156,dense,7,skipped
gamma_weak__noise_high__T_156__density_dense__seed_007,uncontrolled,,,,,,,,,,weak,high,156,dense,7,skipped
gamma_weak__noise_high__T_156__density_dense__seed_008,controlled,,,,,,,,,,weak,high,156,dense,8,skipped
gamma_weak__noise_high__T_156__density_dense__seed_008,uncontrolled,,,,,,,,,,weak,high,156,dense,8,skipped
gamma_weak__noise_high__T_156__density_dense__seed_009,controlled,,,,,,,,,,weak,high,156,dense,9,skipped
gamma_weak__noise_high__T_156__density_dense__seed_009,uncontrolled,,,,,,,,,,weak,high,156,dense,9,skipped
gamma_weak__noise_high__T_156__density_dense__seed_010,controlled,,,,,,,,,,weak,high,156,dense,10,skipped
gamma_weak__noise_high__T_156__density_dense__seed_010,uncontrolled,,,,,,,,,,weak,high,156,dense,10,skipped
gamma_weak__noise_high__T_156__density_dense__seed_011,controlled,,,,,,,,,,weak,high,156,dense,11,skipped
gamma_weak__noise_high__T_156__density_dense__seed_011,uncontrolled,,,,,,,,,,weak,high,156,dense,11,skipped
gamma_weak__noise_high__T_156__density_dense__seed_012,controlled,,,,,,,,,,weak,high,156,dense,12,skipped
gamma_weak__noise_high__T_156__density_dense__seed_012,uncontrolled,,,,,,,,,,weak,high,156,dense,12,skipped
gamma_weak__noise_high__T_156__density_dense__seed_013,controlled,,,,,,,,,,weak,high,156,dense,13,skipped
gamma_weak__noise_high__T_156__density_dense__seed_013,uncontrolled,,,,,,,,,,weak,high,156,dense,13,skipped
gamma_weak__noise_high__T_156__density_dense__seed_014,controlled,,,,,,,,,,weak,high,156,dense,14,skipped
gamma_weak__noise_high__T_156__density_dense__seed_014,uncontrolled,,,,,,,,,,weak,high,156,dense,14,skipped
gamma_weak__noise_high__T_156__density_dense__seed_015,controlled,,,,,,,,,,weak,high,156,dense,15,skipped
gamma_weak__noise_high__T_156__density_dense__seed_015,uncontrolled,,,,,,,,,,weak,high,156,dense,15,skipped
gamma_weak__noise_high__T_156__density_medium__seed_001,controlled,,,,,,,,,,weak,high,156,medium,1,skipped
gamma_weak__noise_high__T_156__density_medium__seed_001,uncontrolled,,,,,,,,,,weak,high,156,medium,1,skipped
gamma_weak__noise_high__T_156__density_medium__seed_002,controlled,,,,,,,,,,weak,high,156,medium,2,skipped
gamma_weak__noise_high__T_156__density_medium__seed_002,uncontrolled,,,,,,,,,,weak,high,156,medium,2,skipped
gamma_weak__noise_high__T_156__density_medium__seed_003,controlled,,,,,,,,,,weak,high,156,medium,3,skipped
gamma_weak__noise_high__T_156__density_medium__seed_003,uncontrolled,,,,,,,,,,weak,high,156,medium,3,skipped
gamma_weak__noise_high__T_156__density_medium__seed_004,controlled,,,,,,,,,,weak,high,156,medium,4,skipped
gamma_weak__noise_high__T_156__density_medium__seed_004,uncontrolled,,,,,,,,,,weak,high,156,medium,4,skipped
gamma_weak__noise_high__T_156__density_medium__seed_005,controlled,,,,,,,,,,weak,high,156,medium,5,skipped
gamma_weak__noise_high__T_156__density_medium__seed_005,uncontrolled,,,,,,,,,,weak,high,156,medium,5,skipped
gamma_weak__noise_high__T_156__density_medium__seed_006,controlled,,,,,,,,,,weak,high,156,medium,6,skipped
gamma_weak__noise_high__T_156__density_medium__seed_006,uncontrolled,,,,,,,,,,weak,high,156,medium,6,skipped
gamma_weak__noise_high__T_156__density_medium__seed_007,controlled,,,,,,,,,,weak,high,156,medium,7,skipped
gamma_weak__noise_high__T_156__density_medium__seed_007,uncontrolled,,,,,,,,,,weak,high,156,medium,7,skipped
gamma_weak__noise_high__T_156__density_medium__seed_008,controlled,,,,,,,,,,weak,high,156,medium,8,skipped
gamma_weak__noise_high__T_156__density_medium__seed_008,uncontrolled,,,,,,,,,,weak,high,156,medium,8,skipped
gamma_weak__noise_high__T_156__density_medium__seed_009,controlled,,,,,,,,,,weak,high,156,medium,9,skipped
gamma_weak__noise_high__T_156__density_medium__seed_009,uncontrolled,,,,,,,,,,weak,high,156,medium,9,skipped
gamma_weak__noise_high__T_156__density_medium__seed_010,controlled,,,,,,,,,,weak,high,156,medium,10,skipped
gamma_weak__noise_high__T_156__density_medium__seed_010,uncontrolled,,,,,,,,,,weak,high,156,medium,10,skipped
gamma_weak__noise_high__T_156__density_medium__seed_011,controlled,,,,,,,,,,weak,high,156,medium,11,skipped
gamma_weak__noise_high__T_156__density_medium__seed_011,uncontrolled,,,,,,,,,,weak,high,156,medium,11,skipped
gamma_weak__noise_high__T_156__density_medium__seed_012,controlled,,,,,,,,,,weak,high,156,medium,12,skipped
gamma_weak__noise_high__T_156__density_medium__seed_012,uncontrolled,,,,,,,,,,weak,high,156,medium,12,skipped
gamma_weak__noise_high__T_156__density_medium__seed_013,controlled,,,,,,,,,,weak,high,156,medium,13,skipped
gamma_weak__noise_high__T_156__density_medium__seed_013,uncontrolled,,,,,,,,,,weak,high,156,medium,13,skipped
gamma_weak__noise_high__T_156__density_medium__seed_014,controlled,,,,,,,,,,weak,high,156,medium,14,skipped
gamma_weak__noise_high__T_156__density_medium__seed_014,uncontrolled,,,,,,,,,,weak,high,156,medium,14,skipped
gamma_weak__noise_high__T_156__density_medium__seed_015,controlled,,,,,,,,,,weak,high,156,medium,15,skipped
gamma_weak__noise_high__T_156__density_medium__seed_015,uncontrolled,,,,,,,,,,weak,high,156,medium,15,skipped
gamma_weak__noise_high__T_156__density_sparse__seed_001,controlled,,,,,,,,,,weak,high,156,sparse,1,skipped
gamma_weak__noise_high__T_156__density_sparse__seed_001,uncontrolled,,,,,,,,,,weak,high,156,sparse,1,skipped
gamma_weak__noise_high__T_156__density_sparse__seed_002,controlled,,,,,,,,,,weak,high,156,sparse,2,skipped
gamma_weak__noise_high__T_156__density_sparse__seed_002,uncontrolled,,,,,,,,,,weak,high,156,sparse,2,skipped
gamma_weak__noise_high__T_156__density_sparse__seed_003,controlled,,,,,,,,,,weak,high,156,sparse,3,skipped
gamma_weak__noise_high__T_156__density_sparse__seed_003,uncontrolled,,,,,,,,,,weak,high,156,sparse,3,skipped
gamma_weak__noise_high__T_156__density_sparse__seed_004,controlled,,,,,,,,,,weak,high,156,sparse,4,skipped
gamma_weak__noise_high__T_156__density_sparse__seed_004,uncontrolled,,,,,,,,,,weak,high,156,sparse,4,skipped
gamma_weak__noise_high__T_156__density_sparse__seed_005,controlled,,,,,,,,,,weak,high,156,sparse,5,skipped
gamma_weak__noise_high__T_156__density_sparse__seed_005,uncontrolled,,,,,,,,,,weak,high,156,sparse,5,skipped
gamma_weak__noise_high__T_156__density_sparse__seed_006,controlled,,,,,,,,,,weak,high,156,sparse,6,skipped
gamma_weak__noise_high__T_156__density_sparse__seed_006,uncontrolled,,,,,,,,,,weak,high,156,sparse,6,skipped
gamma_weak__noise_high__T_156__density_sparse__seed_007,controlled,,,,,,,,,,weak,high,156,sparse,7,skipped
gamma_weak__noise_high__T_156__density_sparse__seed_007,uncontrolled,,,,,,,,,,weak,high,156,sparse,7,skipped
gamma_weak__noise_high__T_156__density_sparse__seed_008,controlled,,,,,,,,,,weak,high,156,sparse,8,skipped
gamma_weak__noise_high__T_156__density_sparse__seed_008,uncontrolled,,,,,,,,,,weak,high,156,sparse,8,skipped
gamma_weak__noise_high__T_156__density_sparse__seed_009,controlled,,,,,,,,,,weak,high,156,sparse,9,skipped
gamma_weak__noise_high__T_156__density_sparse__seed_009,uncontrolled,,,,,,,,,,weak,high,156,sparse,9,skipped
gamma_weak__noise_high__T_156__density_sparse__seed_010,controlled,,,,,,,,,,weak,high,156,sparse,10,skipped
gamma_weak__noise_high__T_156__density_sparse__seed_010,uncontrolled,,,,,,,,,,weak,high,156,sparse,10,skipped
gamma_weak__noise_high__T_156__density_sparse__seed_011,controlled,,,,,,,,,,weak,high,156,sparse,11,skipped
gamma_weak__noise_high__T_156__density_sparse__seed_011,uncontrolled,,,,,,,,,,weak,high,156,sparse,11,skipped
gamma_weak__noise_high__T_156__density_sparse__seed_012,controlled,,,,,,,,,,weak,high,156,sparse,12,skipped
gamma_weak__noise_high__T_156__density_sparse__seed_012,uncontrolled,,,,,,,,,,weak,high,156,sparse,12,skipped
gamma_weak__noise_high__T_156__density_sparse__seed_013,controlled,,,,,,,,,,weak,high,156,sparse,13,skipped
gamma_weak__noise_high__T_156__density_sparse__seed_013,uncontrolled,,,,,,,,,,weak,high,156,sparse,13,skipped
gamma_weak__noise_high__T_156__density_sparse__seed_014,controlled,,,,,,,,,,weak,high,156,sparse,14,skipped
gamma_weak__noise_high__T_156__density_sparse__seed_014,uncontrolled,,,,,,,,,,weak,high,156,sparse,14,skipped
gamma_weak__noise_high__T_156__density_sparse__seed_015,controlled,,,,,,,,,,weak,high,156,sparse,15,skipped
gamma_weak__noise_high__T_156__density_sparse__seed_015,uncontrolled,,,,,,,,,,weak,high,156,sparse,15,skipped
gamma_weak__noise_high__T_300__density_dense__seed_001,controlled,,,,,,,,,,weak,high,300,dense,1,skipped
gamma_weak__noise_high__T_300__density_dense__seed_001,uncontrolled,,,,,,,,,,weak,high,300,dense,1,skipped
gamma_weak__noise_high__T_300__density_dense__seed_002,controlled,,,,,,,,,,weak,high,300,dense,2,skipped
gamma_weak__noise_high__T_300__density_dense__seed_002,uncontrolled,,,,,,,,,,weak,high,300,dense,2,skipped
gamma_weak__noise_high__T_300__density_dense__seed_003,controlled,,,,,,,,,,weak,high,300,dense,3,skipped
gamma_weak__noise_high__T_300__density_dense__seed_003,uncontrolled,,,,,,,,,,weak,high,300,dense,3,skipped
gamma_weak__noise_high__T_300__density_dense__seed_004,controlled,,,,,,,,,,weak,high,300,dense,4,skipped
gamma_weak__noise_high__T_300__density_dense__seed_004,uncontrolled,,,,,,,,,,weak,high,300,dense,4,skipped
gamma_weak__noise_high__T_300__density_dense__seed_005,controlled,,,,,,,,,,weak,high,300,dense,5,skipped
gamma_weak__noise_high__T_300__density_dense__seed_005,uncontrolled,,,,,,,,,,weak,high,300,dense,5,skipped
gamma_weak__noise_high__T_300__density_dense__seed_006,controlled,,,,,,,,,,weak,high,300,dense,6,skipped
gamma_weak__noise_high__T_300__density_dense__seed_006,uncontrolled,,,,,,,,,,weak,high,300,dense,6,skipped
gamma_weak__noise_high__T_300__density_dense__seed_007,controlled,,,,,,,,,,weak,high,300,dense,7,skipped
gamma_weak__noise_high__T_300__density_dense__seed_007,uncontrolled,,,,,,,,,,weak,high,300,dense,7,skipped
gamma_weak__noise_high__T_300__density_dense__seed_008,controlled,,,,,,,,,,weak,high,300,dense,8,skipped
gamma_weak__noise_high__T_300__density_dense__seed_008,uncontrolled,,,,,,,,,,weak,high,300,dense,8,skipped
gamma_weak__noise_high__T_300__density_dense__seed_009,controlled,,,,,,,,,,weak,high,300,dense,9,skipped
gamma_weak__noise_high__T_300__density_dense__seed_009,uncontrolled,,,,,,,,,,weak,high,300,dense,9,skipped
gamma_weak__noise_high__T_300__density_dense__seed_010,controlled,,,,,,,,,,weak,high,300,dense,10,skipped
gamma_weak__noise_high__T_300__density_dense__seed_010,uncontrolled,,,,,,,,,,weak,high,300,dense,10,skipped
gamma_weak__noise_high__T_300__density_dense__seed_011,controlled,,,,,,,,,,weak,high,300,dense,11,skipped
gamma_weak__noise_high__T_300__density_dense__seed_011,uncontrolled,,,,,,,,,,weak,high,300,dense,11,skipped
gamma_weak__noise_high__T_300__density_dense__seed_012,controlled,,,,,,,,,,weak,high,300,dense,12,skipped
gamma_weak__noise_high__T_300__density_dense__seed_012,uncontrolled,,,,,,,,,,weak,high,300,dense,12,skipped
gamma_weak__noise_high__T_300__density_dense__seed_013,controlled,,,,,,,,,,weak,high,300,dense,13,skipped
gamma_weak__noise_high__T_300__density_dense__seed_013,uncontrolled,,,,,,,,,,weak,high,300,dense,13,skipped
gamma_weak__noise_high__T_300__density_dense__seed_014,controlled,,,,,,,,,,weak,high,300,dense,14,skipped
gamma_weak__noise_high__T_300__density_dense__seed_014,uncontrolled,,,,,,,,,,weak,high,300,dense,14,skipped
gamma_weak__noise_high__T_300__density_dense__seed_015,controlled,,,,,,,,,,weak,high,300,dense,15,skipped
gamma_weak__noise_high__T_300__density_dense__seed_015,uncontrolled,,,,,,,,,,weak,high,300,dense,15,skipped
gamma_weak__noise_high__T_300__density_medium__seed_001,controlled,,,,,,,,,,weak,high,300,medium,1,skipped
gamma_weak__noise_high__T_300__density_medium__seed_001,uncontrolled,,,,,,,,,,weak,high,300,medium,1,skipped
gamma_weak__noise_high__T_300__density_medium__seed_002,controlled,,,,,,,,,,weak,high,300,medium,2,skipped
gamma_weak__noise_high__T_300__density_medium__seed_002,uncontrolled,,,,,,,,,,weak,high,300,medium,2,skipped
gamma_weak__noise_high__T_300__density_medium__seed_003,controlled,,,,,,,,,,weak,high,300,medium,3,skipped
gamma_weak__noise_high__T_300__density_medium__seed_003,uncontrolled,,,,,,,,,,weak,high,300,medium,3,skipped
gamma_weak__noise_high__T_300__density_medium__seed_004,controlled,,,,,,,,,,weak,high,300,medium,4,skipped
gamma_weak__noise_high__T_300__density_medium__seed_004,uncontrolled,,,,,,,,,,weak,high,300,medium,4,skipped
gamma_weak__noise_high__T_300__density_medium__seed_005,controlled,,,,,,,,,,weak,high,300,medium,5,skipped
gamma_weak__noise_high__T_300__density_medium__seed_005,uncontrolled,,,,,,,,,,weak,high,300,medium,5,skipped
gamma_weak__noise_high__T_300__density_medium__seed_006,controlled,,,,,,,,,,weak,high,300,medium,6,skipped
gamma_weak__noise_high__T_300__density_medium__seed_006,uncontrolled,,,,,,,,,,weak,high,300,medium,6,skipped
gamma_weak__noise_high__T_300__density_medium__seed_007,controlled,,,,,,,,,,weak,high,300,medium,7,skipped
gamma_weak__noise_high__T_300__density_medium__seed_007,uncontrolled,,,,,,,,,,weak,high,300,medium,7,skipped
gamma_weak__noise_high__T_300__density_medium__seed_008,controlled,,,,,,,,,,weak,high,300,medium,8,skipped
gamma_weak__noise_high__T_300__density_medium__seed_008,uncontrolled,,,,,,,,,,weak,high,300,medium,8,skipped
gamma_weak__noise_high__T_300__density_medium__seed_009,controlled,,,,,,,,,,weak,high,300,medium,9,skipped
gamma_weak__noise_high__T_300__density_medium__seed_009,uncontrolled,,,,,,,,,,weak,high,300,medium,9,skipped
gamma_weak__noise_high__T_300__density_medium__seed_010,controlled,,,,,,,,,,weak,high,300,medium,10,skipped
gamma_weak__noise_high__T_300__density_medium__seed_010,uncontrolled,,,,,,,,,,weak,high,300,medium,10,skipped
gamma_weak__noise_high__T_300__density_medium__seed_011,controlled,,,,,,,,,,weak,high,300,medium,11,skipped
gamma_weak__noise_high__T_300__density_medium__seed_011,uncontrolled,,,,,,,,,,weak,high,300,medium,11,skipped
gamma_weak__noise_high__T_300__density_medium__seed_012,controlled,,,,,,,,,,weak,high,300,medium,12,skipped
gamma_weak__noise_high__T_300__density_medium__seed_012,uncontrolled,,,,,,,,,,weak,high,300,medium,12,skipped
gamma_weak__noise_high__T_300__density_medium__seed_013,controlled,,,,,,,,,,weak,high,300,medium,13,skipped
gamma_weak__noise_high__T_300__density_medium__seed_013,uncontrolled,,,,,,,,,,weak,high,300,medium,13,skipped
gamma_weak__noise_high__T_300__density_medium__seed_014,controlled,,,,,,,,,,weak,high,300,medium,14,skipped
gamma_weak__noise_high__T_300__density_medium__seed_014,uncontrolled,,,,,,,,,,weak,high,300,medium,14,skipped
gamma_weak__noise_high__T_300__density_medium__seed_015,controlled,,,,,,,,,,weak,high,300,medium,15,skipped
gamma_weak__noise_high__T_300__density_medium__seed_015,uncontrolled,,,,,,,,,,weak,high,300,medium,15,skipped
gamma_weak__noise_high__T_300__density_sparse__seed_001,controlled,,,,,,,,,,weak,high,300,sparse,1,skipped
gamma_weak__noise_high__T_300__density_sparse__seed_001,uncontrolled,,,,,,,,,,weak,high,300,sparse,1,skipped
gamma_weak__noise_high__T_300__density_sparse__seed_002,controlled,,,,,,,,,,weak,high,300,sparse,2,skipped
gamma_weak__noise_high__T_300__density_sparse__seed_002,uncontrolled,,,,,,,,,,weak,high,300,sparse,2,skipped
gamma_weak__noise_high__T_300__density_sparse__seed_003,controlled,,,,,,,,,,weak,high,300,sparse,3,skipped
gamma_weak__noise_high__T_300__density_sparse__seed_003,uncontrolled,,,,,,,,,,weak,high,300,sparse,3,skipped
gamma_weak__noise_high__T_300__density_sparse__seed_004,controlled,,,,,,,,,,weak,high,300,sparse,4,skipped
gamma_weak__noise_high__T_300__density_sparse__seed_004,uncontrolled,,,,,,,,,,weak,high,300,sparse,4,skipped
gamma_weak__noise_high__T_300__density_sparse__seed_005,controlled,,,,,,,,,,weak,high,300,sparse,5,skipped
gamma_weak__noise_high__T_300__density_sparse__seed_005,uncontrolled,,,,,,,,,,weak,high,300,sparse,5,skipped
gamma_weak__noise_high__T_300__density_sparse__seed_006,controlled,,,,,,,,,,weak,high,300,sparse,6,skipped
gamma_weak__noise_high__T_300__density_sparse__seed_006,uncontrolled,,,,,,,,,,weak,high,300,sparse,6,skipped
gamma_weak__noise_high__T_300__density_sparse__seed_007,controlled,,,,,,,,,,weak,high,300,sparse,7,skipped
gamma_weak__noise_high__T_300__density_sparse__seed_007,uncontrolled,,,,,,,,,,weak,high,300,sparse,7,skipped
gamma_weak__noise_high__T_300__density_sparse__seed_008,controlled,,,,,,,,,,weak,high,300,sparse,8,skipped
gamma_weak__noise_high__T_300__density_sparse__seed_008,uncontrolled,,,,,,,,,,weak,high,300,sparse,8,skipped
gamma_weak__noise_high__T_300__density_sparse__seed_009,controlled,,,,,,,,,,weak,high,300,sparse,9,skipped
gamma_weak__noise_high__T_300__density_sparse__seed_009,uncontrolled,,,,,,,,,,weak,high,300,sparse,9,skipped
gamma_weak__noise_high__T_300__density_sparse__seed_010,controlled,,,,,,,,,,weak,high,300,sparse,10,skipped
gamma_weak__noise_high__T_300__density_sparse__seed_010,uncontrolled,,,,,,,,,,weak,high,300,sparse,10,skipped
gamma_weak__noise_high__T_300__density_sparse__seed_011,controlled,,,,,,,,,,weak,high,300,sparse,11,skipped
gamma_weak__noise_high__T_300__density_sparse__seed_011,uncontrolled,,,,,,,,,,weak,high,300,sparse,11,skipped
gamma_weak__noise_high__T_300__density_sparse__seed_012,controlled,,,,,,,,,,weak,high,300,sparse,12,skipped
gamma_weak__noise_high__T_300__density_sparse__seed_012,uncontrolled,,,,,,,,,,weak,high,300,sparse,12,skipped
gamma_weak__noise_high__T_300__density_sparse__seed_013,controlled,,,,,,,,,,weak,high,300,sparse,13,skipped
gamma_weak__noise_high__T_300__density_sparse__seed_013,uncontrolled,,,,,,,,,,weak,high,300,sparse,13,skipped
gamma_weak__noise_high__T_300__density_sparse__seed_014,controlled,,,,,,,,,,weak,high,300,sparse,14,skipped
gamma_weak__noise_high__T_300__density_sparse__seed_014,uncontrolled,,,,,,,,,,weak,high,300,sparse,14,skipped
gamma_weak__noise_high__T_300__density_sparse__seed_015,controlled,,,,,,,,,,weak,high,300,sparse,15,skipped
gamma_weak__noise_high__T_300__density_sparse__seed_015,uncontrolled,,,,,,,,,,weak,high,300,sparse,15,skipped
gamma_weak__noise_high__T_80__density_dense__seed_001,controlled,,,,,,,,,,weak,high,80,dense,1,skipped
gamma_weak__noise_high__T_80__density_dense__seed_001,uncontrolled,,,,,,,,,,weak,high,80,dense,1,skipped
gamma_weak__noise_high__T_80__density_dense__seed_002,controlled,,,,,,,,,,weak,high,80,dense,2,skipped
gamma_weak__noise_high__T_80__density_dense__seed_002,uncontrolled,,,,,,,,,,weak,high,80,dense,2,skipped
gamma_weak__noise_high__T_80__density_dense__seed_003,controlled,,,,,,,,,,weak,high,80,dense,3,skipped
gamma_weak__noise_high__T_80__density_dense__seed_003,uncontrolled,,,,,,,,,,weak,high,80,dense,3,skipped
gamma_weak__noise_high__T_80__density_dense__seed_004,controlled,,,,,,,,,,weak,high,80,dense,4,skipped
gamma_weak__noise_high__T_80__density_dense__seed_004,uncontrolled,,,,,,,,,,weak,high,80,dense,4,skipped
gamma_weak__noise_high__T_80__density_dense__seed_005,controlled,,,,,,,,,,weak,high,80,dense,5,skipped
gamma_weak__noise_high__T_80__density_dense__seed_005,uncontrolled,,,,,,,,,,weak,high,80,dense,5,skipped
gamma_weak__noise_high__T_80__density_dense__seed_006,controlled,,,,,,,,,,weak,high,80,dense,6,skipped
gamma_weak__noise_high__T_80__density_dense__seed_006,uncontrolled,,,,,,,,,,weak,high,80,dense,6,skipped
gamma_weak__noise_high__T_80__density_dense__seed_007,controlled,,,,,,,,,,weak,high,80,dense,7,skipped
gamma_weak__noise_high__T_80__density_dense__seed_007,uncontrolled,,,,,,,,,,weak,high,80,dense,7,skipped
gamma_weak__noise_high__T_80__density_dense__seed_008,controlled,,,,,,,,,,weak,high,80,dense,8,skipped
gamma_weak__noise_high__T_80__density_dense__seed_008,uncontrolled,,,,,,,,,,weak,high,80,dense,8,skipped
gamma_weak__noise_high__T_80__density_dense__seed_009,controlled,,,,,,,,,,weak,high,80,dense,9,skipped
gamma_weak__noise_high__T_80__density_dense__seed_009,uncontrolled,,,,,,,,,,weak,high,80,dense,9,skipped
gamma_weak__noise_high__T_80__density_dense__seed_010,controlled,,,,,,,,,,weak,high,80,dense,10,skipped
gamma_weak__noise_high__T_80__density_dense__seed_010,uncontrolled,,,,,,,,,,weak,high,80,dense,10,skipped
gamma_weak__noise_high__T_80__density_dense__seed_011,controlled,,,,,,,,,,weak,high,80,dense,11,skipped
gamma_weak__noise_high__T_80__density_dense__seed_011,uncontrolled,,,,,,,,,,weak,high,80,dense,11,skipped
gamma_weak__noise_high__T_80__density_dense__seed_012,controlled,,,,,,,,,,weak,high,80,dense,12,skipped
gamma_weak__noise_high__T_80__density_dense__seed_012,uncontrolled,,,,,,,,,,weak,high,80,dense,12,skipped
gamma_weak__noise_high__T_80__density_dense__seed_013,controlled,,,,,,,,,,weak,high,80,dense,13,skipped
gamma_weak__noise_high__T_80__density_dense__seed_013,uncontrolled,,,,,,,,,,weak,high,80,dense,13,skipped
gamma_weak__noise_high__T_80__density_dense__seed_014,controlled,,,,,,,,,,weak,high,80,dense,14,skipped
gamma_weak__noise_high__T_80__density_dense__seed_014,uncontrolled,,,,,,,,,,weak,high,80,dense,14,skipped
gamma_weak__noise_high__T_80__density_dense__seed_015,controlled,,,,,,,,,,weak,high,80,dense,15,skipped
gamma_weak__noise_high__T_80__density_dense__seed_015,uncontrolled,,,,,,,,,,weak,high,80,dense,15,skipped
gamma_weak__noise_high__T_80__density_medium__seed_001,controlled,,,,,,,,,,weak,high,80,medium,1,skipped
gamma_weak__noise_high__T_80__density_medium__seed_001,uncontrolled,,,,,,,,,,weak,high,80,medium,1,skipped
gamma_weak__noise_high__T_80__density_medium__seed_002,controlled,,,,,,,,,,weak,high,80,medium,2,skipped
gamma_weak__noise_high__T_80__density_medium__seed_002,uncontrolled,,,,,,,,,,weak,high,80,medium,2,skipped
gamma_weak__noise_high__T_80__density_medium__seed_003,controlled,,,,,,,,,,weak,high,80,medium,3,skipped
gamma_weak__noise_high__T_80__density_medium__seed_003,uncontrolled,,,,,,,,,,weak,high,80,medium,3,skipped
gamma_weak__noise_high__T_80__density_medium__seed_004,controlled,,,,,,,,,,weak,high,80,medium,4,skipped
gamma_weak__noise_high__T_80__density_medium__seed_004,uncontrolled,,,,,,,,,,weak,high,80,medium,4,skipped
gamma_weak__noise_high__T_80__density_medium__seed_005,controlled,,,,,,,,,,weak,high,80,medium,5,skipped
gamma_weak__noise_high__T_80__density_medium__seed_005,uncontrolled,,,,,,,,,,weak,high,80,medium,5,skipped
gamma_weak__noise_high__T_80__density_medium__seed_006,controlled,,,,,,,,,,weak,high,80,medium,6,skipped
gamma_weak__noise_high__T_80__density_medium__seed_006,uncontrolled,,,,,,,,,,weak,high,80,medium,6,skipped
gamma_weak__noise_high__T_80__density_medium__seed_007,controlled,,,,,,,,,,weak,high,80,medium,7,skipped
gamma_weak__noise_high__T_80__density_medium__seed_007,uncontrolled,,,,,,,,,,weak,high,80,medium,7,skipped
gamma_weak__noise_high__T_80__density_medium__seed_008,controlled,,,,,,,,,,weak,high,80,medium,8,skipped
gamma_weak__noise_high__T_80__density_medium__seed_008,uncontrolled,,,,,,,,,,weak,high,80,medium,8,skipped
gamma_weak__noise_high__T_80__density_medium__seed_009,controlled,,,,,,,,,,weak,high,80,medium,9,skipped
gamma_weak__noise_high__T_80__density_medium__seed_009,uncontrolled,,,,,,,,,,weak,high,80,medium,9,skipped
gamma_weak__noise_high__T_80__density_medium__seed_010,controlled,,,,,,,,,,weak,high,80,medium,10,skipped
gamma_weak__noise_high__T_80__density_medium__seed_010,uncontrolled,,,,,,,,,,weak,high,80,medium,10,skipped
gamma_weak__noise_high__T_80__density_medium__seed_011,controlled,,,,,,,,,,weak,high,80,medium,11,skipped
gamma_weak__noise_high__T_80__density_medium__seed_011,uncontrolled,,,,,,,,,,weak,high,80,medium,11,skipped
gamma_weak__noise_high__T_80__density_medium__seed_012,controlled,,,,,,,,,,weak,high,80,medium,12,skipped
gamma_weak__noise_high__T_80__density_medium__seed_012,uncontrolled,,,,,,,,,,weak,high,80,medium,12,skipped
gamma_weak__noise_high__T_80__density_medium__seed_013,controlled,,,,,,,,,,weak,high,80,medium,13,skipped
gamma_weak__noise_high__T_80__density_medium__seed_013,uncontrolled,,,,,,,,,,weak,high,80,medium,13,skipped
gamma_weak__noise_high__T_80__density_medium__seed_014,controlled,,,,,,,,,,weak,high,80,medium,14,skipped
gamma_weak__noise_high__T_80__density_medium__seed_014,uncontrolled,,,,,,,,,,weak,high,80,medium,14,skipped
gamma_weak__noise_high__T_80__density_medium__seed_015,controlled,,,,,,,,,,weak,high,80,medium,15,skipped
gamma_weak__noise_high__T_80__density_medium__seed_015,uncontrolled,,,,,,,,,,weak,high,80,medium,15,skipped
gamma_weak__noise_high__T_80__density_sparse__seed_001,controlled,,,,,,,,,,weak,high,80,sparse,1,skipped
gamma_weak__noise_high__T_80__density_sparse__seed_001,uncontrolled,,,,,,,,,,weak,high,80,sparse,1,skipped
gamma_weak__noise_high__T_80__density_sparse__seed_002,controlled,,,,,,,,,,weak,high,80,sparse,2,skipped
gamma_weak__noise_high__T_80__density_sparse__seed_002,uncontrolled,,,,,,,,,,weak,high,80,sparse,2,skipped
gamma_weak__noise_high__T_80__density_sparse__seed_003,controlled,,,,,,,,,,weak,high,80,sparse,3,skipped
gamma_weak__noise_high__T_80__density_sparse__seed_003,uncontrolled,,,,,,,,,,weak,high,80,sparse,3,skipped
gamma_weak__noise_high__T_80__density_sparse__seed_004,controlled,,,,,,,,,,weak,high,80,sparse,4,skipped
gamma_weak__noise_high__T_80__density_sparse__seed_004,uncontrolled,,,,,,,,,,weak,high,80,sparse,4,skipped
gamma_weak__noise_high__T_80__density_sparse__seed_005,controlled,,,,,,,,,,weak,high,80,sparse,5,skipped
gamma_weak__noise_high__T_80__density_sparse__seed_005,uncontrolled,,,,,,,,,,weak,high,80,sparse,5,skipped
gamma_weak__noise_high__T_80__density_sparse__seed_006,controlled,,,,,,,,,,weak,high,80,sparse,6,skipped
gamma_weak__noise_high__T_80__density_sparse__seed_006,uncontrolled,,,,,,,,,,weak,high,80,sparse,6,skipped
gamma_weak__noise_high__T_80__density_sparse__seed_007,controlled,,,,,,,,,,weak,high,80,sparse,7,skipped
gamma_weak__noise_high__T_80__density_sparse__seed_007,uncontrolled,,,,,,,,,,weak,high,80,sparse,7,skipped
gamma_weak__noise_high__T_80__density_sparse__seed_008,controlled,,,,,,,,,,weak,high,80,sparse,8,skipped
gamma_weak__noise_high__T_80__density_sparse__seed_008,uncontrolled,,,,,,,,,,weak,high,80,sparse,8,skipped
gamma_weak__noise_high__T_80__density_sparse__seed_009,controlled,,,,,,,,,,weak,high,80,sparse,9,skipped
gamma_weak__noise_high__T_80__density_sparse__seed_009,uncontrolled,,,,,,,,,,weak,high,80,sparse,9,skipped
gamma_weak__noise_high__T_80__density_sparse__seed_010,controlled,,,,,,,,,,weak,high,80,sparse,10,skipped
gamma_weak__noise_high__T_80__density_sparse__seed_010,uncontrolled,,,,,,,,,,weak,high,80,sparse,10,skipped
gamma_weak__noise_high__T_80__density_sparse__seed_011,controlled,,,,,,,,,,weak,high,80,sparse,11,skipped
gamma_weak__noise_high__T_80__density_sparse__seed_011,uncontrolled,,,,,,,,,,weak,high,80,sparse,11,skipped
gamma_weak__noise_high__T_80__density_sparse__seed_012,controlled,,,,,,,,,,weak,high,80,sparse,12,skipped
gamma_weak__noise_high__T_80__density_sparse__seed_012,uncontrolled,,,,,,,,,,weak,high,80,sparse,12,skipped
gamma_weak__noise_high__T_80__density_sparse__seed_013,controlled,,,,,,,,,,weak,high,80,sparse,13,skipped
gamma_weak__noise_high__T_80__density_sparse__seed_013,uncontrolled,,,,,,,,,,weak,high,80,sparse,13,skipped
gamma_weak__noise_high__T_80__density_sparse__seed_014,controlled,,,,,,,,,,weak,high,80,sparse,14,skipped
gamma_weak__noise_high__T_80__density_sparse__seed_014,uncontrolled,,,,,,,,,,weak,high,80,sparse,14,skipped
gamma_weak__noise_high__T_80__density_sparse__seed_015,controlled,,,,,,,,,,weak,high,80,sparse,15,skipped
gamma_weak__noise_high__T_80__density_sparse__seed_015,uncontrolled,,,,,,,,,,weak,high,80,sparse,15,skipped
gamma_weak__noise_low__T_156__density_dense__seed_001,controlled,,,,,,,,,,weak,low,156,dense,1,skipped
gamma_weak__noise_low__T_156__density_dense__seed_001,uncontrolled,,,,,,,,,,weak,low,156,dense,1,skipped
gamma_weak__noise_low__T_156__density_dense__seed_002,controlled,,,,,,,,,,weak,low,156,dense,2,skipped
gamma_weak__noise_low__T_156__density_dense__seed_002,uncontrolled,,,,,,,,,,weak,low,156,dense,2,skipped
gamma_weak__noise_low__T_156__density_dense__seed_003,controlled,,,,,,,,,,weak,low,156,dense,3,skipped
gamma_weak__noise_low__T_156__density_dense__seed_003,uncontrolled,,,,,,,,,,weak,low,156,dense,3,skipped
gamma_weak__noise_low__T_156__density_dense__seed_004,controlled,,,,,,,,,,weak,low,156,dense,4,skipped
gamma_weak__noise_low__T_156__density_dense__seed_004,uncontrolled,,,,,,,,,,weak,low,156,dense,4,skipped
gamma_weak__noise_low__T_156__density_dense__seed_005,controlled,,,,,,,,,,weak,low,156,dense,5,skipped
gamma_weak__noise_low__T_156__density_dense__seed_005,uncontrolled,,,,,,,,,,weak,low,156,dense,5,skipped
gamma_weak__noise_low__T_156__density_dense__seed_006,controlled,,,,,,,,,,weak,low,156,dense,6,skipped
gamma_weak__noise_low__T_156__density_dense__seed_006,uncontrolled,,,,,,,,,,weak,low,156,dense,6,skipped
gamma_weak__noise_low__T_156__density_dense__seed_007,controlled,,,,,,,,,,weak,low,156,dense,7,skipped
gamma_weak__noise_low__T_156__density_dense__seed_007,uncontrolled,,,,,,,,,,weak,low,156,dense,7,skipped
gamma_weak__noise_low__T_156__density_dense__seed_008,controlled,,,,,,,,,,weak,low,156,dense,8,skipped
gamma_weak__noise_low__T_156__density_dense__seed_008,uncontrolled,,,,,,,,,,weak,low,156,dense,8,skipped
gamma_weak__noise_low__T_156__density_dense__seed_009,controlled,,,,,,,,,,weak,low,156,dense,9,skipped
gamma_weak__noise_low__T_156__density_dense__seed_009,uncontrolled,,,,,,,,,,weak,low,156,dense,9,skipped
gamma_weak__noise_low__T_156__density_dense__seed_010,controlled,,,,,,,,,,weak,low,156,dense,10,skipped
gamma_weak__noise_low__T_156__density_dense__seed_010,uncontrolled,,,,,,,,,,weak,low,156,dense,10,skipped
gamma_weak__noise_low__T_156__density_dense__seed_011,controlled,,,,,,,,,,weak,low,156,dense,11,skipped
gamma_weak__noise_low__T_156__density_dense__seed_011,uncontrolled,,,,,,,,,,weak,low,156,dense,11,skipped
gamma_weak__noise_low__T_156__density_dense__seed_012,controlled,,,,,,,,,,weak,low,156,dense,12,skipped
gamma_weak__noise_low__T_156__density_dense__seed_012,uncontrolled,,,,,,,,,,weak,low,156,dense,12,skipped
gamma_weak__noise_low__T_156__density_dense__seed_013,controlled,,,,,,,,,,weak,low,156,dense,13,skipped
gamma_weak__noise_low__T_156__density_dense__seed_013,uncontrolled,,,,,,,,,,weak,low,156,dense,13,skipped
gamma_weak__noise_low__T_156__density_dense__seed_014,controlled,,,,,,,,,,weak,low,156,dense,14,skipped
gamma_weak__noise_low__T_156__density_dense__seed_014,uncontrolled,,,,,,,,,,weak,low,156,dense,14,skipped
gamma_weak__noise_low__T_156__density_dense__seed_015,controlled,,,,,,,,,,weak,low,156,dense,15,skipped
gamma_weak__noise_low__T_156__density_dense__seed_015,uncontrolled,,,,,,,,,,weak,low,156,dense,15,skipped
gamma_weak__noise_low__T_156__density_medium__seed_001,controlled,,,,,,,,,,weak,low,156,medium,1,skipped
gamma_weak__noise_low__T_156__density_medium__seed_001,uncontrolled,,,,,,,,,,weak,low,156,medium,1,skipped
gamma_weak__noise_low__T_156__density_medium__seed_002,controlled,,,,,,,,,,weak,low,156,medium,2,skipped
gamma_weak__noise_low__T_156__density_medium__seed_002,uncontrolled,,,,,,,,,,weak,low,156,medium,2,skipped
gamma_weak__noise_low__T_156__density_medium__seed_003,controlled,,,,,,,,,,weak,low,156,medium,3,skipped
gamma_weak__noise_low__T_156__density_medium__seed_003,uncontrolled,,,,,,,,,,weak,low,156,medium,3,skipped
gamma_weak__noise_low__T_156__density_medium__seed_004,controlled,,,,,,,,,,weak,low,156,medium,4,skipped
gamma_weak__noise_low__T_156__density_medium__seed_004,uncontrolled,,,,,,,,,,weak,low,156,medium,4,skipped
gamma_weak__noise_low__T_156__density_medium__seed_005,controlled,,,,,,,,,,weak,low,156,medium,5,skipped
gamma_weak__noise_low__T_156__density_medium__seed_005,uncontrolled,,,,,,,,,,weak,low,156,medium,5,skipped
gamma_weak__noise_low__T_156__density_medium__seed_006,controlled,,,,,,,,,,weak,low,156,medium,6,skipped
gamma_weak__noise_low__T_156__density_medium__seed_006,uncontrolled,,,,,,,,,,weak,low,156,medium,6,skipped
gamma_weak__noise_low__T_156__density_medium__seed_007,controlled,,,,,,,,,,weak,low,156,medium,7,skipped
gamma_weak__noise_low__T_156__density_medium__seed_007,uncontrolled,,,,,,,,,,weak,low,156,medium,7,skipped
gamma_weak__noise_low__T_156__density_medium__seed_008,controlled,,,,,,,,,,weak,low,156,medium,8,skipped
gamma_weak__noise_low__T_156__density_medium__seed_008,uncontrolled,,,,,,,,,,weak,low,156,medium,8,skipped
gamma_weak__noise_low__T_156__density_medium__seed_009,controlled,,,,,,,,,,weak,low,156,medium,9,skipped
gamma_weak__noise_low__T_156__density_medium__seed_009,uncontrolled,,,,,,,,,,weak,low,156,medium,9,skipped
gamma_weak__noise_low__T_156__density_medium__seed_010,controlled,,,,,,,,,,weak,low,156,medium,10,skipped
gamma_weak__noise_low__T_156__density_medium__seed_010,uncontrolled,,,,,,,,,,weak,low,156,medium,10,skipped
gamma_weak__noise_low__T_156__density_medium__seed_011,controlled,,,,,,,,,,weak,low,156,medium,11,skipped
gamma_weak__noise_low__T_156__density_medium__seed_011,uncontrolled,,,,,,,,,,weak,low,156,medium,11,skipped
gamma_weak__noise_low__T_156__density_medium__seed_012,controlled,,,,,,,,,,weak,low,156,medium,12,skipped
gamma_weak__noise_low__T_156__density_medium__seed_012,uncontrolled,,,,,,,,,,weak,low,156,medium,12,skipped
gamma_weak__noise_low__T_156__density_medium__seed_013,controlled,,,,,,,,,,weak,low,156,medium,13,skipped
gamma_weak__noise_low__T_156__density_medium__seed_013,uncontrolled,,,,,,,,,,weak,low,156,medium,13,skipped
gamma_weak__noise_low__T_156__density_medium__seed_014,controlled,,,,,,,,,,weak,low,156,medium,14,skipped
gamma_weak__noise_low__T_156__density_medium__seed_014,uncontrolled,,,,,,,,,,weak,low,156,medium,14,skipped
gamma_weak__noise_low__T_156__density_medium__seed_015,controlled,,,,,,,,,,weak,low,156,medium,15,skipped
gamma_weak__noise_low__T_156__density_medium__seed_015,uncontrolled,,,,,,,,,,weak,low,156,medium,15,skipped
gamma_weak__noise_low__T_156__density_sparse__seed_001,controlled,,,,,,,,,,weak,low,156,sparse,1,skipped
gamma_weak__noise_low__T_156__density_sparse__seed_001,uncontrolled,,,,,,,,,,weak,low,156,sparse,1,skipped
gamma_weak__noise_low__T_156__density_sparse__seed_002,controlled,,,,,,,,,,weak,low,156,sparse,2,skipped
gamma_weak__noise_low__T_156__density_sparse__seed_002,uncontrolled,,,,,,,,,,weak,low,156,sparse,2,skipped
gamma_weak__noise_low__T_156__density_sparse__seed_003,controlled,,,,,,,,,,weak,low,156,sparse,3,skipped
gamma_weak__noise_low__T_156__density_sparse__seed_003,uncontrolled,,,,,,,,,,weak,low,156,sparse,3,skipped
gamma_weak__noise_low__T_156__density_sparse__seed_004,controlled,,,,,,,,,,weak,low,156,sparse,4,skipped
gamma_weak__noise_low__T_156__density_sparse__seed_004,uncontrolled,,,,,,,,,,weak,low,156,sparse,4,skipped
gamma_weak__noise_low__T_156__density_sparse__seed_005,controlled,,,,,,,,,,weak,low,156,sparse,5,skipped
gamma_weak__noise_low__T_156__density_sparse__seed_005,uncontrolled,,,,,,,,,,weak,low,156,sparse,5,skipped
gamma_weak__noise_low__T_156__density_sparse__seed_006,controlled,,,,,,,,,,weak,low,156,sparse,6,skipped
gamma_weak__noise_low__T_156__density_sparse__seed_006,uncontrolled,,,,,,,,,,weak,low,156,sparse,6,skipped
gamma_weak__noise_low__T_156__density_sparse__seed_007,controlled,,,,,,,,,,weak,low,156,sparse,7,skipped
gamma_weak__noise_low__T_156__density_sparse__seed_007,uncontrolled,,,,,,,,,,weak,low,156,sparse,7,skipped
gamma_weak__noise_low__T_156__density_sparse__seed_008,controlled,,,,,,,,,,weak,low,156,sparse,8,skipped
gamma_weak__noise_low__T_156__density_sparse__seed_008,uncontrolled,,,,,,,,,,weak,low,156,sparse,8,skipped
gamma_weak__noise_low__T_156__density_sparse__seed_009,controlled,,,,,,,,,,weak,low,156,sparse,9,skipped
gamma_weak__noise_low__T_156__density_sparse__seed_009,uncontrolled,,,,,,,,,,weak,low,156,sparse,9,skipped
gamma_weak__noise_low__T_156__density_sparse__seed_010,controlled,,,,,,,,,,weak,low,156,sparse,10,skipped
gamma_weak__noise_low__T_156__density_sparse__seed_010,uncontrolled,,,,,,,,,,weak,low,156,sparse,10,skipped
gamma_weak__noise_low__T_156__density_sparse__seed_011,controlled,,,,,,,,,,weak,low,156,sparse,11,skipped
gamma_weak__noise_low__T_156__density_sparse__seed_011,uncontrolled,,,,,,,,,,weak,low,156,sparse,11,skipped
gamma_weak__noise_low__T_156__density_sparse__seed_012,controlled,,,,,,,,,,weak,low,156,sparse,12,skipped
gamma_weak__noise_low__T_156__density_sparse__seed_012,uncontrolled,,,,,,,,,,weak,low,156,sparse,12,skipped
gamma_weak__noise_low__T_156__density_sparse__seed_013,controlled,,,,,,,,,,weak,low,156,sparse,13,skipped
gamma_weak__noise_low__T_156__density_sparse__seed_013,uncontrolled,,,,,,,,,,weak,low,156,sparse,13,skipped
gamma_weak__noise_low__T_156__density_sparse__seed_014,controlled,,,,,,,,,,weak,low,156,sparse,14,skipped
gamma_weak__noise_low__T_156__density_sparse__seed_014,uncontrolled,,,,,,,,,,weak,low,156,sparse,14,skipped
gamma_weak__noise_low__T_156__density_sparse__seed_015,controlled,,,,,,,,,,weak,low,156,sparse,15,skipped
gamma_weak__noise_low__T_156__density_sparse__seed_015,uncontrolled,,,,,,,,,,weak,low,156,sparse,15,skipped
gamma_weak__noise_low__T_300__density_dense__seed_001,controlled,,,,,,,,,,weak,low,300,dense,1,skipped
gamma_weak__noise_low__T_300__density_dense__seed_001,uncontrolled,,,,,,,,,,weak,low,300,dense,1,skipped
gamma_weak__noise_low__T_300__density_dense__seed_002,controlled,,,,,,,,,,weak,low,300,dense,2,skipped
gamma_weak__noise_low__T_300__density_dense__seed_002,uncontrolled,,,,,,,,,,weak,low,300,dense,2,skipped
gamma_weak__noise_low__T_300__density_dense__seed_003,controlled,,,,,,,,,,weak,low,300,dense,3,skipped
gamma_weak__noise_low__T_300__density_dense__seed_003,uncontrolled,,,,,,,,,,weak,low,300,dense,3,skipped
gamma_weak__noise_low__T_300__density_dense__seed_004,controlled,,,,,,,,,,weak,low,300,dense,4,skipped
gamma_weak__noise_low__T_300__density_dense__seed_004,uncontrolled,,,,,,,,,,weak,low,300,dense,4,skipped
gamma_weak__noise_low__T_300__density_dense__seed_005,controlled,,,,,,,,,,weak,low,300,dense,5,skipped
gamma_weak__noise_low__T_300__density_dense__seed_005,uncontrolled,,,,,,,,,,weak,low,300,dense,5,skipped
gamma_weak__noise_low__T_300__density_dense__seed_006,controlled,,,,,,,,,,weak,low,300,dense,6,skipped
gamma_weak__noise_low__T_300__density_dense__seed_006,uncontrolled,,,,,,,,,,weak,low,300,dense,6,skipped
gamma_weak__noise_low__T_300__density_dense__seed_007,controlled,,,,,,,,,,weak,low,300,dense,7,skipped
gamma_weak__noise_low__T_300__density_dense__seed_007,uncontrolled,,,,,,,,,,weak,low,300,dense,7,skipped
gamma_weak__noise_low__T_300__density_dense__seed_008,controlled,,,,,,,,,,weak,low,300,dense,8,skipped
gamma_weak__noise_low__T_300__density_dense__seed_008,uncontrolled,,,,,,,,,,weak,low,300,dense,8,skipped
gamma_weak__noise_low__T_300__density_dense__seed_009,controlled,,,,,,,,,,weak,low,300,dense,9,skipped
gamma_weak__noise_low__T_300__density_dense__seed_009,uncontrolled,,,,,,,,,,weak,low,300,dense,9,skipped
gamma_weak__noise_low__T_300__density_dense__seed_010,controlled,,,,,,,,,,weak,low,300,dense,10,skipped
gamma_weak__noise_low__T_300__density_dense__seed_010,uncontrolled,,,,,,,,,,weak,low,300,dense,10,skipped
gamma_weak__noise_low__T_300__density_dense__seed_011,controlled,,,,,,,,,,weak,low,300,dense,11,skipped
gamma_weak__noise_low__T_300__density_dense__seed_011,uncontrolled,,,,,,,,,,weak,low,300,dense,11,skipped
gamma_weak__noise_low__T_300__density_dense__seed_012,controlled,,,,,,,,,,weak,low,300,dense,12,skipped
gamma_weak__noise_low__T_300__density_dense__seed_012,uncontrolled,,,,,,,,,,weak,low,300,dense,12,skipped
gamma_weak__noise_low__T_300__density_dense__seed_013,controlled,,,,,,,,,,weak,low,300,dense,13,skipped
gamma_weak__noise_low__T_300__density_dense__seed_013,uncontrolled,,,,,,,,,,weak,low,300,dense,13,skipped
gamma_weak__noise_low__T_300__density_dense__seed_014,controlled,,,,,,,,,,weak,low,300,dense,14,skipped
gamma_weak__noise_low__T_300__density_dense__seed_014,uncontrolled,,,,,,,,,,weak,low,300,dense,14,skipped
gamma_weak__noise_low__T_300__density_dense__seed_015,controlled,,,,,,,,,,weak,low,300,dense,15,skipped
gamma_weak__noise_low__T_300__density_dense__seed_015,uncontrolled,,,,,,,,,,weak,low,300,dense,15,skipped
gamma_weak__noise_low__T_300__density_medium__seed_001,controlled,,,,,,,,,,weak,low,300,medium,1,skipped
gamma_weak__noise_low__T_300__density_medium__seed_001,uncontrolled,,,,,,,,,,weak,low,300,medium,1,skipped
gamma_weak__noise_low__T_300__density_medium__seed_002,controlled,,,,,,,,,,weak,low,300,medium,2,skipped
gamma_weak__noise_low__T_300__density_medium__seed_002,uncontrolled,,,,,,,,,,weak,low,300,medium,2,skipped
gamma_weak__noise_low__T_300__density_medium__seed_003,controlled,,,,,,,,,,weak,low,300,medium,3,skipped
gamma_weak__noise_low__T_300__density_medium__seed_003,uncontrolled,,,,,,,,,,weak,low,300,medium,3,skipped
gamma_weak__noise_low__T_300__density_medium__seed_004,controlled,,,,,,,,,,weak,low,300,medium,4,skipped
gamma_weak__noise_low__T_300__density_medium__seed_004,uncontrolled,,,,,,,,,,weak,low,300,medium,4,skipped
gamma_weak__noise_low__T_300__density_medium__seed_005,controlled,,,,,,,,,,weak,low,300,medium,5,skipped
gamma_weak__noise_low__T_300__density_medium__seed_005,uncontrolled,,,,,,,,,,weak,low,300,medium,5,skipped
gamma_weak__noise_low__T_300__density_medium__seed_006,controlled,,,,,,,,,,weak,low,300,medium,6,skipped
gamma_weak__noise_low__T_300__density_medium__seed_006,uncontrolled,,,,,,,,,,weak,low,300,medium,6,skipped
gamma_weak__noise_low__T_300__density_medium__seed_007,controlled,,,,,,,,,,weak,low,300,medium,7,skipped
gamma_weak__noise_low__T_300__density_medium__seed_007,uncontrolled,,,,,,,,,,weak,low,300,medium,7,skipped
gamma_weak__noise_low__T_300__density_medium__seed_008,controlled,,,,,,,,,,weak,low,300,medium,8,skipped
gamma_weak__noise_low__T_300__density_medium__seed_008,uncontrolled,,,,,,,,,,weak,low,300,medium,8,skipped
gamma_weak__noise_low__T_300__density_medium__seed_009,controlled,,,,,,,,,,weak,low,300,medium,9,skipped
gamma_weak__noise_low__T_300__density_medium__seed_009,uncontrolled,,,,,,,,,,weak,low,300,medium,9,skipped
gamma_weak__noise_low__T_300__density_medium__seed_010,controlled,,,,,,,,,,weak,low,300,medium,10,skipped
gamma_weak__noise_low__T_300__density_medium__seed_010,uncontrolled,,,,,,,,,,weak,low,300,medium,10,skipped
gamma_weak__noise_low__T_300__density_medium__seed_011,controlled,,,,,,,,,,weak,low,300,medium,11,skipped
gamma_weak__noise_low__T_300__density_medium__seed_011,uncontrolled,,,,,,,,,,weak,low,300,medium,11,skipped
gamma_weak__noise_low__T_300__density_medium__seed_012,controlled,,,,,,,,,,weak,low,300,medium,12,skipped
gamma_weak__noise_low__T_300__density_medium__seed_012,uncontrolled,,,,,,,,,,weak,low,300,medium,12,skipped
gamma_weak__noise_low__T_300__density_medium__seed_013,controlled,,,,,,,,,,weak,low,300,medium,13,skipped
gamma_weak__noise_low__T_300__density_medium__seed_013,uncontrolled,,,,,,,,,,weak,low,300,medium,13,skipped
gamma_weak__noise_low__T_300__density_medium__seed_014,controlled,,,,,,,,,,weak,low,300,medium,14,skipped
gamma_weak__noise_low__T_300__density_medium__seed_014,uncontrolled,,,,,,,,,,weak,low,300,medium,14,skipped
gamma_weak__noise_low__T_300__density_medium__seed_015,controlled,,,,,,,,,,weak,low,300,medium,15,skipped
gamma_weak__noise_low__T_300__density_medium__seed_015,uncontrolled,,,,,,,,,,weak,low,300,medium,15,skipped
gamma_weak__noise_low__T_300__density_sparse__seed_001,controlled,,,,,,,,,,weak,low,300,sparse,1,skipped
gamma_weak__noise_low__T_300__density_sparse__seed_001,uncontrolled,,,,,,,,,,weak,low,300,sparse,1,skipped
gamma_weak__noise_low__T_300__density_sparse__seed_002,controlled,,,,,,,,,,weak,low,300,sparse,2,skipped
gamma_weak__noise_low__T_300__density_sparse__seed_002,uncontrolled,,,,,,,,,,weak,low,300,sparse,2,skipped
gamma_weak__noise_low__T_300__density_sparse__seed_003,controlled,,,,,,,,,,weak,low,300,sparse,3,skipped
gamma_weak__noise_low__T_300__density_sparse__seed_003,uncontrolled,,,,,,,,,,weak,low,300,sparse,3,skipped
gamma_weak__noise_low__T_300__density_sparse__seed_004,controlled,,,,,,,,,,weak,low,300,sparse,4,skipped
gamma_weak__noise_low__T_300__density_sparse__seed_004,uncontrolled,,,,,,,,,,weak,low,300,sparse,4,skipped
gamma_weak__noise_low__T_300__density_sparse__seed_005,controlled,,,,,,,,,,weak,low,300,sparse,5,skipped
gamma_weak__noise_low__T_300__density_sparse__seed_005,uncontrolled,,,,,,,,,,weak,low,300,sparse,5,skipped
gamma_weak__noise_low__T_300__density_sparse__seed_006,controlled,,,,,,,,,,weak,low,300,sparse,6,skipped
gamma_weak__noise_low__T_300__density_sparse__seed_006,uncontrolled,,,,,,,,,,weak,low,300,sparse,6,skipped
gamma_weak__noise_low__T_300__density_sparse__seed_007,controlled,,,,,,,,,,weak,low,300,sparse,7,skipped
gamma_weak__noise_low__T_300__density_sparse__seed_007,uncontrolled,,,,,,,,,,weak,low,300,sparse,7,skipped
gamma_weak__noise_low__T_300__density_sparse__seed_008,controlled,,,,,,,,,,weak,low,300,sparse,8,skipped
gamma_weak__noise_low__T_300__density_sparse__seed_008,uncontrolled,,,,,,,,,,weak,low,300,sparse,8,skipped
gamma_weak__noise_low__T_300__density_sparse__seed_009,controlled,,,,,,,,,,weak,low,300,sparse,9,skipped
gamma_weak__noise_low__T_300__density_sparse__seed_009,uncontrolled,,,,,,,,,,weak,low,300,sparse,9,skipped
gamma_weak__noise_low__T_300__density_sparse__seed_010,controlled,,,,,,,,,,weak,low,300,sparse,10,skipped
gamma_weak__noise_low__T_300__density_sparse__seed_010,uncontrolled,,,,,,,,,,weak,low,300,sparse,10,skipped
gamma_weak__noise_low__T_300__density_sparse__seed_011,controlled,,,,,,,,,,weak,low,300,sparse,11,skipped
gamma_weak__noise_low__T_300__density_sparse__seed_011,uncontrolled,,,,,,,,,,weak,low,300,sparse,11,skipped
gamma_weak__noise_low__T_300__density_sparse__seed_012,controlled,,,,,,,,,,weak,low,300,sparse,12,skipped
gamma_weak__noise_low__T_300__density_sparse__seed_012,uncontrolled,,,,,,,,,,weak,low,300,sparse,12,skipped
gamma_weak__noise_low__T_300__density_sparse__seed_013,controlled,,,,,,,,,,weak,low,300,sparse,13,skipped
gamma_weak__noise_low__T_300__density_sparse__seed_013,uncontrolled,,,,,,,,,,weak,low,300,sparse,13,skipped
gamma_weak__noise_low__T_300__density_sparse__seed_014,controlled,,,,,,,,,,weak,low,300,sparse,14,skipped
gamma_weak__noise_low__T_300__density_sparse__seed_014,uncontrolled,,,,,,,,,,weak,low,300,sparse,14,skipped
gamma_weak__noise_low__T_300__density_sparse__seed_015,controlled,,,,,,,,,,weak,low,300,sparse,15,skipped
gamma_weak__noise_low__T_300__density_sparse__seed_015,uncontrolled,,,,,,,,,,weak,low,300,sparse,15,skipped
gamma_weak__noise_low__T_80__density_dense__seed_001,controlled,,,,,,,,,,weak,low,80,dense,1,skipped
gamma_weak__noise_low__T_80__density_dense__seed_001,uncontrolled,,,,,,,,,,weak,low,80,dense,1,skipped
gamma_weak__noise_low__T_80__density_dense__seed_002,controlled,,,,,,,,,,weak,low,80,dense,2,skipped
gamma_weak__noise_low__T_80__density_dense__seed_002,uncontrolled,,,,,,,,,,weak,low,80,dense,2,skipped
gamma_weak__noise_low__T_80__density_dense__seed_003,controlled,,,,,,,,,,weak,low,80,dense,3,skipped
gamma_weak__noise_low__T_80__density_dense__seed_003,uncontrolled,,,,,,,,,,weak,low,80,dense,3,skipped
gamma_weak__noise_low__T_80__density_dense__seed_004,controlled,,,,,,,,,,weak,low,80,dense,4,skipped
gamma_weak__noise_low__T_80__density_dense__seed_004,uncontrolled,,,,,,,,,,weak,low,80,dense,4,skipped
gamma_weak__noise_low__T_80__density_dense__seed_005,controlled,,,,,,,,,,weak,low,80,dense,5,skipped
gamma_weak__noise_low__T_80__density_dense__seed_005,uncontrolled,,,,,,,,,,weak,low,80,dense,5,skipped
gamma_weak__noise_low__T_80__density_dense__seed_006,controlled,,,,,,,,,,weak,low,80,dense,6,skipped
gamma_weak__noise_low__T_80__density_dense__seed_006,uncontrolled,,,,,,,,,,weak,low,80,dense,6,skipped
gamma_weak__noise_low__T_80__density_dense__seed_007,controlled,,,,,,,,,,weak,low,80,dense,7,skipped
gamma_weak__noise_low__T_80__density_dense__seed_007,uncontrolled,,,,,,,,,,weak,low,80,dense,7,skipped
gamma_weak__noise_low__T_80__density_dense__seed_008,controlled,,,,,,,,,,weak,low,80,dense,8,skipped
gamma_weak__noise_low__T_80__density_dense__seed_008,uncontrolled,,,,,,,,,,weak,low,80,dense,8,skipped
gamma_weak__noise_low__T_80__density_dense__seed_009,controlled,,,,,,,,,,weak,low,80,dense,9,skipped
gamma_weak__noise_low__T_80__density_dense__seed_009,uncontrolled,,,,,,,,,,weak,low,80,dense,9,skipped
gamma_weak__noise_low__T_80__density_dense__seed_010,controlled,,,,,,,,,,weak,low,80,dense,10,skipped
gamma_weak__noise_low__T_80__density_dense__seed_010,uncontrolled,,,,,,,,,,weak,low,80,dense,10,skipped
gamma_weak__noise_low__T_80__density_dense__seed_011,controlled,,,,,,,,,,weak,low,80,dense,11,skipped
gamma_weak__noise_low__T_80__density_dense__seed_011,uncontrolled,,,,,,,,,,weak,low,80,dense,11,skipped
gamma_weak__noise_low__T_80__density_dense__seed_012,controlled,,,,,,,,,,weak,low,80,dense,12,skipped
gamma_weak__noise_low__T_80__density_dense__seed_012,uncontrolled,,,,,,,,,,weak,low,80,dense,12,skipped
gamma_weak__noise_low__T_80__density_dense__seed_013,controlled,,,,,,,,,,weak,low,80,dense,13,skipped
gamma_weak__noise_low__T_80__density_dense__seed_013,uncontrolled,,,,,,,,,,weak,low,80,dense,13,skipped
gamma_weak__noise_low__T_80__density_dense__seed_014,controlled,,,,,,,,,,weak,low,80,dense,14,skipped
gamma_weak__noise_low__T_80__density_dense__seed_014,uncontrolled,,,,,,,,,,weak,low,80,dense,14,skipped
gamma_weak__noise_low__T_80__density_dense__seed_015,controlled,,,,,,,,,,weak,low,80,dense,15,skipped
gamma_weak__noise_low__T_80__density_dense__seed_015,uncontrolled,,,,,,,,,,weak,low,80,dense,15,skipped
gamma_weak__noise_low__T_80__density_medium__seed_001,controlled,,,,,,,,,,weak,low,80,medium,1,skipped
gamma_weak__noise_low__T_80__density_medium__seed_001,uncontrolled,,,,,,,,,,weak,low,80,medium,1,skipped
gamma_weak__noise_low__T_80__density_medium__seed_002,controlled,,,,,,,,,,weak,low,80,medium,2,skipped
gamma_weak__noise_low__T_80__density_medium__seed_002,uncontrolled,,,,,,,,,,weak,low,80,medium,2,skipped
gamma_weak__noise_low__T_80__density_medium__seed_003,controlled,,,,,,,,,,weak,low,80,medium,3,skipped
gamma_weak__noise_low__T_80__density_medium__seed_003,uncontrolled,,,,,,,,,,weak,low,80,medium,3,skipped
gamma_weak__noise_low__T_80__density_medium__seed_004,controlled,,,,,,,,,,weak,low,80,medium,4,skipped
gamma_weak__noise_low__T_80__density_medium__seed_004,uncontrolled,,,,,,,,,,weak,low,80,medium,4,skipped
gamma_weak__noise_low__T_80__density_medium__seed_005,controlled,,,,,,,,,,weak,low,80,medium,5,skipped
gamma_weak__noise_low__T_80__density_medium__seed_005,uncontrolled,,,,,,,,,,weak,low,80,medium,5,skipped
gamma_weak__noise_low__T_80__density_medium__seed_006,controlled,,,,,,,,,,weak,low,80,medium,6,skipped
gamma_weak__noise_low__T_80__density_medium__seed_006,uncontrolled,,,,,,,,,,weak,low,80,medium,6,skipped
gamma_weak__noise_low__T_80__density_medium__seed_007,controlled,,,,,,,,,,weak,low,80,medium,7,skipped
gamma_weak__noise_low__T_80__density_medium__seed_007,uncontrolled,,,,,,,,,,weak,low,80,medium,7,skipped
gamma_weak__noise_low__T_80__density_medium__seed_008,controlled,,,,,,,,,,weak,low,80,medium,8,skipped
gamma_weak__noise_low__T_80__density_medium__seed_008,uncontrolled,,,,,,,,,,weak,low,80,medium,8,skipped
gamma_weak__noise_low__T_80__density_medium__seed_009,controlled,,,,,,,,,,weak,low,80,medium,9,skipped
gamma_weak__noise_low__T_80__density_medium__seed_009,uncontrolled,,,,,,,,,,weak,low,80,medium,9,skipped
gamma_weak__noise_low__T_80__density_medium__seed_010,controlled,,,,,,,,,,weak,low,80,medium,10,skipped
gamma_weak__noise_low__T_80__density_medium__seed_010,uncontrolled,,,,,,,,,,weak,low,80,medium,10,skipped
gamma_weak__noise_low__T_80__density_medium__seed_011,controlled,,,,,,,,,,weak,low,80,medium,11,skipped
gamma_weak__noise_low__T_80__density_medium__seed_011,uncontrolled,,,,,,,,,,weak,low,80,medium,11,skipped
gamma_weak__noise_low__T_80__density_medium__seed_012,controlled,,,,,,,,,,weak,low,80,medium,12,skipped
gamma_weak__noise_low__T_80__density_medium__seed_012,uncontrolled,,,,,,,,,,weak,low,80,medium,12,skipped
gamma_weak__noise_low__T_80__density_medium__seed_013,controlled,,,,,,,,,,weak,low,80,medium,13,skipped
gamma_weak__noise_low__T_80__density_medium__seed_013,uncontrolled,,,,,,,,,,weak,low,80,medium,13,skipped
gamma_weak__noise_low__T_80__density_medium__seed_014,controlled,,,,,,,,,,weak,low,80,medium,14,skipped
gamma_weak__noise_low__T_80__density_medium__seed_014,uncontrolled,,,,,,,,,,weak,low,80,medium,14,skipped
gamma_weak__noise_low__T_80__density_medium__seed_015,controlled,,,,,,,,,,weak,low,80,medium,15,skipped
gamma_weak__noise_low__T_80__density_medium__seed_015,uncontrolled,,,,,,,,,,weak,low,80,medium,15,skipped
gamma_weak__noise_low__T_80__density_sparse__seed_001,controlled,,,,,,,,,,weak,low,80,sparse,1,skipped
gamma_weak__noise_low__T_80__density_sparse__seed_001,uncontrolled,,,,,,,,,,weak,low,80,sparse,1,skipped
gamma_weak__noise_low__T_80__density_sparse__seed_002,controlled,,,,,,,,,,weak,low,80,sparse,2,skipped
gamma_weak__noise_low__T_80__density_sparse__seed_002,uncontrolled,,,,,,,,,,weak,low,80,sparse,2,skipped
gamma_weak__noise_low__T_80__density_sparse__seed_003,controlled,,,,,,,,,,weak,low,80,sparse,3,skipped
gamma_weak__noise_low__T_80__density_sparse__seed_003,uncontrolled,,,,,,,,,,weak,low,80,sparse,3,skipped
gamma_weak__noise_low__T_80__density_sparse__seed_004,controlled,,,,,,,,,,weak,low,80,sparse,4,skipped
gamma_weak__noise_low__T_80__density_sparse__seed_004,uncontrolled,,,,,,,,,,weak,low,80,sparse,4,skipped
gamma_weak__noise_low__T_80__density_sparse__seed_005,controlled,,,,,,,,,,weak,low,80,sparse,5,skipped
gamma_weak__noise_low__T_80__density_sparse__seed_005,uncontrolled,,,,,,,,,,weak,low,80,sparse,5,skipped
gamma_weak__noise_low__T_80__density_sparse__seed_006,controlled,,,,,,,,,,weak,low,80,sparse,6,skipped
gamma_weak__noise_low__T_80__density_sparse__seed_006,uncontrolled,,,,,,,,,,weak,low,80,sparse,6,skipped
gamma_weak__noise_low__T_80__density_sparse__seed_007,controlled,,,,,,,,,,weak,low,80,sparse,7,skipped
gamma_weak__noise_low__T_80__density_sparse__seed_007,uncontrolled,,,,,,,,,,weak,low,80,sparse,7,skipped
gamma_weak__noise_low__T_80__density_sparse__seed_008,controlled,,,,,,,,,,weak,low,80,sparse,8,skipped
gamma_weak__noise_low__T_80__density_sparse__seed_008,uncontrolled,,,,,,,,,,weak,low,80,sparse,8,skipped
gamma_weak__noise_low__T_80__density_sparse__seed_009,controlled,,,,,,,,,,weak,low,80,sparse,9,skipped
gamma_weak__noise_low__T_80__density_sparse__seed_009,uncontrolled,,,,,,,,,,weak,low,80,sparse,9,skipped
gamma_weak__noise_low__T_80__density_sparse__seed_010,controlled,,,,,,,,,,weak,low,80,sparse,10,skipped
gamma_weak__noise_low__T_80__density_sparse__seed_010,uncontrolled,,,,,,,,,,weak,low,80,sparse,10,skipped
gamma_weak__noise_low__T_80__density_sparse__seed_011,controlled,,,,,,,,,,weak,low,80,sparse,11,skipped
gamma_weak__noise_low__T_80__density_sparse__seed_011,uncontrolled,,,,,,,,,,weak,low,80,sparse,11,skipped
gamma_weak__noise_low__T_80__density_sparse__seed_012,controlled,,,,,,,,,,weak,low,80,sparse,12,skipped
gamma_weak__noise_low__T_80__density_sparse__seed_012,uncontrolled,,,,,,,,,,weak,low,80,sparse,12,skipped
gamma_weak__noise_low__T_80__density_sparse__seed_013,controlled,,,,,,,,,,weak,low,80,sparse,13,skipped
gamma_weak__noise_low__T_80__density_sparse__seed_013,uncontrolled,,,,,,,,,,weak,low,80,sparse,13,skipped
gamma_weak__noise_low__T_80__density_sparse__seed_014,controlled,,,,,,,,,,weak,low,80,sparse,14,skipped
gamma_weak__noise_low__T_80__density_sparse__seed_014,uncontrolled,,,,,,,,,,weak,low,80,sparse,14,skipped
gamma_weak__noise_low__T_80__density_sparse__seed_015,controlled,,,,,,,,,,weak,low,80,sparse,15,skipped
gamma_weak__noise_low__T_80__density_sparse__seed_015,uncontrolled,,,,,,,,,,weak,low,80,sparse,15,skipped
gamma_weak__noise_medium__T_156__density_dense__seed_001,controlled,,,,,,,,,,weak,medium,156,dense,1,skipped
gamma_weak__noise_medium__T_156__density_dense__seed_001,uncontrolled,,,,,,,,,,weak,medium,156,dense,1,skipped
gamma_weak__noise_medium__T_156__density_dense__seed_002,controlled,,,,,,,,,,weak,medium,156,dense,2,skipped
gamma_weak__noise_medium__T_156__density_dense__seed_002,uncontrolled,,,,,,,,,,weak,medium,156,dense,2,skipped
gamma_weak__noise_medium__T_156__density_dense__seed_003,controlled,,,,,,,,,,weak,medium,156,dense,3,skipped
gamma_weak__noise_medium__T_156__density_dense__seed_003,uncontrolled,,,,,,,,,,weak,medium,156,dense,3,skipped
gamma_weak__noise_medium__T_156__density_dense__seed_004,controlled,,,,,,,,,,weak,medium,156,dense,4,skipped
gamma_weak__noise_medium__T_156__density_dense__seed_004,uncontrolled,,,,,,,,,,weak,medium,156,dense,4,skipped
gamma_weak__noise_medium__T_156__density_dense__seed_005,controlled,,,,,,,,,,weak,medium,156,dense,5,skipped
gamma_weak__noise_medium__T_156__density_dense__seed_005,uncontrolled,,,,,,,,,,weak,medium,156,dense,5,skipped
gamma_weak__noise_medium__T_156__density_dense__seed_006,controlled,,,,,,,,,,weak,medium,156,dense,6,skipped
gamma_weak__noise_medium__T_156__density_dense__seed_006,uncontrolled,,,,,,,,,,weak,medium,156,dense,6,skipped
gamma_weak__noise_medium__T_156__density_dense__seed_007,controlled,,,,,,,,,,weak,medium,156,dense,7,skipped
gamma_weak__noise_medium__T_156__density_dense__seed_007,uncontrolled,,,,,,,,,,weak,medium,156,dense,7,skipped
gamma_weak__noise_medium__T_156__density_dense__seed_008,controlled,,,,,,,,,,weak,medium,156,dense,8,skipped
gamma_weak__noise_medium__T_156__density_dense__seed_008,uncontrolled,,,,,,,,,,weak,medium,156,dense,8,skipped
gamma_weak__noise_medium__T_156__density_dense__seed_009,controlled,,,,,,,,,,weak,medium,156,dense,9,skipped
gamma_weak__noise_medium__T_156__density_dense__seed_009,uncontrolled,,,,,,,,,,weak,medium,156,dense,9,skipped
gamma_weak__noise_medium__T_156__density_dense__seed_010,controlled,,,,,,,,,,weak,medium,156,dense,10,skipped
gamma_weak__noise_medium__T_156__density_dense__seed_010,uncontrolled,,,,,,,,,,weak,medium,156,dense,10,skipped
gamma_weak__noise_medium__T_156__density_dense__seed_011,controlled,,,,,,,,,,weak,medium,156,dense,11,skipped
gamma_weak__noise_medium__T_156__density_dense__seed_011,uncontrolled,,,,,,,,,,weak,medium,156,dense,11,skipped
gamma_weak__noise_medium__T_156__density_dense__seed_012,controlled,,,,,,,,,,weak,medium,156,dense,12,skipped
gamma_weak__noise_medium__T_156__density_dense__seed_012,uncontrolled,,,,,,,,,,weak,medium,156,dense,12,skipped
gamma_weak__noise_medium__T_156__density_dense__seed_013,controlled,,,,,,,,,,weak,medium,156,dense,13,skipped
gamma_weak__noise_medium__T_156__density_dense__seed_013,uncontrolled,,,,,,,,,,weak,medium,156,dense,13,skipped
gamma_weak__noise_medium__T_156__density_dense__seed_014,controlled,,,,,,,,,,weak,medium,156,dense,14,skipped
gamma_weak__noise_medium__T_156__density_dense__seed_014,uncontrolled,,,,,,,,,,weak,medium,156,dense,14,skipped
gamma_weak__noise_medium__T_156__density_dense__seed_015,controlled,,,,,,,,,,weak,medium,156,dense,15,skipped
gamma_weak__noise_medium__T_156__density_dense__seed_015,uncontrolled,,,,,,,,,,weak,medium,156,dense,15,skipped
gamma_weak__noise_medium__T_156__density_medium__seed_001,controlled,,,,,,,,,,weak,medium,156,medium,1,skipped
gamma_weak__noise_medium__T_156__density_medium__seed_001,uncontrolled,,,,,,,,,,weak,medium,156,medium,1,skipped
gamma_weak__noise_medium__T_156__density_medium__seed_002,controlled,,,,,,,,,,weak,medium,156,medium,2,skipped
gamma_weak__noise_medium__T_156__density_medium__seed_002,uncontrolled,,,,,,,,,,weak,medium,156,medium,2,skipped
gamma_weak__noise_medium__T_156__density_medium__seed_003,controlled,,,,,,,,,,weak,medium,156,medium,3,skipped
gamma_weak__noise_medium__T_156__density_medium__seed_003,uncontrolled,,,,,,,,,,weak,medium,156,medium,3,skipped
gamma_weak__noise_medium__T_156__density_medium__seed_004,controlled,,,,,,,,,,weak,medium,156,medium,4,skipped
gamma_weak__noise_medium__T_156__density_medium__seed_004,uncontrolled,,,,,,,,,,weak,medium,156,medium,4,skipped
gamma_weak__noise_medium__T_156__density_medium__seed_005,controlled,,,,,,,,,,weak,medium,156,medium,5,skipped
gamma_weak__noise_medium__T_156__density_medium__seed_005,uncontrolled,,,,,,,,,,weak,medium,156,medium,5,skipped
gamma_weak__noise_medium__T_156__density_medium__seed_006,controlled,,,,,,,,,,weak,medium,156,medium,6,skipped
gamma_weak__noise_medium__T_156__density_medium__seed_006,uncontrolled,,,,,,,,,,weak,medium,156,medium,6,skipped
gamma_weak__noise_medium__T_156__density_medium__seed_007,controlled,,,,,,,,,,weak,medium,156,medium,7,skipped
gamma_weak__noise_medium__T_156__density_medium__seed_007,uncontrolled,,,,,,,,,,weak,medium,156,medium,7,skipped
gamma_weak__noise_medium__T_156__density_medium__seed_008,controlled,,,,,,,,,,weak,medium,156,medium,8,skipped
gamma_weak__noise_medium__T_156__density_medium__seed_008,uncontrolled,,,,,,,,,,weak,medium,156,medium,8,skipped
gamma_weak__noise_medium__T_156__density_medium__seed_009,controlled,,,,,,,,,,weak,medium,156,medium,9,skipped
gamma_weak__noise_medium__T_156__density_medium__seed_009,uncontrolled,,,,,,,,,,weak,medium,156,medium,9,skipped
gamma_weak__noise_medium__T_156__density_medium__seed_010,controlled,,,,,,,,,,weak,medium,156,medium,10,skipped
gamma_weak__noise_medium__T_156__density_medium__seed_010,uncontrolled,,,,,,,,,,weak,medium,156,medium,10,skipped
gamma_weak__noise_medium__T_156__density_medium__seed_011,controlled,,,,,,,,,,weak,medium,156,medium,11,skipped
gamma_weak__noise_medium__T_156__density_medium__seed_011,uncontrolled,,,,,,,,,,weak,medium,156,medium,11,skipped
gamma_weak__noise_medium__T_156__density_medium__seed_012,controlled,,,,,,,,,,weak,medium,156,medium,12,skipped
gamma_weak__noise_medium__T_156__density_medium__seed_012,uncontrolled,,,,,,,,,,weak,medium,156,medium,12,skipped
gamma_weak__noise_medium__T_156__density_medium__seed_013,controlled,,,,,,,,,,weak,medium,156,medium,13,skipped
gamma_weak__noise_medium__T_156__density_medium__seed_013,uncontrolled,,,,,,,,,,weak,medium,156,medium,13,skipped
gamma_weak__noise_medium__T_156__density_medium__seed_014,controlled,,,,,,,,,,weak,medium,156,medium,14,skipped
gamma_weak__noise_medium__T_156__density_medium__seed_014,uncontrolled,,,,,,,,,,weak,medium,156,medium,14,skipped
gamma_weak__noise_medium__T_156__density_medium__seed_015,controlled,,,,,,,,,,weak,medium,156,medium,15,skipped
gamma_weak__noise_medium__T_156__density_medium__seed_015,uncontrolled,,,,,,,,,,weak,medium,156,medium,15,skipped
gamma_weak__noise_medium__T_156__density_sparse__seed_001,controlled,,,,,,,,,,weak,medium,156,sparse,1,skipped
gamma_weak__noise_medium__T_156__density_sparse__seed_001,uncontrolled,,,,,,,,,,weak,medium,156,sparse,1,skipped
gamma_weak__noise_medium__T_156__density_sparse__seed_002,controlled,,,,,,,,,,weak,medium,156,sparse,2,skipped
gamma_weak__noise_medium__T_156__density_sparse__seed_002,uncontrolled,,,,,,,,,,weak,medium,156,sparse,2,skipped
gamma_weak__noise_medium__T_156__density_sparse__seed_003,controlled,,,,,,,,,,weak,medium,156,sparse,3,skipped
gamma_weak__noise_medium__T_156__density_sparse__seed_003,uncontrolled,,,,,,,,,,weak,medium,156,sparse,3,skipped
gamma_weak__noise_medium__T_156__density_sparse__seed_004,controlled,,,,,,,,,,weak,medium,156,sparse,4,skipped
gamma_weak__noise_medium__T_156__density_sparse__seed_004,uncontrolled,,,,,,,,,,weak,medium,156,sparse,4,skipped
gamma_weak__noise_medium__T_156__density_sparse__seed_005,controlled,,,,,,,,,,weak,medium,156,sparse,5,skipped
gamma_weak__noise_medium__T_156__density_sparse__seed_005,uncontrolled,,,,,,,,,,weak,medium,156,sparse,5,skipped
gamma_weak__noise_medium__T_156__density_sparse__seed_006,controlled,,,,,,,,,,weak,medium,156,sparse,6,skipped
gamma_weak__noise_medium__T_156__density_sparse__seed_006,uncontrolled,,,,,,,,,,weak,medium,156,sparse,6,skipped
gamma_weak__noise_medium__T_156__density_sparse__seed_007,controlled,,,,,,,,,,weak,medium,156,sparse,7,skipped
gamma_weak__noise_medium__T_156__density_sparse__seed_007,uncontrolled,,,,,,,,,,weak,medium,156,sparse,7,skipped
gamma_weak__noise_medium__T_156__density_sparse__seed_008,controlled,,,,,,,,,,weak,medium,156,sparse,8,skipped
gamma_weak__noise_medium__T_156__density_sparse__seed_008,uncontrolled,,,,,,,,,,weak,medium,156,sparse,8,skipped
gamma_weak__noise_medium__T_156__density_sparse__seed_009,controlled,,,,,,,,,,weak,medium,156,sparse,9,skipped
gamma_weak__noise_medium__T_156__density_sparse__seed_009,uncontrolled,,,,,,,,,,weak,medium,156,sparse,9,skipped
gamma_weak__noise_medium__T_156__density_sparse__seed_010,controlled,,,,,,,,,,weak,medium,156,sparse,10,skipped
gamma_weak__noise_medium__T_156__density_sparse__seed_010,uncontrolled,,,,,,,,,,weak,medium,156,sparse,10,skipped
gamma_weak__noise_medium__T_156__density_sparse__seed_011,controlled,,,,,,,,,,weak,medium,156,sparse,11,skipped
gamma_weak__noise_medium__T_156__density_sparse__seed_011,uncontrolled,,,,,,,,,,weak,medium,156,sparse,11,skipped
gamma_weak__noise_medium__T_156__density_sparse__seed_012,controlled,,,,,,,,,,weak,medium,156,sparse,12,skipped
gamma_weak__noise_medium__T_156__density_sparse__seed_012,uncontrolled,,,,,,,,,,weak,medium,156,sparse,12,skipped
gamma_weak__noise_medium__T_156__density_sparse__seed_013,controlled,,,,,,,,,,weak,medium,156,sparse,13,skipped
gamma_weak__noise_medium__T_156__density_sparse__seed_013,uncontrolled,,,,,,,,,,weak,medium,156,sparse,13,skipped
gamma_weak__noise_medium__T_156__density_sparse__seed_014,controlled,,,,,,,,,,weak,medium,156,sparse,14,skipped
gamma_weak__noise_medium__T_156__density_sparse__seed_014,uncontrolled,,,,,,,,,,weak,medium,156,sparse,14,skipped
gamma_weak__noise_medium__T_156__density_sparse__seed_015,controlled,,,,,,,,,,weak,medium,156,sparse,15,skipped
gamma_weak__noise_medium__T_156__density_sparse__seed_015,uncontrolled,,,,,,,,,,weak,medium,156,sparse,15,skipped
gamma_weak__noise_medium__T_300__density_dense__seed_001,controlled,,,,,,,,,,weak,medium,300,dense,1,skipped
gamma_weak__noise_medium__T_300__density_dense__seed_001,uncontrolled,,,,,,,,,,weak,medium,300,dense,1,skipped
gamma_weak__noise_medium__T_300__density_dense__seed_002,controlled,,,,,,,,,,weak,medium,300,dense,2,skipped
gamma_weak__noise_medium__T_300__density_dense__seed_002,uncontrolled,,,,,,,,,,weak,medium,300,dense,2,skipped
gamma_weak__noise_medium__T_300__density_dense__seed_003,controlled,,,,,,,,,,weak,medium,300,dense,3,skipped
gamma_weak__noise_medium__T_300__density_dense__seed_003,uncontrolled,,,,,,,,,,weak,medium,300,dense,3,skipped
gamma_weak__noise_medium__T_300__density_dense__seed_004,controlled,,,,,,,,,,weak,medium,300,dense,4,skipped
gamma_weak__noise_medium__T_300__density_dense__seed_004,uncontrolled,,,,,,,,,,weak,medium,300,dense,4,skipped
gamma_weak__noise_medium__T_300__density_dense__seed_005,controlled,,,,,,,,,,weak,medium,300,dense,5,skipped
gamma_weak__noise_medium__T_300__density_dense__seed_005,uncontrolled,,,,,,,,,,weak,medium,300,dense,5,skipped
gamma_weak__noise_medium__T_300__density_dense__seed_006,controlled,,,,,,,,,,weak,medium,300,dense,6,skipped
gamma_weak__noise_medium__T_300__density_dense__seed_006,uncontrolled,,,,,,,,,,weak,medium,300,dense,6,skipped
gamma_weak__noise_medium__T_300__density_dense__seed_007,controlled,,,,,,,,,,weak,medium,300,dense,7,skipped
gamma_weak__noise_medium__T_300__density_dense__seed_007,uncontrolled,,,,,,,,,,weak,medium,300,dense,7,skipped
gamma_weak__noise_medium__T_300__density_dense__seed_008,controlled,,,,,,,,,,weak,medium,300,dense,8,skipped
gamma_weak__noise_medium__T_300__density_dense__seed_008,uncontrolled,,,,,,,,,,weak,medium,300,dense,8,skipped
gamma_weak__noise_medium__T_300__density_dense__seed_009,controlled,,,,,,,,,,weak,medium,300,dense,9,skipped
gamma_weak__noise_medium__T_300__density_dense__seed_009,uncontrolled,,,,,,,,,,weak,medium,300,dense,9,skipped
gamma_weak__noise_medium__T_300__density_dense__seed_010,controlled,,,,,,,,,,weak,medium,300,dense,10,skipped
gamma_weak__noise_medium__T_300__density_dense__seed_010,uncontrolled,,,,,,,,,,weak,medium,300,dense,10,skipped
gamma_weak__noise_medium__T_300__density_dense__seed_011,controlled,,,,,,,,,,weak,medium,300,dense,11,skipped
gamma_weak__noise_medium__T_300__density_dense__seed_011,uncontrolled,,,,,,,,,,weak,medium,300,dense,11,skipped
gamma_weak__noise_medium__T_300__density_dense__seed_012,controlled,,,,,,,,,,weak,medium,300,dense,12,skipped
gamma_weak__noise_medium__T_300__density_dense__seed_012,uncontrolled,,,,,,,,,,weak,medium,300,dense,12,skipped
gamma_weak__noise_medium__T_300__density_dense__seed_013,controlled,,,,,,,,,,weak,medium,300,dense,13,skipped
gamma_weak__noise_medium__T_300__density_dense__seed_013,uncontrolled,,,,,,,,,,weak,medium,300,dense,13,skipped
gamma_weak__noise_medium__T_300__density_dense__seed_014,controlled,,,,,,,,,,weak,medium,300,dense,14,skipped
gamma_weak__noise_medium__T_300__density_dense__seed_014,uncontrolled,,,,,,,,,,weak,medium,300,dense,14,skipped
gamma_weak__noise_medium__T_300__density_dense__seed_015,controlled,,,,,,,,,,weak,medium,300,dense,15,skipped
gamma_weak__noise_medium__T_300__density_dense__seed_015,uncontrolled,,,,,,,,,,weak,medium,300,dense,15,skipped
gamma_weak__noise_medium__T_300__density_medium__seed_001,controlled,,,,,,,,,,weak,medium,300,medium,1,skipped
gamma_weak__noise_medium__T_300__density_medium__seed_001,uncontrolled,,,,,,,,,,weak,medium,300,medium,1,skipped
gamma_weak__noise_medium__T_300__density_medium__seed_002,controlled,,,,,,,,,,weak,medium,300,medium,2,skipped
gamma_weak__noise_medium__T_300__density_medium__seed_002,uncontrolled,,,,,,,,,,weak,medium,300,medium,2,skipped
gamma_weak__noise_medium__T_300__density_medium__seed_003,controlled,,,,,,,,,,weak,medium,300,medium,3,skipped
gamma_weak__noise_medium__T_300__density_medium__seed_003,uncontrolled,,,,,,,,,,weak,medium,300,medium,3,skipped
gamma_weak__noise_medium__T_300__density_medium__seed_004,controlled,,,,,,,,,,weak,medium,300,medium,4,skipped
gamma_weak__noise_medium__T_300__density_medium__seed_004,uncontrolled,,,,,,,,,,weak,medium,300,medium,4,skipped
gamma_weak__noise_medium__T_300__density_medium__seed_005,controlled,,,,,,,,,,weak,medium,300,medium,5,skipped
gamma_weak__noise_medium__T_300__density_medium__seed_005,uncontrolled,,,,,,,,,,weak,medium,300,medium,5,skipped
gamma_weak__noise_medium__T_300__density_medium__seed_006,controlled,,,,,,,,,,weak,medium,300,medium,6,skipped
gamma_weak__noise_medium__T_300__density_medium__seed_006,uncontrolled,,,,,,,,,,weak,medium,300,medium,6,skipped
gamma_weak__noise_medium__T_300__density_medium__seed_007,controlled,,,,,,,,,,weak,medium,300,medium,7,skipped
gamma_weak__noise_medium__T_300__density_medium__seed_007,uncontrolled,,,,,,,,,,weak,medium,300,medium,7,skipped
gamma_weak__noise_medium__T_300__density_medium__seed_008,controlled,,,,,,,,,,weak,medium,300,medium,8,skipped
gamma_weak__noise_medium__T_300__density_medium__seed_008,uncontrolled,,,,,,,,,,weak,medium,300,medium,8,skipped
gamma_weak__noise_medium__T_300__density_medium__seed_009,controlled,,,,,,,,,,weak,medium,300,medium,9,skipped
gamma_weak__noise_medium__T_300__density_medium__seed_009,uncontrolled,,,,,,,,,,weak,medium,300,medium,9,skipped
gamma_weak__noise_medium__T_300__density_medium__seed_010,controlled,,,,,,,,,,weak,medium,300,medium,10,skipped
gamma_weak__noise_medium__T_300__density_medium__seed_010,uncontrolled,,,,,,,,,,weak,medium,300,medium,10,skipped
gamma_weak__noise_medium__T_300__density_medium__seed_011,controlled,,,,,,,,,,weak,medium,300,medium,11,skipped
gamma_weak__noise_medium__T_300__density_medium__seed_011,uncontrolled,,,,,,,,,,weak,medium,300,medium,11,skipped
gamma_weak__noise_medium__T_300__density_medium__seed_012,controlled,,,,,,,,,,weak,medium,300,medium,12,skipped
gamma_weak__noise_medium__T_300__density_medium__seed_012,uncontrolled,,,,,,,,,,weak,medium,300,medium,12,skipped
gamma_weak__noise_medium__T_300__density_medium__seed_013,controlled,,,,,,,,,,weak,medium,300,medium,13,skipped
gamma_weak__noise_medium__T_300__density_medium__seed_013,uncontrolled,,,,,,,,,,weak,medium,300,medium,13,skipped
gamma_weak__noise_medium__T_300__density_medium__seed_014,controlled,,,,,,,,,,weak,medium,300,medium,14,skipped
gamma_weak__noise_medium__T_300__density_medium__seed_014,uncontrolled,,,,,,,,,,weak,medium,300,medium,14,skipped
gamma_weak__noise_medium__T_300__density_medium__seed_015,controlled,,,,,,,,,,weak,medium,300,medium,15,skipped
gamma_weak__noise_medium__T_300__density_medium__seed_015,uncontrolled,,,,,,,,,,weak,medium,300,medium,15,skipped
gamma_weak__noise_medium__T_300__density_sparse__seed_001,controlled,,,,,,,,,,weak,medium,300,sparse,1,skipped
gamma_weak__noise_medium__T_300__density_sparse__seed_001,uncontrolled,,,,,,,,,,weak,medium,300,sparse,1,skipped
gamma_weak__noise_medium__T_300__density_sparse__seed_002,controlled,,,,,,,,,,weak,medium,300,sparse,2,skipped
gamma_weak__noise_medium__T_300__density_sparse__seed_002,uncontrolled,,,,,,,,,,weak,medium,300,sparse,2,skipped
gamma_weak__noise_medium__T_300__density_sparse__seed_003,controlled,,,,,,,,,,weak,medium,300,sparse,3,skipped
gamma_weak__noise_medium__T_300__density_sparse__seed_003,uncontrolled,,,,,,,,,,weak,medium,300,sparse,3,skipped
gamma_weak__noise_medium__T_300__density_sparse__seed_004,controlled,,,,,,,,,,weak,medium,300,sparse,4,skipped
gamma_weak__noise_medium__T_300__density_sparse__seed_004,uncontrolled,,,,,,,,,,weak,medium,300,sparse,4,skipped
gamma_weak__noise_medium__T_300__density_sparse__seed_005,controlled,,,,,,,,,,weak,medium,300,sparse,5,skipped
gamma_weak__noise_medium__T_300__density_sparse__seed_005,uncontrolled,,,,,,,,,,weak,medium,300,sparse,5,skipped
gamma_weak__noise_medium__T_300__density_sparse__seed_006,controlled,,,,,,,,,,weak,medium,300,sparse,6,skipped
gamma_weak__noise_medium__T_300__density_sparse__seed_006,uncontrolled,,,,,,,,,,weak,medium,300,sparse,6,skipped
gamma_weak__noise_medium__T_300__density_sparse__seed_007,controlled,,,,,,,,,,weak,medium,300,sparse,7,skipped
gamma_weak__noise_medium__T_300__density_sparse__seed_007,uncontrolled,,,,,,,,,,weak,medium,300,sparse,7,skipped
gamma_weak__noise_medium__T_300__density_sparse__seed_008,controlled,,,,,,,,,,weak,medium,300,sparse,8,skipped
gamma_weak__noise_medium__T_300__density_sparse__seed_008,uncontrolled,,,,,,,,,,weak,medium,300,sparse,8,skipped
gamma_weak__noise_medium__T_300__density_sparse__seed_009,controlled,,,,,,,,,,weak,medium,300,sparse,9,skipped
gamma_weak__noise_medium__T_300__density_sparse__seed_009,uncontrolled,,,,,,,,,,weak,medium,300,sparse,9,skipped
gamma_weak__noise_medium__T_300__density_sparse__seed_010,controlled,,,,,,,,,,weak,medium,300,sparse,10,skipped
gamma_weak__noise_medium__T_300__density_sparse__seed_010,uncontrolled,,,,,,,,,,weak,medium,300,sparse,10,skipped
gamma_weak__noise_medium__T_300__density_sparse__seed_011,controlled,,,,,,,,,,weak,medium,300,sparse,11,skipped
gamma_weak__noise_medium__T_300__density_sparse__seed_011,uncontrolled,,,,,,,,,,weak,medium,300,sparse,11,skipped
gamma_weak__noise_medium__T_300__density_sparse__seed_012,controlled,,,,,,,,,,weak,medium,300,sparse,12,skipped
gamma_weak__noise_medium__T_300__density_sparse__seed_012,uncontrolled,,,,,,,,,,weak,medium,300,sparse,12,skipped
gamma_weak__noise_medium__T_300__density_sparse__seed_013,controlled,,,,,,,,,,weak,medium,300,sparse,13,skipped
gamma_weak__noise_medium__T_300__density_sparse__seed_013,uncontrolled,,,,,,,,,,weak,medium,300,sparse,13,skipped
gamma_weak__noise_medium__T_300__density_sparse__seed_014,controlled,,,,,,,,,,weak,medium,300,sparse,14,skipped
gamma_weak__noise_medium__T_300__density_sparse__seed_014,uncontrolled,,,,,,,,,,weak,medium,300,sparse,14,skipped
gamma_weak__noise_medium__T_300__density_sparse__seed_015,controlled,,,,,,,,,,weak,medium,300,sparse,15,skipped
gamma_weak__noise_medium__T_300__density_sparse__seed_015,uncontrolled,,,,,,,,,,weak,medium,300,sparse,15,skipped
gamma_weak__noise_medium__T_80__density_dense__seed_001,controlled,,,,,,,,,,weak,medium,80,dense,1,skipped
gamma_weak__noise_medium__T_80__density_dense__seed_001,uncontrolled,,,,,,,,,,weak,medium,80,dense,1,skipped
gamma_weak__noise_medium__T_80__density_dense__seed_002,controlled,,,,,,,,,,weak,medium,80,dense,2,skipped
gamma_weak__noise_medium__T_80__density_dense__seed_002,uncontrolled,,,,,,,,,,weak,medium,80,dense,2,skipped
gamma_weak__noise_medium__T_80__density_dense__seed_003,controlled,,,,,,,,,,weak,medium,80,dense,3,skipped
gamma_weak__noise_medium__T_80__density_dense__seed_003,uncontrolled,,,,,,,,,,weak,medium,80,dense,3,skipped
gamma_weak__noise_medium__T_80__density_dense__seed_004,controlled,,,,,,,,,,weak,medium,80,dense,4,skipped
gamma_weak__noise_medium__T_80__density_dense__seed_004,uncontrolled,,,,,,,,,,weak,medium,80,dense,4,skipped
gamma_weak__noise_medium__T_80__density_dense__seed_005,controlled,,,,,,,,,,weak,medium,80,dense,5,skipped
gamma_weak__noise_medium__T_80__density_dense__seed_005,uncontrolled,,,,,,,,,,weak,medium,80,dense,5,skipped
gamma_weak__noise_medium__T_80__density_dense__seed_006,controlled,,,,,,,,,,weak,medium,80,dense,6,skipped
gamma_weak__noise_medium__T_80__density_dense__seed_006,uncontrolled,,,,,,,,,,weak,medium,80,dense,6,skipped
gamma_weak__noise_medium__T_80__density_dense__seed_007,controlled,,,,,,,,,,weak,medium,80,dense,7,skipped
gamma_weak__noise_medium__T_80__density_dense__seed_007,uncontrolled,,,,,,,,,,weak,medium,80,dense,7,skipped
gamma_weak__noise_medium__T_80__density_dense__seed_008,controlled,,,,,,,,,,weak,medium,80,dense,8,skipped
gamma_weak__noise_medium__T_80__density_dense__seed_008,uncontrolled,,,,,,,,,,weak,medium,80,dense,8,skipped
gamma_weak__noise_medium__T_80__density_dense__seed_009,controlled,,,,,,,,,,weak,medium,80,dense,9,skipped
gamma_weak__noise_medium__T_80__density_dense__seed_009,uncontrolled,,,,,,,,,,weak,medium,80,dense,9,skipped
gamma_weak__noise_medium__T_80__density_dense__seed_010,controlled,,,,,,,,,,weak,medium,80,dense,10,skipped
gamma_weak__noise_medium__T_80__density_dense__seed_010,uncontrolled,,,,,,,,,,weak,medium,80,dense,10,skipped
gamma_weak__noise_medium__T_80__density_dense__seed_011,controlled,,,,,,,,,,weak,medium,80,dense,11,skipped
gamma_weak__noise_medium__T_80__density_dense__seed_011,uncontrolled,,,,,,,,,,weak,medium,80,dense,11,skipped
gamma_weak__noise_medium__T_80__density_dense__seed_012,controlled,,,,,,,,,,weak,medium,80,dense,12,skipped
gamma_weak__noise_medium__T_80__density_dense__seed_012,uncontrolled,,,,,,,,,,weak,medium,80,dense,12,skipped
gamma_weak__noise_medium__T_80__density_dense__seed_013,controlled,,,,,,,,,,weak,medium,80,dense,13,skipped
gamma_weak__noise_medium__T_80__density_dense__seed_013,uncontrolled,0.0,0.0,0.0,0.0,15.0,0.0,6.0,11.0,1.0,weak,medium,80,dense,13,ok
gamma_weak__noise_medium__T_80__density_dense__seed_014,controlled,0.5,0.1818,0.2667,1.0,11.0,2.0,2.0,9.0,2.0,weak,medium,80,dense,14,ok
gamma_weak__noise_medium__T_80__density_dense__seed_014,uncontrolled,0.6,0.2727,0.375,1.0,10.0,3.0,2.0,8.0,1.0,weak,medium,80,dense,14,ok
gamma_weak__noise_medium__T_80__density_dense__seed_015,controlled,0.6,0.2727,0.375,1.0,10.0,3.0,2.0,8.0,2.0,weak,medium,80,dense,15,ok
gamma_weak__noise_medium__T_80__density_dense__seed_015,uncontrolled,0.4286,0.2727,0.3333,0.6667,12.0,3.0,4.0,8.0,0.0,weak,medium,80,dense,15,ok
gamma_weak__noise_medium__T_80__density_medium__seed_001,controlled,1.0,0.4444,0.6154,1.0,5.0,4.0,0.0,5.0,4.0,weak,medium,80,medium,1,ok
gamma_weak__noise_medium__T_80__density_medium__seed_001,uncontrolled,0.6,0.3333,0.4286,1.0,7.0,3.0,2.0,6.0,2.0,weak,medium,80,medium,1,ok
gamma_weak__noise_medium__T_80__density_medium__seed_002,controlled,0.6667,0.2222,0.3333,0.5,8.0,2.0,1.0,7.0,2.0,weak,medium,80,medium,2,ok
gamma_weak__noise_medium__T_80__density_medium__seed_002,uncontrolled,0.6667,0.2222,0.3333,0.5,8.0,2.0,1.0,7.0,0.0,weak,medium,80,medium,2,ok
gamma_weak__noise_medium__T_80__density_medium__seed_003,controlled,0.0,0.0,0.0,0.0,12.0,0.0,4.0,9.0,2.0,weak,medium,80,medium,3,ok
gamma_weak__noise_medium__T_80__density_medium__seed_003,uncontrolled,0.2222,0.2222,0.2222,0.5,12.0,2.0,7.0,7.0,1.0,weak,medium,80,medium,3,ok
gamma_weak__noise_medium__T_80__density_medium__seed_004,controlled,0.5,0.1111,0.1818,1.0,8.0,1.0,1.0,8.0,2.0,weak,medium,80,medium,4,ok
gamma_weak__noise_medium__T_80__density_medium__seed_004,uncontrolled,0.5,0.2222,0.3077,1.0,8.0,2.0,2.0,7.0,2.0,weak,medium,80,medium,4,ok
gamma_weak__noise_medium__T_80__density_medium__seed_005,controlled,0.0,0.0,0.0,0.0,9.0,0.0,2.0,9.0,2.0,weak,medium,80,medium,5,ok
gamma_weak__noise_medium__T_80__density_medium__seed_005,uncontrolled,0.0,0.0,0.0,0.0,9.0,0.0,2.0,9.0,2.0,weak,medium,80,medium,5,ok
gamma_weak__noise_medium__T_80__density_medium__seed_006,controlled,0.3333,0.1111,0.1667,1.0,10.0,1.0,2.0,8.0,1.0,weak,medium,80,medium,6,ok
gamma_weak__noise_medium__T_80__density_medium__seed_006,uncontrolled,0.0,0.0,0.0,0.0,10.0,0.0,3.0,9.0,1.0,weak,medium,80,medium,6,ok
gamma_weak__noise_medium__T_80__density_medium__seed_007,controlled,0.5,0.2222,0.3077,1.0,9.0,2.0,2.0,7.0,1.0,weak,medium,80,medium,7,ok
gamma_weak__noise_medium__T_80__density_medium__seed_007,uncontrolled,0.4,0.2222,0.2857,1.0,10.0,2.0,3.0,7.0,1.0,weak,medium,80,medium,7,ok
gamma_weak__noise_medium__T_80__density_medium__seed_008,controlled,0.75,0.3333,0.4615,0.6667,7.0,3.0,1.0,6.0,0.0,weak,medium,80,medium,8,ok
gamma_weak__noise_medium__T_80__density_medium__seed_008,uncontrolled,0.5,0.3333,0.4,0.6667,8.0,3.0,3.0,6.0,0.0,weak,medium,80,medium,8,ok
gamma_weak__noise_medium__T_80__density_medium__seed_009,controlled,0.0,0.0,0.0,0.0,12.0,0.0,5.0,9.0,1.0,weak,medium,80,medium,9,ok
gamma_weak__noise_medium__T_80__density_medium__seed_009,uncontrolled,0.0,0.0,0.0,0.0,11.0,0.0,3.0,9.0,3.0,weak,medium,80,medium,9,ok
gamma_weak__noise_medium__T_80__density_medium__seed_010,controlled,0.6667,0.2222,0.3333,0.5,7.0,2.0,1.0,7.0,2.0,weak,medium,80,medium,10,ok
gamma_weak__noise_medium__T_80__density_medium__seed_010,uncontrolled,0.3333,0.1111,0.1667,0.0,8.0,1.0,2.0,8.0,1.0,weak,medium,80,medium,10,ok
gamma_weak__noise_medium__T_80__density_medium__seed_011,controlled,0.5,0.1111,0.1818,0.0,9.0,1.0,1.0,8.0,3.0,weak,medium,80,medium,11,ok
gamma_weak__noise_medium__T_80__density_medium__seed_011,uncontrolled,0.75,0.3333,0.4615,0.6667,7.0,3.0,1.0,6.0,2.0,weak,medium,80,medium,11,ok
gamma_weak__noise_medium__T_80__density_medium__seed_012,controlled,0.0,0.0,0.0,0.0,12.0,0.0,3.0,9.0,3.0,weak,medium,80,medium,12,ok
gamma_weak__noise_medium__T_80__density_medium__seed_012,uncontrolled,0.25,0.1111,0.1538,1.0,11.0,1.0,3.0,8.0,1.0,weak,medium,80,medium,12,ok
gamma_weak__noise_medium__T_80__density_medium__seed_013,controlled,0.0,0.0,0.0,0.0,13.0,0.0,5.0,9.0,2.0,weak,medium,80,medium,13,ok
gamma_weak__noise_medium__T_80__density_medium__seed_013,uncontrolled,0.0,0.0,0.0,0.0,14.0,0.0,6.0,9.0,1.0,weak,medium,80,medium,13,ok
gamma_weak__noise_medium__T_80__density_medium__seed_014,controlled,0.3333,0.1111,0.1667,1.0,10.0,1.0,2.0,8.0,3.0,weak,medium,80,medium,14,ok
gamma_weak__noise_medium__T_80__density_medium__seed_014,uncontrolled,0.5,0.2222,0.3077,1.0,9.0,2.0,2.0,7.0,1.0,weak,medium,80,medium,14,ok
gamma_weak__noise_medium__T_80__density_medium__seed_015,controlled,0.5714,0.4444,0.5,0.5,8.0,4.0,3.0,5.0,2.0,weak,medium,80,medium,15,ok
gamma_weak__noise_medium__T_80__density_medium__seed_015,uncontrolled,0.4444,0.4444,0.4444,0.5,10.0,4.0,5.0,5.0,1.0,weak,medium,80,medium,15,ok
gamma_weak__noise_medium__T_80__density_sparse__seed_001,controlled,0.5,0.4286,0.4615,1.0,7.0,3.0,3.0,4.0,2.0,weak,medium,80,sparse,1,ok
gamma_weak__noise_medium__T_80__density_sparse__seed_001,uncontrolled,0.4,0.2857,0.3333,1.0,8.0,2.0,3.0,5.0,3.0,weak,medium,80,sparse,1,ok
gamma_weak__noise_medium__T_80__density_sparse__seed_002,controlled,0.3333,0.1429,0.2,1.0,8.0,1.0,2.0,6.0,2.0,weak,medium,80,sparse,2,ok
gamma_weak__noise_medium__T_80__density_sparse__seed_002,uncontrolled,0.3333,0.1429,0.2,1.0,8.0,1.0,2.0,6.0,0.0,weak,medium,80,sparse,2,ok
gamma_weak__noise_medium__T_80__density_sparse__seed_003,controlled,0.2,0.1429,0.1667,1.0,10.0,1.0,4.0,6.0,2.0,weak,medium,80,sparse,3,ok
gamma_weak__noise_medium__T_80__density_sparse__seed_003,uncontrolled,0.25,0.2857,0.2667,0.5,10.0,2.0,6.0,5.0,0.0,weak,medium,80,sparse,3,ok
gamma_weak__noise_medium__T_80__density_sparse__seed_004,controlled,0.5,0.1429,0.2222,1.0,6.0,1.0,1.0,6.0,4.0,weak,medium,80,sparse,4,ok
gamma_weak__noise_medium__T_80__density_sparse__seed_004,uncontrolled,0.3333,0.1429,0.2,1.0,7.0,1.0,2.0,6.0,2.0,weak,medium,80,sparse,4,ok
gamma_weak__noise_medium__T_80__density_sparse__seed_005,controlled,0.6667,0.2857,0.4,0.0,6.0,2.0,1.0,5.0,2.0,weak,medium,80,sparse,5,ok
gamma_weak__noise_medium__T_80__density_sparse__seed_005,uncontrolled,0.0,0.0,0.0,0.0,8.0,0.0,1.0,7.0,2.0,weak,medium,80,sparse,5,ok
gamma_weak__noise_medium__T_80__density_sparse__seed_006,controlled,0.3333,0.1429,0.2,1.0,8.0,1.0,2.0,6.0,1.0,weak,medium,80,sparse,6,ok
gamma_weak__noise_medium__T_80__density_sparse__seed_006,uncontrolled,0.2,0.1429,0.1667,1.0,8.0,1.0,4.0,6.0,1.0,weak,medium,80,sparse,6,ok
gamma_weak__noise_medium__T_80__density_sparse__seed_007,controlled,0.5,0.2857,0.3636,1.0,7.0,2.0,2.0,5.0,1.0,weak,medium,80,sparse,7,ok
gamma_weak__noise_medium__T_80__density_sparse__seed_007,uncontrolled,0.5,0.2857,0.3636,1.0,7.0,2.0,2.0,5.0,1.0,weak,medium,80,sparse,7,ok
gamma_weak__noise_medium__T_80__density_sparse__seed_008,controlled,0.6667,0.2857,0.4,0.5,6.0,2.0,1.0,5.0,0.0,weak,medium,80,sparse,8,ok
gamma_weak__noise_medium__T_80__density_sparse__seed_008,uncontrolled,0.5,0.2857,0.3636,0.5,6.0,2.0,2.0,5.0,0.0,weak,medium,80,sparse,8,ok
gamma_weak__noise_medium__T_80__density_sparse__seed_009,controlled,0.0,0.0,0.0,0.0,11.0,0.0,5.0,7.0,1.0,weak,medium,80,sparse,9,ok
gamma_weak__noise_medium__T_80__density_sparse__seed_009,uncontrolled,0.0,0.0,0.0,0.0,11.0,0.0,4.0,7.0,3.0,weak,medium,80,sparse,9,ok
gamma_weak__noise_medium__T_80__density_sparse__seed_010,controlled,0.6667,0.2857,0.4,0.5,5.0,2.0,1.0,5.0,2.0,weak,medium,80,sparse,10,ok
gamma_weak__noise_medium__T_80__density_sparse__seed_010,uncontrolled,0.3333,0.1429,0.2,0.0,6.0,1.0,2.0,6.0,0.0,weak,medium,80,sparse,10,ok
gamma_weak__noise_medium__T_80__density_sparse__seed_011,controlled,0.5,0.1429,0.2222,0.0,7.0,1.0,1.0,6.0,2.0,weak,medium,80,sparse,11,ok
gamma_weak__noise_medium__T_80__density_sparse__seed_011,uncontrolled,0.75,0.4286,0.5455,0.6667,5.0,3.0,1.0,4.0,2.0,weak,medium,80,sparse,11,ok
gamma_weak__noise_medium__T_80__density_sparse__seed_012,controlled,0.25,0.1429,0.1818,0.0,9.0,1.0,3.0,6.0,1.0,weak,medium,80,sparse,12,ok
gamma_weak__noise_medium__T_80__density_sparse__seed_012,uncontrolled,0.0,0.0,0.0,0.0,11.0,0.0,4.0,7.0,1.0,weak,medium,80,sparse,12,ok
gamma_weak__noise_medium__T_80__density_sparse__seed_013,controlled,0.1429,0.1429,0.1429,0.0,10.0,1.0,6.0,6.0,2.0,weak,medium,80,sparse,13,ok
gamma_weak__noise_medium__T_80__density_sparse__seed_013,uncontrolled,0.125,0.1429,0.1333,0.0,11.0,1.0,7.0,6.0,1.0,weak,medium,80,sparse,13,ok
gamma_weak__noise_medium__T_80__density_sparse__seed_014,controlled,0.5,0.4286,0.4615,1.0,6.0,3.0,3.0,4.0,2.0,weak,medium,80,sparse,14,ok
gamma_weak__noise_medium__T_80__density_sparse__seed_014,uncontrolled,0.5,0.4286,0.4615,1.0,6.0,3.0,3.0,4.0,1.0,weak,medium,80,sparse,14,ok
gamma_weak__noise_medium__T_80__density_sparse__seed_015,controlled,0.4286,0.4286,0.4286,0.6667,8.0,3.0,4.0,4.0,2.0,weak,medium,80,sparse,15,ok
gamma_weak__noise_medium__T_80__density_sparse__seed_015,uncontrolled,0.3333,0.4286,0.375,0.6667,10.0,3.0,6.0,4.0,2.0,weak,medium,80,sparse,15,ok
