cell,graph_type,bayes_r2_mean,divergences,r_hat_max,target_accept,mae_effect,rmse_effect,hdi_coverage_effect,mae_vs_own,mae_vs_total_buggy,hdi_coverage_vs_own,hdi_coverage_vs_total,interdependency,noise,n_weeks,dag_density,seed,mae_vs_total_fixed,bench_mae_effect,bench_mae_vs_own,bench_mae_vs_total,diff_mae_effect,diff_mae_vs_own,diff_mae_vs_total_buggy,diff_mae_vs_total_fixed
gamma_strong__noise_low__T_80__density_sparse__seed_002,pcmci_dag,0.6105449020225988,0,1.01,0.99,282.435,329.2420388559152,0.1666666666666666,0.8205666666666667,0.7568833333333332,0.1666666666666666,0.1666666666666666,strong,low,80,sparse,2,0.7568833333333332,152.63512051738337,0.3970383386698943,0.4210550053365609,-129.79987948261663,-0.42352832799677237,-0.33582832799677237,-0.33582832799677237
gamma_strong__noise_low__T_80__density_sparse__seed_002,oracle_hybrid,0.8463817231329083,2,1.01,0.99,145.23283663730032,211.556040140188,0.8333333333333334,0.3864753052293204,0.4501586385626538,0.8333333333333334,0.6666666666666666,strong,low,80,sparse,2,0.3760433680974711,152.63512051738337,0.3970383386698943,0.4210550053365609,7.402283880083047,0.01056303344057391,-0.02910363322609294,0.0450116372390898
gamma_strong__noise_low__T_80__density_sparse__seed_002,hybrid,0.843741562830858,1,1.0,0.99,141.5631319009975,209.9196456991093,0.8333333333333334,0.382467152237198,0.4461504855705314,0.8333333333333334,0.6666666666666666,strong,low,80,sparse,2,0.3571503149999667,152.63512051738337,0.3970383386698943,0.4210550053365609,11.07198861638588,0.014571186432696281,-0.025095480233970513,0.06390469033659418
gamma_weak__noise_low__T_80__density_dense__seed_003,pcmci_dag,0.7657051423673843,0,1.0,0.99,615.4400081264826,933.643160466057,0.1666666666666666,1.8838374848073804,1.8238208181407136,0.1666666666666666,0.1666666666666666,weak,low,80,dense,3,1.8414429132019017,245.17006348612392,0.8014860338380809,0.7473360338380809,-370.26994464035863,-1.0823514509692995,-1.0764847843026328,-1.094106879363821
gamma_weak__noise_low__T_80__density_dense__seed_003,oracle_hybrid,0.8803329535209573,1,1.0,0.99,253.4917156415429,271.70536985560943,0.6666666666666666,0.7826941883512014,0.7285441883512013,0.6666666666666666,0.8333333333333334,weak,low,80,dense,3,0.8090253670565147,245.17006348612392,0.8014860338380809,0.7473360338380809,-8.321652155418974,0.01879184548687951,0.01879184548687962,-0.06168933321843384
gamma_weak__noise_low__T_80__density_dense__seed_003,hybrid,0.8800876644300625,1,1.0,0.99,228.64934821669587,254.2143216473218,0.8333333333333334,0.7159705809583766,0.6618205809583766,0.8333333333333334,1.0,weak,low,80,dense,3,0.7650922203969986,245.17006348612392,0.8014860338380809,0.7473360338380809,16.520715269428052,0.0855154528797043,0.0855154528797043,-0.017756186558917753
gamma_weak__noise_medium__T_300__density_sparse__seed_005,pcmci_dag,0.8180951259087882,0,1.0,0.99,1651.7757128597898,2062.485374824299,0.3333333333333333,1.0787278038295791,1.0627444704962457,0.3333333333333333,0.3333333333333333,weak,medium,300,sparse,5,0.9996422325469004,682.9829601537771,0.4888462290180181,0.4823628956846848,-968.7927527060127,-0.589881574811561,-0.5803815748115608,-0.5172793368622156
gamma_weak__noise_medium__T_300__density_sparse__seed_005,oracle_hybrid,0.8240417193177679,0,1.0,0.99,722.3145267541823,836.7277488658677,0.6666666666666666,0.5170430987563585,0.5105597654230252,0.6666666666666666,0.6666666666666666,weak,medium,300,sparse,5,0.499415664469531,682.9829601537771,0.4888462290180181,0.4823628956846848,-39.33156660040527,-0.028196869738340347,-0.028196869738340347,-0.017052768784846184
gamma_weak__noise_medium__T_300__density_sparse__seed_005,hybrid,0.8229841555723283,0,1.0,0.99,997.8146047266332,1262.6521464447742,0.6666666666666666,0.6784717003151148,0.6719883669817815,0.6666666666666666,0.6666666666666666,weak,medium,300,sparse,5,0.5137853055466336,682.9829601537771,0.4888462290180181,0.4823628956846848,-314.83164457285613,-0.18962547129709673,-0.18962547129709673,-0.031422409861948775
gamma_strong__noise_low__T_80__density_dense__seed_005,pcmci_dag,0.8624317862461077,0,1.0,0.99,315.1999524687138,333.76352306284394,0.1666666666666666,0.8882041238563669,0.8766707905230335,0.1666666666666666,0.0,strong,low,80,dense,5,0.6887041367682922,197.03746088922523,0.6231329630371241,0.5629996297037907,-118.16249157948855,-0.26507116081924287,-0.31367116081924284,-0.12570450706450154
gamma_strong__noise_low__T_80__density_dense__seed_005,oracle_hybrid,0.9037355150483868,0,1.0,0.99,246.43686223287693,305.5665496066259,0.6666666666666666,0.6990016408208528,0.6388683074875194,0.6666666666666666,0.5,strong,low,80,dense,5,0.4994908070217547,197.03746088922523,0.6231329630371241,0.5629996297037907,-49.399401343651704,-0.07586867778372874,-0.07586867778372874,0.063508822682036
gamma_strong__noise_low__T_80__density_dense__seed_005,hybrid,0.9035796192503404,0,1.0,0.99,217.5955444671587,238.34300694378123,0.6666666666666666,0.6431953328881317,0.5830619995547983,0.6666666666666666,0.6666666666666666,strong,low,80,dense,5,0.5499747151545278,197.03746088922523,0.6231329630371241,0.5629996297037907,-20.558083577933473,-0.020062369851007622,-0.020062369851007622,0.013024914549262911
gamma_strong__noise_medium__T_300__density_sparse__seed_004,pcmci_dag,0.8053740304799997,0,1.0,0.99,1252.9915927812744,1634.368222121157,0.3333333333333333,0.8792575902143445,0.9317909235476776,0.3333333333333333,0.3333333333333333,strong,medium,300,sparse,4,0.8454598953141327,619.8818266897882,0.5106797403344253,0.4013130736677586,-633.1097660914862,-0.36857784987991915,-0.530477849879919,-0.4441468216463741
gamma_strong__noise_medium__T_300__density_sparse__seed_004,oracle_hybrid,0.8321560520033334,1,1.0,0.99,484.24906621778274,539.1326444536373,0.5,0.4066991462356624,0.354165812902329,0.5,0.6666666666666666,strong,medium,300,sparse,4,0.3849077924265678,619.8818266897882,0.5106797403344253,0.4013130736677586,135.6327604720055,0.10398059409876292,0.04714726076542958,0.016405281241190783
gamma_strong__noise_medium__T_300__density_sparse__seed_004,hybrid,0.8333317303300075,2,1.0,0.99,508.50927702989975,547.4769532778223,0.6666666666666666,0.4120312804491113,0.359497947115778,0.6666666666666666,0.8333333333333334,strong,medium,300,sparse,4,0.3907964996200374,619.8818266897882,0.5106797403344253,0.4013130736677586,111.37254965988848,0.09864845988531401,0.04181512655198061,0.010516574047721217
gamma_weak__noise_high__T_300__density_sparse__seed_001,pcmci_dag,0.7001080556594672,1,1.01,0.99,1040.7542030385134,1354.5629472590942,0.5,0.6973687783474634,0.68473544501413,0.5,0.5,weak,high,300,sparse,1,0.5931976514201814,580.0461257643242,0.4189682242424192,0.4148503793555841,-460.70807727418924,-0.27840055410504416,-0.26988506565854586,-0.17834727206459733
gamma_weak__noise_high__T_300__density_sparse__seed_001,oracle_hybrid,0.7033884157613665,2,1.0,0.99,569.2548102374902,715.7008223867942,0.6666666666666666,0.413690658266181,0.4263239915995145,0.6666666666666666,0.6666666666666666,weak,high,300,sparse,1,0.4038317051324013,580.0461257643242,0.4189682242424192,0.4148503793555841,10.791315526833955,0.0052775659762381855,-0.011473612243930398,0.011018674223182812
gamma_weak__noise_high__T_300__density_sparse__seed_001,hybrid,0.7035654775537658,2,1.0,0.99,587.870565452088,685.9444059807145,0.6666666666666666,0.4221114506944789,0.4164100977838951,0.6666666666666666,0.6666666666666666,weak,high,300,sparse,1,0.4053162619260058,580.0461257643242,0.4189682242424192,0.4148503793555841,-7.8244396877638565,-0.003143226452059722,-0.0015597184283109855,0.009534117429578326
gamma_strong__noise_medium__T_300__density_medium__seed_005,pcmci_dag,0.8226081125690273,0,1.0,0.99,906.8087353675768,1039.9705181535955,0.5,0.6186807924538309,0.5622141257871642,0.5,0.6666666666666666,strong,medium,300,medium,5,0.498948179953816,738.6975241703818,0.5573149348501746,0.3865245944494181,-168.11121119719496,-0.061365857603656315,-0.17568953133774612,-0.1124235855043979
gamma_strong__noise_medium__T_300__density_medium__seed_005,oracle_hybrid,0.8223478829808812,5,1.0,0.99,601.6401525324155,668.7115385849463,0.8333333333333334,0.4322604750511905,0.4255512201654921,0.8333333333333334,0.8333333333333334,strong,medium,300,medium,5,0.3698890408857703,738.6975241703818,0.5573149348501746,0.3865245944494181,137.0573716379663,0.1250544597989841,-0.03902662571607396,0.01663555356364782
gamma_strong__noise_medium__T_300__density_medium__seed_005,hybrid,0.8231242926523114,3,1.01,0.99,975.4258936041928,1067.664664264591,0.5,0.6951705066625316,0.6387038399958648,0.5,0.6666666666666666,strong,medium,300,medium,5,0.3954316626719423,738.6975241703818,0.5573149348501746,0.3865245944494181,-236.72836943381094,-0.13785557181235697,-0.25217924554644666,-0.008907068222524184
gamma_medium__noise_medium__T_156__density_sparse__seed_002,pcmci_dag,0.7189350249967961,0,1.01,0.99,691.0993294708811,900.7124674005555,0.3333333333333333,1.0952835434206074,1.046166876753941,0.3333333333333333,0.3333333333333333,medium,medium,156,sparse,2,1.0886151936319928,340.33790426680054,0.537053208617162,0.4879365419504953,-350.7614252040806,-0.5582303348034454,-0.5582303348034456,-0.6006786516814975
gamma_medium__noise_medium__T_156__density_sparse__seed_002,oracle_hybrid,0.7453485523736648,1,1.0,0.99,287.58873489454123,319.0227028672632,0.6666666666666666,0.4453593350714279,0.4208426684047612,0.6666666666666666,0.8333333333333334,medium,medium,156,sparse,2,0.4461101604598885,340.33790426680054,0.537053208617162,0.4879365419504953,52.7491693722593,0.0916938735457341,0.0670938735457341,0.0418263814906068
gamma_medium__noise_medium__T_156__density_sparse__seed_002,hybrid,0.7448006845364483,1,1.01,0.99,315.7138133542842,350.05501738033195,0.6666666666666666,0.4843606484194178,0.4598439817527511,0.6666666666666666,0.8333333333333334,medium,medium,156,sparse,2,0.479113732030731,340.33790426680054,0.537053208617162,0.4879365419504953,24.62409091251635,0.05269256019774421,0.0280925601977442,0.008822809919764307
gamma_medium__noise_low__T_156__density_dense__seed_004,pcmci_dag,0.85488836961304,0,1.01,0.99,599.8185566184037,799.4321019896055,0.3333333333333333,0.7523986262865208,0.7665152929531875,0.3333333333333333,0.3333333333333333,medium,low,156,dense,4,0.7026845071569136,233.23251365150907,0.2828095526691128,0.2817456286134569,-366.58604296689464,-0.469589073617408,-0.4847696643397306,-0.42093887854345663
gamma_medium__noise_low__T_156__density_dense__seed_004,oracle_hybrid,0.8786827957034429,1,1.01,0.99,284.523088910564,344.13366396917365,0.8333333333333334,0.3544590314825196,0.4512756981491863,0.8333333333333334,0.6666666666666666,medium,low,156,dense,4,0.3263124855780058,233.23251365150907,0.2828095526691128,0.2817456286134569,-51.29057525905495,-0.07164947881340683,-0.16953006953572936,-0.04456685696454887
gamma_medium__noise_low__T_156__density_dense__seed_004,hybrid,0.8780028655228341,1,1.0,0.99,252.11679343394405,336.1138096433233,0.8333333333333334,0.3139793661419852,0.3945979659661453,0.8333333333333334,0.8333333333333334,medium,low,156,dense,4,0.2931921598701759,233.23251365150907,0.2828095526691128,0.2817456286134569,-18.884279782434987,-0.0311698134728724,-0.1128523373526884,-0.011446531256718961
gamma_weak__noise_high__T_156__density_sparse__seed_004,pcmci_dag,0.5184190667212927,0,1.0,0.99,874.5602365241548,1238.4118111985706,0.3333333333333333,1.1313631733414546,1.1256131733414547,0.3333333333333333,0.3333333333333333,weak,high,156,sparse,4,1.1229447462186286,166.6999944354587,0.2297130023770148,0.2407296690436815,-707.860242088696,-0.9016501709644398,-0.8848835042977732,-0.8822150771749471
gamma_weak__noise_high__T_156__density_sparse__seed_004,oracle_hybrid,0.6768060726539137,0,1.01,0.99,177.23745686983065,219.38164263986425,0.8333333333333334,0.2426909616268487,0.2537076282935154,0.8333333333333334,0.8333333333333334,weak,high,156,sparse,4,0.2331381135165628,166.6999944354587,0.2297130023770148,0.2407296690436815,-10.537462434371946,-0.012977959249833887,-0.012977959249833887,0.00759155552711871
gamma_weak__noise_high__T_156__density_sparse__seed_004,hybrid,0.6771657440849838,0,1.01,0.99,194.05599812810053,237.44017182406589,0.8333333333333334,0.2648027873700971,0.2758194540367637,0.8333333333333334,0.8333333333333334,weak,high,156,sparse,4,0.2660572131169644,166.6999944354587,0.2297130023770148,0.2407296690436815,-27.35600369264182,-0.035089784993082296,-0.03508978499308221,-0.025327544073282887
gamma_weak__noise_low__T_80__density_dense__seed_002,pcmci_dag,0.601130352558197,0,1.01,0.99,286.365,333.700437643305,0.0,0.8296,0.8018333333333333,0.0,0.0,weak,low,80,dense,2,0.8018333333333333,193.1609709456146,0.4917104271446355,0.5031770938113022,-93.20402905438542,-0.33788957285536453,-0.29865623952203113,-0.29865623952203113
gamma_weak__noise_low__T_80__density_dense__seed_002,oracle_hybrid,0.8472501076951215,0,1.0,0.99,207.6772956243842,316.3364578348527,0.8333333333333334,0.5207251321758827,0.5484917988425492,0.8333333333333334,0.8333333333333334,weak,low,80,dense,2,0.432937155022941,193.1609709456146,0.4917104271446355,0.5031770938113022,-14.516324678769593,-0.0290147050312472,-0.045314705031247016,0.07023993878836116
gamma_weak__noise_low__T_80__density_dense__seed_002,hybrid,0.8487925030411673,3,1.01,0.99,199.0984848438464,287.0517532928297,1.0,0.5063228218368835,0.5177894885035502,1.0,1.0,weak,low,80,dense,2,0.4621859261514812,193.1609709456146,0.4917104271446355,0.5031770938113022,-5.937513898231799,-0.01461239469224801,-0.014612394692248065,0.04099116765982097
gamma_weak__noise_low__T_156__density_dense__seed_002,pcmci_dag,0.784884085243405,0,1.0,0.99,737.0684328198591,938.6677794989378,0.1666666666666666,1.1756306371634702,1.1199806371634702,0.1666666666666666,0.1666666666666666,weak,low,156,dense,2,1.1199806371634702,331.1583659497831,0.5099794477062937,0.4630294477062935,-405.91006687007604,-0.6656511894571765,-0.6569511894571767,-0.6569511894571767
gamma_weak__noise_low__T_156__density_dense__seed_002,oracle_hybrid,0.8254147361080263,2,1.0,0.99,330.1238934301345,390.0874909167837,0.6666666666666666,0.4881606495610251,0.4478439828943584,0.6666666666666666,0.8333333333333334,weak,low,156,dense,2,0.5108239353932903,331.1583659497831,0.5099794477062937,0.4630294477062935,1.0344725196486024,0.021818798145268548,0.015185464811935112,-0.04779448768699679
gamma_weak__noise_low__T_156__density_dense__seed_002,hybrid,0.8257111269590655,0,1.0,0.99,334.0250413223835,385.0356826111262,0.8333333333333334,0.5232679588024057,0.4763179588024056,0.8333333333333334,0.8333333333333334,weak,low,156,dense,2,0.4763179588024053,331.1583659497831,0.5099794477062937,0.4630294477062935,-2.8666753726004117,-0.013288511096112066,-0.013288511096112121,-0.013288511096111788
gamma_strong__noise_medium__T_80__density_sparse__seed_001,pcmci_dag,0.730372888036125,0,1.01,0.99,219.16870353238085,259.0783172531944,0.3333333333333333,0.5616049428084362,0.5726049428084362,0.3333333333333333,0.1666666666666666,strong,medium,80,sparse,1,0.5243755012515195,132.36426976203424,0.3370266139344164,0.3365342425720121,-86.8044337703466,-0.2245783288740198,-0.23607070023642412,-0.18784125867950746
gamma_strong__noise_medium__T_80__density_sparse__seed_001,oracle_hybrid,0.7679225406406995,0,1.0,0.99,165.6952498263961,201.6054739945645,0.8333333333333334,0.4226178875951811,0.4589178875951811,0.8333333333333334,0.8333333333333334,strong,medium,80,sparse,1,0.391589896479335,132.36426976203424,0.3370266139344164,0.3365342425720121,-33.33098006436185,-0.08559127366076469,-0.12238364502316901,-0.05505565390732292
gamma_strong__noise_medium__T_80__density_sparse__seed_001,hybrid,0.765498289713825,0,1.0,0.99,181.10159671744117,238.1606810540274,0.6666666666666666,0.4634454053368745,0.4997454053368746,0.6666666666666666,0.6666666666666666,strong,medium,80,sparse,1,0.3475295374482073,132.36426976203424,0.3370266139344164,0.3365342425720121,-48.73732695540693,-0.1264187914024581,-0.16321116276486253,-0.010995294876195216
gamma_medium__noise_high__T_156__density_sparse__seed_001,pcmci_dag,0.5879857580824157,0,1.0,0.99,1098.4434384686024,1623.63525407241,0.1666666666666666,1.4045735706660132,1.3600735706660132,0.1666666666666666,0.1666666666666666,medium,high,156,sparse,1,1.3706806378321916,387.637899401333,0.5513392968805783,0.5293726302139116,-710.8055390672694,-0.8532342737854349,-0.8307009404521016,-0.8413080076182801
gamma_medium__noise_high__T_156__density_sparse__seed_001,oracle_hybrid,0.7418351416036603,0,1.0,0.99,427.7661076044874,472.18825616909896,0.5,0.6003275899110833,0.5783609232444166,0.5,0.5,medium,high,156,sparse,1,0.5744172980032487,387.637899401333,0.5513392968805783,0.5293726302139116,-40.12820820315437,-0.048988293030505004,-0.048988293030505004,-0.045044667789337134
gamma_medium__noise_high__T_156__density_sparse__seed_001,hybrid,0.744047928090681,0,1.0,0.99,725.3403382246902,1020.7043881407992,0.5,1.0186169441723292,0.9966502775056624,0.5,0.5,medium,high,156,sparse,1,0.6683830798798128,387.637899401333,0.5513392968805783,0.5293726302139116,-337.70243882335717,-0.4672776472917509,-0.4672776472917508,-0.13901044966590126
gamma_weak__noise_medium__T_156__density_sparse__seed_004,pcmci_dag,0.745402126231349,0,1.01,0.99,596.4853108991075,754.467382479634,0.1666666666666666,0.7775084572483673,0.7832584572483672,0.1666666666666666,0.1666666666666666,weak,medium,156,sparse,4,0.7832584572483668,206.0108780300448,0.2661773572831452,0.2771940239498119,-390.4744328690627,-0.5113310999652221,-0.5060644332985553,-0.5060644332985549
gamma_weak__noise_medium__T_156__density_sparse__seed_004,oracle_hybrid,0.7992899494469794,0,1.0,0.99,232.2298038868016,264.8121904279704,0.8333333333333334,0.3021050591721224,0.3131217258387891,0.8333333333333334,0.8333333333333334,weak,medium,156,sparse,4,0.2935017590217045,206.0108780300448,0.2661773572831452,0.2771940239498119,-26.218925856756783,-0.035927701888977204,-0.035927701888977204,-0.016307735071892593
gamma_weak__noise_medium__T_156__density_sparse__seed_004,hybrid,0.799687841025175,2,1.0,0.99,226.9814125862102,262.39360705126995,0.8333333333333334,0.2926809666696548,0.3036976333363215,0.8333333333333334,0.8333333333333334,weak,medium,156,sparse,4,0.2946377450429669,206.0108780300448,0.2661773572831452,0.2771940239498119,-20.970534556165404,-0.02650360938650964,-0.026503609386509586,-0.017443721093155007
gamma_strong__noise_medium__T_300__density_dense__seed_002,pcmci_dag,0.7316840589845407,0,1.0,0.99,1842.3616666666665,1944.089993548824,0.0,1.35935,1.1065333333333334,0.0,0.0,strong,medium,300,dense,2,1.1065333333333334,1102.294981423696,0.8026170027863464,0.5498003361196798,-740.0666852429704,-0.5567329972136537,-0.5567329972136535,-0.5567329972136535
gamma_strong__noise_medium__T_300__density_dense__seed_002,oracle_hybrid,0.8149090941432168,0,1.0,0.99,937.7204408613612,1028.0841880676744,0.6666666666666666,0.6565291811255586,0.6136458477922252,0.6666666666666666,0.6666666666666666,strong,medium,300,dense,2,0.5501374312805235,1102.294981423696,0.8026170027863464,0.5498003361196798,164.57454056233485,0.14608782166078782,-0.06384551167254537,-0.0003370951608436812
gamma_strong__noise_medium__T_300__density_dense__seed_002,hybrid,0.8131340249939711,1,1.0,0.99,838.1310174936865,922.10325141204,0.8333333333333334,0.5862154275356124,0.5433320942022791,0.8333333333333334,0.6666666666666666,strong,medium,300,dense,2,0.4990843479667936,1102.294981423696,0.8026170027863464,0.5498003361196798,264.1639639300096,0.216401575250734,0.006468241917400697,0.05071598815288625
gamma_medium__noise_high__T_80__density_medium__seed_003,pcmci_dag,0.4325605788017655,0,1.0,0.99,378.88000000000005,438.64690473470046,0.0,1.4200833333333334,1.2851333333333332,0.0,0.0,medium,high,80,medium,3,1.2851333333333332,306.8535603086835,0.9234428486926228,0.8500565614268508,-72.02643969131657,-0.49664048464071053,-0.4350767719064824,-0.4350767719064824
gamma_medium__noise_high__T_80__density_medium__seed_003,oracle_hybrid,0.7021483055168125,0,1.0,0.99,333.4211946817902,391.4557162200984,1.0,0.939162498647632,0.9816554776597664,1.0,0.8333333333333334,medium,high,80,medium,3,0.9058059661257918,306.8535603086835,0.9234428486926228,0.8500565614268508,-26.567634373106728,-0.015719649955009185,-0.13159891623291553,-0.05574940469894096
gamma_medium__noise_high__T_80__density_medium__seed_003,hybrid,0.6940541807562198,0,1.0,0.99,452.2989680476149,618.976103405699,0.8333333333333334,1.250740391192079,1.1690442516271804,0.8333333333333334,0.8333333333333334,medium,high,80,medium,3,0.6786115207053741,306.8535603086835,0.9234428486926228,0.8500565614268508,-145.4454077389314,-0.3272975424994561,-0.3189876902003296,0.1714450407214767
gamma_medium__noise_low__T_80__density_medium__seed_004,pcmci_dag,0.8406968718621841,0,1.0,0.99,391.297540107038,592.2558154326197,0.3333333333333333,1.0560208530534518,1.022354186386785,0.3333333333333333,0.3333333333333333,medium,low,80,medium,4,1.0095265812955934,191.1294776840961,0.5446145017288779,0.5109478350622112,-200.16806242294192,-0.5114063513245739,-0.5114063513245739,-0.49857874623338216
gamma_medium__noise_low__T_80__density_medium__seed_004,oracle_hybrid,0.8532456617739613,0,1.0,0.99,227.917059620932,270.8501669042724,0.8333333333333334,0.6354339895467728,0.6017673228801061,0.8333333333333334,0.8333333333333334,medium,low,80,medium,4,0.5403440875254534,191.1294776840961,0.5446145017288779,0.5109478350622112,-36.78758193683592,-0.09081948781789484,-0.09081948781789495,-0.02939625246324218
gamma_medium__noise_low__T_80__density_medium__seed_004,hybrid,0.8534076309025526,0,1.0,0.99,235.233911232388,283.559691576627,1.0,0.6549442316718758,0.621277565005209,1.0,1.0,medium,low,80,medium,4,0.5470982049409966,191.1294776840961,0.5446145017288779,0.5109478350622112,-44.10443354829192,-0.11032972994299783,-0.11032972994299783,-0.03615036987878539
gamma_weak__noise_high__T_80__density_dense__seed_005,pcmci_dag,0.6677095468826749,0,1.0,0.99,323.7166666666667,380.3449291104063,0.0,0.9587166666666668,0.9294666666666666,0.0,0.0,weak,high,80,dense,5,0.9294666666666666,301.8356041455351,0.8781889212709899,0.8581055879376565,-21.881062521131582,-0.08052774539567686,-0.0713610787290101,-0.0713610787290101
gamma_weak__noise_high__T_80__density_dense__seed_005,oracle_hybrid,0.7539074127087817,1,1.0,0.99,309.97604461226405,432.5781959788378,0.5,0.8706574252905016,0.850574091957168,0.5,0.6666666666666666,weak,high,80,dense,5,0.7704254385361543,301.8356041455351,0.8781889212709899,0.8581055879376565,-8.140440466728933,0.007531495980488301,0.007531495980488412,0.08768014940150215
gamma_weak__noise_high__T_80__density_dense__seed_005,hybrid,0.7539988931958495,0,1.0,0.99,300.8771209046611,393.4308541886548,0.8333333333333334,0.8714608641962441,0.8513775308629108,0.8333333333333334,0.8333333333333334,weak,high,80,dense,5,0.8513775308629107,301.8356041455351,0.8781889212709899,0.8581055879376565,0.9584832408739885,0.006728057074745775,0.006728057074745664,0.006728057074745775
gamma_medium__noise_medium__T_156__density_medium__seed_003,pcmci_dag,0.7241214606060362,0,1.0,0.99,894.2626267303007,1023.405323472557,0.1666666666666666,1.6087549889652866,1.4725549889652865,0.1666666666666666,0.1666666666666666,medium,medium,156,medium,3,1.4725549889652865,279.51108610036385,0.4078584269395023,0.2974186191853032,-614.7515406299368,-1.2008965620257843,-1.1751363697799833,-1.1751363697799833
gamma_medium__noise_medium__T_156__density_medium__seed_003,oracle_hybrid,0.8141985413858774,3,1.01,0.99,247.74022156573017,298.22646283535977,1.0,0.354907592343574,0.3085925647402397,1.0,1.0,medium,medium,156,medium,3,0.3066099878737097,279.51108610036385,0.4078584269395023,0.2974186191853032,31.770864534633688,0.05295083459592831,-0.011173945554936504,-0.009191368688406476
gamma_medium__noise_medium__T_156__density_medium__seed_003,hybrid,0.8133513925898292,1,1.01,0.99,274.8233751616163,287.2832224056251,0.8333333333333334,0.4108305865666741,0.2923305865666741,0.8333333333333334,1.0,medium,medium,156,medium,3,0.2923305865666738,279.51108610036385,0.4078584269395023,0.2974186191853032,4.687710938747557,-0.0029721596271717887,0.0050880326186291125,0.00508803261862939
gamma_medium__noise_medium__T_300__density_sparse__seed_001,pcmci_dag,0.8119850204227326,2,1.0,0.99,770.2118989088773,1221.3959534336382,0.8333333333333334,0.493801025190429,0.4787757544977176,0.8333333333333334,0.8333333333333334,medium,medium,300,sparse,1,0.4351810695170265,546.7972177344964,0.3902999595088814,0.3762999595088814,-223.41468117438092,-0.1035010656815476,-0.10247579498883619,-0.05888111000814511
gamma_medium__noise_medium__T_300__density_sparse__seed_001,oracle_hybrid,0.8146339219535871,0,1.0,0.99,607.6107360765126,674.8601082167064,0.5,0.4215545546378539,0.4306210228498667,0.5,0.5,medium,medium,300,sparse,1,0.4097902570118785,546.7972177344964,0.3902999595088814,0.3762999595088814,-60.81351834201621,-0.031254595128972495,-0.0543210633409853,-0.03349029750299709
gamma_medium__noise_medium__T_300__density_sparse__seed_001,hybrid,0.8131373487173711,1,1.01,0.99,622.3820694485122,696.3477332796655,0.5,0.4294254621031149,0.4372747298276692,0.5,0.5,medium,medium,300,sparse,1,0.3765566309103677,546.7972177344964,0.3902999595088814,0.3762999595088814,-75.58485171401583,-0.039125502594233474,-0.060974770318787785,-0.00025667140148627476
gamma_medium__noise_high__T_80__density_sparse__seed_001,pcmci_dag,0.6221595194493015,0,1.01,0.99,215.3699900821269,262.7906600805502,0.3333333333333333,0.5528590585472609,0.5598423918805943,0.3333333333333333,0.3333333333333333,medium,high,80,sparse,1,0.5192068285299823,153.96873504267325,0.3942645389300389,0.3994380756732072,-61.401255039453645,-0.15859451961722204,-0.16040431620738704,-0.11976875285677513
gamma_medium__noise_high__T_80__density_sparse__seed_001,oracle_hybrid,0.6459404553732592,2,1.01,0.99,178.05217947892626,233.4126299037947,0.8333333333333334,0.4571823086217515,0.4747656419550848,0.8333333333333334,0.8333333333333334,medium,high,80,sparse,1,0.4327157062974773,153.96873504267325,0.3942645389300389,0.3994380756732072,-24.083444436253018,-0.06291776969171264,-0.07532756628187759,-0.03327763062427008
gamma_medium__noise_high__T_80__density_sparse__seed_001,hybrid,0.6444548113821694,0,1.0,0.99,203.2903498664414,245.9444305307781,0.8333333333333334,0.5096064366909157,0.527189770024249,0.8333333333333334,0.8333333333333334,medium,high,80,sparse,1,0.415451098185974,153.96873504267325,0.3942645389300389,0.3994380756732072,-49.32161482376816,-0.11534189776087678,-0.12775169435104183,-0.01601302251276676
gamma_strong__noise_medium__T_80__density_dense__seed_005,pcmci_dag,0.7375081726327425,0,1.0,0.99,357.1166666666668,379.5794244072423,0.0,1.04275,0.8480833333333333,0.0,0.0,strong,medium,80,dense,5,0.8480833333333333,216.2694566162127,0.6743661285699933,0.6142327952366601,-140.8472100504541,-0.3683838714300067,-0.23385053809667322,-0.23385053809667322
gamma_strong__noise_medium__T_80__density_dense__seed_005,oracle_hybrid,0.8490712209228924,0,1.01,0.99,275.01144178378496,361.1586327007226,0.6666666666666666,0.7767046071157161,0.7165712737823827,0.6666666666666666,0.6666666666666666,strong,medium,80,dense,5,0.5421966330240517,216.2694566162127,0.6743661285699933,0.6142327952366601,-58.74198516757227,-0.10233847854572276,-0.10233847854572264,0.07203616221260833
gamma_strong__noise_medium__T_80__density_dense__seed_005,hybrid,0.850331870647635,0,1.0,0.99,235.2780596508733,275.03643904974723,0.6666666666666666,0.695069993321025,0.6349366599876917,0.6666666666666666,0.8333333333333334,strong,medium,80,dense,5,0.5932086543527725,216.2694566162127,0.6743661285699933,0.6142327952366601,-19.00860303466061,-0.020703864751031698,-0.020703864751031587,0.0210241408838876
gamma_medium__noise_low__T_156__density_medium__seed_001,pcmci_dag,0.8380215011978632,0,1.01,0.99,618.340962941461,819.4159098094134,0.3333333333333333,0.7698854496503089,0.7687354496503089,0.3333333333333333,0.3333333333333333,medium,low,156,medium,1,0.5869073149504643,203.82069383657063,0.2992421443205221,0.3003921443205221,-414.5202691048904,-0.4706433053297868,-0.46834330532978685,-0.28651517062994225
gamma_medium__noise_low__T_156__density_medium__seed_001,oracle_hybrid,0.8891160219189513,4,1.0,0.99,269.5649517258278,288.8170176854852,0.6666666666666666,0.382865301970186,0.3840153019701859,0.6666666666666666,0.6666666666666666,medium,low,156,medium,1,0.3570835661161466,203.82069383657063,0.2992421443205221,0.3003921443205221,-65.7442578892572,-0.08362315764966388,-0.08362315764966383,-0.05669142179562453
gamma_medium__noise_low__T_156__density_medium__seed_001,hybrid,0.889047562632508,3,1.0,0.99,466.5114978887256,673.6470756448723,0.8333333333333334,0.6673407244510399,0.6684907244510399,0.8333333333333334,0.6666666666666666,medium,low,156,medium,1,0.4193240888246763,203.82069383657063,0.2992421443205221,0.3003921443205221,-262.690804052155,-0.36809858013051777,-0.36809858013051777,-0.11893194450415423
gamma_strong__noise_medium__T_156__density_sparse__seed_003,pcmci_dag,0.7271565152602041,0,1.0,0.99,671.3338147291046,905.517169697971,0.5,1.355332820253344,1.175082820253344,0.5,0.5,strong,medium,156,sparse,3,1.1904111857758144,348.0607783627633,0.4909419213812229,0.3972359458996146,-323.2730363663413,-0.864390898872121,-0.7778468743537295,-0.7931752398761998
gamma_strong__noise_medium__T_156__density_sparse__seed_003,oracle_hybrid,0.8162499932147688,0,1.01,0.99,286.6313259177216,352.03459632538227,0.8333333333333334,0.3949290567115347,0.3591226867396238,0.8333333333333334,0.8333333333333334,strong,medium,156,sparse,3,0.3610699369456218,348.0607783627633,0.4909419213812229,0.3972359458996146,61.429452445041704,0.09601286466968817,0.03811325915999081,0.0361660089539928
gamma_strong__noise_medium__T_156__density_sparse__seed_003,hybrid,0.8165477475859068,0,1.0,0.99,291.0005204193654,347.1443394915092,0.8333333333333334,0.4127271401892865,0.3354885414121288,0.8333333333333334,0.8333333333333334,strong,medium,156,sparse,3,0.3573343370426378,348.0607783627633,0.4909419213812229,0.3972359458996146,57.060257943397914,0.07821478119193637,0.06174740448748578,0.0399016088569768
gamma_strong__noise_high__T_156__density_dense__seed_004,pcmci_dag,0.4547377224078056,0,1.0,0.99,796.475,842.785247685712,0.0,1.0793166666666667,0.87575,0.0,0.0,strong,high,156,dense,4,0.87575,160.7734012635672,0.2181858262845286,0.1857075899516671,-635.7015987364329,-0.861130840382138,-0.6900424100483329,-0.6900424100483329
gamma_strong__noise_high__T_156__density_dense__seed_004,oracle_hybrid,0.6770313246376942,1,1.0,0.99,203.6098786034076,235.9265869492613,1.0,0.2677243344392163,0.4569204282738159,1.0,1.0,strong,high,156,dense,4,0.2099310646194594,160.7734012635672,0.2181858262845286,0.1857075899516671,-42.8364773398404,-0.04953850815468769,-0.2712128383221488,-0.02422347466779229
gamma_strong__noise_high__T_156__density_dense__seed_004,hybrid,0.6779860813916654,3,1.0,0.99,147.3425382595062,175.97777992662228,1.0,0.1991675709453508,0.3899660781480952,1.0,0.8333333333333334,strong,high,156,dense,4,0.1781853269082635,160.7734012635672,0.2181858262845286,0.1857075899516671,13.430863004060996,0.01901825533917778,-0.20425848819642808,0.007522263043403615
gamma_weak__noise_high__T_156__density_medium__seed_005,pcmci_dag,0.5753242613830728,0,1.0,0.99,705.554870370091,1156.0357608093946,0.5,0.8726476095542828,0.8478309428876162,0.5,0.5,weak,high,156,medium,5,0.5116487974157956,341.37763801352776,0.4976891207426937,0.4737391207426937,-364.1772323565632,-0.37495848881158905,-0.3740918221449225,-0.03790967667310191
gamma_weak__noise_high__T_156__density_medium__seed_005,oracle_hybrid,0.5820154486820742,1,1.01,0.99,351.51629122829473,465.2856218683062,0.5,0.5029932420214269,0.4884099086880935,0.5,0.6666666666666666,weak,high,156,medium,5,0.4792779382097074,341.37763801352776,0.4976891207426937,0.4737391207426937,-10.138653214766975,-0.005304121278733198,-0.014670787945399777,-0.005538817467013679
gamma_weak__noise_high__T_156__density_medium__seed_005,hybrid,0.5825655467686244,0,1.0,0.99,646.973895472061,898.3291220419082,0.5,0.8163051298122798,0.8017217964789464,0.5,0.6666666666666666,weak,high,156,medium,5,0.4956628042898536,341.37763801352776,0.4976891207426937,0.4737391207426937,-305.5962574585333,-0.31861600906958604,-0.32798267573625267,-0.0219236835471599
gamma_medium__noise_medium__T_156__density_medium__seed_005,pcmci_dag,0.7172657672852061,0,1.0,0.99,776.1923727511048,1300.223760030879,0.5,0.9509823179926676,0.9165823179926678,0.5,0.6666666666666666,medium,medium,156,medium,5,0.4785011499744773,362.21177024030175,0.5240964811782763,0.4570964811782765,-413.98060251080307,-0.4268858368143913,-0.45948583681439126,-0.021404668796200788
gamma_medium__noise_medium__T_156__density_medium__seed_005,oracle_hybrid,0.7272348422227972,0,1.0,0.99,340.19495046041794,417.0890599393879,0.6666666666666666,0.4709373922312643,0.4365373922312643,0.6666666666666666,0.6666666666666666,medium,medium,156,medium,5,0.4265297512539415,362.21177024030175,0.5240964811782763,0.4570964811782765,22.016819779883804,0.053159088947012045,0.020559088947012194,0.030566729924335012
gamma_medium__noise_medium__T_156__density_medium__seed_005,hybrid,0.7287851737939745,1,1.0,0.99,679.2592767461479,912.0470399290244,0.6666666666666666,0.8594946503435635,0.8250946503435634,0.6666666666666666,0.6666666666666666,medium,medium,156,medium,5,0.4321492160620419,362.21177024030175,0.5240964811782763,0.4570964811782765,-317.0475065058461,-0.3353981691652872,-0.36799816916528694,0.02494726511623463
gamma_medium__noise_high__T_156__density_medium__seed_001,pcmci_dag,0.4499830485238216,0,1.01,0.99,787.4466666666667,909.8233200828976,0.0,1.1269166666666668,1.0606666666666666,0.0,0.0,medium,high,156,medium,1,1.0606666666666666,332.1983644341371,0.4802746341008126,0.4814246341008126,-455.2483022325296,-0.6466420325658542,-0.579242032565854,-0.579242032565854
gamma_medium__noise_high__T_156__density_medium__seed_001,oracle_hybrid,0.7396163833631878,1,1.0,0.99,415.3132638120608,460.9503023696413,0.8333333333333334,0.58360425977663,0.58475425977663,0.8333333333333334,0.8333333333333334,medium,high,156,medium,1,0.536542178055305,332.1983644341371,0.4802746341008126,0.4814246341008126,-83.11489937792373,-0.10332962567581738,-0.10332962567581738,-0.05511754395449242
gamma_medium__noise_high__T_156__density_medium__seed_001,hybrid,0.7398354539010935,0,1.0,0.99,720.6231117898569,984.8044633550504,0.6666666666666666,1.01843294041848,1.01958294041848,0.6666666666666666,0.6666666666666666,medium,high,156,medium,1,0.6653510246879014,332.1983644341371,0.4802746341008126,0.4814246341008126,-388.42474735571983,-0.5381583063176674,-0.5381583063176674,-0.18392639058708882
gamma_weak__noise_high__T_80__density_sparse__seed_001,pcmci_dag,0.6275803693816532,0,1.0,0.99,216.33069272313548,268.8091694431667,0.3333333333333333,0.557256284267503,0.5600396176008363,0.3333333333333333,0.3333333333333333,weak,high,80,sparse,1,0.5369158971336775,156.58527748444843,0.4023526051514488,0.4079359384847822,-59.74541523868706,-0.15490367911605418,-0.1521036791160541,-0.12897995864889528
gamma_weak__noise_high__T_80__density_sparse__seed_001,oracle_hybrid,0.6488197890105419,0,1.0,0.99,179.31343044879836,228.7797890567304,0.8333333333333334,0.4584294284657141,0.4640127617990475,0.8333333333333334,0.8333333333333334,weak,high,80,sparse,1,0.4374318655444461,156.58527748444843,0.4023526051514488,0.4079359384847822,-22.72815296434993,-0.056076823314265334,-0.05607682331426528,-0.029495927059663862
gamma_weak__noise_high__T_80__density_sparse__seed_001,hybrid,0.6494372010746285,0,1.01,0.99,201.3983345556009,280.1425325567206,0.6666666666666666,0.5140639472674101,0.5196472806007435,0.6666666666666666,0.6666666666666666,weak,high,80,sparse,1,0.3947610729140808,156.58527748444843,0.4023526051514488,0.4079359384847822,-44.813057071152485,-0.11171134211596134,-0.11171134211596129,0.01317486557070141
gamma_medium__noise_medium__T_80__density_medium__seed_001,pcmci_dag,0.7461141979377972,4,1.0,0.99,204.3170575527521,246.946161191963,0.0,0.5175084082719024,0.5098417416052357,0.0,0.1666666666666666,medium,medium,80,medium,1,0.4842260446551678,115.89977002451906,0.3077038325538804,0.3167038325538804,-88.41728752823303,-0.20980457571802197,-0.19313790905135525,-0.16752221210128737
gamma_medium__noise_medium__T_80__density_medium__seed_001,oracle_hybrid,0.7739973581763198,0,1.0,0.99,171.38528852261754,234.1017330217735,0.8333333333333334,0.4414305630683386,0.4504305630683387,0.8333333333333334,0.8333333333333334,medium,medium,80,medium,1,0.3074536167112249,115.89977002451906,0.3077038325538804,0.3167038325538804,-55.485518498098486,-0.13372673051445821,-0.13372673051445827,0.009250215842655507
gamma_medium__noise_medium__T_80__density_medium__seed_001,hybrid,0.7716105977388066,1,1.0,0.99,175.68700967876862,251.94322396344563,0.8333333333333334,0.4514781718720467,0.4604781718720467,0.8333333333333334,0.8333333333333334,medium,medium,80,medium,1,0.3073686482477029,115.89977002451906,0.3077038325538804,0.3167038325538804,-59.78723965424956,-0.1437743393181663,-0.1437743393181663,0.009335184306177524
gamma_weak__noise_high__T_80__density_medium__seed_001,pcmci_dag,0.6288314209900452,0,1.0,0.99,217.82507235201052,268.49675041857233,0.1666666666666666,0.5614283987657794,0.5600283987657794,0.1666666666666666,0.1666666666666666,weak,high,80,medium,1,0.538083600561151,155.7059129598109,0.4024308928436204,0.4044308928436204,-62.119159392199634,-0.15899750592215905,-0.15559750592215899,-0.13365270771753063
gamma_weak__noise_high__T_80__density_medium__seed_001,oracle_hybrid,0.6536773894417341,0,1.0,0.99,190.5895606267128,257.9089582742957,0.8333333333333334,0.4901610364163227,0.4921610364163228,0.8333333333333334,0.8333333333333334,weak,high,80,medium,1,0.3721964285203759,155.7059129598109,0.4024308928436204,0.4044308928436204,-34.88364766690191,-0.08773014357270231,-0.08773014357270242,0.032234464323244505
gamma_weak__noise_high__T_80__density_medium__seed_001,hybrid,0.6495519975126289,0,1.0,0.99,194.985957560061,269.7291379825565,0.8333333333333334,0.497293209281927,0.4992932092819271,0.8333333333333334,0.8333333333333334,weak,high,80,medium,1,0.3752532403062892,155.7059129598109,0.4024308928436204,0.4044308928436204,-39.28004460025011,-0.09486231643830662,-0.09486231643830673,0.029177652537331178
gamma_weak__noise_low__T_80__density_sparse__seed_001,pcmci_dag,0.816933955411798,0,1.0,0.99,214.47765405606535,267.58530120066,0.1666666666666666,0.551962039340015,0.5547453726733483,0.1666666666666666,0.1666666666666666,weak,low,80,sparse,1,0.5318682401186647,129.0291629802646,0.3291246456192268,0.33470797895256,-85.44849107580075,-0.2228373937207882,-0.22003739372078834,-0.19716026116610474
gamma_weak__noise_low__T_80__density_sparse__seed_001,oracle_hybrid,0.8476168552395766,0,1.0,0.99,153.40371442271478,184.0951144518197,0.6666666666666666,0.392182480381108,0.3977658137144413,0.6666666666666666,0.6666666666666666,weak,low,80,sparse,1,0.3699333230065408,129.0291629802646,0.3291246456192268,0.33470797895256,-24.374551442450183,-0.0630578347618812,-0.06305783476188132,-0.03522534405398081
gamma_weak__noise_low__T_80__density_sparse__seed_001,hybrid,0.846717415010819,2,1.0,0.99,173.63630569135864,218.0809387667395,0.6666666666666666,0.4402465705496877,0.4458299038830211,0.6666666666666666,0.6666666666666666,weak,low,80,sparse,1,0.3533923634511605,129.0291629802646,0.3291246456192268,0.33470797895256,-44.60714271109404,-0.11112192493046091,-0.11112192493046108,-0.018684384498600493
gamma_strong__noise_high__T_156__density_sparse__seed_005,pcmci_dag,0.5789092907989603,0,1.0,0.99,502.4677884514997,651.3357207917826,0.6666666666666666,0.6911095227675258,0.6550732456744014,0.6666666666666666,0.6666666666666666,strong,high,156,sparse,5,0.6815359992159609,389.4081042109872,0.5708082331851146,0.4604082331851145,-113.05968424051252,-0.12030128958241115,-0.19466501248928691,-0.22112776603084638
gamma_strong__noise_high__T_156__density_sparse__seed_005,oracle_hybrid,0.5883635384205911,1,1.0,0.99,340.39102922673624,456.6285998635811,0.6666666666666666,0.4866591614823299,0.4573258281489966,0.6666666666666666,0.6666666666666666,strong,high,156,sparse,5,0.4665182396410672,389.4081042109872,0.5708082331851146,0.4604082331851145,49.01707498425094,0.08414907170278474,0.0030824050361178967,-0.006110006455952721
gamma_strong__noise_high__T_156__density_sparse__seed_005,hybrid,0.5842496715964404,0,1.0,0.99,357.2277237124776,421.6984042980546,0.6666666666666666,0.50952735946209,0.4801940261287566,0.6666666666666666,0.6666666666666666,strong,high,156,sparse,5,0.4681270495641815,389.4081042109872,0.5708082331851146,0.4604082331851145,32.18038049850958,0.0612808737230246,-0.019785792943642133,-0.007718816379067017
gamma_medium__noise_medium__T_156__density_sparse__seed_001,pcmci_dag,0.7647606326776042,0,1.0,0.99,426.2596702471915,538.4489050090331,0.6666666666666666,0.6485458779816748,0.6705125446483414,0.6666666666666666,0.6666666666666666,medium,medium,156,sparse,1,0.4079654907175488,286.4552390338397,0.4168269533451498,0.3948602866784831,-139.8044312133518,-0.23171892463652505,-0.2756522579698583,-0.013105204039065677
gamma_medium__noise_medium__T_156__density_sparse__seed_001,oracle_hybrid,0.8321947237613306,3,1.0,0.99,309.65628989781067,348.2244908015377,0.5,0.4408648142573073,0.4188981475906406,0.5,0.5,medium,medium,156,sparse,1,0.420188437747707,286.4552390338397,0.4168269533451498,0.3948602866784831,-23.201050863970977,-0.024037860912157483,-0.024037860912157483,-0.02532815106922387
gamma_medium__noise_medium__T_156__density_sparse__seed_001,hybrid,0.8331538100701384,0,1.0,0.99,559.3862290859876,805.1489057312593,0.5,0.7972807244773206,0.7753140578106539,0.5,0.5,medium,medium,156,sparse,1,0.5076491986178798,286.4552390338397,0.4168269533451498,0.3948602866784831,-272.9309900521479,-0.38045377113217077,-0.38045377113217077,-0.11278891193939672
gamma_weak__noise_medium__T_300__density_dense__seed_002,pcmci_dag,0.782573237672359,0,1.02,0.99,1440.9384513477878,1768.1965007864392,0.0,1.0130264989454965,0.9757431656121632,0.0,0.0,weak,medium,300,dense,2,0.9865676777114696,1129.60526747974,0.7727228264128242,0.7501728264128241,-311.33318386804785,-0.24030367253267226,-0.2255703391993391,-0.23639485129864546
gamma_weak__noise_medium__T_300__density_dense__seed_002,oracle_hybrid,0.8166530902146862,1,1.0,0.99,1184.452624609343,1655.8884806825342,0.5,0.7954904755241641,0.7729404755241642,0.5,0.6666666666666666,weak,medium,300,dense,2,0.7834947415999897,1129.60526747974,0.7727228264128242,0.7501728264128241,-54.8473571296031,-0.022767649111339883,-0.022767649111340105,-0.03332191518716554
gamma_weak__noise_medium__T_300__density_dense__seed_002,hybrid,0.816547322224065,3,1.0,0.99,1044.8702051047228,1558.2164293482926,0.8333333333333334,0.7042632886597966,0.6817132886597967,0.8333333333333334,0.8333333333333334,weak,medium,300,dense,2,0.708668493331636,1129.60526747974,0.7727228264128242,0.7501728264128241,84.73506237501715,0.0684595377530276,0.06845953775302738,0.04150433308118817
gamma_medium__noise_low__T_80__density_medium__seed_001,pcmci_dag,0.8196955107276687,0,1.02,0.99,201.17851963102112,244.7924529543108,0.1666666666666666,0.508211971795273,0.5005453051286063,0.1666666666666666,0.1666666666666666,medium,low,80,medium,1,0.4757715256099307,118.93647567451286,0.3041001891974168,0.3060777546901563,-82.24204395650825,-0.20411178259785617,-0.19446755043845,-0.1696937709197744
gamma_medium__noise_low__T_80__density_medium__seed_001,oracle_hybrid,0.8500050254148539,1,1.0,0.99,164.5450762446769,216.9949455732327,0.8333333333333334,0.4187219813890144,0.4277219813890144,0.8333333333333334,0.8333333333333334,medium,low,80,medium,1,0.29652171549228,118.93647567451286,0.3041001891974168,0.3060777546901563,-45.60860057016403,-0.11462179219159757,-0.1216442266988581,0.009556039197876287
gamma_medium__noise_low__T_80__density_medium__seed_001,hybrid,0.850311013024721,1,1.0,0.99,159.74604475247472,205.8015826598865,0.8333333333333334,0.4045320270856739,0.4135320270856739,0.8333333333333334,0.8333333333333334,medium,low,80,medium,1,0.2916061689456667,118.93647567451286,0.3041001891974168,0.3060777546901563,-40.809569077961854,-0.10043183788825705,-0.10745427239551758,0.01447158574448959
gamma_weak__noise_low__T_80__density_medium__seed_003,pcmci_dag,0.5683971604113474,0,1.0,0.99,375.205,447.4537177742521,0.0,1.40585,1.3583833333333333,0.0,0.0,weak,low,80,medium,3,1.3583833333333333,262.4574404248031,0.8292727395841677,0.7885727395841678,-112.74755957519687,-0.5765772604158323,-0.5698105937491654,-0.5698105937491654
gamma_weak__noise_low__T_80__density_medium__seed_003,oracle_hybrid,0.8795524096296248,0,1.01,0.99,281.17349432821334,311.18073816280105,0.6666666666666666,0.8611409794263706,0.8204409794263706,0.6666666666666666,0.6666666666666666,weak,low,80,medium,3,0.8182148295548899,262.4574404248031,0.8292727395841677,0.7885727395841678,-18.716053903410227,-0.03186823984220288,-0.03186823984220277,-0.02964208997072204
gamma_weak__noise_low__T_80__density_medium__seed_003,hybrid,0.8791248125333687,3,1.0,0.99,370.9524467538028,561.9984898626507,0.8333333333333334,0.986114287238523,0.9454142872385228,0.8333333333333334,0.8333333333333334,weak,low,80,medium,3,0.7988281531486355,262.4574404248031,0.8292727395841677,0.7885727395841678,-108.4950063289997,-0.15684154765435532,-0.15684154765435498,-0.010255413564467686
gamma_weak__noise_high__T_80__density_dense__seed_002,pcmci_dag,0.5913349290400772,0,1.0,0.99,333.8104269201851,393.53853017553513,0.0,0.9897387447270036,0.9737720780603368,0.0,0.0,weak,high,80,dense,2,0.973772078060337,203.5254238054151,0.5291300476939258,0.5492737395462467,-130.28500311476998,-0.46060869703307783,-0.42449833851409013,-0.42449833851409036
gamma_weak__noise_high__T_80__density_dense__seed_002,oracle_hybrid,0.6761378877073592,0,1.0,0.99,237.0766599280076,329.9882886144967,0.8333333333333334,0.6220559634627484,0.6498226301294149,0.8333333333333334,0.8333333333333334,weak,high,80,dense,2,0.5033578935465691,203.5254238054151,0.5291300476939258,0.5492737395462467,-33.551236122592485,-0.09292591576882259,-0.10054889058316818,0.045915845999677574
gamma_weak__noise_high__T_80__density_dense__seed_002,hybrid,0.6774437674207102,1,1.0,0.99,196.0819443822589,280.93365505968546,1.0,0.5185273168913634,0.5344939835580301,1.0,1.0,weak,high,80,dense,2,0.4753254705622361,203.5254238054151,0.5291300476939258,0.5492737395462467,7.443479423156191,0.010602730802562355,0.01477975598821657,0.07394826898401058
gamma_weak__noise_high__T_300__density_medium__seed_001,pcmci_dag,0.7052200620741514,0,1.01,0.99,746.0033964716986,942.403571522409,0.5,0.5290376329908345,0.5176711685774441,0.5,0.5,weak,high,300,medium,1,0.460835862991469,572.9127605234488,0.4149849693587513,0.4006728860521289,-173.09063594824977,-0.11405266363208322,-0.11699828252531519,-0.060162976939340085
gamma_weak__noise_high__T_300__density_medium__seed_001,oracle_hybrid,0.7049808165199757,1,1.0,0.99,572.4720368479544,673.8380343683269,0.8333333333333334,0.4088425217008622,0.4125258550341956,0.8333333333333334,0.8333333333333334,weak,high,300,medium,1,0.3919138973328015,572.9127605234488,0.4149849693587513,0.4006728860521289,0.4407236754943824,0.006142447657889072,-0.01185296898206667,0.008758988719327399
gamma_weak__noise_high__T_300__density_medium__seed_001,hybrid,0.7045726323106469,0,1.0,0.99,586.8700302905776,684.2552247786174,0.8333333333333334,0.417647170457507,0.4070084597927713,0.8333333333333334,0.8333333333333334,weak,high,300,medium,1,0.3644979676204988,572.9127605234488,0.4149849693587513,0.4006728860521289,-13.957269767128764,-0.002662201098755701,-0.006335573740642364,0.03617491843163012
gamma_medium__noise_low__T_300__density_medium__seed_003,pcmci_dag,0.8688077480449059,0,1.0,0.99,934.6593058875764,1107.5447234456462,0.3333333333333333,0.7267098074142875,0.6211431407476208,0.3333333333333333,0.5,medium,low,300,medium,3,0.6628578215597271,696.5763857798916,0.5703612283025521,0.4752612283025521,-238.0829201076848,-0.1563485791117354,-0.1458819124450687,-0.18759659325717498
gamma_medium__noise_low__T_300__density_medium__seed_003,oracle_hybrid,0.8698142687436964,0,1.01,0.99,567.2685880220071,653.8087232804701,0.6666666666666666,0.4539855866349261,0.3588855866349261,0.6666666666666666,0.5,medium,low,300,medium,3,0.4106378925106071,696.5763857798916,0.5703612283025521,0.4752612283025521,129.3077977578845,0.11637564166762598,0.11637564166762598,0.06462333579194496
gamma_medium__noise_low__T_300__density_medium__seed_003,hybrid,0.8700557114569037,1,1.0,0.99,588.1203828940737,680.171318668331,0.6666666666666666,0.4797182344476149,0.3846182344476148,0.6666666666666666,0.8333333333333334,medium,low,300,medium,3,0.4010025566908415,696.5763857798916,0.5703612283025521,0.4752612283025521,108.45600288581784,0.09064299385493718,0.09064299385493729,0.07425867161171057
gamma_strong__noise_low__T_300__density_dense__seed_001,pcmci_dag,0.8853338673249641,0,1.0,0.99,781.3394282367618,1092.6206656035947,0.5,0.5049251866779081,0.6382473229356959,0.5,0.1666666666666666,strong,low,300,dense,1,0.5039220994109505,838.2952808431966,0.5888481162441277,0.3450314495774609,56.955852606434746,0.0839229295662196,-0.29321587335823496,-0.15889064983348955
gamma_strong__noise_low__T_300__density_dense__seed_001,oracle_hybrid,0.8869960191482297,5,1.01,0.99,547.705556358656,635.8264000238122,0.8333333333333334,0.3647445254278338,0.4983593237163462,0.8333333333333334,0.5,strong,low,300,dense,1,0.3506956528631856,838.2952808431966,0.5888481162441277,0.3450314495774609,290.5897244845405,0.22410359081629389,-0.15332787413888532,-0.0056642032857247004
gamma_strong__noise_low__T_300__density_dense__seed_001,hybrid,0.8867812456132902,2,1.0,0.99,502.74980317969374,588.5608323442875,0.6666666666666666,0.3357408826658205,0.4748079694776299,0.6666666666666666,0.5,strong,low,300,dense,1,0.3257227723885584,838.2952808431966,0.5888481162441277,0.3450314495774609,335.5454776635028,0.2531072335783072,-0.12977651990016897,0.0193086771889025
gamma_strong__noise_low__T_80__density_dense__seed_004,pcmci_dag,0.8561742412300777,0,1.0,0.99,428.5847375037724,632.1224567426897,0.1666666666666666,1.1236448859339931,1.0282850173429912,0.1666666666666666,0.3333333333333333,strong,low,80,dense,4,0.9703292986809046,186.70632714525647,0.5262036141398775,0.5112702808065444,-241.8784103585159,-0.5974412717941157,-0.5170147365364468,-0.4590590178743602
gamma_strong__noise_low__T_80__density_dense__seed_004,oracle_hybrid,0.8591947267768355,1,1.0,0.99,277.1354331826379,339.9696264561082,1.0,0.7475390633841911,0.7326057300508578,1.0,0.8333333333333334,strong,low,80,dense,4,0.5342247904878735,186.70632714525647,0.5262036141398775,0.5112702808065444,-90.42910603738142,-0.2213354492443136,-0.22133544924431348,-0.02295450968132917
gamma_strong__noise_low__T_80__density_dense__seed_004,hybrid,0.857239960212313,0,1.0,0.99,227.76882416680075,255.56620498006777,1.0,0.6307996688594094,0.6158663355260762,1.0,0.8333333333333334,strong,low,80,dense,4,0.5080550149683983,186.70632714525647,0.5262036141398775,0.5112702808065444,-41.06249702154429,-0.10459605471953193,-0.10459605471953182,0.0032152658381460197
gamma_weak__noise_low__T_300__density_dense__seed_001,pcmci_dag,0.8790709076005576,0,1.0,0.99,1027.4096267996035,1256.566789742269,0.3333333333333333,0.6834821444405669,0.6488821444405669,0.3333333333333333,0.3333333333333333,weak,low,300,dense,1,0.5644603901488545,448.7379771687428,0.327461850296141,0.3069390898140654,-578.6716496308607,-0.3560202941444259,-0.3419430546265015,-0.2575213003347891
gamma_weak__noise_low__T_300__density_dense__seed_001,oracle_hybrid,0.882395180291475,3,1.01,0.99,484.37988918428783,531.5377760922452,0.8333333333333334,0.3415959639835713,0.3214626306502379,0.8333333333333334,0.8333333333333334,weak,low,300,dense,1,0.3611914506096462,448.7379771687428,0.327461850296141,0.3069390898140654,-35.64191201554502,-0.014134113687430283,-0.014523540836172466,-0.05425236079558077
gamma_weak__noise_low__T_300__density_dense__seed_001,hybrid,0.8826962718758695,5,1.01,0.99,462.1686194712564,530.2206220802851,0.8333333333333334,0.3301091063450208,0.3099757730116874,0.8333333333333334,0.8333333333333334,weak,low,300,dense,1,0.2648516053747706,448.7379771687428,0.327461850296141,0.3069390898140654,-13.430642302513604,-0.002647256048879776,-0.003036683197621959,0.04208748443929483
gamma_strong__noise_high__T_80__density_medium__seed_002,pcmci_dag,0.4893761432538334,0,1.0,0.99,298.82166666666666,327.35200786004043,0.0,0.8679,0.7543666666666667,0.0,0.0,strong,high,80,medium,2,0.7543666666666667,205.19689878779613,0.516050195587291,0.5295168622539577,-93.62476787887053,-0.35184980441270897,-0.22484980441270908,-0.22484980441270908
gamma_strong__noise_high__T_80__density_medium__seed_002,oracle_hybrid,0.6758292636497151,1,1.01,0.99,242.16412956001523,338.23955653470307,0.8333333333333334,0.6312154374289262,0.7447487707622596,0.8333333333333334,0.8333333333333334,strong,high,80,medium,2,0.4736905409087446,205.19689878779613,0.516050195587291,0.5295168622539577,-36.9672307722191,-0.11516524184163512,-0.21523190850830198,0.05582632134521309
gamma_strong__noise_high__T_80__density_medium__seed_002,hybrid,0.6766479828483075,1,1.0,0.99,270.4636978471334,361.62655210871407,0.8333333333333334,0.7044430898133328,0.817976423146666,0.8333333333333334,0.8333333333333334,strong,high,80,medium,2,0.5170726402892355,205.19689878779613,0.516050195587291,0.5295168622539577,-65.26679905933727,-0.18839289422604177,-0.2884595608927083,0.012444221964722169
gamma_strong__noise_medium__T_156__density_dense__seed_004,pcmci_dag,0.7451705110456445,0,1.0,0.99,673.3888125132424,723.5557138244021,0.0,0.8770214601901505,0.8394881268568172,0.0,0.0,strong,medium,156,dense,4,0.7344160630007223,241.8386754676643,0.3149855409598339,0.2312146794421065,-431.55013704557814,-0.5620359192303166,-0.6082734474147107,-0.5032013835586158
gamma_strong__noise_medium__T_156__density_dense__seed_004,oracle_hybrid,0.7992188417825148,1,1.01,0.99,258.27750168766283,298.2848199038141,0.8333333333333334,0.3283017676504582,0.5318684343171249,0.8333333333333334,0.5,strong,medium,156,dense,4,0.2729284047973894,241.8386754676643,0.3149855409598339,0.2312146794421065,-16.438826219998532,-0.013316226690624322,-0.30065375487501844,-0.041713725355282893
gamma_strong__noise_medium__T_156__density_dense__seed_004,hybrid,0.8000344844635705,5,1.0,0.99,204.09552779455396,232.85669458406952,1.0,0.2562858009801333,0.4598524676468001,1.0,0.6666666666666666,strong,medium,156,dense,4,0.2357354654855069,241.8386754676643,0.3149855409598339,0.2312146794421065,37.74314767311034,0.05869973997970057,-0.2286377882046936,-0.004520786043400393
gamma_medium__noise_low__T_300__density_dense__seed_005,pcmci_dag,0.8909248878170354,0,1.0,0.99,654.0140546520425,855.1243765540463,0.6666666666666666,0.4569564011661334,0.4074230678328001,0.6666666666666666,0.6666666666666666,medium,low,300,dense,5,0.4275573209057708,473.8965908754873,0.3669635541779709,0.2320302208446376,-180.11746377655527,-0.08999284698816251,-0.1753928469881625,-0.19552710006113322
gamma_medium__noise_low__T_300__density_dense__seed_005,oracle_hybrid,0.8924955329738621,2,1.01,0.99,436.5590853931523,480.7568027095096,0.8333333333333334,0.3317534312699383,0.2832014565907976,0.8333333333333334,0.8333333333333334,medium,low,300,dense,5,0.278363205295182,473.8965908754873,0.3669635541779709,0.2320302208446376,37.33750548233496,0.035210122908032604,-0.051171235746160004,-0.0463329844505444
gamma_medium__noise_low__T_300__density_dense__seed_005,hybrid,0.8923704739444502,8,1.01,0.99,594.148253088485,637.2727303540614,0.8333333333333334,0.4525343100062652,0.4030009766729319,0.8333333333333334,0.8333333333333334,medium,low,300,dense,5,0.2664552976255708,473.8965908754873,0.3669635541779709,0.2320302208446376,-120.25166221299776,-0.08557075582829432,-0.1709707558282943,-0.034425076780933206
gamma_medium__noise_high__T_80__density_sparse__seed_002,pcmci_dag,0.5837372637604081,0,1.0,0.99,329.8990666858776,393.54553525799935,0.1666666666666666,0.980896684574625,0.9489300179079584,0.1666666666666666,0.1666666666666666,medium,high,80,sparse,2,0.8954859943058112,188.1440000796321,0.4971309020801004,0.5120975687467669,-141.7550666062455,-0.48376578249452457,-0.43683244916119146,-0.3833884255590443
gamma_medium__noise_high__T_80__density_sparse__seed_002,oracle_hybrid,0.676795394203744,1,1.0,0.99,193.73386582903305,274.7847780171717,0.8333333333333334,0.5273217837902332,0.5592884504569,0.8333333333333334,0.8333333333333334,medium,high,80,sparse,2,0.5199940680165338,188.1440000796321,0.4971309020801004,0.5120975687467669,-5.589865749400957,-0.03019088171013279,-0.04719088171013308,-0.007896499269766877
gamma_medium__noise_high__T_80__density_sparse__seed_002,hybrid,0.6737222385471978,2,1.0,0.99,204.0613879619923,273.77985609323184,0.8333333333333334,0.5515340857428243,0.583500752409491,0.8333333333333334,0.8333333333333334,medium,high,80,sparse,2,0.5279994554179699,188.1440000796321,0.4971309020801004,0.5120975687467669,-15.917387882360202,-0.05440318366272384,-0.07140318366272402,-0.01590188667120296
gamma_strong__noise_high__T_300__density_sparse__seed_002,pcmci_dag,0.6219573185500782,0,1.0,0.99,1706.533333333333,1982.348400912413,0.1666666666666666,1.2781333333333336,1.1881333333333333,0.1666666666666666,0.1666666666666666,strong,high,300,sparse,2,1.1881333333333333,1102.2572105572729,0.8009771020703519,0.7109771020703519,-604.2761227760602,-0.4771562312629817,-0.47715623126298135,-0.47715623126298135
gamma_strong__noise_high__T_300__density_sparse__seed_002,oracle_hybrid,0.7037099730989816,0,1.0,0.99,1087.4572132966844,1152.115167682563,0.5,0.7773146166175245,0.7525812832841913,0.5,0.6666666666666666,strong,high,300,sparse,2,0.7358674802152859,1102.2572105572729,0.8009771020703519,0.7109771020703519,14.799997260588498,0.023662485452827342,-0.04160418121383935,-0.024890378144934
gamma_strong__noise_high__T_300__density_sparse__seed_002,hybrid,0.7028074995236703,0,1.0,0.99,1091.9682351584904,1176.0958885302623,0.5,0.7746551580914952,0.7499218247581618,0.5,0.3333333333333333,strong,high,300,sparse,2,0.7441645791621401,1102.2572105572729,0.8009771020703519,0.7109771020703519,10.28897539878244,0.026321943978856677,-0.03894472268780991,-0.03318747709178815
gamma_medium__noise_medium__T_80__density_medium__seed_005,pcmci_dag,0.7398303498676968,0,1.01,0.99,324.8566666666666,375.8313777923996,0.0,0.9628666666666668,0.9051833333333332,0.0,0.0,medium,medium,80,medium,5,0.9051833333333332,273.38180604284975,0.7978280137074423,0.7643780137074424,-51.47486062381688,-0.16503865295922449,-0.14080531962589082,-0.14080531962589082
gamma_medium__noise_medium__T_80__density_medium__seed_005,oracle_hybrid,0.8455868066366697,0,1.0,0.99,292.88975836953733,383.3292394207516,0.6666666666666666,0.8432029520348822,0.8097529520348821,0.6666666666666666,0.6666666666666666,medium,medium,80,medium,5,0.7062012611717612,273.38180604284975,0.7978280137074423,0.7643780137074424,-19.507952326687587,-0.045374938327439884,-0.04537493832743966,0.05817675253568122
gamma_medium__noise_medium__T_80__density_medium__seed_005,hybrid,0.8461332986562665,0,1.01,0.99,288.15978660677854,346.2913044096485,0.6666666666666666,0.8028745668296242,0.7694245668296241,0.6666666666666666,0.6666666666666666,medium,medium,80,medium,5,0.7202998252263387,273.38180604284975,0.7978280137074423,0.7643780137074424,-14.777980563928793,-0.00504655312218194,-0.005046553122181718,0.044078188481103675
gamma_medium__noise_medium__T_300__density_sparse__seed_003,pcmci_dag,0.7851855082002679,0,1.0,0.99,929.051301275012,1100.9125946807842,0.3333333333333333,0.7336646901839923,0.6686980235173255,0.3333333333333333,0.3333333333333333,medium,medium,300,sparse,3,0.5474382431742314,581.5141782728879,0.502160391467256,0.4371937248005893,-347.5371230021241,-0.23150429871673628,-0.23150429871673622,-0.11024451837364208
gamma_medium__noise_medium__T_300__density_sparse__seed_003,oracle_hybrid,0.788124206487578,0,1.0,0.99,509.0534490035656,638.0675269412358,0.5,0.4386021857727846,0.3736355191061181,0.5,0.6666666666666666,medium,medium,300,sparse,3,0.422797332830116,581.5141782728879,0.502160391467256,0.4371937248005893,72.46072926932226,0.0635582056944714,0.06355820569447124,0.014396391970473321
gamma_medium__noise_medium__T_300__density_sparse__seed_003,hybrid,0.7866816164106503,0,1.0,0.99,706.3512931632316,828.791919064621,0.5,0.5613348517126653,0.4963681850459986,0.5,0.5,medium,medium,300,sparse,3,0.4258516919028248,581.5141782728879,0.502160391467256,0.4371937248005893,-124.83711489034374,-0.05917446024540929,-0.05917446024540929,0.011342032897764531
gamma_medium__noise_medium__T_300__density_sparse__seed_004,pcmci_dag,0.8078350016765335,0,1.0,0.99,1262.2535458717907,1693.8465906498066,0.3333333333333333,0.8847765214036015,0.9169265214036014,0.3333333333333333,0.3333333333333333,medium,medium,300,sparse,4,0.8680920486965618,484.2464645341174,0.424124458582621,0.3677411252492876,-778.0070813376733,-0.46065206282098053,-0.5491853961543138,-0.5003509234472742
gamma_medium__noise_medium__T_300__density_sparse__seed_004,oracle_hybrid,0.8327050991907151,1,1.0,0.99,434.8944562243323,537.7571688606685,0.6666666666666666,0.3800244875136219,0.3478744875136219,0.6666666666666666,0.6666666666666666,medium,medium,300,sparse,4,0.3730939789129489,484.2464645341174,0.424124458582621,0.3677411252492876,49.352008309785106,0.0440999710689991,0.019866637735665715,-0.005352853663661283
gamma_medium__noise_medium__T_300__density_sparse__seed_004,hybrid,0.8329688439098798,1,1.0,0.99,457.9335876077307,545.682631240888,0.5,0.3956198569553567,0.3598824459186088,0.5,0.5,medium,medium,300,sparse,4,0.3849894069740477,484.2464645341174,0.424124458582621,0.3677411252492876,26.312876926386707,0.028504601627264314,0.007858679330678797,-0.017248281724760117
gamma_weak__noise_high__T_80__density_medium__seed_005,pcmci_dag,0.6704427495019004,0,1.0,0.99,317.21666666666664,379.1532218422169,0.0,0.9422166666666666,0.9238,0.0,0.0,weak,high,80,medium,5,0.9238,306.3612292596629,0.8870609836772156,0.8741443170105492,-10.855437407003762,-0.05515568298945095,-0.04965568298945078,-0.04965568298945078
gamma_weak__noise_high__T_80__density_medium__seed_005,oracle_hybrid,0.7531377120861946,0,1.0,0.99,327.88553163464286,436.970445604488,0.6666666666666666,0.9251629134973436,0.912246246830677,0.6666666666666666,0.6666666666666666,weak,high,80,medium,5,0.8223836674915583,306.3612292596629,0.8870609836772156,0.8741443170105492,-21.524302374979982,-0.038101929820127944,-0.03810192982012783,0.05176064951899084
gamma_weak__noise_high__T_80__density_medium__seed_005,hybrid,0.7515843076076917,1,1.0,0.99,348.28676046802246,413.2543932972482,0.8333333333333334,0.9608824732265308,0.947965806559864,0.8333333333333334,0.8333333333333334,weak,high,80,medium,5,0.8814158042447956,306.3612292596629,0.8870609836772156,0.8741443170105492,-41.92553120835959,-0.07382148954931511,-0.07382148954931478,-0.007271487234246421
gamma_strong__noise_medium__T_80__density_sparse__seed_002,pcmci_dag,0.6898751758233165,0,1.0,0.99,337.6151095045111,398.2848353713482,0.1666666666666666,1.00679524706256,0.9431119137292264,0.1666666666666666,0.1666666666666666,strong,medium,80,sparse,2,0.9431119137292264,155.6683527108424,0.4112906815699559,0.4353073482366226,-181.9467567936687,-0.5955045654926041,-0.5078045654926038,-0.5078045654926038
gamma_strong__noise_medium__T_80__density_sparse__seed_002,oracle_hybrid,0.775607495186321,1,1.0,0.99,161.92312557751853,234.90959754352937,0.8333333333333334,0.4347745207357687,0.4984578540691021,0.8333333333333334,0.8333333333333334,strong,medium,80,sparse,2,0.4183545753173528,155.6683527108424,0.4112906815699559,0.4353073482366226,-6.25477286667612,-0.023483839165812814,-0.0631505058324795,0.016952772919269776
gamma_strong__noise_medium__T_80__density_sparse__seed_002,hybrid,0.7764888677927212,0,1.0,0.99,153.9561129653919,225.3181472722333,0.8333333333333334,0.4266386281621662,0.4903219614954994,0.8333333333333334,0.8333333333333334,strong,medium,80,sparse,2,0.3971419244907687,155.6683527108424,0.4112906815699559,0.4353073482366226,1.7122397454505176,-0.015347946592210282,-0.0550146132588768,0.03816542374585391
gamma_medium__noise_medium__T_156__density_sparse__seed_005,pcmci_dag,0.7222092552372595,1,1.01,0.99,581.31266309372,968.3336795809088,0.8333333333333334,0.7234186613745086,0.7028019947078419,0.8333333333333334,0.8333333333333334,medium,medium,156,sparse,5,0.3595472646094704,313.6742265466256,0.471041715171769,0.4153583818384356,-267.63843654709433,-0.2523769462027396,-0.2874436128694063,0.0558111172289652
gamma_medium__noise_medium__T_156__density_sparse__seed_005,oracle_hybrid,0.7296815169691204,1,1.0,0.99,274.8649966727552,379.4195050680783,0.5,0.4046467006432817,0.3840300339766149,0.5,0.6666666666666666,medium,medium,156,sparse,5,0.4000933703148706,313.6742265466256,0.471041715171769,0.4153583818384356,38.809229873870436,0.06639501452848734,0.031328347861820705,0.01526501152356502
gamma_medium__noise_medium__T_156__density_sparse__seed_005,hybrid,0.732094349711933,0,1.0,0.99,623.6510253548998,826.3971193746379,0.5,0.7958321592067835,0.7752154925401166,0.5,0.6666666666666666,medium,medium,156,sparse,5,0.4426522500582291,313.6742265466256,0.471041715171769,0.4153583818384356,-309.9767988082742,-0.3247904440350145,-0.35985711070168097,-0.027293868219793516
gamma_medium__noise_medium__T_300__density_medium__seed_004,pcmci_dag,0.8140107919162518,0,1.0,0.99,1729.5055256191563,2135.993832409388,0.0,1.280134054239351,1.1921507209060174,0.0,0.1666666666666666,medium,medium,300,medium,4,1.2316950093574006,589.049037365021,0.4868888626765848,0.4066055293432515,-1140.4564882541354,-0.7932451915627661,-0.7855451915627658,-0.8250894800141491
gamma_medium__noise_medium__T_300__density_medium__seed_004,oracle_hybrid,0.8337044906639447,2,1.01,0.99,538.8763344541844,596.2250098635511,0.8333333333333334,0.4273292002902868,0.3698125336236202,0.8333333333333334,1.0,medium,medium,300,medium,4,0.408684156771354,589.049037365021,0.4868888626765848,0.4066055293432515,50.17270291083662,0.05955966238629801,0.036792995719631294,-0.0020786274281024975
gamma_medium__noise_medium__T_300__density_medium__seed_004,hybrid,0.8333846169419881,3,1.0,0.99,537.7053110707056,595.5470806902218,0.6666666666666666,0.437715199789692,0.3801985331230253,0.6666666666666666,1.0,medium,medium,300,medium,4,0.3982878494193896,589.049037365021,0.4868888626765848,0.4066055293432515,51.34372629431539,0.049173662886892844,0.026406996220226187,0.008317679923861898
gamma_medium__noise_low__T_156__density_sparse__seed_003,pcmci_dag,0.7882135948181325,0,1.0,0.99,781.2596919371799,954.8161396982196,0.3333333333333333,1.4839267606345012,1.3877100939678346,0.3333333333333333,0.3333333333333333,medium,low,156,sparse,3,1.4670093573476892,264.64834309680083,0.4157676906594333,0.3195510239927666,-516.6113488403792,-1.068159069975068,-1.068159069975068,-1.1474583333549226
gamma_medium__noise_low__T_156__density_sparse__seed_003,oracle_hybrid,0.8797021411807077,0,1.01,0.99,208.65727586529127,270.6685329505928,0.6666666666666666,0.3216301078951304,0.2270857747536395,0.6666666666666666,0.6666666666666666,medium,low,156,sparse,3,0.2995420818172009,264.64834309680083,0.4157676906594333,0.3195510239927666,55.99106723150956,0.0941375827643029,0.09246524923912708,0.020008942175565703
gamma_medium__noise_low__T_156__density_sparse__seed_003,hybrid,0.8782823485732691,2,1.01,0.99,246.55546426529335,301.16083089389286,0.8333333333333334,0.3977600129583792,0.3015433462917125,0.8333333333333334,0.8333333333333334,medium,low,156,sparse,3,0.4073563766197477,264.64834309680083,0.4157676906594333,0.3195510239927666,18.092878831507477,0.018007677701054103,0.018007677701054103,-0.08780535262698114
gamma_medium__noise_medium__T_156__density_dense__seed_004,pcmci_dag,0.7801552554774275,0,1.01,0.99,565.0143978079535,725.9481143651968,0.3333333333333333,0.7195451480354896,0.7336618147021562,0.3333333333333333,0.1666666666666666,medium,medium,156,dense,4,0.6691613415006531,155.10580520973463,0.1998600610019386,0.2139767276686053,-409.9085925982189,-0.519685087033551,-0.5196850870335509,-0.4551846138320478
gamma_medium__noise_medium__T_156__density_dense__seed_004,oracle_hybrid,0.801297102487938,0,1.0,0.99,233.7200858779537,267.8025303608759,0.8333333333333334,0.3034224746823732,0.4002391413490399,0.8333333333333334,0.8333333333333334,medium,medium,156,dense,4,0.2744326664213158,155.10580520973463,0.1998600610019386,0.2139767276686053,-78.61428066821907,-0.10356241368043462,-0.18626241368043459,-0.06045593875271052
gamma_medium__noise_medium__T_156__density_dense__seed_004,hybrid,0.7998507528292202,1,1.0,0.99,172.73785595850643,216.25079237046967,1.0,0.2302267305066767,0.3216499709178213,1.0,1.0,medium,medium,156,dense,4,0.2203374331966463,155.10580520973463,0.1998600610019386,0.2139767276686053,-17.632050748771803,-0.030366669504738097,-0.10767324324921604,-0.006360705528041022
gamma_medium__noise_medium__T_156__density_dense__seed_005,pcmci_dag,0.7242675718970295,1,1.0,0.99,793.4675761715935,1258.9845902874497,0.3333333333333333,0.9651487986708884,0.8848821320042218,0.3333333333333333,0.3333333333333333,medium,medium,156,dense,5,0.4638895164681008,260.028076668918,0.4033199606964219,0.3230532940297553,-533.4394995026755,-0.5618288379744665,-0.5618288379744665,-0.14083622243834548
gamma_medium__noise_medium__T_156__density_dense__seed_005,oracle_hybrid,0.7320958654671156,0,1.0,0.99,322.22456639658776,409.9968418047421,0.8333333333333334,0.4488272688547712,0.3988606021881045,0.8333333333333334,0.6666666666666666,medium,medium,156,dense,5,0.3812518870071911,260.028076668918,0.4033199606964219,0.3230532940297553,-62.19648972766976,-0.0455073081583493,-0.07580730815834918,-0.05819859297743579
gamma_medium__noise_medium__T_156__density_dense__seed_005,hybrid,0.7324343311761216,1,1.0,0.99,574.1257806718334,812.3667571065286,0.8333333333333334,0.7136394729335351,0.6333728062668685,0.8333333333333334,0.8333333333333334,medium,medium,156,dense,5,0.2980576280776628,260.028076668918,0.4033199606964219,0.3230532940297553,-314.09770400291535,-0.31031951223711324,-0.31031951223711324,0.024995665952092516
gamma_medium__noise_high__T_80__density_dense__seed_003,pcmci_dag,0.4297340035260438,0,1.0,0.99,392.34833333333336,436.79359662202006,0.0,1.4451166666666666,1.2533333333333334,0.0,0.0,medium,high,80,dense,3,1.2533333333333334,234.56276997572627,0.757862076948754,0.7211475425150456,-157.7855633576071,-0.6872545897179126,-0.5321857908182878,-0.5321857908182878
gamma_medium__noise_high__T_80__density_dense__seed_003,oracle_hybrid,0.7010726713927687,0,1.0,0.99,270.35953047782044,348.8096011440624,1.0,0.7834080497509589,0.7990247164176255,1.0,1.0,medium,high,80,dense,3,0.8093123846192004,234.56276997572627,0.757862076948754,0.7211475425150456,-35.79676050209417,-0.02554597280220494,-0.07787717390257987,-0.08816484210415476
gamma_medium__noise_high__T_80__density_dense__seed_003,hybrid,0.6987022043617348,0,1.0,0.99,339.93488831006806,407.4646894518058,0.8333333333333334,0.9991956344610474,0.993645856202993,0.8333333333333334,0.8333333333333334,medium,high,80,dense,3,0.8182777775708502,234.56276997572627,0.757862076948754,0.7211475425150456,-105.37211833434179,-0.24133355751229346,-0.2724983136879473,-0.09713023505580454
gamma_medium__noise_high__T_80__density_medium__seed_004,pcmci_dag,0.6327663173511245,0,1.0,0.99,386.06831113586486,582.6407839050094,0.5,1.0444433955175942,1.0107767288509275,0.5,0.5,medium,high,80,medium,4,0.9984866056543088,236.59129638251764,0.6782430997584364,0.6445764330917698,-149.47701475334722,-0.3662002957591578,-0.3662002957591577,-0.353910172562539
gamma_medium__noise_high__T_80__density_medium__seed_004,oracle_hybrid,0.632957539251573,0,1.0,0.99,260.6308376789821,320.47927480529825,1.0,0.7307242209340998,0.6970575542674332,1.0,1.0,medium,high,80,medium,4,0.6115611742720443,236.59129638251764,0.6782430997584364,0.6445764330917698,-24.039541296464478,-0.05248112117566339,-0.05248112117566339,0.03301525881972556
gamma_medium__noise_high__T_80__density_medium__seed_004,hybrid,0.6347165031295268,4,1.0,0.99,263.8443380516104,309.0254565889136,0.8333333333333334,0.7583468466035505,0.7246801799368838,0.8333333333333334,0.8333333333333334,medium,high,80,medium,4,0.6323786095959246,236.59129638251764,0.6782430997584364,0.6445764330917698,-27.253041669092767,-0.08010374684511401,-0.08010374684511401,0.012197823495845195
gamma_weak__noise_high__T_80__density_sparse__seed_004,pcmci_dag,0.6149983096778269,0,1.0,0.99,308.39484290183026,392.55304260500384,0.3333333333333333,0.8862782184208321,0.8786448850874988,0.3333333333333333,0.3333333333333333,weak,high,80,sparse,4,0.8786448850874988,262.83617353413075,0.7384681947437194,0.7352348614103859,-45.55866936769951,-0.1478100236771127,-0.14341002367711297,-0.14341002367711297
gamma_weak__noise_high__T_80__density_sparse__seed_004,oracle_hybrid,0.6283738742533977,0,1.0,0.99,257.6172679363952,305.1841652765547,0.8333333333333334,0.730156605860406,0.7269232725270727,0.8333333333333334,0.8333333333333334,weak,high,80,sparse,4,0.7210192344586547,262.83617353413075,0.7384681947437194,0.7352348614103859,5.2189055977355565,0.008311588883313403,0.008311588883313181,0.014215626951731175
gamma_weak__noise_high__T_80__density_sparse__seed_004,hybrid,0.6261587987360303,0,1.01,0.99,241.99994774604895,293.1895279944323,0.8333333333333334,0.680194859618822,0.6769615262854886,0.8333333333333334,0.8333333333333334,weak,high,80,sparse,4,0.6769615262854888,262.83617353413075,0.7384681947437194,0.7352348614103859,20.836225788081805,0.05827333512489741,0.058273335124897296,0.058273335124897074
gamma_medium__noise_low__T_156__density_sparse__seed_004,pcmci_dag,0.8428361182192655,0,1.01,0.99,392.6202623384913,468.94959538071095,0.3333333333333333,0.5575410422294936,0.5725577088961604,0.3333333333333333,0.3333333333333333,medium,low,156,sparse,4,0.5496829455375657,211.3951052081352,0.2555362301794468,0.2709055389770676,-181.22515713035608,-0.3020048120500468,-0.3016521699190928,-0.2787774065604981
gamma_medium__noise_low__T_156__density_sparse__seed_004,oracle_hybrid,0.8775449842969609,1,1.01,0.99,260.49465471737955,323.1490478607949,0.8333333333333334,0.3241773547429574,0.358894021409624,0.8333333333333334,0.8333333333333334,medium,low,156,sparse,4,0.3137288058780523,211.3951052081352,0.2555362301794468,0.2709055389770676,-49.099549509244355,-0.06864112456351057,-0.08798848243255641,-0.0428232669009847
gamma_medium__noise_low__T_156__density_sparse__seed_004,hybrid,0.8773378034930914,3,1.01,0.99,292.1754176294117,361.1916343890909,0.6666666666666666,0.3618618062149251,0.3965784728815918,0.6666666666666666,0.6666666666666666,medium,low,156,sparse,4,0.348051031648463,211.3951052081352,0.2555362301794468,0.2709055389770676,-80.7803124212765,-0.10632557603547826,-0.12567293390452422,-0.07714549267139542
gamma_medium__noise_high__T_80__density_sparse__seed_005,pcmci_dag,0.7277621926711163,0,1.01,0.99,345.5782350132652,424.5702006227205,0.3333333333333333,1.0004810137157938,0.9646810137157938,0.3333333333333333,0.3333333333333333,medium,high,80,sparse,5,0.7079161121989633,296.667484788878,0.8526588769403225,0.8356588769403225,-48.910750224387186,-0.1478221367754713,-0.12902213677547136,0.12774276474135915
gamma_medium__noise_high__T_80__density_sparse__seed_005,oracle_hybrid,0.7546972669729726,0,1.0,0.99,310.0455104914329,401.9454905838556,0.6666666666666666,0.8884124767248126,0.8714124767248125,0.6666666666666666,0.6666666666666666,medium,high,80,sparse,5,0.8479152187653761,296.667484788878,0.8526588769403225,0.8356588769403225,-13.37802570255485,-0.03575359978449011,-0.03575359978449,-0.01225634182505364
gamma_medium__noise_high__T_80__density_sparse__seed_005,hybrid,0.7522517367678656,0,1.0,0.99,336.85466115135955,419.1608695264933,0.6666666666666666,0.935458291968111,0.9184582919681108,0.6666666666666666,0.6666666666666666,medium,high,80,sparse,5,0.8784637853945735,296.667484788878,0.8526588769403225,0.8356588769403225,-40.18717636248152,-0.08279941502778854,-0.08279941502778831,-0.042804908454251
gamma_medium__noise_high__T_300__density_sparse__seed_005,pcmci_dag,0.7015669471215279,0,1.0,0.99,813.9023609481743,1110.8494928293808,0.5,0.5890424683133024,0.5394091349799691,0.5,0.6666666666666666,medium,high,300,sparse,5,0.5313947613409608,740.4046045182228,0.5300068345759527,0.4998420720412286,-73.49775642995155,-0.05903563373734977,-0.039567062938740516,-0.03155268929973215
gamma_medium__noise_high__T_300__density_sparse__seed_005,oracle_hybrid,0.7054945377442865,1,1.0,0.99,785.0729101921582,904.6454306621592,0.6666666666666666,0.5691244445464427,0.554057777879776,0.6666666666666666,0.6666666666666666,medium,high,300,sparse,5,0.5361159646593405,740.4046045182228,0.5300068345759527,0.4998420720412286,-44.66830567393549,-0.039117609970490075,-0.054215705838547346,-0.036273892618111925
gamma_medium__noise_high__T_300__density_sparse__seed_005,hybrid,0.7042892343856826,4,1.0,0.99,1157.7484331258918,1394.8555770424607,0.6666666666666666,0.803568079209568,0.7885014125429012,0.6666666666666666,0.8333333333333334,medium,high,300,sparse,5,0.5786805966798255,740.4046045182228,0.5300068345759527,0.4998420720412286,-417.343828607669,-0.2735612446336153,-0.2886593405016726,-0.07883852463859692
gamma_strong__noise_medium__T_80__density_sparse__seed_005,pcmci_dag,0.8235980299629967,0,1.0,0.99,320.20860100039283,399.52432588022447,0.1666666666666666,0.9054598591714637,0.8788931925047968,0.1666666666666666,0.1666666666666666,strong,medium,80,sparse,5,0.8475751350652895,272.20751630918124,0.7902187312617204,0.7636520645950536,-48.00108469121159,-0.11524112790974328,-0.11524112790974317,-0.08392307047023584
gamma_strong__noise_medium__T_80__density_sparse__seed_005,oracle_hybrid,0.8434874789827301,0,1.0,0.99,299.4939591009559,384.3267707881142,0.6666666666666666,0.8556817111631011,0.8291150444964345,0.6666666666666666,0.6666666666666666,strong,medium,80,sparse,5,0.7965516937707009,272.20751630918124,0.7902187312617204,0.7636520645950536,-27.286442791774675,-0.06546297990138072,-0.06546297990138084,-0.03289962917564726
gamma_strong__noise_medium__T_80__density_sparse__seed_005,hybrid,0.842786543659822,0,1.0,0.99,291.78625767048834,376.5858379643668,0.6666666666666666,0.8412558904531805,0.8146892237865139,0.6666666666666666,0.6666666666666666,strong,medium,80,sparse,5,0.7825427109349831,272.20751630918124,0.7902187312617204,0.7636520645950536,-19.578741361307095,-0.051037159191460124,-0.051037159191460235,-0.01889064633992943
gamma_medium__noise_high__T_300__density_sparse__seed_001,pcmci_dag,0.7006428646876641,0,1.0,0.99,983.4877402463452,1441.143939010543,0.6666666666666666,0.6451554033098997,0.6600348301591196,0.6666666666666666,0.6666666666666666,medium,high,300,sparse,1,0.5803592841685887,572.7707126582571,0.4152009025794794,0.4120196957727784,-410.71702758808806,-0.22995450073042034,-0.24801513438634115,-0.1683395883958103
gamma_medium__noise_high__T_300__density_sparse__seed_001,oracle_hybrid,0.7047750912693107,3,1.0,0.99,581.0531987401733,721.1757010716519,0.6666666666666666,0.4216813288730638,0.4612146622063973,0.6666666666666666,0.5,medium,high,300,sparse,1,0.4027030548867642,572.7707126582571,0.4152009025794794,0.4120196957727784,-8.282486081916204,-0.006480426293584418,-0.04919496643361887,0.009316640886014194
gamma_medium__noise_high__T_300__density_sparse__seed_001,hybrid,0.7048182167964919,1,1.0,0.99,638.7181997727447,758.5672822166009,0.6666666666666666,0.452155860967141,0.4916891943004744,0.6666666666666666,0.5,medium,high,300,sparse,1,0.3854070698216708,572.7707126582571,0.4152009025794794,0.4120196957727784,-65.94748711448756,-0.03695495838766161,-0.079669498527696,0.026612625951107638
gamma_strong__noise_low__T_156__density_dense__seed_002,pcmci_dag,0.7525906545736526,0,1.01,0.99,826.8497383473459,929.7435185431898,0.1666666666666666,1.2967236789002654,1.082709654433068,0.1666666666666666,0.1666666666666666,strong,low,156,dense,2,1.0447489264914296,499.7080323788916,0.7875826929204536,0.4272826929204536,-327.14170596845435,-0.5091409859798118,-0.6554269615126145,-0.617466233570976
gamma_strong__noise_low__T_156__density_dense__seed_002,oracle_hybrid,0.8266358010400652,3,1.01,0.99,365.33665731768906,430.3084162803733,1.0,0.5225592726716285,0.5596925270246843,1.0,0.6666666666666666,strong,low,156,dense,2,0.4722540384100191,499.7080323788916,0.7875826929204536,0.4272826929204536,134.3713750612025,0.2650234202488251,-0.13240983410423068,-0.044971345489565495
gamma_strong__noise_low__T_156__density_dense__seed_002,hybrid,0.8267488050693534,7,1.01,0.99,401.6803028782994,451.2291478376844,0.6666666666666666,0.6430407451496803,0.5327141990763155,0.6666666666666666,0.8333333333333334,strong,low,156,dense,2,0.5054735871903584,499.7080323788916,0.7875826929204536,0.4272826929204536,98.02772950059216,0.14454194777077323,-0.10543150615586183,-0.07819089426990478
gamma_weak__noise_medium__T_80__density_medium__seed_005,pcmci_dag,0.7384950133605226,0,1.0,0.99,317.21666666666664,379.1532218422169,0.0,0.9422166666666666,0.9238,0.0,0.0,weak,medium,80,medium,5,0.9238,274.5039230102701,0.8041652913813464,0.7912486247146798,-42.712743656396526,-0.1380513752853202,-0.13255137528532013,-0.13255137528532013
gamma_weak__noise_medium__T_80__density_medium__seed_005,oracle_hybrid,0.8450061221825376,0,1.0,0.99,291.89161391862586,379.0810322530494,0.6666666666666666,0.8392182172029324,0.8263015505362659,0.6666666666666666,0.6666666666666666,weak,medium,80,medium,5,0.7536236033340066,274.5039230102701,0.8041652913813464,0.7912486247146798,-17.38769090835575,-0.035052925821586034,-0.035052925821586034,0.03762502138067325
gamma_weak__noise_medium__T_80__density_medium__seed_005,hybrid,0.8436520206140377,0,1.0,0.99,326.9797795938836,381.13392332923695,0.8333333333333334,0.9140561284264218,0.9011394617597552,0.8333333333333334,0.8333333333333334,weak,medium,80,medium,5,0.8202585381310477,274.5039230102701,0.8041652913813464,0.7912486247146798,-52.475856583613506,-0.1098908370450754,-0.1098908370450754,-0.029009913416367827
gamma_strong__noise_high__T_156__density_dense__seed_001,pcmci_dag,0.4738598044382957,0,1.0,0.99,862.4200000000001,910.3764764462376,0.0,1.228,0.9689666666666668,0.0,0.0,strong,high,156,dense,1,0.9689666666666668,382.4688213162987,0.5740583575106603,0.41595835751066,-479.95117868370136,-0.6539416424893397,-0.5530083091560067,-0.5530083091560067
gamma_strong__noise_high__T_156__density_dense__seed_001,oracle_hybrid,0.7405376211753075,1,1.0,0.99,453.5053208141233,559.9566700943569,0.8333333333333334,0.6443106795682104,0.7297318796620225,0.8333333333333334,0.5,strong,high,156,dense,1,0.472169960111316,382.4688213162987,0.5740583575106603,0.41595835751066,-71.0364994978246,-0.07025232205755017,-0.31377352215136245,-0.056211602600656
gamma_strong__noise_high__T_156__density_dense__seed_001,hybrid,0.7402699353854221,0,1.0,0.99,703.3608287695724,955.3413089525964,0.6666666666666666,0.9942018338993692,1.1271076681903855,0.6666666666666666,0.5,strong,high,156,dense,1,0.5948518478096398,382.4688213162987,0.5740583575106603,0.41595835751066,-320.8920074532737,-0.42014347638870897,-0.7111493106797255,-0.17889349029897983
gamma_medium__noise_medium__T_300__density_medium__seed_002,pcmci_dag,0.7944428392189952,0,1.01,0.99,2567.6004249674493,4112.824395860583,0.1666666666666666,1.6966364148223068,1.6594530814889732,0.1666666666666666,0.1666666666666666,medium,medium,300,medium,2,1.652780930950277,1384.109980867257,0.9414853853785452,0.8780020520452118,-1183.4904441001922,-0.7551510294437616,-0.7814510294437614,-0.7747788789050652
gamma_medium__noise_medium__T_300__density_medium__seed_002,oracle_hybrid,0.8164277877757559,4,1.0,0.99,1290.8212216839256,1836.2724436196108,0.5,0.8537919320052495,0.816608598671916,0.5,0.6666666666666666,medium,medium,300,medium,2,0.8189086457070793,1384.109980867257,0.9414853853785452,0.8780020520452118,93.28875918333142,0.0876934533732957,0.061393453373295714,0.059093406338132426
gamma_medium__noise_medium__T_300__density_medium__seed_002,hybrid,0.8164908470355466,4,1.01,0.99,1309.7413567951185,1878.647127927624,0.6666666666666666,0.8704990565253773,0.8333157231920442,0.6666666666666666,0.6666666666666666,medium,medium,300,medium,2,0.8306376931258402,1384.109980867257,0.9414853853785452,0.8780020520452118,74.36862407213857,0.07098632885316791,0.04468632885316759,0.04736435891937152
gamma_medium__noise_low__T_80__density_dense__seed_002,pcmci_dag,0.7570328481911546,0,1.0,0.99,351.79405560331,392.9395958425053,0.0,1.0394484849210222,0.975548484921022,0.0,0.0,medium,low,80,dense,2,0.9204572178634858,148.0371746735131,0.3744669658930861,0.4225336325597528,-203.75688092979692,-0.664981519027936,-0.5530148523612692,-0.497923585303733
gamma_medium__noise_low__T_80__density_dense__seed_002,oracle_hybrid,0.8485102572938223,4,1.0,0.99,188.33107614217212,270.5650582927044,0.8333333333333334,0.483253883344761,0.5734368748331926,0.8333333333333334,0.6666666666666666,medium,low,80,dense,2,0.3749446588377683,148.0371746735131,0.3744669658930861,0.4225336325597528,-40.293901468659016,-0.1087869174516749,-0.15090324227343982,0.04758897372198451
gamma_medium__noise_low__T_80__density_dense__seed_002,hybrid,0.8483133985258555,0,1.0,0.99,187.50346707791695,259.5881608353475,0.8333333333333334,0.4846494762220982,0.555261389870643,0.8333333333333334,0.6666666666666666,medium,low,80,dense,2,0.4109104743414661,148.0371746735131,0.3744669658930861,0.4225336325597528,-39.466292404403845,-0.1101825103290121,-0.1327277573108902,0.011623158218286689
gamma_medium__noise_high__T_300__density_dense__seed_004,pcmci_dag,0.7063107602255829,0,1.01,0.99,1349.8128865244023,1651.3793675090903,0.1666666666666666,0.9457914313096064,0.9650414313096066,0.1666666666666666,0.1666666666666666,medium,high,300,dense,4,0.9095847146284248,676.5386712269714,0.580964618402915,0.4854967064473556,-673.2742152974309,-0.3648268129066914,-0.479544724862251,-0.42408800818106923
gamma_medium__noise_high__T_300__density_dense__seed_004,oracle_hybrid,0.7259182405084174,1,1.0,0.99,772.2452840094093,813.4374696959559,0.8333333333333334,0.6097724417532456,0.5320224417532455,0.8333333333333334,1.0,medium,high,300,dense,4,0.5432705452640653,676.5386712269714,0.580964618402915,0.4854967064473556,-95.7066127824379,-0.028807823350330608,-0.04652573530588994,-0.057773838816709666
gamma_medium__noise_high__T_300__density_dense__seed_004,hybrid,0.7260873235786848,1,1.0,0.99,708.2614213479166,747.5786383368734,0.8333333333333334,0.5776366006958796,0.4998866006958797,0.8333333333333334,1.0,medium,high,300,dense,4,0.4809848908429234,676.5386712269714,0.580964618402915,0.4854967064473556,-31.722750120945193,0.003328017707035391,-0.014389894248524104,0.004511815604432201
gamma_medium__noise_high__T_300__density_dense__seed_003,pcmci_dag,0.6670752109046991,0,1.0,0.99,1260.994421739464,1413.1173732931898,0.3333333333333333,0.9666479802915476,0.8529979802915476,0.3333333333333333,0.5,medium,high,300,dense,3,0.6884208655932028,660.5771580309023,0.5769605731008279,0.4633105731008278,-600.4172637085618,-0.3896874071907197,-0.3896874071907198,-0.22511029249237502
gamma_medium__noise_high__T_300__density_dense__seed_003,oracle_hybrid,0.6679141036896267,0,1.0,0.99,690.3682863983871,856.3309776156885,0.8333333333333334,0.5559784993233102,0.4423284993233101,0.8333333333333334,0.6666666666666666,medium,high,300,dense,3,0.4548142890648517,660.5771580309023,0.5769605731008279,0.4633105731008278,-29.791128367484816,0.020982073777517707,0.020982073777517707,0.008496284035976076
gamma_medium__noise_high__T_300__density_dense__seed_003,hybrid,0.6680553883697261,0,1.0,0.99,875.2571234359579,993.2800430555076,0.6666666666666666,0.7038818408943599,0.59023184089436,0.6666666666666666,0.8333333333333334,medium,high,300,dense,3,0.4429672063472463,660.5771580309023,0.5769605731008279,0.4633105731008278,-214.67996540505555,-0.12692126779353197,-0.1269212677935322,0.020343366753581504
gamma_weak__noise_low__T_300__density_sparse__seed_005,pcmci_dag,0.88606498482485,0,1.0,0.99,1630.445079552467,2054.588056719396,0.1666666666666666,1.0607125045049728,1.0447291711716395,0.1666666666666666,0.1666666666666666,weak,low,300,sparse,5,0.9848702535790914,479.6580665796416,0.353175975425786,0.3466926420924526,-1150.7870129728253,-0.7075365290791868,-0.698036529079187,-0.6381776114866389
gamma_weak__noise_low__T_300__density_sparse__seed_005,oracle_hybrid,0.8916021229995863,1,1.01,0.99,488.5337839017231,539.3129766947914,0.6666666666666666,0.3634071041903949,0.3569237708570615,0.6666666666666666,0.6666666666666666,weak,low,300,sparse,5,0.3453764757802469,479.6580665796416,0.353175975425786,0.3466926420924526,-8.87571732208147,-0.01023112876460891,-0.01023112876460891,0.0013161663122057132
gamma_weak__noise_low__T_300__density_sparse__seed_005,hybrid,0.8920101868134293,1,1.01,0.99,732.9363286227541,1019.8237941812768,0.6666666666666666,0.5008570407225706,0.4943737073892373,0.6666666666666666,0.6666666666666666,weak,low,300,sparse,5,0.449642963477409,479.6580665796416,0.353175975425786,0.3466926420924526,-253.27826204311248,-0.14768106529678465,-0.1476810652967847,-0.10295032138495641
gamma_weak__noise_high__T_300__density_sparse__seed_004,pcmci_dag,0.7083411260146543,0,1.01,0.99,1277.5102052738496,1740.668606264492,0.3333333333333333,0.8992902514739659,0.911440251473966,0.3333333333333333,0.3333333333333333,weak,high,300,sparse,4,0.9114402514739656,697.2538684559303,0.5723959604478831,0.5602459604478831,-580.2563368179193,-0.3268942910260828,-0.3511942910260829,-0.35119429102608246
gamma_weak__noise_high__T_300__density_sparse__seed_004,oracle_hybrid,0.7238674942195541,1,1.0,0.99,684.3927035654109,772.0724261717722,0.6666666666666666,0.5656763136089106,0.5535263136089106,0.6666666666666666,0.6666666666666666,weak,high,300,sparse,4,0.5658791228621515,697.2538684559303,0.5723959604478831,0.5602459604478831,12.861164890519376,0.006719646838972526,0.006719646838972526,-0.005633162414268367
gamma_weak__noise_high__T_300__density_sparse__seed_004,hybrid,0.7257339776341325,0,1.0,0.99,722.3396496037958,793.4829095960736,0.6666666666666666,0.5843248615698671,0.572174861569867,0.6666666666666666,0.8333333333333334,weak,high,300,sparse,4,0.5721748615698671,697.2538684559303,0.5723959604478831,0.5602459604478831,-25.085781147865532,-0.01192890112198397,-0.01192890112198386,-0.01192890112198397
gamma_medium__noise_low__T_156__density_sparse__seed_001,pcmci_dag,0.8261867664505638,0,1.01,0.99,424.66777635697855,519.9194857213821,0.6666666666666666,0.6222791761570823,0.6442458428237489,0.6666666666666666,0.6666666666666666,medium,low,156,sparse,1,0.3872375702550153,245.2810402739094,0.3609409832256727,0.338974316559006,-179.38673608306914,-0.2613381929314096,-0.30527152626474285,-0.04826325369600931
gamma_medium__noise_low__T_156__density_sparse__seed_001,oracle_hybrid,0.8895342433419826,5,1.0,0.99,250.8971260375141,275.6401663592415,0.6666666666666666,0.3637351754994894,0.3417685088328229,0.6666666666666666,0.5,medium,low,156,sparse,1,0.3467041800244597,245.2810402739094,0.3609409832256727,0.338974316559006,-5.616085763604701,-0.00279419227381672,-0.0027941922738168867,-0.007729863465453679
gamma_medium__noise_low__T_156__density_sparse__seed_001,hybrid,0.8904021277785724,5,1.0,0.99,476.9792195123173,713.3515042638373,0.5,0.6884759138596679,0.6665092471930013,0.5,0.5,medium,low,156,sparse,1,0.4165323508782064,245.2810402739094,0.3609409832256727,0.338974316559006,-231.69817923840787,-0.3275349306339952,-0.3275349306339953,-0.07755803431920039
gamma_strong__noise_high__T_80__density_sparse__seed_002,pcmci_dag,0.584746127841949,0,1.0,0.99,330.45366142108963,387.3608657135656,0.1666666666666666,0.9826245198482416,0.9189411865149084,0.1666666666666666,0.1666666666666666,strong,high,80,sparse,2,0.9189411865149084,167.89665547379954,0.4439498284936516,0.4679664951603182,-162.5570059472901,-0.53867469135459,-0.45097469135459023,-0.45097469135459023
gamma_strong__noise_high__T_80__density_sparse__seed_002,oracle_hybrid,0.6705989564935122,1,1.0,0.99,179.3102340874822,263.57800635654803,0.8333333333333334,0.4874431994532202,0.5511265327865534,0.8333333333333334,0.8333333333333334,strong,high,80,sparse,2,0.4696861605806195,167.89665547379954,0.4439498284936516,0.4679664951603182,-11.41357861368266,-0.04349337095956857,-0.08316003762623525,-0.0017196654203013306
gamma_strong__noise_high__T_80__density_sparse__seed_002,hybrid,0.6733518447498543,0,1.0,0.99,193.2168333632412,261.7752648010235,0.8333333333333334,0.536675190172054,0.6003585235053874,0.8333333333333334,0.8333333333333334,strong,high,80,sparse,2,0.5014704043507257,167.89665547379954,0.4439498284936516,0.4679664951603182,-25.320177889441652,-0.0927253616784024,-0.13239202834506925,-0.033503909190407466
gamma_medium__noise_low__T_300__density_sparse__seed_005,pcmci_dag,0.8893846618354674,0,1.0,0.99,928.5284788413296,1220.74023313962,0.5,0.6365605178458299,0.5869271845124966,0.5,0.6666666666666666,medium,low,300,sparse,5,0.5748489843826904,399.56929680519215,0.3142753436000049,0.2646420102666715,-528.9591820361375,-0.322285174245825,-0.3222851742458251,-0.3102069741160189
gamma_medium__noise_low__T_300__density_sparse__seed_005,oracle_hybrid,0.8920660154586308,1,1.01,0.99,437.3175050271314,499.4771089552197,0.6666666666666666,0.3362228377909682,0.3211561711243015,0.6666666666666666,0.6666666666666666,medium,low,300,sparse,5,0.3050433476965813,399.56929680519215,0.3142753436000049,0.2646420102666715,-37.74820822193925,-0.021947494190963257,-0.05651416085763,-0.04040133742990981
gamma_medium__noise_low__T_300__density_sparse__seed_005,hybrid,0.8918647089482187,3,1.0,0.99,670.7659339966622,966.2247674708364,0.6666666666666666,0.4706985890100979,0.4556319223434311,0.6666666666666666,0.8333333333333334,medium,low,300,sparse,5,0.3968415730036015,399.56929680519215,0.3142753436000049,0.2646420102666715,-271.19663719147,-0.156423245410093,-0.19098991207675958,-0.13219956273693
gamma_medium__noise_medium__T_300__density_sparse__seed_005,pcmci_dag,0.816757402692461,0,1.01,0.99,1633.521911723126,2001.554982343726,0.3333333333333333,1.0706998433584498,1.0210665100251164,0.3333333333333333,0.3333333333333333,medium,medium,300,sparse,5,0.9780497638233756,605.8870601529906,0.4420399551146609,0.4020557288999439,-1027.6348515701357,-0.6286598882437889,-0.6190107811251725,-0.5759940349234317
gamma_medium__noise_medium__T_300__density_sparse__seed_005,oracle_hybrid,0.8223511240654849,1,1.0,0.99,626.2167772960673,700.0040587606743,0.6666666666666666,0.4565910244654155,0.4415243577987488,0.6666666666666666,0.6666666666666666,medium,medium,300,sparse,5,0.4254179792330394,605.8870601529906,0.4420399551146609,0.4020557288999439,-20.329717143076778,-0.01455106935075462,-0.039468628898804925,-0.023362250333095524
gamma_medium__noise_medium__T_300__density_sparse__seed_005,hybrid,0.8218595408790287,0,1.0,0.99,967.251757761586,1200.652549210114,0.6666666666666666,0.6760609860195935,0.6609943193529267,0.6666666666666666,0.6666666666666666,medium,medium,300,sparse,5,0.4699019918812495,605.8870601529906,0.4420399551146609,0.4020557288999439,-361.3646976085954,-0.23402103090493265,-0.25893859045298284,-0.06784626298130558
gamma_weak__noise_medium__T_80__density_dense__seed_003,pcmci_dag,0.6921043224672631,0,1.0,0.99,627.7006381014778,961.8995364586556,0.1666666666666666,1.9093468340532973,1.849330167386631,0.1666666666666666,0.1666666666666666,weak,medium,80,dense,3,1.4728308690346577,261.01592962012006,0.8384575640232766,0.7843075640232767,-366.68470848135775,-1.0708892700300208,-1.0650226033633543,-0.6885233050113809
gamma_weak__noise_medium__T_80__density_dense__seed_003,oracle_hybrid,0.808899296033406,0,1.0,0.99,281.0211753378972,306.24637604632704,1.0,0.8411814883399615,0.7870314883399616,1.0,1.0,weak,medium,80,dense,3,0.8652766533088593,261.01592962012006,0.8384575640232766,0.7843075640232767,-20.005245717777143,-0.002723924316684889,-0.002723924316684889,-0.08096908928558255
gamma_weak__noise_medium__T_80__density_dense__seed_003,hybrid,0.8079966528856745,1,1.0,0.99,350.2258878007685,456.721902543357,1.0,0.9628382300487028,0.9086882300487026,1.0,1.0,weak,medium,80,dense,3,0.8037243115772851,261.01592962012006,0.8384575640232766,0.7843075640232767,-89.20995818064841,-0.12438066602542619,-0.12438066602542586,-0.01941674755400835
gamma_medium__noise_low__T_80__density_sparse__seed_002,pcmci_dag,0.607687238841108,0,1.0,0.99,280.40833333333336,332.35960467040314,0.1666666666666666,0.8138666666666667,0.7818999999999999,0.1666666666666666,0.1666666666666666,medium,low,80,sparse,2,0.7818999999999999,172.60632718138825,0.4417314315559256,0.4566980982225923,-107.80200615194511,-0.37213523511074115,-0.32520190177740765,-0.32520190177740765
gamma_medium__noise_low__T_80__density_sparse__seed_002,oracle_hybrid,0.8477890865503318,4,1.0,0.99,177.58503619796446,259.1617060895001,0.8333333333333334,0.461192280817673,0.4931589474843396,0.8333333333333334,0.8333333333333334,medium,low,80,sparse,2,0.4560215140890029,172.60632718138825,0.4417314315559256,0.4566980982225923,-4.978709016576204,-0.019460849261747404,-0.03646084926174731,0.0006765841335893974
gamma_medium__noise_low__T_80__density_sparse__seed_002,hybrid,0.8480681566580033,1,1.01,0.99,184.33137633564297,258.13224592474853,0.8333333333333334,0.4813337160597992,0.5133003827264658,0.8333333333333334,0.8333333333333334,medium,low,80,sparse,2,0.4636060863990645,172.60632718138825,0.4417314315559256,0.4566980982225923,-11.72504915425472,-0.0396022845038736,-0.05660228450387356,-0.006907988176472202
gamma_weak__noise_low__T_80__density_medium__seed_005,pcmci_dag,0.8843358111591706,0,1.01,0.99,272.209312653885,331.84703621741284,0.1666666666666666,0.7762697316215471,0.7762530649548803,0.1666666666666666,0.1666666666666666,weak,low,80,medium,5,0.7762530649548803,247.6999138992624,0.7331535521846771,0.7202368855180105,-24.509398754622566,-0.04311617943686996,-0.05601617943686987,-0.05601617943686987
gamma_weak__noise_low__T_80__density_medium__seed_005,oracle_hybrid,0.9015864744148226,0,1.0,0.99,252.2283005698403,317.4409476755149,0.6666666666666666,0.7378652510241803,0.7249485843575135,0.6666666666666666,0.6666666666666666,weak,low,80,medium,5,0.6690352908369458,247.6999138992624,0.7331535521846771,0.7202368855180105,-4.5283866705778735,-0.004711698839503176,-0.0047116988395030646,0.051201594681064666
gamma_weak__noise_low__T_80__density_medium__seed_005,hybrid,0.9011065173710988,0,1.0,0.99,304.97791722967844,352.68773580701173,0.6666666666666666,0.8505721313042054,0.8376554646375389,0.6666666666666666,0.6666666666666666,weak,low,80,medium,5,0.7222675255482364,247.6999138992624,0.7331535521846771,0.7202368855180105,-57.27800333041603,-0.11741857911952824,-0.11741857911952847,-0.0020306400302259053
gamma_strong__noise_low__T_300__density_sparse__seed_003,pcmci_dag,0.8681303668148335,0,1.0,0.99,912.4138416372635,1104.3985298313696,0.5,0.729424673905409,0.6044413405720755,0.5,0.5,strong,low,300,sparse,3,0.5800232733012919,690.1361144612162,0.5688596442251289,0.4438763108917956,-222.2777271760474,-0.16056502968028008,-0.16056502968027997,-0.1361469624094963
gamma_strong__noise_low__T_300__density_sparse__seed_003,oracle_hybrid,0.8691570607951731,9,1.0,0.99,486.31911646582057,564.5626332119283,0.5,0.4059749603609939,0.2932262000644748,0.5,0.6666666666666666,strong,low,300,sparse,3,0.3779823730710354,690.1361144612162,0.5688596442251289,0.4438763108917956,203.81699799539558,0.16288468386413502,0.15065011082732077,0.0658939378207602
gamma_strong__noise_low__T_300__density_sparse__seed_003,hybrid,0.8693617384421756,1,1.0,0.99,599.4561616522225,707.362141895361,0.5,0.497381165408466,0.4078458659618189,0.5,0.5,strong,low,300,sparse,3,0.3582933464585191,690.1361144612162,0.5688596442251289,0.4438763108917956,90.67995280899368,0.07147847881666292,0.0360304449299767,0.08558296443327645
gamma_strong__noise_low__T_80__density_sparse__seed_001,pcmci_dag,0.802047813358103,0,1.0,0.99,215.0887080312848,256.0841134013277,0.1666666666666666,0.5499481458566463,0.5609481458566462,0.1666666666666666,0.1666666666666666,strong,low,80,sparse,1,0.5146753041403692,135.33349781083626,0.3357070544401987,0.3352092463143123,-79.75521022044853,-0.2142410914164476,-0.2257388995423339,-0.1794660578260569
gamma_strong__noise_low__T_80__density_sparse__seed_001,oracle_hybrid,0.8447951232809299,1,1.0,0.99,159.0549924489965,187.0148818844345,0.6666666666666666,0.3982745921303937,0.4345745921303936,0.6666666666666666,0.3333333333333333,strong,low,80,sparse,1,0.3678110930174669,135.33349781083626,0.3357070544401987,0.3352092463143123,-23.721494638160237,-0.06256753769019496,-0.09936534581608131,-0.03260184670315458
gamma_strong__noise_low__T_80__density_sparse__seed_001,hybrid,0.8449940955704207,1,1.0,0.99,179.79517329461768,226.7373499983412,0.6666666666666666,0.4535411131826728,0.4898411131826728,0.6666666666666666,0.6666666666666666,strong,low,80,sparse,1,0.3475689083919095,135.33349781083626,0.3357070544401987,0.3352092463143123,-44.46167548378142,-0.1178340587424741,-0.1546318668683605,-0.0123596620775972
gamma_weak__noise_high__T_300__density_dense__seed_004,pcmci_dag,0.7079598859583678,0,1.0,0.99,1315.5614120387947,1722.1220951322082,0.1666666666666666,0.9281969974293912,0.9411969974293912,0.1666666666666666,0.1666666666666666,weak,high,300,dense,4,0.9411969974293912,610.7271753500105,0.5255062657702849,0.4914395991036183,-704.8342366887842,-0.4026907316591063,-0.44975739832577294,-0.44975739832577294
gamma_weak__noise_high__T_300__density_dense__seed_004,oracle_hybrid,0.7260712790161526,0,1.0,0.99,578.7074842045748,674.7219771341456,0.8333333333333334,0.4915776596567962,0.4575109929901295,0.8333333333333334,0.8333333333333334,weak,high,300,dense,4,0.4774626360695073,610.7271753500105,0.5255062657702849,0.4914395991036183,32.01969114543567,0.033928606113488746,0.0339286061134888,0.013976963034111
gamma_weak__noise_high__T_300__density_dense__seed_004,hybrid,0.7258657941125933,0,1.0,0.99,623.1584703725572,734.7928760919447,0.8333333333333334,0.5363371839383569,0.5022705172716903,0.8333333333333334,1.0,weak,high,300,dense,4,0.4964992380099617,610.7271753500105,0.5255062657702849,0.4914395991036183,-12.431295022546692,-0.010830918168072023,-0.010830918168071968,-0.005059638906343422
gamma_medium__noise_medium__T_156__density_dense__seed_002,pcmci_dag,0.7119979934498631,0,1.03,0.99,779.0075825169966,926.830583424522,0.1666666666666666,1.232919898564389,1.0882967681022775,0.1666666666666666,0.1666666666666666,medium,medium,156,dense,2,1.1355495475984836,280.6437843902782,0.4872609091691983,0.3542846697805309,-498.36379812671845,-0.7456589893951907,-0.7340120983217466,-0.7812648778179527
gamma_medium__noise_medium__T_156__density_dense__seed_002,oracle_hybrid,0.7455368327752698,1,1.01,0.99,263.1367303841208,291.48426859347063,1.0,0.4235055857834597,0.3314555857834598,1.0,1.0,medium,medium,156,dense,2,0.4063966931315466,280.6437843902782,0.4872609091691983,0.3542846697805309,17.507054006157375,0.06375532338573858,0.02282908399707112,-0.05211202335101567
gamma_medium__noise_medium__T_156__density_dense__seed_002,hybrid,0.7444266757995118,1,1.0,0.99,264.7767873426609,301.76677918135744,0.8333333333333334,0.4570210543680738,0.3352515102019351,0.8333333333333334,1.0,medium,medium,156,dense,2,0.3882115006042255,280.6437843902782,0.4872609091691983,0.3542846697805309,15.866997047617303,0.03023985480112451,0.019033159578595804,-0.033926830823694576
gamma_weak__noise_medium__T_300__density_medium__seed_005,pcmci_dag,0.8176193572418984,0,1.02,0.99,1616.538957506633,2018.8215964789413,0.3333333333333333,1.0554581460769308,1.0514748127435976,0.3333333333333333,0.3333333333333333,weak,medium,300,medium,5,0.9818649553754129,645.3051458209496,0.4689412994127032,0.4517246327460365,-971.2338116856835,-0.5865168466642277,-0.5997501799975611,-0.5301403226293764
gamma_weak__noise_medium__T_300__density_medium__seed_005,oracle_hybrid,0.8230259309128365,2,1.0,0.99,677.5614271707118,766.3254171826679,0.8333333333333334,0.4897173160070136,0.4725006493403469,0.8333333333333334,0.8333333333333334,weak,medium,300,medium,5,0.465408696828412,645.3051458209496,0.4689412994127032,0.4517246327460365,-32.25628134976216,-0.020776016594310442,-0.020776016594310387,-0.013684064082375491
gamma_weak__noise_medium__T_300__density_medium__seed_005,hybrid,0.8228147799762112,0,1.0,0.99,946.9265974883756,1199.812461736965,0.6666666666666666,0.656601566049871,0.6393848993832042,0.6666666666666666,0.6666666666666666,weak,medium,300,medium,5,0.4702651811958145,645.3051458209496,0.4689412994127032,0.4517246327460365,-301.62145166742596,-0.18766026663716778,-0.18766026663716767,-0.018540548449777983
gamma_strong__noise_medium__T_80__density_sparse__seed_003,pcmci_dag,0.5017288765037254,0,1.0,0.99,364.0900000000001,424.5346984248363,0.1666666666666666,1.3592333333333333,1.25005,0.1666666666666666,0.1666666666666666,strong,medium,80,sparse,3,1.25005,360.4216870954672,1.0835488295894466,1.0243988295894466,-3.668312904532911,-0.27568450374388664,-0.2256511704105535,-0.2256511704105535
gamma_strong__noise_medium__T_80__density_sparse__seed_003,oracle_hybrid,0.8081382600991975,0,1.01,0.99,396.92311983394166,486.4100202414015,0.6666666666666666,1.1468792747553784,1.0877292747553786,0.6666666666666666,0.6666666666666666,strong,medium,80,sparse,3,1.0727170817194422,360.4216870954672,1.0835488295894466,1.0243988295894466,-36.50143273847448,-0.06333044516593178,-0.063330445165932,-0.04831825212999563
gamma_strong__noise_medium__T_80__density_sparse__seed_003,hybrid,0.8098118222690595,0,1.0,0.99,374.3196897601284,478.14392375820887,0.8333333333333334,1.044609775573886,0.9854597755738862,0.8333333333333334,0.6666666666666666,strong,medium,80,sparse,3,1.052136464186332,360.4216870954672,1.0835488295894466,1.0243988295894466,-13.898002664661249,0.03893905401556075,0.038939054015560415,-0.027737634596885385
gamma_medium__noise_medium__T_80__density_sparse__seed_004,pcmci_dag,0.753514472585153,0,1.0,0.99,333.4802197654166,478.852519240496,0.5,0.9178450106563992,0.9101450106563994,0.5,0.5,medium,medium,80,sparse,4,0.901460561297692,212.25564203261897,0.60168940327284,0.5939894032728401,-121.22457773279766,-0.3161556073835592,-0.3161556073835593,-0.3074711580248519
gamma_medium__noise_medium__T_80__density_sparse__seed_004,oracle_hybrid,0.7657742120403276,0,1.0,0.99,230.5053865443041,273.45718067778853,0.8333333333333334,0.6417601391975087,0.6340601391975088,0.8333333333333334,0.8333333333333334,medium,medium,80,sparse,4,0.6231079257310405,212.25564203261897,0.60168940327284,0.5939894032728401,-18.249744511685122,-0.0400707359246687,-0.0400707359246687,-0.029118522458200347
gamma_medium__noise_medium__T_80__density_sparse__seed_004,hybrid,0.7672409755107567,0,1.0,0.99,245.26700887061523,289.5900623939414,0.8333333333333334,0.6859786358805238,0.6782786358805238,0.8333333333333334,0.8333333333333334,medium,medium,80,sparse,4,0.6672351723510218,212.25564203261897,0.60168940327284,0.5939894032728401,-33.01136683799626,-0.08428923260768373,-0.08428923260768373,-0.0732457690781817
gamma_weak__noise_low__T_156__density_medium__seed_005,pcmci_dag,0.8117481146267094,0,1.0,0.99,595.5023907531378,942.1448119800132,0.6666666666666666,0.7491791285489109,0.7243624618822442,0.6666666666666666,0.6666666666666666,weak,low,156,medium,5,0.434136998675928,271.72763887930586,0.4144744685636497,0.3905244685636497,-323.7747518738319,-0.33470465998526117,-0.3338379933185945,-0.04361253011227828
gamma_weak__noise_low__T_156__density_medium__seed_005,oracle_hybrid,0.8319911461907094,1,1.01,0.99,268.84693007579585,317.9135945627096,0.5,0.3957250706761849,0.3717750706761849,0.5,0.6666666666666666,weak,low,156,medium,5,0.3801493338969337,271.72763887930586,0.4144744685636497,0.3905244685636497,2.8807088035100037,0.018749397887464825,0.01874939788746477,0.010375134666715968
gamma_weak__noise_low__T_156__density_medium__seed_005,hybrid,0.8315564164187174,0,1.01,0.99,503.2128692590945,675.0646927656522,0.6666666666666666,0.645771988076789,0.621821988076789,0.6666666666666666,0.6666666666666666,weak,low,156,medium,5,0.3713760409664475,271.72763887930586,0.4144744685636497,0.3905244685636497,-231.48523037978862,-0.23129751951313932,-0.23129751951313932,0.0191484275972022
gamma_weak__noise_low__T_300__density_dense__seed_005,pcmci_dag,0.8899885904534576,0,1.0,0.99,609.1167088556984,834.1567740340444,0.5,0.4528972110733888,0.4374509837473634,0.5,0.6666666666666666,weak,low,300,dense,5,0.4727848173159601,413.1193973605568,0.3178297655884113,0.2931130989217447,-195.99731149514167,-0.1350674454849775,-0.1443378848256187,-0.17967171839421542
gamma_weak__noise_low__T_300__density_dense__seed_005,oracle_hybrid,0.8920826322729006,1,1.01,0.99,481.1763626123426,531.0384693448019,0.8333333333333334,0.3605276981471261,0.3358110314804595,0.8333333333333334,0.8333333333333334,weak,low,300,dense,5,0.3342464092791444,413.1193973605568,0.3178297655884113,0.2931130989217447,-68.05696525178581,-0.04269793255871479,-0.04269793255871479,-0.0411333103573997
gamma_weak__noise_low__T_300__density_dense__seed_005,hybrid,0.891797177747586,2,1.01,0.99,395.0440381036096,440.6078775826449,0.8333333333333334,0.2952612840090233,0.2705446173423567,0.8333333333333334,0.8333333333333334,weak,low,300,dense,5,0.3013065043660682,413.1193973605568,0.3178297655884113,0.2931130989217447,18.075359256947195,0.02256848157938801,0.02256848157938801,-0.00819340544432351
gamma_weak__noise_low__T_156__density_medium__seed_004,pcmci_dag,0.8397588185454201,0,1.0,0.99,454.0852458234143,570.0185434989024,0.6666666666666666,0.6103548965467469,0.6093548965467469,0.6666666666666666,0.6666666666666666,weak,low,156,medium,4,0.6132408839155411,227.8924611809413,0.2776843743398502,0.294983984248525,-226.19278464247301,-0.3326705222068967,-0.3143709122982219,-0.3182568996670161
gamma_weak__noise_low__T_156__density_medium__seed_004,oracle_hybrid,0.8752692103033661,6,1.01,0.99,281.4184904725664,355.1196552359704,1.0,0.3490360381675465,0.3667360381675466,1.0,0.8333333333333334,weak,low,156,medium,4,0.3355518886720112,227.8924611809413,0.2776843743398502,0.294983984248525,-53.52602929162512,-0.07135166382769631,-0.07175205391902156,-0.04056790442348618
gamma_weak__noise_low__T_156__density_medium__seed_004,hybrid,0.8758395103005637,7,1.01,0.99,280.23408182319264,362.6710017512367,1.0,0.3437207234402233,0.3614207234402233,1.0,1.0,weak,low,156,medium,4,0.3404215942024676,227.8924611809413,0.2776843743398502,0.294983984248525,-52.34162064225134,-0.06603634910037309,-0.06643673919169829,-0.04543760995394258
gamma_weak__noise_low__T_80__density_medium__seed_002,pcmci_dag,0.6006885613730849,0,1.0,0.99,278.7916666666667,332.5251894468548,0.0,0.8089000000000001,0.7923833333333334,0.0,0.0,weak,low,80,medium,2,0.7923833333333334,213.5975252039376,0.5442576539991569,0.5444743206658235,-65.19414146272908,-0.26464234600084313,-0.24790901266750998,-0.24790901266750998
gamma_weak__noise_low__T_80__density_medium__seed_002,oracle_hybrid,0.8494249598210378,2,1.0,0.99,217.62829370944863,323.99521247342363,0.8333333333333334,0.5498198535650195,0.5545698535650195,0.8333333333333334,0.8333333333333334,weak,low,80,medium,2,0.5029229913099705,213.5975252039376,0.5442576539991569,0.5444743206658235,-4.03076850551102,-0.005562199565862569,-0.010095532899196069,0.04155132935585293
gamma_weak__noise_low__T_80__density_medium__seed_002,hybrid,0.848760732223604,4,1.0,0.99,203.03907226880492,295.814983393826,1.0,0.5165436855656907,0.5285270188990241,1.0,1.0,weak,low,80,medium,2,0.4900027179076336,213.5975252039376,0.5442576539991569,0.5444743206658235,10.558452935132692,0.027713968433466185,0.01594730176679937,0.05447160275818985
gamma_strong__noise_medium__T_156__density_dense__seed_003,pcmci_dag,0.7493766300429783,0,1.0,0.99,1063.4560824875498,1270.5724443742995,0.3333333333333333,1.7667762870966983,1.612342953763365,0.3333333333333333,0.0,strong,medium,156,dense,3,1.4704018621993928,353.89562628371795,0.5543870510298724,0.2810589190566714,-709.5604562038318,-1.212389236066826,-1.3312840347066934,-1.1893429431427214
gamma_strong__noise_medium__T_156__density_dense__seed_003,oracle_hybrid,0.8144557769287417,1,1.01,0.99,179.05135840279226,230.6407535380051,1.0,0.2749830948516001,0.6123306183345785,1.0,0.8333333333333334,strong,medium,156,dense,3,0.1992225853127419,353.89562628371795,0.5543870510298724,0.2810589190566714,174.84426788092568,0.2794039561782723,-0.33127169927790706,0.08183633374392951
gamma_strong__noise_medium__T_156__density_dense__seed_003,hybrid,0.8150214813166718,0,1.0,0.99,179.93171798883267,226.92325248177136,1.0,0.3326457285242983,0.3807626188992509,1.0,1.0,strong,medium,156,dense,3,0.2821230779899111,353.89562628371795,0.5543870510298724,0.2810589190566714,173.96390829488527,0.2217413225055741,-0.09970369984257949,-0.0010641589332396895
gamma_strong__noise_high__T_80__density_dense__seed_001,pcmci_dag,0.6424936937311331,0,1.01,0.99,370.2923048698358,494.1446776129104,0.1666666666666666,0.8736682737132041,0.883084940379871,0.1666666666666666,0.1666666666666666,strong,high,80,dense,1,0.6958223288639179,102.5422820296898,0.2728409734368751,0.2938288899921039,-267.750022840146,-0.600827300276329,-0.5892560503877671,-0.40199343887181405
gamma_strong__noise_high__T_80__density_dense__seed_001,oracle_hybrid,0.6589658645214777,0,1.0,0.99,197.84390415473115,276.9718624701684,0.8333333333333334,0.5046353201602992,0.6007186534936326,0.8333333333333334,0.8333333333333334,strong,high,80,dense,1,0.2633015387491916,102.5422820296898,0.2728409734368751,0.2938288899921039,-95.30162212504135,-0.23179434672342414,-0.30688976350152875,0.030527351242912282
gamma_strong__noise_high__T_80__density_dense__seed_001,hybrid,0.658898593684106,0,1.0,0.99,175.28977790714805,241.9354906241744,0.8333333333333334,0.444887795289679,0.535929374478247,0.8333333333333334,0.8333333333333334,strong,high,80,dense,1,0.2906500163659182,102.5422820296898,0.2728409734368751,0.2938288899921039,-72.74749587745825,-0.1720468218528039,-0.24210048448614307,0.0031788736261856854
gamma_strong__noise_low__T_300__density_sparse__seed_005,pcmci_dag,0.8897753071923301,0,1.0,0.99,837.4087574829888,1126.0644511340208,0.5,0.5492973238220559,0.5236856140275724,0.5,0.6666666666666666,strong,low,300,sparse,5,0.5100453325686002,519.065947359975,0.3953620754415017,0.2953120754415018,-318.3428101230138,-0.15393524838055417,-0.22837353858607062,-0.2147332571270984
gamma_strong__noise_low__T_300__density_sparse__seed_005,oracle_hybrid,0.8912923151903008,0,1.0,0.99,417.8467348133215,469.69850967461406,0.6666666666666666,0.3185546259044557,0.2982046259044558,0.6666666666666666,0.5,strong,low,300,sparse,5,0.2757086485507588,519.065947359975,0.3953620754415017,0.2953120754415018,101.21921254665347,0.07680744953704599,-0.002892550462954002,0.019603426890743014
gamma_strong__noise_low__T_300__density_sparse__seed_005,hybrid,0.8909962214211953,4,1.0,0.99,759.7345899115647,1012.8124866615882,0.6666666666666666,0.5333455119106221,0.5129955119106221,0.6666666666666666,0.8333333333333334,strong,low,300,sparse,5,0.336325786539234,519.065947359975,0.3953620754415017,0.2953120754415018,-240.66864255158976,-0.13798343646912037,-0.2176834364691203,-0.04101371109773222
gamma_medium__noise_low__T_300__density_sparse__seed_004,pcmci_dag,0.8784371481859733,0,1.0,0.99,1667.7235937562343,2091.604826078015,0.1666666666666666,1.2312664560536437,1.1748831227203105,0.1666666666666666,0.1666666666666666,medium,low,300,sparse,4,1.2121684839335811,491.98658670260266,0.4131477800932757,0.3567644467599423,-1175.7370070536317,-0.818118675960368,-0.8181186759603682,-0.8554040371736389
gamma_medium__noise_low__T_300__density_sparse__seed_004,oracle_hybrid,0.8968509910547724,2,1.01,0.99,423.6090493056449,470.2958258421202,0.6666666666666666,0.3577174367631985,0.3013341034298652,0.6666666666666666,0.6666666666666666,medium,low,300,sparse,4,0.3457195247862397,491.98658670260266,0.4131477800932757,0.3567644467599423,68.37753739695779,0.05543034333007718,0.05543034333007707,0.011044921973702604
gamma_medium__noise_low__T_300__density_sparse__seed_004,hybrid,0.8966226789123926,0,1.0,0.99,396.7751798961218,450.92846338227247,0.6666666666666666,0.3416107661066281,0.2852274327732947,0.6666666666666666,0.6666666666666666,medium,low,300,sparse,4,0.3298635724751593,491.98658670260266,0.4131477800932757,0.3567644467599423,95.21140680648085,0.07153701398664758,0.07153701398664758,0.026900874284782994
gamma_strong__noise_low__T_300__density_medium__seed_001,pcmci_dag,0.8868615147106713,1,1.0,0.99,1000.6667734161488,1444.569792128403,0.5,0.637144515877298,0.6025433833235024,0.5,0.3333333333333333,strong,low,300,medium,1,0.5969831760913261,986.4119281351108,0.6708518897702835,0.525635223103617,-14.254845281038001,0.033707373892985504,-0.07690816021988545,-0.07134795298770913
gamma_strong__noise_low__T_300__density_medium__seed_001,oracle_hybrid,0.8874659121440216,7,1.0,0.99,756.5824160218735,1052.7269242025975,0.5,0.482860107651307,0.482642077805444,0.5,0.6666666666666666,strong,low,300,medium,1,0.449493535572369,986.4119281351108,0.6708518897702835,0.525635223103617,229.82951211323723,0.18799178211897655,0.042993145298173,0.076141687531248
gamma_strong__noise_low__T_300__density_medium__seed_001,hybrid,0.8878282754348537,5,1.0,0.99,744.5676127662279,1026.7179094672615,0.6666666666666666,0.477150285647349,0.4810329977892908,0.6666666666666666,0.6666666666666666,strong,low,300,medium,1,0.4468898203091658,986.4119281351108,0.6708518897702835,0.525635223103617,241.84431536888292,0.19370160412293452,0.04460222531432617,0.07874540279445119
gamma_strong__noise_high__T_156__density_dense__seed_005,pcmci_dag,0.5794718612451423,0,1.0,0.99,912.061128715227,1133.032145247723,0.1666666666666666,1.1819584834425083,1.128791816775842,0.1666666666666666,0.1666666666666666,strong,high,156,dense,5,0.6327258549916673,267.09466225248065,0.4229627902452079,0.3123627902452079,-644.9664664627464,-0.7589956931973004,-0.816429026530634,-0.3203630647464594
gamma_strong__noise_high__T_156__density_dense__seed_005,oracle_hybrid,0.5852947516786849,0,1.0,0.99,335.27640678585635,440.2419742372252,0.8333333333333334,0.4730002617614403,0.4553860820789212,0.8333333333333334,0.8333333333333334,strong,high,156,dense,5,0.3347311448149264,267.09466225248065,0.4229627902452079,0.3123627902452079,-68.1817445333757,-0.05003747151623239,-0.14302329183371326,-0.022368354569718474
gamma_strong__noise_high__T_156__density_dense__seed_005,hybrid,0.5853506256071971,0,1.0,0.99,641.949804881202,783.8870973187144,0.8333333333333334,0.8416206625179808,0.7884539958513143,0.8333333333333334,0.8333333333333334,strong,high,156,dense,5,0.3338586254611572,267.09466225248065,0.4229627902452079,0.3123627902452079,-374.85514262872135,-0.41865787227277296,-0.47609120560610635,-0.021495835215949277
gamma_medium__noise_medium__T_80__density_dense__seed_004,pcmci_dag,0.7659414971903301,0,1.0,0.99,443.479612169358,655.4568652444204,0.1666666666666666,1.174884620447476,1.093417953780809,0.1666666666666666,0.1666666666666666,medium,medium,80,dense,4,1.0834703703193902,217.3284996434361,0.6103317387532378,0.5832650720865712,-226.15111252592192,-0.5645528816942383,-0.5101528816942379,-0.500205298232819
gamma_medium__noise_medium__T_80__density_dense__seed_004,oracle_hybrid,0.7680999446085663,2,1.0,0.99,263.2153038872534,314.14316204085054,1.0,0.7329391292236718,0.7058724625570051,1.0,0.8333333333333334,medium,medium,80,dense,4,0.5872283168897718,217.3284996434361,0.6103317387532378,0.5832650720865712,-45.88680424381732,-0.12260739047043401,-0.1226073904704339,-0.0039632448032006495
gamma_medium__noise_medium__T_80__density_dense__seed_004,hybrid,0.7681115583481638,0,1.0,0.99,232.4585856634677,253.5007286601559,1.0,0.652209972665282,0.6251433059986152,1.0,1.0,medium,medium,80,dense,4,0.6137044078731179,217.3284996434361,0.6103317387532378,0.5832650720865712,-15.130086020031598,-0.04187823391204426,-0.04187823391204404,-0.030439335786546673
gamma_strong__noise_low__T_156__density_medium__seed_005,pcmci_dag,0.8227389426932861,3,1.0,0.99,502.2511765487865,769.3335299698529,0.5,0.6311391397060524,0.5867058063727191,0.5,0.5,strong,low,156,medium,5,0.5848167670892224,400.30671352456494,0.5766572508423781,0.4636905841757113,-101.94446302422153,-0.05448188886367433,-0.12301522219700778,-0.12112618291351107
gamma_strong__noise_low__T_156__density_medium__seed_005,oracle_hybrid,0.8293352097239549,3,1.0,0.99,316.7126896259659,375.7808724351635,0.5,0.4300095256616549,0.3855761923283216,0.5,0.8333333333333334,strong,low,156,medium,5,0.360775578211123,400.30671352456494,0.5766572508423781,0.4636905841757113,83.59402389859906,0.14664772518072317,0.07811439184738972,0.1029150059645883
gamma_strong__noise_low__T_156__density_medium__seed_005,hybrid,0.8298781633112908,0,1.0,0.99,338.10983051825696,398.859365362535,0.8333333333333334,0.4559773513064862,0.4115440179731529,0.8333333333333334,0.8333333333333334,strong,low,156,medium,5,0.384078871459862,400.30671352456494,0.5766572508423781,0.4636905841757113,62.196883006307985,0.12067989953589187,0.05214656620255842,0.07961171271584927
gamma_strong__noise_low__T_156__density_medium__seed_001,pcmci_dag,0.849914465342061,0,1.01,0.99,707.420076495151,989.1370925876604,0.6666666666666666,0.8700921626942172,0.829242162694217,0.6666666666666666,0.5,strong,low,156,medium,1,0.6335518662364075,269.3262091261775,0.3804176434984223,0.3166700674162787,-438.09386736897346,-0.4896745191957949,-0.5125720952779383,-0.3168817988201288
gamma_strong__noise_low__T_156__density_medium__seed_001,oracle_hybrid,0.890548236047335,0,1.0,0.99,351.7088817023285,395.0616786713374,0.3333333333333333,0.4742925321760158,0.4974425321760158,0.3333333333333333,0.5,strong,low,156,medium,1,0.4073529394451205,269.3262091261775,0.3804176434984223,0.3166700674162787,-82.38267257615098,-0.09387488867759353,-0.18077246475973713,-0.09068287202884184
gamma_strong__noise_low__T_156__density_medium__seed_001,hybrid,0.8906423701653856,3,1.0,0.99,614.1279481408766,774.7560601104423,0.5,0.8452770187105282,0.8684270187105282,0.5,0.3333333333333333,strong,low,156,medium,1,0.5014724521467048,269.3262091261775,0.3804176434984223,0.3166700674162787,-344.8017390146991,-0.4648593752121059,-0.5517569512942495,-0.1848023847304261
gamma_weak__noise_low__T_156__density_sparse__seed_005,pcmci_dag,0.8126523893258594,1,1.01,0.99,494.48911012724494,706.4247479870351,0.6666666666666666,0.6512481912606471,0.6330815245939806,0.6666666666666666,0.6666666666666666,weak,low,156,sparse,5,0.4055803779030708,319.21322408971946,0.4647248271206396,0.4465581604539729,-175.27588603752548,-0.18652336414000753,-0.1865233641400077,0.04097778255090212
gamma_weak__noise_low__T_156__density_sparse__seed_005,oracle_hybrid,0.8336776389964946,0,1.01,0.99,284.75158982446334,330.9337689945528,0.5,0.4202373786825469,0.4020707120158803,0.5,0.5,weak,low,156,sparse,5,0.4196753567569737,319.21322408971946,0.4647248271206396,0.4465581604539729,34.46163426525612,0.044487448438092714,0.0444874484380926,0.02688280369699919
gamma_weak__noise_low__T_156__density_sparse__seed_005,hybrid,0.8325933983268131,1,1.01,0.99,463.85051650731697,622.2330618141345,0.5,0.598194409864842,0.5815916877842539,0.5,0.5,weak,low,156,sparse,5,0.3711735954744919,319.21322408971946,0.4647248271206396,0.4465581604539729,-144.6372924175975,-0.13346958274420234,-0.13503352733028096,0.07538456497948098
gamma_medium__noise_low__T_156__density_medium__seed_004,pcmci_dag,0.8517939370822363,0,1.01,0.99,619.3072984928586,914.698636206086,0.5,0.7662374576425487,0.7853374576425488,0.5,0.3333333333333333,medium,low,156,medium,4,0.7404563522201335,246.28993241794228,0.2939081778731635,0.2941415112064969,-373.01736607491637,-0.4723292797693852,-0.4911959464360519,-0.4463148410136366
gamma_medium__noise_low__T_156__density_medium__seed_004,oracle_hybrid,0.8768263803439449,4,1.0,0.99,300.9927012763497,396.8098167933232,0.8333333333333334,0.3665794297967351,0.422779429796735,0.8333333333333334,0.8333333333333334,medium,low,156,medium,4,0.3491398653027696,246.28993241794228,0.2939081778731635,0.2941415112064969,-54.70276885840741,-0.0726712519235716,-0.1286379185902381,-0.054998354096272684
gamma_medium__noise_low__T_156__density_medium__seed_004,hybrid,0.87731661309626,4,1.01,0.99,313.9157987470712,412.7476529946093,0.8333333333333334,0.3829812447756194,0.4391812447756194,0.8333333333333334,0.8333333333333334,medium,low,156,medium,4,0.363841997537006,246.28993241794228,0.2939081778731635,0.2941415112064969,-67.62586632912894,-0.08907306690245592,-0.14503973356912248,-0.06970048633050913
gamma_weak__noise_high__T_80__density_medium__seed_003,pcmci_dag,0.4251498292060601,0,1.01,0.99,375.205,447.4537177742521,0.0,1.40585,1.3583833333333333,0.0,0.0,weak,high,80,medium,3,1.3583833333333333,302.3541543617048,0.9013634278638696,0.8646946187643297,-72.8508456382952,-0.5044865721361305,-0.49368871456900354,-0.49368871456900354
gamma_weak__noise_high__T_80__density_medium__seed_003,oracle_hybrid,0.6967920514723804,0,1.0,0.99,343.87408739934136,381.6299186971389,0.6666666666666666,1.0072428833031184,0.9665428833031182,0.6666666666666666,0.8333333333333334,weak,high,80,medium,3,0.947532228991587,302.3541543617048,0.9013634278638696,0.8646946187643297,-41.51993303763658,-0.10587945543924882,-0.10184826453878848,-0.08283761022725722
gamma_weak__noise_high__T_80__density_medium__seed_003,hybrid,0.6976473118301929,0,1.0,0.99,500.6221255063858,684.2503943497686,0.8333333333333334,1.3545951333717892,1.3689951333717894,0.8333333333333334,0.8333333333333334,weak,high,80,medium,3,0.9753900086690828,302.3541543617048,0.9013634278638696,0.8646946187643297,-198.26797114468104,-0.4532317055079196,-0.5043005146074596,-0.11069538990475303
gamma_medium__noise_low__T_300__density_dense__seed_003,pcmci_dag,0.8715965910429441,0,1.01,0.99,1317.193453294285,1519.8692407989788,0.1666666666666666,0.975959818101866,0.8623098181018659,0.1666666666666666,0.0,medium,low,300,dense,3,0.6793957539961378,694.0959849528105,0.5670682044219749,0.3930182044219748,-623.0974683414746,-0.40889161367989113,-0.4692916136798911,-0.286377549574163
gamma_medium__noise_low__T_300__density_dense__seed_003,oracle_hybrid,0.8730261582116572,0,1.0,0.99,610.9774694204252,707.0176255359027,0.6666666666666666,0.4744533069383833,0.3608033069383833,0.6666666666666666,0.6666666666666666,medium,low,300,dense,3,0.4040230034110825,694.0959849528105,0.5670682044219749,0.3930182044219748,83.11851553238523,0.09261489748359164,0.03221489748359152,-0.011004798989107667
gamma_medium__noise_low__T_300__density_dense__seed_003,hybrid,0.873199391686324,1,1.01,0.99,952.9808183024468,1111.8102047137452,0.3333333333333333,0.718674435921045,0.6050244359210449,0.3333333333333333,0.3333333333333333,medium,low,300,dense,3,0.4236254122408802,694.0959849528105,0.5670682044219749,0.3930182044219748,-258.8848333496363,-0.15160623149907004,-0.2120062314990701,-0.030607207818905358
gamma_medium__noise_low__T_80__density_dense__seed_005,pcmci_dag,0.8886926063138824,0,1.0,0.99,424.07947295532176,532.2183097146996,0.0,1.178903452058135,1.084253452058135,0.0,0.0,medium,low,80,dense,5,0.8532788590765619,207.14429106769865,0.6389930480641138,0.5931430480641139,-216.93518188762312,-0.5399104039940211,-0.49111040399402117,-0.260135811012448
gamma_medium__noise_low__T_80__density_dense__seed_005,oracle_hybrid,0.9036829439541828,1,1.0,0.99,234.01904317317545,296.8219313030533,0.6666666666666666,0.6809479064609286,0.6350979064609288,0.6666666666666666,0.6666666666666666,medium,low,80,dense,5,0.5582543852243567,207.14429106769865,0.6389930480641138,0.5931430480641139,-26.8747521054768,-0.04195485839681479,-0.0419548583968149,0.03488866283975722
gamma_medium__noise_low__T_80__density_dense__seed_005,hybrid,0.9020547549955577,0,1.0,0.99,250.97583205764747,286.8451080002184,0.6666666666666666,0.7206779854179975,0.6748279854179972,0.6666666666666666,0.8333333333333334,medium,low,80,dense,5,0.5886618644903598,207.14429106769865,0.6389930480641138,0.5931430480641139,-43.83154098994882,-0.08168493735388371,-0.08168493735388327,0.004481183573754044
gamma_medium__noise_high__T_300__density_medium__seed_002,pcmci_dag,0.625801378166735,0,1.0,0.99,1740.3516666666667,2008.8696479737057,0.0,1.3021999999999998,1.2290833333333333,0.0,0.0,medium,high,300,medium,2,1.2290833333333333,1372.805277749186,0.9470865554688316,0.8836032221354984,-367.5463889174807,-0.3551134445311682,-0.34548011119783495,-0.34548011119783495
gamma_medium__noise_high__T_300__density_medium__seed_002,oracle_hybrid,0.7045753695202092,0,1.0,0.99,1363.767899621135,1813.154134874011,0.6666666666666666,0.912930319126478,0.8757469857931447,0.6666666666666666,0.8333333333333334,medium,high,300,medium,2,0.8709825023829133,1372.805277749186,0.9470865554688316,0.8836032221354984,9.037378128050932,0.03415623634235354,0.007856236342353662,0.012620719752585052
gamma_medium__noise_high__T_300__density_medium__seed_002,hybrid,0.7034808382226204,1,1.01,0.99,1399.042658290475,1843.3668757399405,0.6666666666666666,0.9422063266664285,0.9050229933330952,0.6666666666666666,0.8333333333333334,medium,high,300,medium,2,0.8906712541920246,1372.805277749186,0.9470865554688316,0.8836032221354984,-26.237380541288985,0.00488022880240313,-0.02141977119759686,-0.0070680320565262855
gamma_weak__noise_low__T_300__density_medium__seed_004,pcmci_dag,0.8677455142486464,0,1.0,0.99,1269.1212929719875,1731.8800295531985,0.1666666666666666,0.8896626640048627,0.8907373359951373,0.1666666666666666,0.1666666666666666,weak,low,300,medium,4,0.8907373359951372,444.15818658182087,0.3787118934954709,0.3497452268288043,-824.9631063901666,-0.5109507705093919,-0.540992109166333,-0.5409921091663328
gamma_weak__noise_low__T_300__density_medium__seed_004,oracle_hybrid,0.897067641038465,15,1.01,0.99,395.85927267540654,447.73699975610873,0.8333333333333334,0.3367023046087076,0.3077356379420409,0.8333333333333334,0.8333333333333334,weak,low,300,medium,4,0.3352436972126144,444.15818658182087,0.3787118934954709,0.3497452268288043,48.29891390641433,0.042009588886763316,0.04200958888676343,0.014501529616189945
gamma_weak__noise_low__T_300__density_medium__seed_004,hybrid,0.8971729136726451,4,1.01,0.99,464.4870340324516,508.4318058431858,0.6666666666666666,0.392253748056429,0.3632870813897623,0.6666666666666666,0.8333333333333334,weak,low,300,medium,4,0.3632870813897625,444.15818658182087,0.3787118934954709,0.3497452268288043,-20.328847450630747,-0.013541854560958078,-0.013541854560957967,-0.013541854560958189
gamma_medium__noise_low__T_80__density_medium__seed_002,pcmci_dag,0.761929839543799,0,1.0,0.99,334.2093488829107,391.02272458891554,0.0,0.9924762421542382,0.9734595754875714,0.0,0.0,medium,low,80,medium,2,0.91369727826598,187.0914491814782,0.4768480659540308,0.4794647326206975,-147.11789970143252,-0.5156281762002075,-0.49399484286687395,-0.4342325456452825
gamma_medium__noise_low__T_80__density_medium__seed_002,oracle_hybrid,0.8469763666181889,0,1.0,0.99,191.4679121049468,284.52555822625885,0.8333333333333334,0.4815491260320395,0.5225814460052388,0.8333333333333334,0.8333333333333334,medium,low,80,medium,2,0.4219275608894438,187.0914491814782,0.4768480659540308,0.4794647326206975,-4.376462923468608,-0.00470106007800869,-0.043116713384541316,0.05753717173125372
gamma_medium__noise_low__T_80__density_medium__seed_002,hybrid,0.8468876736005713,1,1.0,0.99,179.47933587592198,261.77157208767323,1.0,0.4555664238352516,0.5013650235523789,1.0,0.8333333333333334,medium,low,80,medium,2,0.442856575347184,187.0914491814782,0.4768480659540308,0.4794647326206975,7.612113305556221,0.021281642118779198,-0.021900290931681388,0.03660815727351352
gamma_strong__noise_low__T_156__density_dense__seed_001,pcmci_dag,0.5983197612483675,0,1.0,0.99,862.4200000000001,910.3764764462376,0.0,1.228,0.9689666666666668,0.0,0.0,strong,low,156,dense,1,0.9689666666666668,268.1138874742472,0.4107563304205587,0.2526563304205587,-594.306112525753,-0.8172436695794413,-0.7163103362461081,-0.7163103362461081
gamma_strong__noise_low__T_156__density_dense__seed_001,oracle_hybrid,0.8898413571558751,3,1.0,0.99,271.1613539594841,325.274905331529,0.6666666666666666,0.3953233925738191,0.46542284414908,0.6666666666666666,0.5,strong,low,156,dense,1,0.2916060354565832,268.1138874742472,0.4107563304205587,0.2526563304205587,-3.047466485236896,0.015432937846739603,-0.2127665137285213,-0.03894970503602452
gamma_strong__noise_low__T_156__density_dense__seed_001,hybrid,0.8901276765401167,4,1.0,0.99,460.7689520741958,641.7613899688963,0.8333333333333334,0.6627705800154978,0.7530800673872887,0.8333333333333334,0.3333333333333333,strong,low,156,dense,1,0.37662236929964,268.1138874742472,0.4107563304205587,0.2526563304205587,-192.65506459994862,-0.2520142495949391,-0.50042373696673,-0.12396603887908131
gamma_strong__noise_medium__T_156__density_medium__seed_005,pcmci_dag,0.7219384396205869,0,1.0,0.99,496.3468063934918,775.8979552633701,0.6666666666666666,0.622576743379597,0.5781434100462636,0.6666666666666666,0.6666666666666666,strong,medium,156,medium,5,0.5763194615496158,398.1657757859252,0.5780862272609281,0.4651195605942613,-98.18103060756664,-0.044490516118668944,-0.11302384945200228,-0.11119990095535448
gamma_strong__noise_medium__T_156__density_medium__seed_005,oracle_hybrid,0.7288954788722968,3,1.0,0.99,368.5094515339833,441.8652661837834,0.6666666666666666,0.4984562685925753,0.454022935259242,0.6666666666666666,0.8333333333333334,strong,medium,156,medium,5,0.4098286113769213,398.1657757859252,0.5780862272609281,0.4651195605942613,29.656324251941896,0.07962995866835276,0.011096625335019317,0.05529094921734001
gamma_strong__noise_medium__T_156__density_medium__seed_005,hybrid,0.7279608418252015,1,1.0,0.99,360.1039099761897,423.6255248055264,0.8333333333333334,0.4904308838222682,0.4459975504889349,0.8333333333333334,0.8333333333333334,strong,medium,156,medium,5,0.4051833516227554,398.1657757859252,0.5780862272609281,0.4651195605942613,38.06186580973548,0.08765534343865988,0.01912201010532638,0.05993620897150587
gamma_weak__noise_medium__T_156__density_medium__seed_004,pcmci_dag,0.7689204639822224,0,1.01,0.99,447.5216505221674,550.2250412918198,0.6666666666666666,0.6116818233580673,0.6106818233580672,0.6666666666666666,0.6666666666666666,weak,medium,156,medium,4,0.6135437444769988,197.2218863070608,0.2516382155944869,0.2693382155944868,-250.29976421510662,-0.3600436077635804,-0.3413436077635804,-0.344205528882512
gamma_weak__noise_medium__T_156__density_medium__seed_004,oracle_hybrid,0.7991763744456707,2,1.0,0.99,242.7230896438714,282.97095962526686,0.8333333333333334,0.3101325477723822,0.3278325477723823,0.8333333333333334,0.8333333333333334,weak,medium,156,medium,4,0.2953967333179224,197.2218863070608,0.2516382155944869,0.2693382155944868,-45.50120333681059,-0.05849433217789529,-0.058494332177895514,-0.026058517723435592
gamma_weak__noise_medium__T_156__density_medium__seed_004,hybrid,0.7997164083248008,2,1.0,0.99,221.63803326597755,262.5960414455985,1.0,0.2847171982248144,0.3024171982248144,1.0,1.0,weak,medium,156,medium,4,0.2873559413303705,197.2218863070608,0.2516382155944869,0.2693382155944868,-24.416146958916755,-0.03307898263032749,-0.0330789826303276,-0.018017725735883727
gamma_strong__noise_high__T_80__density_dense__seed_002,pcmci_dag,0.568341639695612,0,1.0,0.99,360.6418988274488,382.8895471511645,0.0,1.0573646126629288,0.910397945996262,0.0,0.0,strong,high,80,dense,2,0.8242379850199367,119.2236529271764,0.2973522617882512,0.4154624485252094,-241.4182459002724,-0.7600123508746777,-0.4949354974710526,-0.4087755364947273
gamma_strong__noise_high__T_80__density_dense__seed_002,oracle_hybrid,0.6786360173653717,0,1.0,0.99,237.79594310246748,327.2444812915399,0.8333333333333334,0.6314472481757504,0.8408805815090837,0.8333333333333334,0.8333333333333334,strong,high,80,dense,2,0.4005362072204632,119.2236529271764,0.2973522617882512,0.4154624485252094,-118.57229017529107,-0.3340949863874992,-0.4254181329838743,0.014926241304746235
gamma_strong__noise_high__T_80__density_dense__seed_002,hybrid,0.6813902149856099,0,1.0,0.99,253.79667605966645,342.35989121967043,0.8333333333333334,0.6738460557904585,0.8832793891237918,0.8333333333333334,0.8333333333333334,strong,high,80,dense,2,0.4378843419771759,119.2236529271764,0.2973522617882512,0.4154624485252094,-134.57302313249005,-0.37649379400220734,-0.46781694059858236,-0.02242189345196649
gamma_weak__noise_low__T_80__density_sparse__seed_005,pcmci_dag,0.885694100926519,0,1.01,0.99,268.00356286090926,330.0461679076081,0.3333333333333333,0.7623478013506625,0.7691144680173293,0.3333333333333333,0.3333333333333333,weak,low,80,sparse,5,0.7691144680173293,246.7522402913276,0.7255169916229961,0.7187503249563294,-21.251322569581646,-0.03683080972766639,-0.0503641430609999,-0.0503641430609999
gamma_weak__noise_low__T_80__density_sparse__seed_005,oracle_hybrid,0.9011578196772534,1,1.0,0.99,247.90692530067997,303.5903931961759,0.6666666666666666,0.7307386220805832,0.7239719554139162,0.6666666666666666,0.6666666666666666,weak,low,80,sparse,5,0.7164592416813136,246.7522402913276,0.7255169916229961,0.7187503249563294,-1.154685009352363,-0.0052216304575870565,-0.005221630457586834,0.002291083275015815
gamma_weak__noise_low__T_80__density_sparse__seed_005,hybrid,0.9004336178831751,0,1.0,0.99,239.94078236141868,303.5888272778499,0.6666666666666666,0.7089343506403466,0.70216768397368,0.6666666666666666,0.6666666666666666,weak,low,80,sparse,5,0.70216768397368,246.7522402913276,0.7255169916229961,0.7187503249563294,6.811457929908926,0.0165826409826495,0.016582640982649388,0.016582640982649388
gamma_strong__noise_high__T_80__density_medium__seed_004,pcmci_dag,0.6406400386960045,0,1.01,0.99,355.0514168859216,501.7306891449289,0.5,0.9797441780252268,0.93462751135856,0.5,0.5,strong,high,80,medium,4,0.8966837951328822,211.4361974565624,0.6156994170781959,0.5705827504115292,-143.61521942935917,-0.364044760947031,-0.36404476094703087,-0.32610104472135304
gamma_strong__noise_high__T_80__density_medium__seed_004,oracle_hybrid,0.6368914580195734,0,1.0,0.99,246.4913717436402,307.00409511573514,1.0,0.6893100061475059,0.663967917157668,1.0,1.0,strong,high,80,medium,4,0.5119970937293171,211.4361974565624,0.6156994170781959,0.5705827504115292,-35.05517428707779,-0.07361058906931006,-0.09338516674613884,0.05858565668221205
gamma_strong__noise_high__T_80__density_medium__seed_004,hybrid,0.6394475302363917,0,1.01,0.99,269.29173276673606,317.1310039860363,0.8333333333333334,0.771613986536503,0.7264973198698362,0.8333333333333334,0.8333333333333334,strong,high,80,medium,4,0.5704550054038281,211.4361974565624,0.6156994170781959,0.5705827504115292,-57.85553531017365,-0.15591456945830717,-0.15591456945830706,0.00012774500770107444
gamma_strong__noise_high__T_300__density_sparse__seed_004,pcmci_dag,0.7023787467796868,2,1.0,0.99,1678.7678903401868,1851.646807030541,0.1666666666666666,1.178722625706186,1.0693559590395194,0.1666666666666666,0.1666666666666666,strong,high,300,sparse,4,1.1369634071288577,706.968518015102,0.6004469827875977,0.4910803161209309,-971.7993723250848,-0.5782756429185884,-0.5782756429185885,-0.6458830910079267
gamma_strong__noise_high__T_300__density_sparse__seed_004,oracle_hybrid,0.7229600032634302,0,1.01,0.99,671.667119180472,730.284389915338,0.6666666666666666,0.5569462672382767,0.5044129339049434,0.6666666666666666,0.8333333333333334,strong,high,300,sparse,4,0.5263255189131518,706.968518015102,0.6004469827875977,0.4910803161209309,35.301398834629936,0.043500715549321,-0.013332617784012457,-0.03524520279222093
gamma_strong__noise_high__T_300__density_sparse__seed_004,hybrid,0.7241667347060815,0,1.0,0.99,673.4668206698072,723.1720566088442,0.6666666666666666,0.5537610637686551,0.5012277304353218,0.6666666666666666,0.8333333333333334,strong,high,300,sparse,4,0.5229453261457176,706.968518015102,0.6004469827875977,0.4910803161209309,33.5016973452947,0.04668591901894259,-0.010147414314390868,-0.031865010024786755
gamma_strong__noise_high__T_80__density_dense__seed_005,pcmci_dag,0.666373374153054,0,1.0,0.99,357.1166666666668,379.5794244072423,0.0,1.04275,0.8480833333333333,0.0,0.0,strong,high,80,dense,5,0.8480833333333333,239.49856012699613,0.7261051153531933,0.66597178201986,-117.61810653967066,-0.31664488464680673,-0.18211155131347334,-0.18211155131347334
gamma_strong__noise_high__T_80__density_dense__seed_005,oracle_hybrid,0.7623878286671539,1,1.0,0.99,302.1633204064952,420.254542010229,0.8333333333333334,0.8420686913392141,0.7819353580058808,0.8333333333333334,0.6666666666666666,strong,high,80,dense,5,0.5822172644348919,239.49856012699613,0.7261051153531933,0.66597178201986,-62.66476027949906,-0.1159635759860208,-0.1159635759860208,0.0837545175849681
gamma_strong__noise_high__T_80__density_dense__seed_005,hybrid,0.7602735846323848,0,1.0,0.99,249.6555571840985,310.35876381296856,0.6666666666666666,0.7227494552174515,0.6626161218841181,0.6666666666666666,0.6666666666666666,strong,high,80,dense,5,0.6103701231879294,239.49856012699613,0.7261051153531933,0.66597178201986,-10.156997057102387,0.0033556601357418447,0.0033556601357418447,0.05560165883193058
gamma_strong__noise_medium__T_156__density_sparse__seed_004,pcmci_dag,0.753065195418002,0,1.0,0.99,596.2294378312703,720.551593690682,0.1666666666666666,0.7765880654144403,0.7997380654144401,0.1666666666666666,0.1666666666666666,strong,medium,156,sparse,4,0.7411791268952229,159.6523076182043,0.2075497986149662,0.2192900296134518,-436.57713021306597,-0.569038266799474,-0.5804480358009884,-0.5218890972817711
gamma_strong__noise_medium__T_156__density_sparse__seed_004,oracle_hybrid,0.800441135835841,0,1.01,0.99,209.44414259798637,234.94845792130695,0.8333333333333334,0.2759009246948476,0.345384258028181,0.8333333333333334,0.8333333333333334,strong,medium,156,sparse,4,0.2581661289426879,159.6523076182043,0.2075497986149662,0.2192900296134518,-49.79183497978207,-0.06835112607988142,-0.12609422841472923,-0.038876099329236136
gamma_strong__noise_medium__T_156__density_sparse__seed_004,hybrid,0.8001531447085318,4,1.0,0.99,209.10116496217157,238.78089225472425,0.8333333333333334,0.2763780271752075,0.3458613605085408,0.8333333333333334,0.8333333333333334,strong,medium,156,sparse,4,0.2559408237540932,159.6523076182043,0.2075497986149662,0.2192900296134518,-49.44885734396726,-0.06882822856024129,-0.12657133089508904,-0.03665079414064143
gamma_weak__noise_medium__T_156__density_dense__seed_004,pcmci_dag,0.7701389864707088,0,1.01,0.99,477.56135552918295,541.5544873705471,0.3333333333333333,0.6484976915940195,0.6528810249273528,0.3333333333333333,0.3333333333333333,weak,medium,156,dense,4,0.6532668123958604,172.6848966069077,0.221112268049092,0.2479310962727844,-304.8764589222752,-0.4273854235449275,-0.40494992865456836,-0.40533571612307595
gamma_weak__noise_medium__T_156__density_dense__seed_004,oracle_hybrid,0.7994135475872001,0,1.0,0.99,247.953761996822,278.409417212664,1.0,0.3218557588507572,0.3506390921840905,1.0,1.0,weak,medium,156,dense,4,0.2961466441829239,172.6848966069077,0.221112268049092,0.2479310962727844,-75.26886538991431,-0.10074349080166517,-0.10270799591130611,-0.04821554791013952
gamma_weak__noise_medium__T_156__density_dense__seed_004,hybrid,0.7991782787293228,3,1.0,0.99,184.66670261246577,236.03907678674892,1.0,0.2370167916315732,0.2658001249649065,1.0,1.0,weak,medium,156,dense,4,0.2590709917742793,172.6848966069077,0.221112268049092,0.2479310962727844,-11.98180600555807,-0.015904523582481178,-0.01786902869212212,-0.011139895501494884
gamma_weak__noise_medium__T_80__density_sparse__seed_002,pcmci_dag,0.6961313325770545,0,1.01,0.99,329.41588953431256,399.8651952853931,0.1666666666666666,0.98037180044837,0.9702051337817034,0.1666666666666666,0.1666666666666666,weak,medium,80,sparse,2,0.9298650737182644,195.52290245251547,0.4997795921760472,0.5053795921760472,-133.8929870817971,-0.4805922082723228,-0.46482554160565615,-0.4244854815422172
gamma_weak__noise_medium__T_80__density_sparse__seed_002,oracle_hybrid,0.7779253422801246,0,1.0,0.99,204.9443158726201,294.8913298393142,0.8333333333333334,0.5329190093545558,0.5430856760212225,0.8333333333333334,0.8333333333333334,weak,medium,80,sparse,2,0.5267654298724632,195.52290245251547,0.4997795921760472,0.5053795921760472,-9.421413420104642,-0.0331394171785086,-0.037706083845175264,-0.021385837696416
gamma_weak__noise_medium__T_80__density_sparse__seed_002,hybrid,0.7798401539809765,2,1.0,0.99,218.27090694439312,311.5488706218044,0.8333333333333334,0.5670170551890924,0.5726170551890924,0.8333333333333334,0.8333333333333334,weak,medium,80,sparse,2,0.537684385485214,195.52290245251547,0.4997795921760472,0.5053795921760472,-22.74800449187765,-0.06723746301304517,-0.06723746301304523,-0.0323047933091668
gamma_weak__noise_medium__T_156__density_sparse__seed_003,pcmci_dag,0.7250614800988512,0,1.0,0.99,805.2979305063287,976.6775450098356,0.3333333333333333,1.507343394080487,1.4740600607471537,0.3333333333333333,0.3333333333333333,weak,medium,156,sparse,3,1.5479863388831072,270.6962102601731,0.3683080222237189,0.3350246888903856,-534.6017202461557,-1.139035371856768,-1.139035371856768,-1.2129616499927216
gamma_weak__noise_medium__T_156__density_sparse__seed_003,oracle_hybrid,0.8156382777599744,0,1.0,0.99,281.4397192646347,344.5732558160942,0.8333333333333334,0.3984252959916887,0.3651419626583553,0.8333333333333334,0.8333333333333334,weak,medium,156,sparse,3,0.3893128333803078,270.6962102601731,0.3683080222237189,0.3350246888903856,-10.7435090044616,-0.0301172737679698,-0.030117273767969688,-0.0542881444899222
gamma_weak__noise_medium__T_156__density_sparse__seed_003,hybrid,0.8155371343003242,1,1.01,0.99,245.58657968059003,300.4167531550345,0.8333333333333334,0.3560810510016839,0.3227977176683506,0.8333333333333334,0.8333333333333334,weak,medium,156,sparse,3,0.432695292702549,270.6962102601731,0.3683080222237189,0.3350246888903856,25.10963057958304,0.012226971222034977,0.012226971222035032,-0.09767060381216336
gamma_weak__noise_low__T_80__density_medium__seed_001,pcmci_dag,0.8175419941899722,0,1.0,0.99,216.222050270634,267.45336486389675,0.0,0.5568484665313387,0.5554484665313387,0.0,0.0,weak,low,80,medium,1,0.5301800910875044,134.29224156613154,0.3463076009315682,0.3483076009315682,-81.92980870450248,-0.21054086559977048,-0.20714086559977052,-0.1818724901559362
gamma_weak__noise_low__T_80__density_medium__seed_001,oracle_hybrid,0.8485703083832578,0,1.0,0.99,162.9792295824631,207.62941648114304,0.8333333333333334,0.4132453831124369,0.4152453831124369,0.8333333333333334,0.8333333333333334,weak,low,80,medium,1,0.3212868536136058,134.29224156613154,0.3463076009315682,0.3483076009315682,-28.686988016331554,-0.06693778218086871,-0.06693778218086871,0.02702074731796239
gamma_weak__noise_low__T_80__density_medium__seed_001,hybrid,0.8489998140108543,0,1.0,0.99,154.30909420923876,201.95153456197525,0.6666666666666666,0.3981707642482773,0.4001707642482772,0.6666666666666666,0.6666666666666666,weak,low,80,medium,1,0.3128375813889423,134.29224156613154,0.3463076009315682,0.3483076009315682,-20.016852643107228,-0.05186316331670909,-0.05186316331670898,0.03547001954262591
gamma_weak__noise_low__T_300__density_sparse__seed_003,pcmci_dag,0.8655124449620611,0,1.0,0.99,965.71816107961,1138.7654167893306,0.3333333333333333,0.7479814891599815,0.7263148224933148,0.3333333333333333,0.3333333333333333,weak,low,300,sparse,3,0.5945469153930235,484.92369796375306,0.4260263877236557,0.404359721056989,-480.79446311585696,-0.32195510143632583,-0.32195510143632583,-0.19018719433603454
gamma_weak__noise_low__T_300__density_sparse__seed_003,oracle_hybrid,0.867607255786091,2,1.0,0.99,449.3086750193754,548.38043126177,0.5,0.3946736893751627,0.373007022708496,0.5,0.5,weak,low,300,sparse,3,0.3898928791745966,484.92369796375306,0.4260263877236557,0.404359721056989,35.61502294437764,0.031352698348493024,0.03135269834849297,0.01446684188239239
gamma_weak__noise_low__T_300__density_sparse__seed_003,hybrid,0.8678519713803466,4,1.0,0.99,700.9439907850978,811.9747983948433,0.3333333333333333,0.5438380220499403,0.5221713553832735,0.3333333333333333,0.5,weak,low,300,sparse,3,0.4059207518616838,484.92369796375306,0.4260263877236557,0.404359721056989,-216.0202928213447,-0.11781163432628455,-0.11781163432628455,-0.0015610308046948296
gamma_weak__noise_medium__T_80__density_dense__seed_005,pcmci_dag,0.7370408034508918,0,1.0,0.99,323.7166666666667,380.3449291104063,0.0,0.9587166666666668,0.9294666666666666,0.0,0.0,weak,medium,80,dense,5,0.9294666666666666,259.16319916051503,0.767476983309268,0.7473936499759346,-64.55346750615166,-0.19123968335739883,-0.18207301669073195,-0.18207301669073195
gamma_weak__noise_medium__T_80__density_dense__seed_005,oracle_hybrid,0.8440534359286813,0,1.0,0.99,276.6947358925309,365.3556209751612,0.6666666666666666,0.7914214713613105,0.771338138027977,0.6666666666666666,0.6666666666666666,weak,medium,80,dense,5,0.7061308914030451,259.16319916051503,0.767476983309268,0.7473936499759346,-17.531536732015866,-0.023944488052042523,-0.023944488052042412,0.041262758572889524
gamma_weak__noise_medium__T_80__density_dense__seed_005,hybrid,0.8451901054568762,0,1.0,0.99,268.345845790059,348.90308312617407,0.6666666666666666,0.7881166542042713,0.7680333208709381,0.6666666666666666,0.6666666666666666,weak,medium,80,dense,5,0.7680333208709381,259.16319916051503,0.767476983309268,0.7473936499759346,-9.182646629543967,-0.020639670895003404,-0.020639670895003515,-0.020639670895003515
gamma_weak__noise_medium__T_300__density_medium__seed_003,pcmci_dag,0.7863606606657751,0,1.01,0.99,1018.3420222421038,1177.6989586453235,0.1666666666666666,0.7884227248963257,0.7529227248963258,0.1666666666666666,0.1666666666666666,weak,medium,300,medium,3,0.6186096825955545,524.7239260416122,0.4610328633352389,0.426532863335239,-493.61809620049155,-0.3273898615610868,-0.32638986156108685,-0.1920768192603155
gamma_weak__noise_medium__T_300__density_medium__seed_003,oracle_hybrid,0.7875307207577876,1,1.0,0.99,503.4890140471118,625.0690122744288,0.6666666666666666,0.4346914215236721,0.4001914215236721,0.6666666666666666,0.6666666666666666,weak,medium,300,medium,3,0.4155088202507091,524.7239260416122,0.4610328633352389,0.426532863335239,21.234911994500408,0.026341441811566835,0.02634144181156689,0.011024043084529866
gamma_weak__noise_medium__T_300__density_medium__seed_003,hybrid,0.787930229533904,0,1.0,0.99,758.2055349440294,863.3627328848645,0.5,0.5919890569344094,0.5574890569344094,0.5,0.5,weak,medium,300,medium,3,0.4430668708211224,524.7239260416122,0.4610328633352389,0.426532863335239,-233.48160890241718,-0.1309561935991705,-0.13095619359917043,-0.016534007485883406
gamma_strong__noise_medium__T_80__density_dense__seed_002,pcmci_dag,0.673118956558898,0,1.0,0.99,367.7439391479394,392.78561489090936,0.0,1.081334831709697,0.93436816504303,0.0,0.0,strong,medium,80,dense,2,0.8450386816472714,124.36868747174849,0.304769435854163,0.4194361025208297,-243.37525167619089,-0.7765653958555339,-0.5149320625222003,-0.42560257912644167
gamma_strong__noise_medium__T_80__density_dense__seed_002,oracle_hybrid,0.7792236382106175,0,1.0,0.99,218.1314371491328,309.9606010085703,0.8333333333333334,0.5650463682968117,0.774479701630145,0.8333333333333334,0.8333333333333334,strong,medium,80,dense,2,0.3645248523361208,124.36868747174849,0.304769435854163,0.4194361025208297,-93.76274967738432,-0.26027693244264866,-0.3550435991093153,0.05491125018470888
gamma_strong__noise_medium__T_80__density_dense__seed_002,hybrid,0.7788997366791057,1,1.0,0.99,218.78448769889485,303.5619393955937,0.8333333333333334,0.5741225647679778,0.783555898101311,0.8333333333333334,0.6666666666666666,strong,medium,80,dense,2,0.3710835143124083,124.36868747174849,0.304769435854163,0.4194361025208297,-94.41580022714636,-0.26935312891381485,-0.3641197955804813,0.048352588208421365
gamma_weak__noise_medium__T_156__density_dense__seed_003,pcmci_dag,0.7254257808314124,0,1.0,0.99,763.0275375200832,943.7800273840884,0.3333333333333333,1.4688989509993933,1.3888822843327266,0.3333333333333333,0.3333333333333333,weak,medium,156,dense,3,1.3900904220900927,253.33086756161092,0.353016879021882,0.2876335456885487,-509.6966699584723,-1.1158820719775113,-1.1012487386441778,-1.1024568764015439
gamma_weak__noise_medium__T_156__density_dense__seed_003,oracle_hybrid,0.8142198397231988,1,1.01,0.99,251.851895395892,306.4594431365331,1.0,0.3598901003709139,0.316540100370914,1.0,1.0,weak,medium,156,dense,3,0.3410642802925572,253.33086756161092,0.353016879021882,0.2876335456885487,1.4789721657189148,-0.006873221349031899,-0.028906554682365304,-0.05343073460400849
gamma_weak__noise_medium__T_156__density_dense__seed_003,hybrid,0.8156199982855914,1,1.0,0.99,278.4937520997956,323.58099782411614,1.0,0.3932539782709767,0.3278706449376434,1.0,1.0,weak,medium,156,dense,3,0.3189631482978599,253.33086756161092,0.353016879021882,0.2876335456885487,-25.16288453818467,-0.04023709924909469,-0.04023709924909469,-0.03132960260931117
gamma_weak__noise_high__T_80__density_sparse__seed_005,pcmci_dag,0.6718081736192717,0,1.0,0.99,315.15333333333336,379.2739312159485,0.1666666666666666,0.9362,0.9243666666666668,0.1666666666666666,0.1666666666666666,weak,high,80,sparse,5,0.9243666666666668,297.7936681532581,0.8547736564431343,0.8480069897764676,-17.35966518007524,-0.08142634355686573,-0.07635967689019918,-0.07635967689019918
gamma_weak__noise_high__T_80__density_sparse__seed_005,oracle_hybrid,0.7507944929358255,0,1.0,0.99,311.5365937513858,412.6286622923122,0.6666666666666666,0.8923392062035665,0.8855725395369,0.6666666666666666,0.6666666666666666,weak,high,80,sparse,5,0.8740500973531522,297.7936681532581,0.8547736564431343,0.8480069897764676,-13.74292559812767,-0.03756554976043225,-0.03756554976043236,-0.0260431075766846
gamma_weak__noise_high__T_80__density_sparse__seed_005,hybrid,0.7542368944729567,0,1.0,0.99,303.99971504912804,416.4642417484797,0.6666666666666666,0.8707115118067374,0.8639448451400705,0.6666666666666666,0.6666666666666666,weak,high,80,sparse,5,0.8677892303858252,297.7936681532581,0.8547736564431343,0.8480069897764676,-6.2060468958699175,-0.01593785536360315,-0.015937855363602926,-0.019782240609357626
gamma_strong__noise_low__T_300__density_medium__seed_005,pcmci_dag,0.8917954030515364,0,1.01,0.99,903.36362884347,1174.4636406496447,0.5,0.5808299008828409,0.6131182344312117,0.5,0.3333333333333333,strong,low,300,medium,5,0.5032620385165983,784.3896736601743,0.5703830809980465,0.3986497476647132,-118.97395518329574,-0.010446819884794456,-0.2144684867664985,-0.10461229085188511
gamma_strong__noise_low__T_300__density_medium__seed_005,oracle_hybrid,0.8928066742442148,1,1.0,0.99,612.2194366430866,769.3259009909807,0.8333333333333334,0.4166728186884845,0.3988850077083571,0.8333333333333334,0.6666666666666666,strong,low,300,medium,5,0.3563031310114846,784.3896736601743,0.5703830809980465,0.3986497476647132,172.17023701708763,0.15371026230956197,-0.0002352600436438812,0.04234661665322864
gamma_strong__noise_low__T_300__density_medium__seed_005,hybrid,0.8925798943364682,2,1.01,0.99,922.7236439089852,1123.239509581727,0.5,0.6142043860287331,0.606485416727765,0.5,0.5,strong,low,300,medium,5,0.3821228186966716,784.3896736601743,0.5703830809980465,0.3986497476647132,-138.33397024881094,-0.0438213050306866,-0.2078356690630518,0.016526928968041643
gamma_medium__noise_high__T_300__density_medium__seed_001,pcmci_dag,0.7052114732926539,0,1.0,0.99,829.5078307411568,1023.2271353618122,0.6666666666666666,0.5712699582529146,0.5800323708956064,0.6666666666666666,0.6666666666666666,medium,high,300,medium,1,0.5391666492193055,561.9476614858683,0.4059315602869365,0.3755142395058816,-267.56016925528854,-0.1653383979659781,-0.20451813138972486,-0.16365240971342387
gamma_medium__noise_high__T_300__density_medium__seed_001,oracle_hybrid,0.7074004979830537,5,1.0,0.99,625.5518381846854,728.188849187525,0.8333333333333334,0.4330094104345932,0.4494427437679265,0.8333333333333334,0.8333333333333334,medium,high,300,medium,1,0.4020659781976301,561.9476614858683,0.4059315602869365,0.3755142395058816,-63.60417669881713,-0.02707785014765668,-0.07392850426204489,-0.02655173869174854
gamma_medium__noise_high__T_300__density_medium__seed_001,hybrid,0.7068014840160574,1,1.0,0.99,620.9882143942754,715.2489634276486,0.8333333333333334,0.4337509797707519,0.4501843131040852,0.8333333333333334,0.8333333333333334,medium,high,300,medium,1,0.4021005005768221,561.9476614858683,0.4059315602869365,0.3755142395058816,-59.04055290840711,-0.02781941948381539,-0.0746700735982036,-0.02658626107094053
gamma_weak__noise_high__T_156__density_sparse__seed_001,pcmci_dag,0.5710463300359906,0,1.0,0.99,1038.4127018728643,1378.255780300465,0.5,1.418305099454927,1.4037217661215944,0.5,0.5,weak,high,156,sparse,1,1.1328933653734536,406.3697669358119,0.5765137869378507,0.5680304536045174,-632.0429349370525,-0.8417913125170764,-0.835691312517077,-0.5648629117689362
gamma_weak__noise_high__T_156__density_sparse__seed_001,oracle_hybrid,0.7424869026497716,0,1.0,0.99,410.3903965523367,454.8003506364264,0.5,0.5733004722066961,0.5648171388733627,0.5,0.5,weak,high,156,sparse,1,0.5666132366457611,406.3697669358119,0.5765137869378507,0.5680304536045174,-4.020629616524786,0.003213314731154604,0.003213314731154715,0.0014172169587562955
gamma_weak__noise_high__T_156__density_sparse__seed_001,hybrid,0.7404995331960934,0,1.0,0.99,781.8606081227755,1043.3804296806447,0.3333333333333333,1.0991348955981166,1.0906515622647834,0.3333333333333333,0.3333333333333333,weak,high,156,sparse,1,0.7033854218741634,406.3697669358119,0.5765137869378507,0.5680304536045174,-375.49084118696356,-0.5226211086602659,-0.522621108660266,-0.135354968269646
gamma_weak__noise_high__T_300__density_dense__seed_001,pcmci_dag,0.6986257272265529,0,1.01,0.99,999.1162322272868,1217.8624960731531,0.3333333333333333,0.6761745363387646,0.6495146801479863,0.3333333333333333,0.3333333333333333,weak,high,300,dense,1,0.5680095262015674,511.8062241598784,0.3777970582483103,0.3719451831087066,-487.3100080674084,-0.2983774780904543,-0.2775694970392797,-0.1960643430928608
gamma_weak__noise_high__T_300__density_dense__seed_001,oracle_hybrid,0.7048680530638547,0,1.0,0.99,541.7163264373831,653.7370005140863,0.8333333333333334,0.3948701350883294,0.4109701350883293,0.8333333333333334,0.8333333333333334,weak,high,300,dense,1,0.3777033460690092,511.8062241598784,0.3777970582483103,0.3719451831087066,-29.910102277504734,-0.01707307684001913,-0.03902495197962269,-0.005758162960302571
gamma_weak__noise_high__T_300__density_dense__seed_001,hybrid,0.7034702654518314,0,1.01,0.99,471.9917407089468,621.1655870545902,0.8333333333333334,0.3528510900680682,0.3498736533775886,0.8333333333333334,0.8333333333333334,weak,high,300,dense,1,0.3902478621465344,511.8062241598784,0.3777970582483103,0.3719451831087066,39.81448345093162,0.024945968180242084,0.022071529731118034,-0.018302679037827785
gamma_weak__noise_high__T_156__density_dense__seed_002,pcmci_dag,0.621598455626389,0,1.0,0.99,725.7329816165212,936.8197139844392,0.1666666666666666,1.1539426350141992,1.0982926350141993,0.1666666666666666,0.1666666666666666,weak,high,156,dense,2,1.1160573497450692,244.82142093576007,0.4464148477827034,0.3994648477827033,-480.9115606807611,-0.7075277872314958,-0.698827787231496,-0.7165925019623659
gamma_weak__noise_high__T_156__density_dense__seed_002,oracle_hybrid,0.6305942761644889,0,1.0,0.99,273.2071431088434,331.10738086523247,1.0,0.4763174902964098,0.4360008236297432,1.0,1.0,weak,high,156,dense,2,0.4868558170062275,244.82142093576007,0.4464148477827034,0.3994648477827033,-28.385722173083337,-0.02990264251370639,-0.03653597584703988,-0.08739096922352418
gamma_weak__noise_high__T_156__density_dense__seed_002,hybrid,0.6319939849074259,1,1.0,0.99,249.0974675015575,291.3815922800632,1.0,0.4535196790838887,0.4065696790838886,1.0,1.0,weak,high,156,dense,2,0.4207613243102572,244.82142093576007,0.4464148477827034,0.3994648477827033,-4.276046565797429,-0.007104831301185277,-0.007104831301185277,-0.021296476527553898
gamma_strong__noise_high__T_300__density_medium__seed_002,pcmci_dag,0.6927569456981435,0,1.0,0.99,2069.729548918273,3113.040217147094,0.1666666666666666,1.3526648848416436,1.302098218174977,0.1666666666666666,0.1666666666666666,strong,high,300,medium,2,1.2744027662221324,1150.7178303388432,0.8314232349455585,0.7240232349455584,-919.0117185794297,-0.5212416498960851,-0.5780749832294185,-0.550379531276574
gamma_strong__noise_high__T_300__density_medium__seed_002,oracle_hybrid,0.7042498526071603,5,1.01,0.99,1147.991711562393,1351.4825493261687,0.5,0.7794757189441764,0.7289090522775098,0.5,0.8333333333333334,strong,high,300,medium,2,0.6965879046137474,1150.7178303388432,0.8314232349455585,0.7240232349455584,2.726118776450221,0.05194751600138203,-0.00488581733195137,0.027435330331811003
gamma_strong__noise_high__T_300__density_medium__seed_002,hybrid,0.7031703011811806,1,1.0,0.99,1093.5372390187097,1287.0310596631818,0.8333333333333334,0.7445602633746967,0.6939935967080301,0.8333333333333334,0.6666666666666666,strong,high,300,medium,2,0.6750960462702643,1150.7178303388432,0.8314232349455585,0.7240232349455584,57.180591320133544,0.08686297157086176,0.030029638237528355,0.04892718867529411
gamma_weak__noise_low__T_300__density_dense__seed_004,pcmci_dag,0.8679238880247965,0,1.0,0.99,1292.950747390586,1721.1808902983914,0.1666666666666666,0.9034064585430714,0.9149935414569283,0.1666666666666666,0.1666666666666666,weak,low,300,dense,4,0.914993541456928,396.4838785861322,0.3524570578848713,0.3118903912182046,-896.4668688044537,-0.5509494006582001,-0.6031031502387237,-0.6031031502387234
gamma_weak__noise_low__T_300__density_dense__seed_004,oracle_hybrid,0.8971068422983309,3,1.01,0.99,410.3077350979575,457.0658301407918,0.6666666666666666,0.3473650728786169,0.3067984062119502,0.6666666666666666,0.8333333333333334,weak,low,300,dense,4,0.3373205895436365,396.4838785861322,0.3524570578848713,0.3118903912182046,-13.823856511825284,0.005091985006254407,0.005091985006254407,-0.025430198325431863
gamma_weak__noise_low__T_300__density_dense__seed_004,hybrid,0.8972942409632794,8,1.0,0.99,418.2874408056944,490.0964630908811,0.6666666666666666,0.3647411873983451,0.3241745207316784,0.6666666666666666,0.6666666666666666,weak,low,300,dense,4,0.3241745207316788,396.4838785861322,0.3524570578848713,0.3118903912182046,-21.803562219562195,-0.012284129513473796,-0.012284129513473796,-0.012284129513474185
gamma_strong__noise_low__T_80__density_medium__seed_001,pcmci_dag,0.8114591759778119,0,1.0,0.99,230.8590750713536,257.9139784884622,0.0,0.5932231014485877,0.5687564347819211,0.0,0.0,strong,low,80,medium,1,0.4774217487214813,109.33790222674436,0.2790718713571887,0.283905204690522,-121.52117284460924,-0.314151230091399,-0.28485123009139907,-0.1935165440309593
gamma_strong__noise_low__T_80__density_medium__seed_001,oracle_hybrid,0.852069723067073,3,1.0,0.99,163.93477681116465,212.7867952822242,0.8333333333333334,0.4138632350082644,0.4405632350082644,0.8333333333333334,0.8333333333333334,strong,low,80,medium,1,0.2691816986584199,109.33790222674436,0.2790718713571887,0.283905204690522,-54.59687458442029,-0.1347913636510757,-0.1566580303177424,0.014723506032102096
gamma_strong__noise_low__T_80__density_medium__seed_001,hybrid,0.8501647691319,0,1.0,0.99,192.042874750448,248.1053985499235,0.6666666666666666,0.48698638804685,0.51368638804685,0.6666666666666666,0.5,strong,low,80,medium,1,0.2496999108516115,109.33790222674436,0.2790718713571887,0.283905204690522,-82.70497252370363,-0.20791451668966132,-0.22978118335632797,0.034205293838910494
gamma_medium__noise_high__T_80__density_medium__seed_005,pcmci_dag,0.6680292449744483,0,1.0,0.99,324.8566666666666,375.8313777923996,0.0,0.9628666666666668,0.9051833333333332,0.0,0.0,medium,high,80,medium,5,0.9051833333333332,306.45333659800826,0.8823221286823659,0.8488721286823661,-18.403330068658363,-0.08054453798430083,-0.05631120465096717,-0.05631120465096717
gamma_medium__noise_high__T_80__density_medium__seed_005,oracle_hybrid,0.7562685360449901,2,1.0,0.99,334.34637326224214,435.8847895354749,0.6666666666666666,0.9433109840558556,0.9098609840558556,0.6666666666666666,0.6666666666666666,medium,high,80,medium,5,0.7807021852067941,306.45333659800826,0.8823221286823659,0.8488721286823661,-27.893036664233875,-0.06098885537348964,-0.060988855373489526,0.06816994347557193
gamma_medium__noise_high__T_80__density_medium__seed_005,hybrid,0.7534163242179587,0,1.0,0.99,319.21843589214694,377.23841840890594,0.8333333333333334,0.8925940279676644,0.8591440279676643,0.8333333333333334,0.8333333333333334,medium,high,80,medium,5,0.8374325192276766,306.45333659800826,0.8823221286823659,0.8488721286823661,-12.765099294138679,-0.01027189928529848,-0.010271899285298258,0.01143960945468947
gamma_weak__noise_low__T_300__density_medium__seed_005,pcmci_dag,0.8893095378630423,0,1.01,0.99,968.9500994450988,1249.583087655198,0.5,0.676274074970825,0.6722907416374918,0.5,0.5,weak,low,300,medium,5,0.6171724521981644,411.9011887933345,0.3162233415636756,0.299006674897009,-557.0489106517643,-0.36005073340714944,-0.3732840667404828,-0.3181657773011554
gamma_weak__noise_low__T_300__density_medium__seed_005,oracle_hybrid,0.8913752615629873,2,1.0,0.99,469.208578804314,519.5834364672484,0.8333333333333334,0.3559690648027496,0.338752398136083,0.8333333333333334,0.8333333333333334,weak,low,300,medium,5,0.3323616444140161,411.9011887933345,0.3162233415636756,0.299006674897009,-57.30739001097953,-0.03974572323907399,-0.03974572323907399,-0.033354969517007116
gamma_weak__noise_low__T_300__density_medium__seed_005,hybrid,0.8915055016695029,2,1.01,0.99,712.138808485655,1030.033265890516,0.6666666666666666,0.498275206423989,0.4810585397573224,0.6666666666666666,0.6666666666666666,weak,low,300,medium,5,0.3351170677894033,411.9011887933345,0.3162233415636756,0.299006674897009,-300.2376196923205,-0.18205186486031338,-0.18205186486031338,-0.036110392892394316
gamma_weak__noise_low__T_156__density_dense__seed_001,pcmci_dag,0.8224742184950583,1,1.01,0.99,390.8891774089475,497.0772264223386,0.5,0.5796353723793056,0.5887020390459722,0.5,0.5,weak,low,156,dense,1,0.3446743441223144,185.17692124401069,0.2875954274312618,0.2785287607645951,-205.7122561649368,-0.2920399449480438,-0.3101732782813771,-0.0661455833577193
gamma_weak__noise_low__T_156__density_dense__seed_001,oracle_hybrid,0.8887256445424062,1,1.0,0.99,255.99334719192535,296.9289840121193,0.6666666666666666,0.3723572837010886,0.363290617034422,0.6666666666666666,0.6666666666666666,weak,low,156,dense,1,0.3535206216406996,185.17692124401069,0.2875954274312618,0.2785287607645951,-70.81642594791467,-0.0847618562698268,-0.08476185626982691,-0.07499186087610449
gamma_weak__noise_low__T_156__density_dense__seed_001,hybrid,0.8889850649987391,7,1.0,0.99,482.176645101189,739.6459509183202,0.6666666666666666,0.7025056506471863,0.6934389839805197,0.6666666666666666,0.6666666666666666,weak,low,156,dense,1,0.4130981931682658,185.17692124401069,0.2875954274312618,0.2785287607645951,-296.9997238571783,-0.41491022321592447,-0.41491022321592463,-0.1345694324036707
gamma_weak__noise_high__T_80__density_medium__seed_004,pcmci_dag,0.6161098736725154,0,1.01,0.99,327.441256227696,425.8221443026656,0.1666666666666666,0.9302343746928324,0.9112677080261656,0.1666666666666666,0.1666666666666666,weak,high,80,medium,4,0.9112677080261656,246.1101565446978,0.6938684663993225,0.6802017997326559,-81.3310996829982,-0.2363659082935099,-0.2310659082935097,-0.2310659082935097
gamma_weak__noise_high__T_80__density_medium__seed_004,oracle_hybrid,0.6305644211050712,0,1.0,0.99,262.4851247158019,320.31139206657167,0.8333333333333334,0.7350464136608773,0.7213797469942107,0.8333333333333334,0.8333333333333334,weak,high,80,medium,4,0.6620478710783181,246.1101565446978,0.6938684663993225,0.6802017997326559,-16.374968171104086,-0.04117794726155477,-0.04117794726155477,0.018153928654337848
gamma_weak__noise_high__T_80__density_medium__seed_004,hybrid,0.6295713455021079,0,1.0,0.99,248.65339219136868,298.25823206968295,1.0,0.710941761075336,0.6972750944086695,1.0,1.0,weak,high,80,medium,4,0.6972750944086695,246.1101565446978,0.6938684663993225,0.6802017997326559,-2.543235646670894,-0.017073294676013484,-0.017073294676013595,-0.017073294676013595
gamma_medium__noise_low__T_80__density_dense__seed_003,pcmci_dag,0.5723108517768531,0,1.0,0.99,392.34833333333336,436.79359662202006,0.0,1.4451166666666666,1.2533333333333334,0.0,0.0,medium,low,80,dense,3,1.2533333333333334,204.5341238621013,0.7080669448651538,0.5448919601795542,-187.81420947123206,-0.7370497218015128,-0.7084413731537792,-0.7084413731537792
gamma_medium__noise_low__T_80__density_dense__seed_003,oracle_hybrid,0.8769907447393979,0,1.0,0.99,229.53710933548965,256.9292844421075,0.6666666666666666,0.7154357620159751,0.5842190953493084,0.6666666666666666,0.8333333333333334,medium,low,80,dense,3,0.664737960852656,204.5341238621013,0.7080669448651538,0.5448919601795542,-25.00298547338835,-0.007368817150821383,-0.03932713516975417,-0.1198460006731018
gamma_medium__noise_low__T_80__density_dense__seed_003,hybrid,0.8769538705910115,1,1.0,0.99,294.9671806073042,319.0484746378417,0.6666666666666666,0.9536995180980348,0.8224828514313679,0.6666666666666666,0.8333333333333334,medium,low,80,dense,3,0.6552608466944759,204.5341238621013,0.7080669448651538,0.5448919601795542,-90.43305674520292,-0.245632573232881,-0.2775908912518137,-0.11036888651492172
gamma_weak__noise_low__T_80__density_sparse__seed_002,pcmci_dag,0.5989439631318532,0,1.0,0.99,276.83666666666664,333.18090591549014,0.1666666666666666,0.8029000000000001,0.7927333333333332,0.1666666666666666,0.1666666666666666,weak,low,80,sparse,2,0.7927333333333332,195.7165082313071,0.4909952888840486,0.4965952888840486,-81.12015843535954,-0.31190471111595147,-0.2961380444492846,-0.2961380444492846
gamma_weak__noise_low__T_80__density_sparse__seed_002,oracle_hybrid,0.8501105201673286,2,1.0,0.99,204.5520513115024,305.8120406660553,0.8333333333333334,0.5168217320365083,0.526988398703175,0.8333333333333334,0.8333333333333334,weak,low,80,sparse,2,0.5120700795585175,195.7165082313071,0.4909952888840486,0.4965952888840486,-8.835543080195293,-0.025826443152459688,-0.030393109819126463,-0.015474790674468886
gamma_weak__noise_low__T_80__density_sparse__seed_002,hybrid,0.8490210212923177,1,1.0,0.99,212.7769984006229,306.0066236515348,0.8333333333333334,0.5439671595187549,0.5495671595187549,0.8333333333333334,0.8333333333333334,weak,low,80,sparse,2,0.5164268431024843,195.7165082313071,0.4909952888840486,0.4965952888840486,-17.060490169315784,-0.052971870634706264,-0.05297187063470632,-0.019831554218435743
gamma_medium__noise_low__T_156__density_dense__seed_001,pcmci_dag,0.818353930192514,0,1.01,0.99,672.6395228772093,764.7391813884124,0.3333333333333333,0.8941118562832022,0.8962118562832022,0.3333333333333333,0.1666666666666666,medium,low,156,dense,1,0.7059320537293452,197.00539822966311,0.308609880567281,0.2381432139006143,-475.6341246475462,-0.5855019757159212,-0.6580686423825879,-0.4677888398287309
gamma_medium__noise_low__T_156__density_dense__seed_001,oracle_hybrid,0.8887266042532036,2,1.01,0.99,229.9974967515961,278.51391172272724,0.8333333333333334,0.3397354206654845,0.3376354206654845,0.8333333333333334,0.5,medium,low,156,dense,1,0.2949892284370203,197.00539822966311,0.308609880567281,0.2381432139006143,-32.992098521932974,-0.031125540098203508,-0.09949220676487022,-0.056846014536406
gamma_medium__noise_low__T_156__density_dense__seed_001,hybrid,0.8890451804736403,0,1.01,0.99,488.6017295654223,705.3325830002594,0.6666666666666666,0.7119254159873822,0.7098254159873822,0.6666666666666666,0.6666666666666666,medium,low,156,dense,1,0.4054883495747041,197.00539822966311,0.308609880567281,0.2381432139006143,-291.5963313357592,-0.40331553542010123,-0.4716822020867679,-0.1673451356740898
gamma_medium__noise_high__T_300__density_sparse__seed_002,pcmci_dag,0.6255046663780083,0,1.0,0.99,1722.1683333333333,2038.348034786176,0.1666666666666666,1.2902833333333332,1.2454,0.1666666666666666,0.1666666666666666,medium,high,300,sparse,2,1.2454,1208.3394216729205,0.8458781731742855,0.8233139673222037,-513.8289116604128,-0.44440516015904774,-0.4220860326777963,-0.4220860326777963
gamma_medium__noise_high__T_300__density_sparse__seed_002,oracle_hybrid,0.704678601783437,1,1.0,0.99,1276.514563981103,1497.440737365613,0.5,0.8872548707667133,0.8701048707667134,0.5,0.5,medium,high,300,sparse,2,0.8637543070441157,1208.3394216729205,0.8458781731742855,0.8233139673222037,-68.17514230818256,-0.04137669759242779,-0.046790903444509646,-0.040440339721911966
gamma_medium__noise_high__T_300__density_sparse__seed_002,hybrid,0.703249474882831,1,1.0,0.99,1285.039877094582,1536.089085429659,0.5,0.8933506861379584,0.8762006861379584,0.5,0.5,medium,high,300,sparse,2,0.8639828368914731,1208.3394216729205,0.8458781731742855,0.8233139673222037,-76.70045542166145,-0.04747251296367294,-0.052886718815754685,-0.040668869569269406
gamma_medium__noise_low__T_300__density_dense__seed_002,pcmci_dag,0.8598798785286089,0,1.0,0.99,2556.658471099013,3682.749502652309,0.0,1.7035899585485996,1.6593566252152665,0.0,0.0,medium,low,300,dense,2,1.5975298141200722,1135.384365956251,0.7912990559850913,0.6683323893184246,-1421.2741051427618,-0.9122909025635083,-0.9910242358968419,-0.9291974248016476
gamma_medium__noise_low__T_300__density_dense__seed_002,oracle_hybrid,0.8848182113758846,1,1.0,0.99,998.94097247715,1359.0202875568275,0.6666666666666666,0.6709765721456805,0.6267432388123472,0.6666666666666666,0.5,medium,low,300,dense,2,0.6300700153121838,1135.384365956251,0.7912990559850913,0.6683323893184246,136.44339347910102,0.1203224838394108,0.04158915050607748,0.038262374006240885
gamma_medium__noise_low__T_300__density_dense__seed_002,hybrid,0.885100099176258,5,1.0,0.99,1008.5558407597682,1339.4978504732012,0.6666666666666666,0.684770787611893,0.6405374542785598,0.6666666666666666,0.5,medium,low,300,dense,2,0.6343137225051217,1135.384365956251,0.7912990559850913,0.6683323893184246,126.82852519648281,0.10652826837319829,0.027794935039864854,0.0340186668133029
gamma_medium__noise_medium__T_80__density_medium__seed_002,pcmci_dag,0.6920741243075244,0,1.0,0.99,334.40979015738554,391.3337063649013,0.0,0.9931527549644108,0.9741360882977442,0.0,0.0,medium,medium,80,medium,2,0.915259147253372,180.68383533377732,0.4668242131374304,0.469440879804097,-153.72595482360822,-0.5263285418269804,-0.5046952084936472,-0.445818267449275
gamma_medium__noise_medium__T_80__density_medium__seed_002,oracle_hybrid,0.7777404739324622,1,1.01,0.99,190.9793258436748,270.0675209123332,0.8333333333333334,0.4999997600481694,0.5359375741845663,0.8333333333333334,0.8333333333333334,medium,medium,80,medium,2,0.4264214371424186,180.68383533377732,0.4668242131374304,0.469440879804097,-10.295490509897462,-0.033175546910738984,-0.06649669438046935,0.0430194426616784
gamma_medium__noise_high__T_80__density_dense__seed_005,pcmci_dag,0.738063302006092,0,1.0,0.99,417.4538198629727,518.8058006362879,0.0,1.1648703624514487,1.0702203624514486,0.0,0.0,medium,high,80,dense,5,0.8415856386346515,276.2384111239204,0.8165496427934094,0.7706996427934093,-141.2154087390523,-0.34832071965803935,-0.2995207196580393,-0.07088599584124222
gamma_medium__noise_high__T_80__density_dense__seed_005,oracle_hybrid,0.7589677611496487,0,1.0,0.99,298.0171038405806,406.7161818524749,0.6666666666666666,0.8366258053114608,0.7907758053114607,0.6666666666666666,0.8333333333333334,medium,high,80,dense,5,0.6699018643800021,276.2384111239204,0.8165496427934094,0.7706996427934093,-21.778692716660203,-0.020076162518051444,-0.020076162518051444,0.1007977784134072
gamma_medium__noise_high__T_80__density_dense__seed_005,hybrid,0.7561843113505133,0,1.0,0.99,285.58697905277967,340.4772551416552,0.6666666666666666,0.8066806256419238,0.7608306256419238,0.6666666666666666,0.8333333333333334,medium,high,80,dense,5,0.7438387080444041,276.2384111239204,0.8165496427934094,0.7706996427934093,-9.348567928859268,0.009869017151485582,0.00986901715148547,0.026860934749005194
gamma_weak__noise_medium__T_80__density_sparse__seed_005,pcmci_dag,0.8295829806909988,0,1.0,0.99,261.49351412835347,325.8914241319553,0.3333333333333333,0.7383438164514683,0.7451104831181351,0.3333333333333333,0.3333333333333333,weak,medium,80,sparse,5,0.7198463690370481,274.51773937943875,0.7997857246065369,0.7930190579398703,13.024225251085284,0.06144190815506856,0.04790857482173516,0.07317268890282214
gamma_weak__noise_medium__T_80__density_sparse__seed_005,oracle_hybrid,0.8423314840444424,0,1.0,0.99,261.49589983048867,341.6932467154675,0.6666666666666666,0.7650671196214187,0.7583004529547521,0.6666666666666666,0.6666666666666666,weak,medium,80,sparse,5,0.7483887168180541,274.51773937943875,0.7997857246065369,0.7930190579398703,13.021839548950084,0.03471860498511814,0.03471860498511814,0.044630341121816186
gamma_weak__noise_medium__T_80__density_sparse__seed_005,hybrid,0.8434067323815191,0,1.0,0.99,272.0284904326844,350.2643887127222,0.6666666666666666,0.7919966714732897,0.785230004806623,0.6666666666666666,0.6666666666666666,weak,medium,80,sparse,5,0.7891427649570334,274.51773937943875,0.7997857246065369,0.7930190579398703,2.489248946754344,0.007789053133247181,0.007789053133247292,0.003876292982836871
gamma_medium__noise_medium__T_300__density_dense__seed_003,pcmci_dag,0.7919217635883077,0,1.0,0.99,1303.781861850386,1484.3891172119145,0.1666666666666666,0.976413686532912,0.8627636865329119,0.1666666666666666,0.3333333333333333,medium,medium,300,dense,3,0.6818909863345742,622.7275480652225,0.5347539706305243,0.409085537543093,-681.0543137851633,-0.44165971590238773,-0.4536781489898189,-0.2728054487914812
gamma_medium__noise_medium__T_300__density_dense__seed_003,oracle_hybrid,0.7925137110442146,1,1.0,0.99,612.7240139787165,714.9092070904378,0.6666666666666666,0.4852168786670168,0.3715668786670169,0.6666666666666666,0.6666666666666666,medium,medium,300,dense,3,0.4083605309156543,622.7275480652225,0.5347539706305243,0.409085537543093,10.003534086506079,0.04953709196350753,0.03751865887607614,0.0007250066274387401
gamma_medium__noise_medium__T_300__density_dense__seed_003,hybrid,0.7932809642863387,1,1.01,0.99,901.0444778867818,1019.5181808976438,0.3333333333333333,0.6957848605567638,0.5821348605567639,0.3333333333333333,0.5,medium,medium,300,dense,3,0.4024832855687423,622.7275480652225,0.5347539706305243,0.409085537543093,-278.31692982155926,-0.16103088992623948,-0.17304932301367087,0.006602251974350715
gamma_medium__noise_medium__T_300__density_dense__seed_001,pcmci_dag,0.8129749171543097,0,1.0,0.99,902.8873745138012,1283.9899366222576,0.6666666666666666,0.5909823544216146,0.6162436988870081,0.6666666666666666,0.6666666666666666,medium,medium,300,dense,1,0.6065081729037839,522.8067775016947,0.3878168127470098,0.3001434455824806,-380.0805970121065,-0.20316554167460482,-0.31610025330452757,-0.3063647273213033
gamma_medium__noise_medium__T_300__density_dense__seed_001,oracle_hybrid,0.8161507097450744,4,1.0,0.99,462.95054381271206,545.6209580881316,0.8333333333333334,0.3301349470324611,0.3940682803657944,0.8333333333333334,0.6666666666666666,medium,medium,300,dense,1,0.3333599285174209,522.8067775016947,0.3878168127470098,0.3001434455824806,59.85623368898263,0.0576818657145487,-0.09392483478331382,-0.03321648293494034
gamma_medium__noise_medium__T_300__density_dense__seed_001,hybrid,0.81657092609112,1,1.0,0.99,433.8353814442112,519.1039927445138,0.8333333333333334,0.3096901465221226,0.3736234798554559,0.8333333333333334,0.6666666666666666,medium,medium,300,dense,1,0.318802785648822,522.8067775016947,0.3878168127470098,0.3001434455824806,88.9713960574835,0.07812666622488718,-0.07348003427297534,-0.0186593400663414
gamma_weak__noise_high__T_156__density_dense__seed_004,pcmci_dag,0.5302739030673396,0,1.0,0.99,1057.1062962861945,1528.3750141366338,0.0,1.323555290708443,1.2947719573751095,0.0,0.0,weak,high,156,dense,4,1.2956078253076293,144.02832340499413,0.1998105149934486,0.2159271816601153,-913.0779728812004,-1.1237447757149943,-1.0788447757149942,-1.079680643647514
gamma_weak__noise_high__T_156__density_dense__seed_004,oracle_hybrid,0.6734140495136901,2,1.0,0.99,194.12888334972115,242.0835313425492,1.0,0.2628318813187162,0.2867370562996238,1.0,1.0,weak,high,156,dense,4,0.2352446920301096,144.02832340499413,0.1998105149934486,0.2159271816601153,-50.100559944727024,-0.06302136632526761,-0.07080987463950852,-0.019317510369994295
gamma_weak__noise_high__T_156__density_dense__seed_004,hybrid,0.6734825484659158,0,1.0,0.99,145.27856604351948,188.9810108391617,1.0,0.198806003495968,0.2255728941983022,1.0,1.0,weak,high,156,dense,4,0.2209934272471032,144.02832340499413,0.1998105149934486,0.2159271816601153,-1.25024263852535,0.001004511497480598,-0.009645712538186912,-0.0050662455869879
gamma_strong__noise_low__T_156__density_medium__seed_002,pcmci_dag,0.7613863264037567,0,1.01,0.99,743.2258201825906,889.7395886299827,0.1666666666666666,1.1867876538908482,1.0168456794424852,0.1666666666666666,0.1666666666666666,strong,low,156,medium,2,1.0187484278403731,523.4667906717988,0.8256010409489467,0.6221162694674851,-219.75902951079183,-0.36118661294190146,-0.39472940997500006,-0.396632158372888
gamma_strong__noise_low__T_156__density_medium__seed_002,oracle_hybrid,0.8316327049735969,3,1.0,0.99,394.4279924706529,544.3999680130627,0.8333333333333334,0.5613387432418385,0.4344387432418385,0.8333333333333334,1.0,strong,low,156,medium,2,0.5197091984718611,523.4667906717988,0.8256010409489467,0.6221162694674851,129.03879820114588,0.2642622977071082,0.1876775262256466,0.10240707099562396
gamma_strong__noise_low__T_156__density_medium__seed_002,hybrid,0.8323832657378076,3,1.0,0.99,370.973075693069,500.36053139745576,0.8333333333333334,0.5331060727427483,0.4062060727427483,0.8333333333333334,1.0,strong,low,156,medium,2,0.4932695036235463,523.4667906717988,0.8256010409489467,0.6221162694674851,152.49371497872977,0.29249496820619836,0.21591019672473682,0.12884676584393878
gamma_strong__noise_low__T_300__density_sparse__seed_004,pcmci_dag,0.8860052274399444,0,1.0,0.99,1027.033280456227,1282.4636726177075,0.6666666666666666,0.8043654642637289,0.7032919215120833,0.6666666666666666,0.8333333333333334,strong,low,300,sparse,4,0.7813328181250614,610.7064542313169,0.4910120753569725,0.381645408690306,-416.32682622491006,-0.3133533889067564,-0.3216465128217773,-0.3996874094347554
gamma_strong__noise_low__T_300__density_sparse__seed_004,oracle_hybrid,0.8976772227904364,4,1.01,0.99,431.5092975018685,498.9484242818798,0.5,0.3482756611387478,0.2957423278054145,0.5,0.6666666666666666,strong,low,300,sparse,4,0.3304637303104035,610.7064542313169,0.4910120753569725,0.381645408690306,179.1971567294484,0.1427364142182247,0.08590308088489151,0.05118167837990251
gamma_strong__noise_low__T_300__density_sparse__seed_004,hybrid,0.8975063744164076,4,1.01,0.99,440.0267386481484,521.913468973547,0.6666666666666666,0.3504291452693214,0.2978958119359881,0.6666666666666666,0.8333333333333334,strong,low,300,sparse,4,0.3326668908034465,610.7064542313169,0.4910120753569725,0.381645408690306,170.6797155831685,0.1405829300876511,0.08374959675431792,0.048978517886859474
gamma_weak__noise_medium__T_300__density_medium__seed_002,pcmci_dag,0.7817268304504367,0,1.02,0.99,1413.4171049897725,1775.434982495868,0.0,0.9960524210028592,0.9724524210028592,0.0,0.0,weak,medium,300,medium,2,0.9724524210028592,1256.6699515832922,0.8472002642081952,0.831273482400877,-156.74715340648027,-0.14885215679466401,-0.14117893860198227,-0.14117893860198227
gamma_weak__noise_medium__T_300__density_medium__seed_002,oracle_hybrid,0.8168790598231394,1,1.0,0.99,1240.3767125494712,1789.3555105628134,0.3333333333333333,0.8246407091819853,0.8093073758486521,0.3333333333333333,0.5,weak,medium,300,medium,2,0.8142723842555482,1256.6699515832922,0.8472002642081952,0.831273482400877,16.29323903382101,0.022559555026209877,0.021966106552224862,0.017001098145328797
gamma_weak__noise_medium__T_300__density_medium__seed_002,hybrid,0.81663319334619,1,1.01,0.99,1168.9291589087095,1802.1391585303088,0.6666666666666666,0.7722242720047708,0.7568909386714374,0.6666666666666666,0.6666666666666666,weak,medium,300,medium,2,0.7800308278159124,1256.6699515832922,0.8472002642081952,0.831273482400877,87.74079267458274,0.07497599220342432,0.07438254372943953,0.051242654584964575
gamma_medium__noise_low__T_300__density_sparse__seed_002,pcmci_dag,0.8657048274884551,0,1.01,0.99,1879.8917077952544,2721.353940847323,0.3333333333333333,1.292708051833066,1.275558051833066,0.3333333333333333,0.3333333333333333,medium,low,300,sparse,2,1.2601669037776884,1063.6697422404184,0.7332216285650137,0.6883382952316803,-816.2219655548361,-0.5594864232680523,-0.5872197566013857,-0.571828608546008
gamma_medium__noise_low__T_300__density_sparse__seed_002,oracle_hybrid,0.885058170225624,5,1.01,0.99,1052.3620021026431,1446.2882474960363,0.3333333333333333,0.7115315883203911,0.6943815883203911,0.3333333333333333,0.3333333333333333,medium,low,300,sparse,2,0.6930539282404432,1063.6697422404184,0.7332216285650137,0.6883382952316803,11.307740137775227,0.02169004024462262,-0.006043293088710766,-0.004715633008762876
gamma_medium__noise_low__T_300__density_sparse__seed_002,hybrid,0.8853117400966231,4,1.0,0.99,1020.947045148724,1385.1658065223264,0.5,0.6999824098792219,0.6828324098792219,0.5,0.5,medium,low,300,sparse,2,0.6767058637274119,1063.6697422404184,0.7332216285650137,0.6883382952316803,42.722697091694386,0.03323921868579183,0.0055058853524584395,0.011632431504268403
gamma_medium__noise_low__T_80__density_dense__seed_001,pcmci_dag,0.819623869040314,0,1.0,0.99,237.7173677902431,265.82007187706,0.0,0.6107158508525746,0.5966991841859081,0.0,0.0,medium,low,80,dense,1,0.5674553004511088,104.3552855841251,0.2637150195034761,0.2958741036283884,-133.36208220611798,-0.34700083134909854,-0.30082508055751966,-0.2715811968227204
gamma_medium__noise_low__T_80__density_dense__seed_001,oracle_hybrid,0.8510890634082248,5,1.0,0.99,166.8325832550922,203.50632762092616,0.6666666666666666,0.4206323424868887,0.4595490091535553,0.6666666666666666,0.6666666666666666,medium,low,80,dense,1,0.2613404609400484,104.3552855841251,0.2637150195034761,0.2958741036283884,-62.477297670967104,-0.1569173229834126,-0.1636749055251669,0.03453364268833997
gamma_medium__noise_low__T_80__density_dense__seed_001,hybrid,0.8530183146831298,3,1.0,0.99,147.7374233930802,176.95924840468092,0.8333333333333334,0.3706963022848186,0.4096129689514853,0.8333333333333334,0.8333333333333334,medium,low,80,dense,1,0.2886585508372724,104.3552855841251,0.2637150195034761,0.2958741036283884,-43.38213780895511,-0.1069812827813425,-0.1137388653230969,0.00721555279111602
gamma_medium__noise_high__T_156__density_dense__seed_001,pcmci_dag,0.6231630633250327,0,1.0,0.99,1514.692769507826,2026.2726529885203,0.0,1.9425936577421927,1.8873936577421928,0.0,0.0,medium,high,156,dense,1,1.710108618532016,297.50543015710394,0.4470564341517746,0.4009480646289966,-1217.187339350722,-1.495537223590418,-1.4864455931131961,-1.3091605539030193
gamma_medium__noise_high__T_156__density_dense__seed_001,oracle_hybrid,0.7401829801402707,1,1.0,0.99,413.2477561338892,496.7781408189824,0.8333333333333334,0.5901187311672434,0.5880187311672435,0.8333333333333334,0.5,medium,high,156,dense,1,0.5105620287327939,297.50543015710394,0.4470564341517746,0.4009480646289966,-115.74232597678525,-0.14306229701546885,-0.18707066653824683,-0.10961396410379726
gamma_medium__noise_high__T_156__density_dense__seed_001,hybrid,0.7384991298820813,0,1.0,0.99,742.1023373107524,1028.4152296391844,0.6666666666666666,1.0675159897498168,1.0654159897498168,0.6666666666666666,0.6666666666666666,medium,high,156,dense,1,0.6408466685100995,297.50543015710394,0.4470564341517746,0.4009480646289966,-444.5969071536485,-0.6204595555980421,-0.6644679251208201,-0.2398986038811029
gamma_strong__noise_low__T_156__density_dense__seed_004,pcmci_dag,0.8108965701515388,0,1.0,0.99,669.917939136769,721.7355643784258,0.0,0.8713166057481841,0.8337832724148507,0.0,0.0,strong,low,156,dense,4,0.7316853353620454,324.3605245215452,0.4085456928020702,0.3014633444860158,-345.55741461522376,-0.46277091294611394,-0.5323199279288349,-0.4302219908760296
gamma_strong__noise_low__T_156__density_dense__seed_004,oracle_hybrid,0.8776961321975345,2,1.0,0.99,312.44128497644954,368.9729978387913,1.0,0.3866419607050686,0.5902086273717352,1.0,0.5,strong,low,156,dense,4,0.3279491231264388,324.3605245215452,0.4085456928020702,0.3014633444860158,11.91923954509565,0.021903732097001583,-0.2887452828857194,-0.026485778640423008
gamma_strong__noise_low__T_156__density_dense__seed_004,hybrid,0.8783898126938713,7,1.01,0.99,260.35120357994265,319.3602537118175,0.8333333333333334,0.3164736457290888,0.5200403123957557,0.8333333333333334,0.5,strong,low,156,dense,4,0.2919158552948946,324.3605245215452,0.4085456928020702,0.3014633444860158,64.00932094160254,0.09207204707298139,-0.21857696790973985,0.009547489191121195
gamma_medium__noise_high__T_80__density_dense__seed_002,pcmci_dag,0.5853947329224709,0,1.0,0.99,353.032095775915,394.8149889393279,0.0,1.0436270157075087,0.9797270157075086,0.0,0.0,medium,high,80,dense,2,0.924375230099882,145.91408411805872,0.3798651815034531,0.4453949779932056,-207.1180116578563,-0.6637618342040557,-0.534332037714303,-0.4789802521066764
gamma_medium__noise_high__T_80__density_dense__seed_002,oracle_hybrid,0.6724148918630545,2,1.0,0.99,212.4165706897789,292.4678131260002,1.0,0.5692914345763672,0.6672914345763673,1.0,0.8333333333333334,medium,high,80,dense,2,0.4208967408846351,145.91408411805872,0.3798651815034531,0.4453949779932056,-66.50248657172017,-0.1894262530729141,-0.2218964565831617,0.02449823710857052
gamma_medium__noise_high__T_80__density_dense__seed_002,hybrid,0.676980446556924,0,1.0,0.99,182.57266277992528,263.1102629543625,1.0,0.4915296799075084,0.5891153070761623,1.0,1.0,medium,high,80,dense,2,0.414786021976847,145.91408411805872,0.3798651815034531,0.4453949779932056,-36.65857866186656,-0.11166449840405529,-0.14372032908295673,0.0306089560163586
gamma_medium__noise_high__T_80__density_sparse__seed_003,pcmci_dag,0.4164991019599074,0,1.0,0.99,368.8933333333334,436.96396666849625,0.1666666666666666,1.3786500000000002,1.3209499999999998,0.1666666666666666,0.1666666666666666,medium,high,80,sparse,3,1.3209499999999998,377.9325125926839,1.1047512623591973,1.0688512623591977,9.039179259350533,-0.27389873764080286,-0.25209873764080215,-0.25209873764080215
gamma_medium__noise_high__T_80__density_sparse__seed_003,oracle_hybrid,0.700875591092268,1,1.0,0.99,384.62888012630975,466.7676995111518,0.6666666666666666,1.0907777457573211,1.0548777457573213,0.6666666666666666,0.8333333333333334,medium,high,80,sparse,3,1.0528417847507976,377.9325125926839,1.1047512623591973,1.0688512623591977,-6.696367533625846,0.01397351660187618,0.013973516601876401,0.016009477608400102
gamma_medium__noise_high__T_80__density_sparse__seed_003,hybrid,0.6969276797976914,0,1.0,0.99,376.6511349132752,440.03612433692695,0.8333333333333334,1.0892186066267582,1.053318606626758,0.8333333333333334,0.8333333333333334,medium,high,80,sparse,3,1.0621765379195691,377.9325125926839,1.1047512623591973,1.0688512623591977,1.2813776794087062,0.015532655732439116,0.015532655732439782,0.0066747244396285765
gamma_medium__noise_high__T_300__density_dense__seed_001,pcmci_dag,0.7019796555344381,0,1.0,0.99,796.6385244867657,1042.6401476625806,0.6666666666666666,0.5462991468787134,0.5727708589335497,0.6666666666666666,0.6666666666666666,medium,high,300,dense,1,0.5326649720075509,473.9211310608469,0.361331380103348,0.3137077363863262,-322.71739342591883,-0.18496776677536542,-0.2590631225472235,-0.2189572356212247
gamma_medium__noise_high__T_300__density_dense__seed_001,oracle_hybrid,0.7071513151825439,0,1.01,0.99,486.32300152699327,625.3221518277356,0.8333333333333334,0.3646599567541839,0.4285932900875172,0.8333333333333334,0.8333333333333334,medium,high,300,dense,1,0.3237339532998018,473.9211310608469,0.361331380103348,0.3137077363863262,-12.401870466146363,-0.0033285766508359127,-0.11488555370119097,-0.010026216913475605
gamma_medium__noise_high__T_300__density_dense__seed_001,hybrid,0.7080478886277977,0,1.0,0.99,485.36661667818345,642.0217555969726,0.8333333333333334,0.3559533377622126,0.4198866710955459,0.8333333333333334,0.8333333333333334,medium,high,300,dense,1,0.3234308485149808,473.9211310608469,0.361331380103348,0.3137077363863262,-11.445485617336544,0.0053780423411353695,-0.10617893470921969,-0.009723112128654565
gamma_strong__noise_low__T_80__density_dense__seed_002,pcmci_dag,0.7388657521455412,0,1.0,0.99,366.8736318390804,391.54481161687954,0.0,1.0783974424680212,0.9314307758013544,0.0,0.0,strong,low,80,dense,2,0.8425856697874496,120.62756296442024,0.296272374424418,0.4109390410910847,-246.24606887466018,-0.7821250680436032,-0.5204917347102697,-0.43164662869636494
gamma_strong__noise_low__T_80__density_dense__seed_002,oracle_hybrid,0.8501895041206914,1,1.01,0.99,200.91149674845383,281.9919032483093,0.8333333333333334,0.5165935190680683,0.7169838579838322,0.8333333333333334,0.6666666666666666,strong,low,80,dense,2,0.3490802705333873,120.62756296442024,0.296272374424418,0.4109390410910847,-80.2839337840336,-0.22032114464365027,-0.30604481689274754,0.061858770557697396
gamma_strong__noise_low__T_80__density_dense__seed_002,hybrid,0.8510329459115371,1,1.0,0.99,203.28848728011891,287.44213010941263,0.8333333333333334,0.5203824328163702,0.7272470607387519,0.8333333333333334,0.6666666666666666,strong,low,80,dense,2,0.3564159195394305,120.62756296442024,0.296272374424418,0.4109390410910847,-82.66092431569868,-0.2241100583919522,-0.3163080196476672,0.054523121551654175
gamma_weak__noise_medium__T_80__density_sparse__seed_003,pcmci_dag,0.5068317472341518,0,1.01,0.99,371.7716666666667,446.50908645103,0.1666666666666666,1.3906833333333335,1.371033333333333,0.1666666666666666,0.1666666666666666,weak,medium,80,sparse,3,1.371033333333333,290.4355559937695,0.897486623268958,0.8839032899356246,-81.33611067289718,-0.4931967100643755,-0.4871300433977085,-0.4871300433977085
gamma_weak__noise_medium__T_80__density_sparse__seed_003,oracle_hybrid,0.8102142698515469,0,1.0,0.99,297.69179971193256,329.721791001824,0.6666666666666666,0.9171276407887538,0.9035443074554204,0.6666666666666666,0.6666666666666666,weak,medium,80,sparse,3,0.9088592140099236,290.4355559937695,0.897486623268958,0.8839032899356246,-7.256243718163034,-0.019641017519795745,-0.019641017519795745,-0.02495592407429903
gamma_weak__noise_medium__T_80__density_sparse__seed_003,hybrid,0.8096176814964695,0,1.0,0.99,432.9217899666218,617.5283303793079,0.6666666666666666,1.1462535707383628,1.1326702374050293,0.6666666666666666,0.6666666666666666,weak,medium,80,sparse,3,0.922985699753053,290.4355559937695,0.897486623268958,0.8839032899356246,-142.4862339728523,-0.24876694746940475,-0.24876694746940464,-0.03908240981742839
gamma_strong__noise_medium__T_300__density_dense__seed_004,pcmci_dag,0.8107880237053071,0,1.0,0.99,1839.1208561123867,2075.123102488698,0.0,1.3418998691288369,1.0884561628531173,0.0,0.1666666666666666,strong,medium,300,dense,4,1.118391356031465,1008.9366899792404,0.7679035380949139,0.4880202047615805,-830.1841661331463,-0.573996331033923,-0.6004359580915368,-0.6303711512698844
gamma_strong__noise_medium__T_300__density_dense__seed_004,oracle_hybrid,0.8370209868340684,2,1.0,0.99,775.2708029680595,910.5278827459892,0.6666666666666666,0.5515322953013023,0.4513474898446878,0.6666666666666666,0.8333333333333334,strong,medium,300,dense,4,0.4466328235820335,1008.9366899792404,0.7679035380949139,0.4880202047615805,233.66588701118098,0.21637124279361153,0.03667271491689267,0.04138738117954699
gamma_strong__noise_medium__T_300__density_dense__seed_004,hybrid,0.8363710848528411,3,1.0,0.99,801.3735759314487,928.0455058404406,0.8333333333333334,0.5795201022972883,0.477736768963955,0.8333333333333334,0.8333333333333334,strong,medium,300,dense,4,0.4400325637863724,1008.9366899792404,0.7679035380949139,0.4880202047615805,207.56311404779171,0.1883834357976255,0.010283435797625473,0.04798764097520808
gamma_weak__noise_low__T_80__density_dense__seed_005,pcmci_dag,0.8832750222350837,0,1.0,0.99,273.71348003873896,329.4145069794465,0.1666666666666666,0.7743447770721462,0.7814281104054795,0.1666666666666666,0.1666666666666666,weak,low,80,dense,5,0.7814281104054794,231.15941102996248,0.6923338917261309,0.6722505583927975,-42.55406900877648,-0.0820108853460153,-0.10917755201268209,-0.10917755201268198
gamma_weak__noise_low__T_80__density_dense__seed_005,oracle_hybrid,0.9022239324827778,1,1.0,0.99,243.6422267648571,307.80233022900035,0.6666666666666666,0.7080963423507395,0.6880130090174061,0.6666666666666666,0.6666666666666666,weak,low,80,dense,5,0.640694713395061,231.15941102996248,0.6923338917261309,0.6722505583927975,-12.482815734894615,-0.01576245062460857,-0.01576245062460868,0.03155584499773645
gamma_weak__noise_low__T_80__density_dense__seed_005,hybrid,0.9018408153682528,0,1.0,0.99,228.9281230948596,283.0220653649248,0.8333333333333334,0.6871071148569735,0.6670237815236401,0.8333333333333334,0.8333333333333334,weak,low,80,dense,5,0.66702378152364,231.15941102996248,0.6923338917261309,0.6722505583927975,2.2312879351028982,0.005226776869157401,0.005226776869157401,0.005226776869157512
gamma_weak__noise_medium__T_300__density_sparse__seed_002,pcmci_dag,0.7986186062453323,0,1.0,0.99,2010.6466235815,2848.1947950795798,0.1666666666666666,1.371106087058333,1.3565560870583326,0.1666666666666666,0.1666666666666666,weak,medium,300,sparse,2,1.356556087058333,1151.692535281485,0.7808274231468016,0.7737440898134684,-858.954088300015,-0.5902786639115313,-0.5828119972448642,-0.5828119972448647
gamma_weak__noise_medium__T_300__density_sparse__seed_002,oracle_hybrid,0.8174751540147842,2,1.0,0.99,1187.038097007893,1652.1100091297171,0.5,0.7990048188385016,0.7919214855051683,0.5,0.5,weak,medium,300,sparse,2,0.7912574528750752,1151.692535281485,0.7808274231468016,0.7737440898134684,-35.34556172640782,-0.01817739569169996,-0.01817739569169985,-0.01751336306160678
gamma_weak__noise_medium__T_300__density_sparse__seed_002,hybrid,0.8158745782184675,1,1.0,0.99,1171.8657887363431,1678.7803881436478,0.5,0.7901683174819237,0.7830849841485904,0.5,0.5,weak,medium,300,sparse,2,0.7948680264035785,1151.692535281485,0.7808274231468016,0.7737440898134684,-20.173253454858013,-0.009340894335122085,-0.009340894335121974,-0.021123936590110026
gamma_medium__noise_high__T_300__density_medium__seed_005,pcmci_dag,0.7031586187586665,0,1.01,0.99,813.2017586454268,1074.0190070826045,0.6666666666666666,0.5747665449238069,0.5465291973556257,0.6666666666666666,0.6666666666666666,medium,high,300,medium,5,0.5161555539954258,641.5778103600471,0.4950326061479957,0.4210826061479958,-171.6239482853797,-0.07973393877581114,-0.12544659120762985,-0.09507294784742998
gamma_medium__noise_high__T_300__density_medium__seed_005,oracle_hybrid,0.7046728825913343,3,1.01,0.99,632.7829197824793,736.6205229809609,0.8333333333333334,0.4794517238891522,0.4484880548277453,0.8333333333333334,0.8333333333333334,medium,high,300,medium,5,0.4364485074206266,641.5778103600471,0.4950326061479957,0.4210826061479958,8.794890577567799,0.01558088225884352,-0.027405448679749478,-0.015365901272630766
gamma_medium__noise_high__T_300__density_medium__seed_005,hybrid,0.7046848347088546,0,1.01,0.99,1032.045830702016,1256.7818802488234,0.6666666666666666,0.7322602301384024,0.690876896805069,0.6666666666666666,0.8333333333333334,medium,high,300,medium,5,0.4573603780344859,641.5778103600471,0.4950326061479957,0.4210826061479958,-390.4680203419689,-0.23722762399040664,-0.2697942906570732,-0.03627777188649012
gamma_weak__noise_high__T_300__density_sparse__seed_003,pcmci_dag,0.6609346756180997,0,1.01,0.99,949.3027231547898,1102.0404213149704,0.3333333333333333,0.7583857713249532,0.7367191046582864,0.3333333333333333,0.5,weak,high,300,sparse,3,0.6468236948003618,651.5129727450052,0.5528531371020368,0.53118647043537,-297.7897504097846,-0.20553263422291645,-0.20553263422291634,-0.1156372243649918
gamma_weak__noise_high__T_300__density_sparse__seed_003,oracle_hybrid,0.6608846260402478,2,1.0,0.99,638.7400970391594,804.4932757045153,0.5,0.5380178539966368,0.5163511873299701,0.5,0.5,weak,high,300,sparse,3,0.5346338565532329,651.5129727450052,0.5528531371020368,0.53118647043537,12.772875705845763,0.014835283105399943,0.014835283105399943,-0.003447386117862883
gamma_weak__noise_high__T_300__density_sparse__seed_003,hybrid,0.6616553485438262,0,1.0,0.99,744.6516497286475,882.5731563934218,0.5,0.6010575491699975,0.5793908825033308,0.5,0.5,weak,high,300,sparse,3,0.56672493825593,651.5129727450052,0.5528531371020368,0.53118647043537,-93.13867698364231,-0.04820441206796078,-0.04820441206796078,-0.035538467820559916
gamma_strong__noise_medium__T_156__density_medium__seed_004,pcmci_dag,0.5887708050013615,0,1.0,0.99,824.6316248433831,879.012617378818,0.3333333333333333,1.1193857029500396,1.0787523696167065,0.3333333333333333,0.3333333333333333,strong,medium,156,medium,4,0.980073459030108,197.91437480419435,0.2533448348233497,0.2276256713393134,-626.7172500391887,-0.8660408681266899,-0.8511266982773931,-0.7524477876907946
gamma_strong__noise_medium__T_156__density_medium__seed_004,oracle_hybrid,0.7988499363064376,1,1.0,0.99,241.7213017454248,280.58186079249333,0.8333333333333334,0.3072910935881229,0.4246910935881229,0.8333333333333334,0.8333333333333334,strong,medium,156,medium,4,0.2721943877088015,197.91437480419435,0.2533448348233497,0.2276256713393134,-43.806926941230444,-0.053946258764773214,-0.1970654222488095,-0.04456871636948809
gamma_strong__noise_medium__T_156__density_medium__seed_004,hybrid,0.7988122667500047,4,1.0,0.99,257.8959589032043,312.6052021082766,1.0,0.3186372957520737,0.4360372957520737,1.0,1.0,strong,medium,156,medium,4,0.2860774423545978,197.91437480419435,0.2533448348233497,0.2276256713393134,-59.98158409900995,-0.06529246092872404,-0.20841162441276026,-0.0584517710152844
gamma_strong__noise_medium__T_80__density_medium__seed_004,pcmci_dag,0.7709440928635384,0,1.0,0.99,385.741212036814,554.4819334443957,0.3333333333333333,1.047896092292507,1.0027794256258404,0.3333333333333333,0.3333333333333333,strong,medium,80,medium,4,0.9593252754265826,206.1854265600293,0.5891718255245234,0.5440551588578568,-179.55578547678468,-0.4587242667679835,-0.4587242667679836,-0.4152701165687258
gamma_strong__noise_medium__T_80__density_medium__seed_004,oracle_hybrid,0.7692056852029688,1,1.01,0.99,235.42354676643325,286.6691509796258,1.0,0.6488920899936055,0.6037754233269389,1.0,0.8333333333333334,strong,medium,80,medium,4,0.4894147931274866,206.1854265600293,0.5891718255245234,0.5440551588578568,-29.23812020640395,-0.059720264469082074,-0.059720264469082074,0.05464036573037023
gamma_strong__noise_medium__T_80__density_medium__seed_004,hybrid,0.7691761210998147,1,1.0,0.99,250.3734507850614,285.30790088354416,0.8333333333333334,0.7155098516137133,0.6703931849470465,0.8333333333333334,0.8333333333333334,strong,medium,80,medium,4,0.5439190762631542,206.1854265600293,0.5891718255245234,0.5440551588578568,-44.18802422503211,-0.12633802608918987,-0.12633802608918965,0.00013608259470265782
gamma_strong__noise_medium__T_156__density_dense__seed_002,pcmci_dag,0.6946082734568008,0,1.01,0.99,827.6334203021801,929.8876514686513,0.1666666666666666,1.2982230895206193,1.0812102438127142,0.1666666666666666,0.1666666666666666,strong,medium,156,dense,2,1.047074874992519,434.9551638362041,0.7197516373309815,0.3594516373309814,-392.67825646597595,-0.5784714521896378,-0.7217586064817328,-0.6876232376615375
gamma_strong__noise_medium__T_156__density_dense__seed_002,oracle_hybrid,0.7463243214949074,2,1.0,0.99,321.75853016136244,353.7026045835241,1.0,0.489149242854116,0.4826835479004511,1.0,0.8333333333333334,strong,medium,156,dense,2,0.4295225089135098,434.9551638362041,0.7197516373309815,0.3594516373309814,113.19663367484168,0.23060239447686548,-0.1232319105694697,-0.0700708715825284
gamma_strong__noise_medium__T_156__density_dense__seed_002,hybrid,0.7460705978312357,2,1.0,0.99,368.2844580986877,401.1597369687676,0.6666666666666666,0.6117844298028364,0.492351096469503,0.6666666666666666,0.8333333333333334,strong,medium,156,dense,2,0.4708674439532019,434.9551638362041,0.7197516373309815,0.3594516373309814,66.67070573751641,0.10796720752814504,-0.13289945913852158,-0.1114158066222205
gamma_strong__noise_medium__T_156__density_dense__seed_001,pcmci_dag,0.548217145890625,0,1.0,0.99,862.4200000000001,910.3764764462376,0.0,1.228,0.9689666666666668,0.0,0.0,strong,medium,156,dense,1,0.9689666666666668,316.22199349678857,0.4732394031504343,0.3151394031504343,-546.1980065032114,-0.7547605968495656,-0.6538272635162324,-0.6538272635162324
gamma_strong__noise_medium__T_156__density_dense__seed_001,oracle_hybrid,0.8310070920471739,2,1.0,0.99,323.1044510425213,407.1286902734781,0.6666666666666666,0.4624980868647255,0.5601649358076459,0.6666666666666666,0.5,strong,medium,156,dense,1,0.3368220938985175,316.22199349678857,0.4732394031504343,0.3151394031504343,-6.882457545732734,0.01074131628570879,-0.2450255326572116,-0.02168269074808321
gamma_strong__noise_medium__T_156__density_dense__seed_001,hybrid,0.830400247208355,2,1.0,0.99,566.5639210442719,753.3009243009259,0.6666666666666666,0.7978089254026157,0.9206412242786725,0.6666666666666666,0.5,strong,medium,156,dense,1,0.478884242432755,316.22199349678857,0.4732394031504343,0.3151394031504343,-250.3419275474833,-0.32456952225218144,-0.6055018211282381,-0.1637448392823207
gamma_strong__noise_low__T_300__density_dense__seed_005,pcmci_dag,0.8914566527507148,0,1.01,0.99,686.4538027327304,911.5327159071014,0.5,0.4489265790543346,0.5547277311135727,0.5,0.3333333333333333,strong,low,300,dense,5,0.4266116696232268,886.9761440067551,0.6408935269886238,0.3656101936552904,200.5223412740247,0.1919669479342892,-0.18911753745828225,-0.06100147596793637
gamma_strong__noise_low__T_300__density_dense__seed_005,oracle_hybrid,0.8931860684533658,2,1.01,0.99,601.4754953577509,681.1470633576989,0.8333333333333334,0.4155873121277316,0.3990725957112843,0.8333333333333334,0.6666666666666666,strong,low,300,dense,5,0.3225529048607893,886.9761440067551,0.6408935269886238,0.3656101936552904,285.50064864900423,0.2253062148608922,-0.03346240205599388,0.0430572887945011
gamma_strong__noise_low__T_300__density_dense__seed_005,hybrid,0.8930875336421453,6,1.0,0.99,672.9204719452027,729.3612203416529,0.8333333333333334,0.471031017548375,0.5063262297750439,0.8333333333333334,0.6666666666666666,strong,low,300,dense,5,0.2952652210126965,886.9761440067551,0.6408935269886238,0.3656101936552904,214.0556720615524,0.16986250944024878,-0.14071603611975353,0.07034497264259393
gamma_medium__noise_low__T_80__density_sparse__seed_003,pcmci_dag,0.5587208030001611,0,1.0,0.99,368.8933333333334,436.96396666849625,0.1666666666666666,1.3786500000000002,1.3209499999999998,0.1666666666666666,0.1666666666666666,medium,low,80,sparse,3,1.3209499999999998,309.92468546210995,0.9374396208978544,0.9015396208978544,-58.968647871223425,-0.4412103791021458,-0.4194103791021454,-0.4194103791021454
gamma_medium__noise_low__T_80__density_sparse__seed_003,oracle_hybrid,0.8787985079891247,2,1.01,0.99,322.6086483167947,402.10154009109374,0.6666666666666666,0.9647097660854324,0.9288097660854324,0.6666666666666666,0.6666666666666666,medium,low,80,sparse,3,0.9340312574610744,309.92468546210995,0.9374396208978544,0.9015396208978544,-12.68396285468475,-0.027270145187577977,-0.027270145187577977,-0.03249163656321996
gamma_medium__noise_low__T_80__density_sparse__seed_003,hybrid,0.8809718304827294,1,1.01,0.99,319.06348263279136,435.50263569448015,0.8333333333333334,0.8530863946749898,0.8171863946749897,0.8333333333333334,0.8333333333333334,medium,low,80,sparse,3,1.0315442308300662,309.92468546210995,0.9374396208978544,0.9015396208978544,-9.138797170681414,0.08435322622286456,0.08435322622286479,-0.13000460993221175
gamma_weak__noise_low__T_300__density_dense__seed_003,pcmci_dag,0.8668304240318174,0,1.01,0.99,1046.1620245146316,1239.5313983757685,0.3333333333333333,0.7952429260332242,0.7474429260332242,0.3333333333333333,0.3333333333333333,weak,low,300,dense,3,0.5977543195952256,499.917130166504,0.4364742922894975,0.3886742922894976,-546.2448943481277,-0.3587686337437267,-0.35876863374372653,-0.209080027305728
gamma_weak__noise_low__T_300__density_dense__seed_003,oracle_hybrid,0.8694334776915044,4,1.01,0.99,499.0328699932711,567.3396183774678,0.6666666666666666,0.4180565298790066,0.3702565298790066,0.6666666666666666,0.6666666666666666,weak,low,300,dense,3,0.3980883550070804,499.917130166504,0.4364742922894975,0.3886742922894976,0.8842601732329172,0.018417762410490923,0.018417762410491034,-0.009414062717582772
gamma_weak__noise_low__T_300__density_dense__seed_003,hybrid,0.8690638371835482,2,1.01,0.99,788.1565899974324,942.2080564660793,0.5,0.5989096237859518,0.5511096237859519,0.5,0.5,weak,low,300,dense,3,0.3849001890732875,499.917130166504,0.4364742922894975,0.3886742922894976,-288.2394598309284,-0.16243533149645428,-0.16243533149645423,0.003774103216210134
gamma_medium__noise_low__T_80__density_dense__seed_004,pcmci_dag,0.8429786325866875,0,1.0,0.99,449.0703927468567,667.0280968496602,0.1666666666666666,1.1867031301673394,1.1052364635006728,0.1666666666666666,0.1666666666666666,medium,low,80,dense,4,1.0950895189689642,188.3078262243869,0.5339138462355046,0.506847179568838,-260.7625665224698,-0.6527892839318348,-0.5983892839318349,-0.5882423394001263
gamma_medium__noise_low__T_80__density_dense__seed_004,oracle_hybrid,0.8545296831889369,0,1.0,0.99,237.48851644029605,286.6892260013421,1.0,0.6520409673062834,0.6249743006396166,1.0,1.0,medium,low,80,dense,4,0.5309966538086254,188.3078262243869,0.5339138462355046,0.506847179568838,-49.18069021590915,-0.11812712107077872,-0.1181271210707786,-0.024149474239787416
gamma_medium__noise_low__T_80__density_dense__seed_004,hybrid,0.8535822280061783,0,1.0,0.99,201.54212402754047,227.4580972025423,1.0,0.5599051774985019,0.5328385108318351,1.0,1.0,medium,low,80,dense,4,0.5265921680217907,188.3078262243869,0.5339138462355046,0.506847179568838,-13.234297803153567,-0.02599133126299724,-0.02599133126299713,-0.019744988452952694
gamma_strong__noise_low__T_300__density_sparse__seed_002,pcmci_dag,0.8614181272485151,0,1.0,0.99,2239.725273049032,3253.449604655544,0.1666666666666666,1.5018749400674365,1.4771416067341032,0.1666666666666666,0.1666666666666666,strong,low,300,sparse,2,1.4357380568246765,997.6541138715464,0.7126194579095378,0.6226194579095378,-1242.0711591774852,-0.7892554821578986,-0.8545221488245655,-0.8131185989151387
gamma_strong__noise_low__T_300__density_sparse__seed_002,oracle_hybrid,0.88481446089994,3,1.0,0.99,921.8770073602628,1119.484041989223,0.3333333333333333,0.6419746636824178,0.6172413303490846,0.3333333333333333,0.1666666666666666,strong,low,300,sparse,2,0.6081508954605167,997.6541138715464,0.7126194579095378,0.6226194579095378,75.77710651128359,0.07064479422712,0.005378127560453194,0.01446856244902106
gamma_strong__noise_low__T_300__density_sparse__seed_002,hybrid,0.8845740810683447,1,1.01,0.99,861.7818728599888,1064.8972008061755,0.6666666666666666,0.5954932196241867,0.5707598862908534,0.6666666666666666,0.5,strong,low,300,sparse,2,0.580984099010155,997.6541138715464,0.7126194579095378,0.6226194579095378,135.87224101155766,0.11712623828535118,0.051859571618684375,0.041635358899382746
gamma_weak__noise_low__T_156__density_sparse__seed_004,pcmci_dag,0.8388126734874146,10,1.02,0.99,338.832883550188,450.8230046159738,0.6666666666666666,0.5019298299534799,0.5129464966201465,0.6666666666666666,0.5,weak,low,156,sparse,4,0.5058841361954362,237.0087067480491,0.2917145890420693,0.302731255708736,-101.82417680213891,-0.21021524091141058,-0.21021524091141047,-0.20315288048670016
gamma_weak__noise_low__T_156__density_sparse__seed_004,oracle_hybrid,0.8755478792681106,5,1.01,0.99,283.46199846220014,365.2441762351599,0.8333333333333334,0.3502757232801584,0.361292389946825,0.8333333333333334,0.8333333333333334,weak,low,156,sparse,4,0.3421058198134053,237.0087067480491,0.2917145890420693,0.302731255708736,-46.45329171415105,-0.05856113423808906,-0.05856113423808901,-0.03937456410466933
gamma_weak__noise_low__T_156__density_sparse__seed_004,hybrid,0.875275815005406,4,1.01,0.99,273.6421854840408,358.563626701328,0.6666666666666666,0.3364325977457378,0.3474492644124045,0.6666666666666666,0.6666666666666666,weak,low,156,sparse,4,0.3392510491704855,237.0087067480491,0.2917145890420693,0.302731255708736,-36.6334787359917,-0.04471800870366849,-0.04471800870366849,-0.036519793461749495
gamma_weak__noise_medium__T_156__density_medium__seed_001,pcmci_dag,0.7603103720229868,0,1.01,0.99,458.861598909012,574.8548514407153,0.6666666666666666,0.6692123166970468,0.6713956500303805,0.6666666666666666,0.6666666666666666,weak,medium,156,medium,1,0.435115307232009,274.0084071938957,0.3995298786029029,0.3973465452695695,-184.85319171511628,-0.26968243809414394,-0.274049104760811,-0.0377687619624395
gamma_weak__noise_medium__T_156__density_medium__seed_001,oracle_hybrid,0.830638945631653,3,1.0,0.99,309.5087453237059,339.2642762517443,0.8333333333333334,0.4413884898128046,0.4392051564794713,0.8333333333333334,0.8333333333333334,weak,medium,156,medium,1,0.4290973533299455,274.0084071938957,0.3995298786029029,0.3973465452695695,-35.50033812981019,-0.0418586112099017,-0.04185861120990181,-0.031750808060376
gamma_weak__noise_medium__T_156__density_medium__seed_001,hybrid,0.8308873741619697,0,1.0,0.99,633.4162506152542,888.127113653775,0.5,0.9021161473968728,0.8999328140635395,0.5,0.5,weak,medium,156,medium,1,0.5554638434922334,274.0084071938957,0.3995298786029029,0.3973465452695695,-359.40784342135845,-0.50258626879397,-0.5025862687939701,-0.15811729822266396
gamma_strong__noise_high__T_300__density_dense__seed_003,pcmci_dag,0.6713040856681348,0,1.0,0.99,1322.6960275654617,1517.6946277254792,0.3333333333333333,0.9906106080138768,0.8777439413472102,0.3333333333333333,0.3333333333333333,strong,high,300,dense,3,0.7880504403565111,812.630000469701,0.6936982591311015,0.4290553638264092,-510.06602709576066,-0.2969123488827753,-0.44868857752080105,-0.3589950765301019
gamma_strong__noise_high__T_300__density_dense__seed_003,oracle_hybrid,0.672561969901552,1,1.0,0.99,732.6773065878415,904.6269687813896,0.6666666666666666,0.5720472211662435,0.5389296806281737,0.6666666666666666,0.8333333333333334,strong,high,300,dense,3,0.4102504441660222,812.630000469701,0.6936982591311015,0.4290553638264092,79.95269388185955,0.12165103796485799,-0.10987431680176452,0.018804919660387
gamma_strong__noise_high__T_300__density_dense__seed_003,hybrid,0.6708476652866057,0,1.0,0.99,777.0175669144509,920.886193017076,0.6666666666666666,0.630017902377269,0.5171512357106024,0.6666666666666666,0.6666666666666666,strong,high,300,dense,3,0.4134360414022054,812.630000469701,0.6936982591311015,0.4290553638264092,35.61243355525016,0.06368035675383255,-0.08809587188419321,0.015619322424203774
gamma_medium__noise_high__T_300__density_sparse__seed_004,pcmci_dag,0.7044607265053369,3,1.01,0.99,1662.4498130953757,1878.505604854057,0.1666666666666666,1.1673081886107788,1.1109248552774451,0.1666666666666666,0.1666666666666666,medium,high,300,sparse,4,1.152099501713076,660.1046088094664,0.5569769129988791,0.5073878833879554,-1002.3452042859093,-0.6103312756118997,-0.6035369718894897,-0.6447116183251206
gamma_medium__noise_high__T_300__density_sparse__seed_004,oracle_hybrid,0.724816859888367,0,1.0,0.99,681.6116139469817,747.3285220230308,0.6666666666666666,0.5588191219651081,0.5266691219651082,0.6666666666666666,0.6666666666666666,medium,high,300,sparse,4,0.5463562101814458,660.1046088094664,0.5569769129988791,0.5073878833879554,-21.507005137515307,-0.0018422089662289975,-0.019281238577152804,-0.03896832679349038
gamma_medium__noise_high__T_300__density_sparse__seed_004,hybrid,0.7251463678416644,0,1.01,0.99,669.0426678679258,736.2512656626064,0.6666666666666666,0.5524840974798696,0.5203340974798696,0.6666666666666666,0.8333333333333334,medium,high,300,sparse,4,0.5397333656929851,660.1046088094664,0.5569769129988791,0.5073878833879554,-8.93805905845943,0.004492815519009485,-0.01294621409191421,-0.03234548230502976
gamma_strong__noise_low__T_80__density_sparse__seed_004,pcmci_dag,0.8431335733874668,0,1.0,0.99,362.3274545822956,517.7448296296844,0.3333333333333333,0.968441256313653,0.9583579229803196,0.3333333333333333,0.1666666666666666,strong,low,80,sparse,4,0.9281480069344118,217.0923686426241,0.5967093143567922,0.5661451180404469,-145.2350859396715,-0.37173194195686077,-0.39221280493987276,-0.3620028888939649
gamma_strong__noise_low__T_80__density_sparse__seed_004,oracle_hybrid,0.8551222236622641,0,1.0,0.99,240.25662229115983,294.3974152057286,0.8333333333333334,0.6478461984601661,0.6377628651268328,0.8333333333333334,0.6666666666666666,strong,low,80,sparse,4,0.6203598703414915,217.0923686426241,0.5967093143567922,0.5661451180404469,-23.16425364853572,-0.051136884103373914,-0.07161774708638591,-0.054214752301044666
gamma_strong__noise_low__T_80__density_sparse__seed_004,hybrid,0.8538239225497444,0,1.0,0.99,226.93250843060613,275.20147843551683,0.8333333333333334,0.6171630861575603,0.607079752824227,0.8333333333333334,0.6666666666666666,strong,low,80,sparse,4,0.5896335935816667,217.0923686426241,0.5967093143567922,0.5661451180404469,-9.840139787982025,-0.020453771800768128,-0.04093463478378012,-0.0234884755412198
gamma_weak__noise_medium__T_80__density_sparse__seed_001,pcmci_dag,0.7417588915804955,0,1.0,0.99,215.75810896324515,268.42339927026615,0.1666666666666666,0.5556203774080123,0.5584037107413456,0.1666666666666666,0.1666666666666666,weak,medium,80,sparse,1,0.5353466797001412,141.6017939257299,0.3644476583631422,0.3700309916964756,-74.15631503751524,-0.1911727190448701,-0.18837271904487007,-0.16531568800366558
gamma_weak__noise_medium__T_80__density_sparse__seed_001,oracle_hybrid,0.7738308241043224,0,1.0,0.99,170.90771320452825,210.8406767713959,0.6666666666666666,0.4383544152174219,0.4439377485507554,0.6666666666666666,0.6666666666666666,weak,medium,80,sparse,1,0.4162081858371452,141.6017939257299,0.3644476583631422,0.3700309916964756,-29.305919278798342,-0.07390675685427972,-0.07390675685427983,-0.04617719414066962
gamma_weak__noise_medium__T_80__density_sparse__seed_001,hybrid,0.7712102341354572,0,1.0,0.99,175.17950027110908,232.57126728608728,0.6666666666666666,0.4501968460366386,0.455780179369972,0.6666666666666666,0.6666666666666666,weak,medium,80,sparse,1,0.3505782331188186,141.6017939257299,0.3644476583631422,0.3700309916964756,-33.57770634537917,-0.08574918767349643,-0.08574918767349643,0.019452758577656992
gamma_weak__noise_medium__T_80__density_dense__seed_004,pcmci_dag,0.7650823718836609,0,1.0,0.99,240.3792010688791,315.7602113754462,0.3333333333333333,0.6837764003400282,0.6777597336733615,0.3333333333333333,0.3333333333333333,weak,medium,80,dense,4,0.6777597336733615,210.2862763903512,0.6069613160720125,0.5912779827386792,-30.092924678527908,-0.07681508426801564,-0.08648175093468236,-0.08648175093468236
gamma_weak__noise_medium__T_80__density_dense__seed_004,oracle_hybrid,0.765222597402505,0,1.0,0.99,229.7941857367464,282.2165571242188,0.8333333333333334,0.6532814932432317,0.6375981599098983,0.8333333333333334,0.8333333333333334,weak,medium,80,dense,4,0.5758003327074511,210.2862763903512,0.6069613160720125,0.5912779827386792,-19.507909346395223,-0.04632017717121917,-0.04632017717121917,0.01547765003122803
gamma_weak__noise_medium__T_80__density_dense__seed_004,hybrid,0.7624250936040011,0,1.0,0.99,208.3339621287353,241.19973575232424,1.0,0.604282676433876,0.5885993431005426,1.0,1.0,weak,medium,80,dense,4,0.5885993431005427,210.2862763903512,0.6069613160720125,0.5912779827386792,1.9523142616158964,0.0026786396381365263,0.0026786396381365263,0.0026786396381364153
gamma_strong__noise_high__T_300__density_medium__seed_003,pcmci_dag,0.6343682294602339,0,1.0,0.99,2409.2582753770234,3361.550755132622,0.0,1.7372349614947176,1.6301682948280505,0.0,0.0,strong,high,300,medium,3,1.5801916213519227,796.1708204141278,0.6772477831918547,0.5161144498585214,-1613.0874549628957,-1.0599871783028627,-1.1140538449695292,-1.0640771714934014
gamma_strong__noise_high__T_300__density_medium__seed_003,oracle_hybrid,0.6677236573736747,0,1.0,0.99,651.5930245969871,809.4080006660004,0.6666666666666666,0.5240679006932237,0.3992265453057109,0.6666666666666666,0.8333333333333334,strong,high,300,medium,3,0.4124256726181235,796.1708204141278,0.6772477831918547,0.5161144498585214,144.57779581714067,0.15317988249863101,0.1168879045528105,0.10368877724039788
gamma_strong__noise_high__T_300__density_medium__seed_003,hybrid,0.6653158462542118,0,1.0,0.99,704.0732505389324,858.8986574815917,0.6666666666666666,0.5857795723842454,0.4582624657951868,0.6666666666666666,0.8333333333333334,strong,high,300,medium,3,0.4071134711063278,796.1708204141278,0.6772477831918547,0.5161144498585214,92.0975698751954,0.09146821080760936,0.05785198406333458,0.10900097875219361
gamma_weak__noise_high__T_300__density_sparse__seed_005,pcmci_dag,0.6988331353060396,0,1.0,0.99,1591.5925606059975,1973.1510164855397,0.3333333333333333,1.042037245247761,1.026053911914428,0.3333333333333333,0.3333333333333333,weak,high,300,sparse,5,0.976119029837779,849.6708902317342,0.601974040207559,0.5954907068742257,-741.9216703742633,-0.44006320504020213,-0.4305632050402024,-0.3806283229635533
gamma_weak__noise_high__T_300__density_sparse__seed_005,oracle_hybrid,0.7043027307057077,0,1.0,0.99,892.7977635447828,1045.993694971094,0.6666666666666666,0.6352117749242492,0.6287284415909159,0.6666666666666666,0.6666666666666666,weak,high,300,sparse,5,0.6172059040335411,849.6708902317342,0.601974040207559,0.5954907068742257,-43.12687331304858,-0.033237734716690226,-0.033237734716690226,-0.02171519715931547
gamma_weak__noise_high__T_300__density_sparse__seed_005,hybrid,0.704345995028774,2,1.01,0.99,1179.3883609672205,1447.186012621287,0.6666666666666666,0.8066772744476922,0.8001939411143587,0.6666666666666666,0.6666666666666666,weak,high,300,sparse,5,0.6208411777987414,849.6708902317342,0.601974040207559,0.5954907068742257,-329.71747073548624,-0.20470323424013326,-0.20470323424013304,-0.0253504709245157
gamma_strong__noise_high__T_80__density_sparse__seed_005,pcmci_dag,0.7253308534174163,0,1.0,0.99,313.40160020894,388.8805985732545,0.5,0.8905329102974745,0.8639662436308079,0.5,0.5,strong,high,80,sparse,5,0.8339779037339564,298.46343375956343,0.8523836693439363,0.8258170026772697,-14.938166449376581,-0.03814924095353822,-0.03814924095353822,-0.008160901056686765
gamma_strong__noise_high__T_80__density_sparse__seed_005,oracle_hybrid,0.7496891457319929,0,1.0,0.99,311.5199954134754,406.0397626898916,0.6666666666666666,0.8826034795533592,0.8560368128866925,0.6666666666666666,0.6666666666666666,strong,high,80,sparse,5,0.8161282813605425,298.46343375956343,0.8523836693439363,0.8258170026772697,-13.056561653911956,-0.03021981020942288,-0.03021981020942288,0.009688721316727156
gamma_strong__noise_high__T_80__density_sparse__seed_005,hybrid,0.7495345709466942,0,1.0,0.99,309.2688785274675,417.583537386666,0.6666666666666666,0.8756114202631274,0.8490447535964606,0.6666666666666666,0.6666666666666666,strong,high,80,sparse,5,0.8138992619991144,298.46343375956343,0.8523836693439363,0.8258170026772697,-10.805444767904078,-0.02322775091919116,-0.023227750919190937,0.011917740678155209
gamma_weak__noise_high__T_300__density_medium__seed_003,pcmci_dag,0.653185571661663,0,1.01,0.99,1377.4198636333822,1637.6219213294144,0.1666666666666666,1.0860581196568622,1.050558119656862,0.1666666666666666,0.1666666666666666,weak,high,300,medium,3,0.899118183013058,649.9345567425548,0.5621669911210863,0.5276669911210863,-727.4853068908274,-0.5238911285357759,-0.5228911285357758,-0.37145119189197173
gamma_weak__noise_high__T_300__density_medium__seed_003,oracle_hybrid,0.6622013114423791,0,1.01,0.99,653.944111430505,817.368171006365,0.6666666666666666,0.542823006837433,0.508323006837433,0.6666666666666666,0.6666666666666666,weak,high,300,medium,3,0.5132564939605612,649.9345567425548,0.5621669911210863,0.5276669911210863,-4.009554687950185,0.01934398428365325,0.01934398428365325,0.014410497160525115
gamma_weak__noise_high__T_300__density_medium__seed_003,hybrid,0.6605905912381673,1,1.0,0.99,820.6975231397547,958.714607756254,0.6666666666666666,0.650513295695428,0.6160132956954281,0.6666666666666666,0.6666666666666666,weak,high,300,medium,3,0.5222946317316554,649.9345567425548,0.5621669911210863,0.5276669911210863,-170.76296639719988,-0.08834630457434178,-0.08834630457434178,0.005372359389430925
gamma_strong__noise_low__T_80__density_medium__seed_002,pcmci_dag,0.7534809793109325,0,1.0,0.99,336.0125987786776,374.6860591065124,0.0,0.9934143617271064,0.9437810283937732,0.0,0.0,strong,low,80,medium,2,0.8521665450880191,170.46954684893237,0.4293114855159278,0.4427781521825945,-165.54305192974525,-0.5641028762111786,-0.5010028762111787,-0.40938839290542467
gamma_strong__noise_low__T_80__density_medium__seed_002,oracle_hybrid,0.8468314498517545,3,1.0,0.99,192.12343113572996,275.20839210280377,0.8333333333333334,0.4870543509689786,0.5960613837435292,0.8333333333333334,0.6666666666666666,strong,low,80,medium,2,0.3804572679405056,170.46954684893237,0.4293114855159278,0.4427781521825945,-21.65388428679759,-0.057742865453050796,-0.15328323156093476,0.06232088424208887
gamma_strong__noise_low__T_80__density_medium__seed_002,hybrid,0.8485841006682676,1,1.0,0.99,197.30999419775563,280.9633555042641,0.8333333333333334,0.5036168834494898,0.6116427312792226,0.8333333333333334,0.8333333333333334,strong,low,80,medium,2,0.368397993564993,170.46954684893237,0.4293114855159278,0.4427781521825945,-26.84044734882326,-0.07430539793356206,-0.16886457909662816,0.0743801586176015
gamma_weak__noise_high__T_156__density_sparse__seed_005,pcmci_dag,0.5440760508649876,0,1.01,0.99,607.2845453549826,818.5937865746663,0.5,0.7866835581764967,0.7685168915098303,0.5,0.5,weak,high,156,sparse,5,0.5222934929420954,334.9513202981129,0.4853383763379195,0.4751587899039788,-272.3332250568697,-0.3013451818385772,-0.29335810160585146,-0.047134703038116565
gamma_weak__noise_high__T_156__density_sparse__seed_005,oracle_hybrid,0.5875097659060263,0,1.01,0.99,328.935486536012,440.2182256654688,0.6666666666666666,0.4758730249382267,0.4672730249382269,0.6666666666666666,0.6666666666666666,weak,high,156,sparse,5,0.4759368791402599,334.9513202981129,0.4853383763379195,0.4751587899039788,6.015833762100897,0.00946535139969279,0.007885764965751885,-0.0007780892362810876
gamma_weak__noise_high__T_156__density_sparse__seed_005,hybrid,0.5862958770934588,1,1.0,0.99,621.3775081030955,856.6700402633109,0.6666666666666666,0.7851434660566428,0.7765434660566427,0.6666666666666666,0.6666666666666666,weak,high,156,sparse,5,0.506731983643213,334.9513202981129,0.4853383763379195,0.4751587899039788,-286.4261878049826,-0.29980508971872327,-0.3013846761526639,-0.03157319373923423
gamma_weak__noise_medium__T_80__density_dense__seed_001,pcmci_dag,0.743696058869923,0,1.0,0.99,223.60571754227843,268.24008043764013,0.0,0.5759278626580526,0.5757278626580526,0.0,0.0,weak,medium,80,dense,1,0.5531029513172304,135.05585441097688,0.3438303748470884,0.3527303748470884,-88.54986313130155,-0.23209748781096423,-0.22299748781096423,-0.200372576470142
gamma_weak__noise_medium__T_80__density_dense__seed_001,oracle_hybrid,0.7695422060658412,0,1.01,0.99,179.59610177105844,237.58833035685447,0.6666666666666666,0.4612369153559173,0.4701369153559172,0.6666666666666666,0.6666666666666666,weak,medium,80,dense,1,0.3009390039990669,135.05585441097688,0.3438303748470884,0.3527303748470884,-44.540247360081565,-0.11740654050882893,-0.11740654050882876,0.05179137084802149
gamma_weak__noise_medium__T_80__density_dense__seed_001,hybrid,0.7740490339149446,0,1.0,0.99,170.73198909545647,221.41911145236816,0.6666666666666666,0.4394212221214725,0.4483212221214725,0.6666666666666666,0.6666666666666666,weak,medium,80,dense,1,0.3375932778346525,135.05585441097688,0.3438303748470884,0.3527303748470884,-35.67613468447959,-0.0955908472743841,-0.0955908472743841,0.01513709701243593
gamma_medium__noise_low__T_300__density_medium__seed_005,pcmci_dag,0.8907370477406118,0,1.0,0.99,947.7059165453028,1192.1451656957324,0.5,0.6352342027605825,0.5706161088528418,0.5,0.6666666666666666,medium,low,300,medium,5,0.5439873197740915,457.7491342553163,0.354097756167324,0.280147756167324,-489.9567822899865,-0.28113644659325854,-0.29046835268551774,-0.2638395636067675
gamma_medium__noise_low__T_300__density_medium__seed_005,oracle_hybrid,0.8917154012525393,5,1.01,0.99,446.4244716619011,499.3445184367246,0.8333333333333334,0.3312370206859584,0.2967383481852435,0.8333333333333334,0.8333333333333334,medium,low,300,medium,5,0.292595863126096,457.7491342553163,0.354097756167324,0.280147756167324,11.324662593415155,0.02286073548136558,-0.01659059201791946,-0.012448106958771965
gamma_medium__noise_low__T_300__density_medium__seed_005,hybrid,0.891663069536783,14,1.01,0.99,801.7565522548348,1019.424752708442,0.6666666666666666,0.5639545606042791,0.5225712272709456,0.6666666666666666,0.8333333333333334,medium,low,300,medium,5,0.3369734963460449,457.7491342553163,0.354097756167324,0.280147756167324,-344.0074179995185,-0.2098568044369551,-0.2424234711036216,-0.056825740178720885
gamma_strong__noise_high__T_80__density_sparse__seed_003,pcmci_dag,0.4204615765820644,0,1.0,0.99,364.0900000000001,424.5346984248363,0.1666666666666666,1.3592333333333333,1.25005,0.1666666666666666,0.1666666666666666,strong,high,80,sparse,3,1.25005,375.6195090990299,1.1046640354314718,1.0455140354314718,11.529509099029838,-0.25456929790186145,-0.2045359645685283,-0.2045359645685283
gamma_strong__noise_high__T_80__density_sparse__seed_003,oracle_hybrid,0.6995237380606514,0,1.0,0.99,390.0511909157372,471.8959497931125,0.8333333333333334,1.1025674889641353,1.043417488964135,0.8333333333333334,0.8333333333333334,strong,high,80,sparse,3,1.0236212872400643,375.6195090990299,1.1046640354314718,1.0455140354314718,-14.431681816707282,0.0020965464673365908,0.002096546467336813,0.02189274819140752
gamma_strong__noise_high__T_80__density_sparse__seed_003,hybrid,0.6989361514425669,0,1.0,0.99,420.192757917768,483.7924284704905,0.8333333333333334,1.242643335172713,1.1965386346764113,0.8333333333333334,0.8333333333333334,strong,high,80,sparse,3,1.0724622607264245,375.6195090990299,1.1046640354314718,1.0455140354314718,-44.57324881873808,-0.13797929974124123,-0.1510245992449395,-0.026948225294952666
gamma_medium__noise_low__T_300__density_medium__seed_001,pcmci_dag,0.8825757002705359,0,1.0,0.99,1027.6191374315954,1526.680972605013,0.3333333333333333,0.6573445027436939,0.5945565252969938,0.3333333333333333,0.5,medium,low,300,medium,1,0.6424911989620664,677.5426892785835,0.4663722653951179,0.4071127093554567,-350.07644815301194,-0.19097223734857605,-0.18744381594153708,-0.23537848960660973
gamma_medium__noise_low__T_300__density_medium__seed_001,oracle_hybrid,0.8843753662866489,3,1.0,0.99,659.3312437544014,825.1832659255887,0.8333333333333334,0.436087348530262,0.4006540151969287,0.8333333333333334,0.8333333333333334,medium,low,300,medium,1,0.4207688022600766,677.5426892785835,0.4663722653951179,0.4071127093554567,18.211445524182068,0.030284916864855904,0.006458694158527956,-0.013656092904619943
gamma_medium__noise_low__T_300__density_medium__seed_001,hybrid,0.8849842512611998,6,1.0,0.99,685.8192436406813,869.9904585299718,0.8333333333333334,0.4505388272871002,0.415105493953767,0.8333333333333334,0.6666666666666666,medium,low,300,medium,1,0.4343606702022655,677.5426892785835,0.4663722653951179,0.4071127093554567,-8.27655436209784,0.015833438108017683,-0.00799278459831032,-0.027247960846808805
gamma_weak__noise_medium__T_80__density_medium__seed_002,pcmci_dag,0.6941344020484393,0,1.0,0.99,329.2542507131809,397.226127212113,0.0,0.9792245109337402,0.9744745109337402,0.0,0.0,weak,medium,80,medium,2,0.926385351947568,200.1850791757355,0.5132350504765836,0.5134517171432503,-129.0691715374454,-0.4659894604571566,-0.4610227937904898,-0.41293363480431766
gamma_weak__noise_medium__T_80__density_medium__seed_002,oracle_hybrid,0.7783642258972613,1,1.01,0.99,218.9485202221381,318.05693625902416,0.8333333333333334,0.5652826011964485,0.5724260759327389,0.8333333333333334,0.8333333333333334,weak,medium,80,medium,2,0.5140999027673776,200.1850791757355,0.5132350504765836,0.5134517171432503,-18.76344104640259,-0.05204755071986489,-0.058974358789488535,-0.0006481856241272732
gamma_weak__noise_medium__T_80__density_medium__seed_002,hybrid,0.7794735430230892,0,1.01,0.99,212.6874795685725,309.03205191309445,1.0,0.5445160708345672,0.5564994041679004,1.0,0.8333333333333334,weak,medium,80,medium,2,0.5199857658931344,200.1850791757355,0.5132350504765836,0.5134517171432503,-12.502400392837018,-0.031281020357983635,-0.043047687024650116,-0.006534048749884058
gamma_medium__noise_medium__T_80__density_medium__seed_003,pcmci_dag,0.5157783227917228,0,1.0,0.99,378.88000000000005,438.64690473470046,0.0,1.4200833333333334,1.2851333333333332,0.0,0.0,medium,medium,80,medium,3,1.2851333333333332,279.7738742774235,0.8742557790762563,0.7675057790762564,-99.10612572257656,-0.5458275542570771,-0.5176275542570768,-0.5176275542570768
gamma_medium__noise_medium__T_80__density_medium__seed_003,oracle_hybrid,0.8074332561929852,2,1.0,0.99,318.9541982653155,361.7469522931498,0.8333333333333334,0.9341822071781896,0.8274322071781898,0.8333333333333334,0.8333333333333334,medium,medium,80,medium,3,0.8253975713030561,279.7738742774235,0.8742557790762563,0.7675057790762564,-39.180323987891995,-0.05992642810193327,-0.05992642810193338,-0.05789179222679974
gamma_medium__noise_medium__T_80__density_medium__seed_003,hybrid,0.8086539480318811,1,1.0,0.99,369.9350828476718,504.95227760835314,0.8333333333333334,1.062530610422061,0.9557806104220612,0.8333333333333334,0.8333333333333334,medium,medium,80,medium,3,0.5573250105522866,279.7738742774235,0.8742557790762563,0.7675057790762564,-90.16120857024833,-0.1882748313458048,-0.1882748313458048,0.21018076852396983
gamma_strong__noise_medium__T_156__density_sparse__seed_002,pcmci_dag,0.7114456197039932,0,1.02,0.99,669.4304748338072,859.8616522207262,0.3333333333333333,1.0520309732913826,1.0408690267086171,0.3333333333333333,0.3333333333333333,strong,medium,156,sparse,2,1.0262694961793657,378.0177536514632,0.5938391163421383,0.4977057830088049,-291.41272118234406,-0.45819185694924436,-0.5431632436998122,-0.5285637131705607
gamma_strong__noise_medium__T_156__density_sparse__seed_002,oracle_hybrid,0.7440704143206128,1,1.01,0.99,296.3154125609448,314.6737581545568,0.8333333333333334,0.46349208234154,0.4245587490082066,0.8333333333333334,0.8333333333333334,strong,medium,156,sparse,2,0.4485923526969013,378.0177536514632,0.5938391163421383,0.4977057830088049,81.70234109051836,0.13034703400059827,0.0731470340005983,0.04911343031190363
gamma_strong__noise_medium__T_156__density_sparse__seed_002,hybrid,0.7445337263103327,1,1.0,0.99,319.6655044097641,349.2629263585515,0.8333333333333334,0.4844049212400929,0.4454715879067595,0.8333333333333334,0.8333333333333334,strong,medium,156,sparse,2,0.4658780832712627,378.0177536514632,0.5938391163421383,0.4977057830088049,58.3522492416991,0.10943419510204538,0.05223419510204541,0.03182769973754224
gamma_medium__noise_medium__T_80__density_dense__seed_003,pcmci_dag,0.5168099107013302,0,1.0,0.99,392.34833333333336,436.79359662202006,0.0,1.4451166666666666,1.2533333333333334,0.0,0.0,medium,medium,80,dense,3,1.2533333333333334,213.1218974159948,0.732831227005553,0.6016145603388864,-179.22643591733856,-0.7122854396611136,-0.651718772994447,-0.651718772994447
gamma_medium__noise_medium__T_80__density_dense__seed_003,oracle_hybrid,0.8080443785519693,0,1.0,0.99,234.4193706397972,284.5255651251072,1.0,0.7056510862877139,0.618889781962855,1.0,1.0,medium,medium,80,dense,3,0.658118509913374,213.1218974159948,0.732831227005553,0.6016145603388864,-21.2974732238024,0.02718014071783914,-0.017275221623968662,-0.056503949574487566
gamma_medium__noise_medium__T_80__density_dense__seed_003,hybrid,0.8075122612977662,0,1.0,0.99,337.04533780192884,386.61439404513584,0.6666666666666666,1.0235504345744284,0.8923337679077615,0.6666666666666666,0.6666666666666666,medium,medium,80,dense,3,0.7001652789983425,213.1218974159948,0.732831227005553,0.6016145603388864,-123.92344038593404,-0.29071920756887537,-0.29071920756887515,-0.09855071865945608
gamma_strong__noise_high__T_80__density_medium__seed_003,pcmci_dag,0.4314738319151229,0,1.0,0.99,384.8033333333333,427.9349816268822,0.0,1.4378166666666663,1.1880666666666666,0.0,0.0,strong,high,80,medium,3,1.1880666666666666,270.980194002859,0.8587157466315666,0.7752804422865,-113.8231393304743,-0.5791009200350997,-0.41278622438016666,-0.41278622438016666
gamma_strong__noise_high__T_80__density_medium__seed_003,oracle_hybrid,0.7018759514139373,0,1.0,0.99,329.93206582540523,387.8783850029697,0.8333333333333334,0.9444957092843632,1.0314790426176967,0.8333333333333334,0.8333333333333334,strong,high,80,medium,3,0.85096012955739,270.980194002859,0.8587157466315666,0.7752804422865,-58.95187182254625,-0.08577996265279664,-0.2561986003311968,-0.07567968727089003
gamma_strong__noise_high__T_80__density_medium__seed_003,hybrid,0.6980823545036371,0,1.0,0.99,337.79588819992904,388.0570261850581,1.0,0.9905782303044522,0.9303814348774072,1.0,0.8333333333333334,strong,high,80,medium,3,0.852517586476245,270.980194002859,0.8587157466315666,0.7752804422865,-66.81569419707006,-0.13186248367288567,-0.15510099259090726,-0.07723714418974503
gamma_medium__noise_medium__T_80__density_sparse__seed_002,pcmci_dag,0.6894006379746219,0,1.0,0.99,335.975539289796,402.9358512969157,0.1666666666666666,1.0014054922939184,0.9694388256272516,0.1666666666666666,0.1666666666666666,medium,medium,80,sparse,2,0.9147478684664768,164.63753712587268,0.4284410422550426,0.4434077089217093,-171.33800216392333,-0.5729644500388757,-0.5260311167055423,-0.47134015954476755
gamma_medium__noise_medium__T_80__density_sparse__seed_002,oracle_hybrid,0.7749757827329974,0,1.0,0.99,170.6090889732629,250.0839704252381,0.8333333333333334,0.4556105183185903,0.4875771849852569,0.8333333333333334,0.8333333333333334,medium,medium,80,sparse,2,0.4492445774604423,164.63753712587268,0.4284410422550426,0.4434077089217093,-5.971551847390231,-0.027169476063547693,-0.0441694760635476,-0.005836868538732998
gamma_medium__noise_medium__T_80__density_sparse__seed_002,hybrid,0.7781662786077578,1,1.01,0.99,188.36971130827467,257.2566990727474,0.8333333333333334,0.5008848905902225,0.5328515572568893,0.8333333333333334,0.8333333333333334,medium,medium,80,sparse,2,0.4797915543605159,164.63753712587268,0.4284410422550426,0.4434077089217093,-23.73217418240199,-0.07244384833517986,-0.08944384833517999,-0.03638384543880663
gamma_weak__noise_high__T_80__density_dense__seed_003,pcmci_dag,0.5813351855443327,0,1.0,0.99,631.2352604957513,970.064132115158,0.1666666666666666,1.9166752363163717,1.8566585696497044,0.1666666666666666,0.1666666666666666,weak,high,80,dense,3,1.4843845294935314,293.1509868487894,0.8935036858789599,0.8480774785273608,-338.0842736469619,-1.0231715504374117,-1.0085810911223436,-0.6363070509661706
gamma_weak__noise_high__T_80__density_dense__seed_003,oracle_hybrid,0.6988247045643877,0,1.0,0.99,316.0091617277175,370.616331712343,0.8333333333333334,0.9137020060728444,0.8595520060728443,0.8333333333333334,0.8333333333333334,weak,high,80,dense,3,0.9319399942308086,293.1509868487894,0.8935036858789599,0.8480774785273608,-22.85817487892814,-0.020198320193884456,-0.011474527545483504,-0.08386251570344783
gamma_weak__noise_high__T_80__density_dense__seed_003,hybrid,0.6981775115395356,0,1.0,0.99,400.8951429980586,521.6730943458476,1.0,1.0749786277026356,1.0208286277026355,1.0,1.0,weak,high,80,dense,3,0.908382274267308,293.1509868487894,0.8935036858789599,0.8480774785273608,-107.7441561492692,-0.18147494182367574,-0.17275114917527468,-0.06030479573994718
gamma_medium__noise_high__T_80__density_medium__seed_002,pcmci_dag,0.5863522857545078,0,1.01,0.99,331.0240564624687,386.1309664671623,0.0,0.9817255066471876,0.9627088399805208,0.0,0.0,medium,high,80,medium,2,0.905176910810722,195.3224103109308,0.5148440503647883,0.5174607170314551,-135.70164615153791,-0.4668814562823993,-0.4452481229490657,-0.3877161937792669
gamma_medium__noise_high__T_80__density_medium__seed_002,oracle_hybrid,0.6752601195399808,0,1.0,0.99,205.58705960185287,294.4613289532104,0.8333333333333334,0.5476890935707323,0.6009724269040656,0.8333333333333334,0.8333333333333334,medium,high,80,medium,2,0.4518576086730029,195.3224103109308,0.5148440503647883,0.5174607170314551,-10.26464929092208,-0.03284504320594395,-0.08351170987261047,0.06560310835845223
gamma_medium__noise_high__T_80__density_medium__seed_002,hybrid,0.6740458083472927,0,1.0,0.99,199.30153133893444,268.81022159023587,1.0,0.5347230732733466,0.58800640660668,1.0,1.0,medium,high,80,medium,2,0.5079827178149342,195.3224103109308,0.5148440503647883,0.5174607170314551,-3.9791210280036466,-0.019879022908558253,-0.07054568957522489,0.009477999216520927
gamma_strong__noise_low__T_80__density_medium__seed_005,pcmci_dag,0.8695475374368458,0,1.01,0.99,304.70181407008295,335.4857499436978,0.1666666666666666,0.876703211212897,0.8536698778795636,0.1666666666666666,0.0,strong,low,80,medium,5,0.6976067034486051,210.89264559703523,0.645097800731183,0.5943311340645163,-93.80916847304772,-0.231605410481714,-0.2593387438150473,-0.10327556938408877
gamma_strong__noise_low__T_80__density_medium__seed_005,oracle_hybrid,0.9028369126004367,0,1.0,0.99,252.84609462389844,328.69387731176,0.6666666666666666,0.7376367104099981,0.6868700437433314,0.6666666666666666,0.6666666666666666,strong,low,80,medium,5,0.5619572867539447,210.89264559703523,0.645097800731183,0.5943311340645163,-41.95344902686321,-0.09253890967881517,-0.09253890967881506,0.03237384731057158
gamma_strong__noise_low__T_80__density_medium__seed_005,hybrid,0.9023559261234544,0,1.0,0.99,218.68385686451563,250.13602546830612,0.6666666666666666,0.6492072023766424,0.5984405357099758,0.6666666666666666,0.8333333333333334,strong,low,80,medium,5,0.5980973517111955,210.89264559703523,0.645097800731183,0.5943311340645163,-7.791211267480406,-0.004109401645459476,-0.004109401645459476,-0.003766217646679171
gamma_strong__noise_low__T_156__density_dense__seed_003,pcmci_dag,0.817676048798896,0,1.0,0.99,1123.3617896011992,1346.6313041391234,0.3333333333333333,1.8333375064855668,1.6789041731522338,0.3333333333333333,0.0,strong,low,156,dense,3,1.5314495754048256,522.8657066648876,0.7791371784100095,0.4158218520078072,-600.4960829363116,-1.0542003280755572,-1.2630823211444266,-1.1156277233970184
gamma_strong__noise_low__T_156__density_dense__seed_003,oracle_hybrid,0.8803283034576249,6,1.01,0.99,303.15785791484063,385.97885941338666,1.0,0.4187631682721715,0.7337461517567273,1.0,0.8333333333333334,strong,low,156,dense,3,0.3211405903884845,522.8657066648876,0.7791371784100095,0.4158218520078072,219.707848750047,0.360374010137838,-0.3179242997489201,0.09468126161932267
gamma_strong__noise_low__T_156__density_dense__seed_003,hybrid,0.880329341694675,3,1.01,0.99,332.0130521300413,404.8485716346302,0.8333333333333334,0.5393926995420556,0.4792512483733985,0.8333333333333334,0.8333333333333334,strong,low,156,dense,3,0.3659344642868894,522.8657066648876,0.7791371784100095,0.4158218520078072,190.85265453484635,0.23974447886795391,-0.0634293963655913,0.049887387720917775
gamma_strong__noise_medium__T_300__density_medium__seed_004,pcmci_dag,0.8303302290998597,0,1.0,0.99,1483.5733771529003,2257.7508754009327,0.3333333333333333,0.9909553068680416,0.9024053068680414,0.3333333333333333,0.3333333333333333,strong,medium,300,medium,4,0.9358281270349224,844.3495898973894,0.6605829234332223,0.5225995900998889,-639.223787255511,-0.33037238343481923,-0.37980571676815256,-0.4132285369350335
gamma_strong__noise_medium__T_300__density_medium__seed_004,oracle_hybrid,0.8349950724853658,1,1.0,0.99,728.1448156860716,928.8655151109152,0.6666666666666666,0.5202390014073951,0.4316890014073951,0.6666666666666666,1.0,strong,medium,300,medium,4,0.4709300485648784,844.3495898973894,0.6605829234332223,0.5225995900998889,116.20477421131773,0.14034392202582724,0.0909105886924938,0.051669541535010466
gamma_strong__noise_medium__T_300__density_medium__seed_004,hybrid,0.8355002405674276,1,1.0,0.99,692.6198507386795,856.6339664968153,0.8333333333333334,0.5005420017090674,0.4119920017090672,0.8333333333333334,0.8333333333333334,strong,medium,300,medium,4,0.4518200779352863,844.3495898973894,0.6605829234332223,0.5225995900998889,151.7297391587099,0.16004092172415496,0.11060758839082169,0.0707795121646026
gamma_weak__noise_high__T_156__density_medium__seed_004,pcmci_dag,0.5293549624084342,0,1.0,0.99,1096.0567382892452,1614.0428775443,0.0,1.370784915170009,1.353084915170009,0.0,0.0,weak,high,156,medium,4,1.353084915170009,160.94940617512597,0.2208029423288305,0.2285548268320252,-935.1073321141192,-1.1499819728411786,-1.1245300883379838,-1.1245300883379838
gamma_weak__noise_high__T_156__density_medium__seed_004,oracle_hybrid,0.6763503661510003,2,1.0,0.99,193.2919870012702,241.40249991420197,0.8333333333333334,0.2631472027186877,0.2808472027186877,0.8333333333333334,0.8333333333333334,weak,high,156,medium,4,0.2457609040370815,160.94940617512597,0.2208029423288305,0.2285548268320252,-32.34258082614423,-0.0423442603898572,-0.052292375886662495,-0.01720607720505632
gamma_weak__noise_high__T_156__density_medium__seed_004,hybrid,0.6747037730437646,0,1.0,0.99,174.2989208962019,217.8168744320732,1.0,0.2366923271876789,0.2416923271876789,1.0,1.0,weak,high,156,medium,4,0.2338949459495317,160.94940617512597,0.2208029423288305,0.2285548268320252,-13.349514721075934,-0.015889384858848415,-0.013137500355653725,-0.005340119117506509
gamma_strong__noise_low__T_156__density_sparse__seed_001,pcmci_dag,0.832672233743808,0,1.01,0.99,372.2415983853355,469.5966895168102,0.8333333333333334,0.5416153534518723,0.5764820201185388,0.8333333333333334,0.8333333333333334,strong,low,156,sparse,1,0.3263587657017896,234.55199414752087,0.3492886531376674,0.3144219864710007,-137.68960423781465,-0.1923267003142049,-0.26206003364753805,-0.011936779230788896
gamma_strong__noise_low__T_156__density_sparse__seed_001,oracle_hybrid,0.8914995692739475,5,1.01,0.99,273.59571075366205,307.4492125136844,0.5,0.3824567256323756,0.347590058965709,0.5,0.5,strong,low,156,sparse,1,0.3472548946997162,234.55199414752087,0.3492886531376674,0.3144219864710007,-39.043716606141174,-0.03316807249470821,-0.03316807249470827,-0.032832908228715485
gamma_strong__noise_low__T_156__density_sparse__seed_001,hybrid,0.8916003245554953,4,1.0,0.99,532.9954178956027,708.0094773658948,0.3333333333333333,0.751845634565235,0.7169789678985682,0.3333333333333333,0.3333333333333333,strong,low,156,sparse,1,0.4511696416428266,234.55199414752087,0.3492886531376674,0.3144219864710007,-298.44342374808184,-0.40255698142756763,-0.40255698142756746,-0.13674765517182585
gamma_weak__noise_low__T_156__density_medium__seed_002,pcmci_dag,0.785173685888987,0,1.0,0.99,715.8120034033103,936.6630845633904,0.1666666666666666,1.1467392276750543,1.1071892276750543,0.1666666666666666,0.1666666666666666,weak,low,156,medium,2,1.1071892276750543,375.6387243806655,0.5650125558069987,0.5265292224736654,-340.1732790226448,-0.5817266718680556,-0.5806600052013889,-0.5806600052013889
gamma_weak__noise_low__T_156__density_medium__seed_002,oracle_hybrid,0.8271848703608903,4,1.01,0.99,322.5391256178509,389.713968425601,0.8333333333333334,0.4844865480219822,0.4520236659311892,0.8333333333333334,0.8333333333333334,weak,low,156,medium,2,0.4767864712111289,375.6387243806655,0.5650125558069987,0.5265292224736654,53.099598762814594,0.0805260077850165,0.0745055565424762,0.04974275126253652
gamma_weak__noise_low__T_156__density_medium__seed_002,hybrid,0.8265145156079662,0,1.0,0.99,372.03851621583385,428.2570918704937,0.8333333333333334,0.561675917066052,0.5231925837327187,0.8333333333333334,0.8333333333333334,weak,low,156,medium,2,0.5231925837327186,375.6387243806655,0.5650125558069987,0.5265292224736654,3.600208164831656,0.0033366387409466958,0.0033366387409466958,0.003336638740946807
gamma_weak__noise_medium__T_300__density_medium__seed_001,pcmci_dag,0.8102155384347026,0,1.0,0.99,1031.2613055005077,1324.3278033589404,0.3333333333333333,0.6854510488405877,0.6632677155072543,0.3333333333333333,0.3333333333333333,weak,medium,300,medium,1,0.5851896927855446,520.846934421041,0.3764691521998686,0.3620191521998686,-510.4143710794666,-0.3089818966407191,-0.3012485633073857,-0.22317054058567598
gamma_weak__noise_medium__T_300__density_medium__seed_001,oracle_hybrid,0.814950321136348,4,1.0,0.99,572.984634855312,630.3862869827904,0.8333333333333334,0.4000900733523702,0.3856400733523701,0.8333333333333334,0.8333333333333334,weak,medium,300,medium,1,0.3934904931871659,520.846934421041,0.3764691521998686,0.3620191521998686,-52.13770043427098,-0.023620921152501584,-0.02362092115250153,-0.031471340987297314
gamma_weak__noise_medium__T_300__density_medium__seed_001,hybrid,0.8138705413052574,5,1.0,0.99,540.3961375839507,592.5229462724151,0.8333333333333334,0.3826081183317948,0.3681581183317948,0.8333333333333334,0.8333333333333334,weak,medium,300,medium,1,0.3150034032663407,520.846934421041,0.3764691521998686,0.3620191521998686,-19.549203162909635,-0.006138966131926216,-0.006138966131926216,0.04701574893352789
gamma_medium__noise_low__T_80__density_medium__seed_003,pcmci_dag,0.5770664088314009,0,1.0,0.99,378.88000000000005,438.64690473470046,0.0,1.4200833333333334,1.2851333333333332,0.0,0.0,medium,low,80,medium,3,1.2851333333333332,289.4116682960269,0.9140237636506237,0.8072737636506235,-89.46833170397315,-0.5060595696827097,-0.4778595696827097,-0.4778595696827097
gamma_medium__noise_low__T_80__density_medium__seed_003,oracle_hybrid,0.8784304164791578,1,1.0,0.99,306.0802597266184,362.0971111605605,0.8333333333333334,0.9039941639466608,0.7972441639466609,0.8333333333333334,0.8333333333333334,medium,low,80,medium,3,0.8040037870941191,289.4116682960269,0.9140237636506237,0.8072737636506235,-16.668591430591505,0.010029599703962888,0.010029599703962666,0.003269976556504406
gamma_medium__noise_low__T_80__density_medium__seed_003,hybrid,0.8779958880429866,0,1.0,0.99,372.6183333116799,534.5227010948474,0.6666666666666666,1.093081929533007,0.9863319295330067,0.6666666666666666,0.6666666666666666,medium,low,80,medium,3,0.5363251544603354,289.4116682960269,0.9140237636506237,0.8072737636506235,-83.20666501565302,-0.17905816588238332,-0.1790581658823832,0.2709486091902882
gamma_strong__noise_low__T_156__density_medium__seed_003,pcmci_dag,0.8066817618990105,0,1.0,0.99,971.9604617870622,1256.7220528836356,0.3333333333333333,1.616953515836553,1.4750035158365524,0.3333333333333333,0.3333333333333333,strong,low,156,medium,3,1.4173130077330394,343.60816783123545,0.5277417290368074,0.3294536854475274,-628.3522939558268,-1.0892117867997455,-1.145549830389025,-1.087859322285512
gamma_strong__noise_low__T_156__density_medium__seed_003,oracle_hybrid,0.8762815184047077,2,1.01,0.99,240.8610990699441,300.7930530898116,1.0,0.3504439017679268,0.4402787000395724,1.0,1.0,strong,low,156,medium,3,0.2921793190535457,343.60816783123545,0.5277417290368074,0.3294536854475274,102.74706876129136,0.1772978272688806,-0.11082501459204502,0.037274366393981684
gamma_strong__noise_low__T_156__density_medium__seed_003,hybrid,0.8766438019338915,3,1.01,0.99,264.7368565357865,310.41431026506405,1.0,0.4169042775794015,0.3578546387293077,1.0,1.0,strong,low,156,medium,3,0.2343343527914012,343.60816783123545,0.5277417290368074,0.3294536854475274,78.87131129544895,0.11083745145740587,-0.028400953281780272,0.09511933265612621
gamma_weak__noise_medium__T_300__density_dense__seed_005,pcmci_dag,0.8169671694473961,0,1.01,0.99,1232.7388788649353,1692.549779354034,0.3333333333333333,0.8185071686843058,0.7994238353509724,0.3333333333333333,0.3333333333333333,weak,medium,300,dense,5,0.837057232514375,581.8282430541944,0.4248061329376687,0.4000894662710021,-650.9106358107408,-0.3937010357466371,-0.3993343690799703,-0.4369677662433729
gamma_weak__noise_medium__T_300__density_dense__seed_005,oracle_hybrid,0.8228868259580033,2,1.01,0.99,690.4533052758234,790.3359011497951,0.8333333333333334,0.4974253977452069,0.4727087310785403,0.8333333333333334,0.8333333333333334,weak,medium,300,dense,5,0.4696850901835752,581.8282430541944,0.4248061329376687,0.4000894662710021,-108.62506222162892,-0.07261926480753816,-0.07261926480753816,-0.06959562391257307
gamma_weak__noise_medium__T_300__density_dense__seed_005,hybrid,0.8232208776220068,1,1.01,0.99,567.117031957031,671.4034896388672,0.8333333333333334,0.4077607623789452,0.3830440957122786,0.8333333333333334,0.8333333333333334,weak,medium,300,dense,5,0.4108168603112134,581.8282430541944,0.4248061329376687,0.4000894662710021,14.711211097163414,0.017045370558723516,0.017045370558723516,-0.01072739404021128
gamma_strong__noise_medium__T_80__density_medium__seed_001,pcmci_dag,0.739235665108004,0,1.01,0.99,231.5332428840079,258.3971202753127,0.0,0.5951492401664937,0.5706825734998271,0.0,0.0,strong,medium,80,medium,1,0.4790587797661512,104.54661035280084,0.2782827509379705,0.2853912398616071,-126.98663253120706,-0.31686648922852323,-0.28529133363822,-0.1936675399045441
gamma_strong__noise_medium__T_80__density_medium__seed_001,oracle_hybrid,0.7733379023108069,1,1.0,0.99,158.74783648030385,228.66819294180837,0.8333333333333334,0.4150354247934917,0.4417354247934917,0.8333333333333334,0.8333333333333334,strong,medium,80,medium,1,0.2498906183931678,104.54661035280084,0.2782827509379705,0.2853912398616071,-54.201226127503006,-0.1367526738555212,-0.15634418493188462,0.03550062146843927
gamma_strong__noise_medium__T_80__density_medium__seed_001,hybrid,0.7748716759202576,1,1.0,0.99,196.9648918102587,280.02635120056874,0.6666666666666666,0.5119011712211585,0.5386011712211586,0.6666666666666666,0.6666666666666666,strong,medium,80,medium,1,0.2425149905272732,104.54661035280084,0.2782827509379705,0.2853912398616071,-92.41828145745787,-0.23361842028318802,-0.2532099313595515,0.04287624933433387
gamma_strong__noise_medium__T_300__density_sparse__seed_005,pcmci_dag,0.8201737571376143,0,1.0,0.99,812.3212277064072,1053.4357344706748,0.5,0.5517400355749946,0.498373647685772,0.5,0.6666666666666666,strong,medium,300,sparse,5,0.507012993952664,550.2532147271246,0.4270687365670369,0.327018736567037,-262.06801297928257,-0.1246712990079577,-0.17135491111873502,-0.17999425738562697
gamma_strong__noise_medium__T_300__density_sparse__seed_005,oracle_hybrid,0.8208830587726341,4,1.0,0.99,464.7720388284195,543.1330880329325,0.6666666666666666,0.3603434548468234,0.3399934548468235,0.6666666666666666,0.6666666666666666,strong,medium,300,sparse,5,0.3180863327366581,550.2532147271246,0.4270687365670369,0.327018736567037,85.48117589870509,0.06672528172021353,-0.012974718279786468,0.00893240383037891
gamma_strong__noise_medium__T_300__density_sparse__seed_005,hybrid,0.8208383063302478,1,1.0,0.99,859.9442277450421,1133.6954126462458,0.6666666666666666,0.6164420189850871,0.5960920189850872,0.6666666666666666,0.8333333333333334,strong,medium,300,sparse,5,0.3908139073431873,550.2532147271246,0.4270687365670369,0.327018736567037,-309.6910130179175,-0.18937328241805018,-0.26907328241805023,-0.06379517077615027
gamma_medium__noise_medium__T_156__density_dense__seed_003,pcmci_dag,0.7265309429219963,0,1.0,0.99,926.318423630004,1084.1185814312705,0.3333333333333333,1.63537879235282,1.4843787923528202,0.3333333333333333,0.3333333333333333,medium,medium,156,dense,3,1.459176399413031,235.4672768621577,0.3699192421153447,0.2749759707647373,-690.8511467678463,-1.2654595502374753,-1.209402821588083,-1.1842004286482937
gamma_medium__noise_medium__T_156__density_dense__seed_003,oracle_hybrid,0.8154904576471751,0,1.0,0.99,212.05080716741213,248.4105712649689,1.0,0.3137698058868337,0.3789464212573222,1.0,1.0,medium,medium,156,dense,3,0.2393681606428845,235.4672768621577,0.3699192421153447,0.2749759707647373,23.416469694745558,0.05614943622851104,-0.10397045049258491,0.035607810121852795
gamma_medium__noise_medium__T_156__density_dense__seed_003,hybrid,0.815982210407507,0,1.0,0.99,233.4664606539444,247.761802322342,1.0,0.3566328568245571,0.3244648600486426,1.0,1.0,medium,medium,156,dense,3,0.2945638269199225,235.4672768621577,0.3699192421153447,0.2749759707647373,2.00081620821328,0.013286385290787628,-0.049488889283905324,-0.019587856155185213
gamma_weak__noise_medium__T_156__density_sparse__seed_002,pcmci_dag,0.7222001669490232,0,1.0,0.99,700.1757471330097,931.83025300844,0.3333333333333333,1.115091738031754,1.0988750713650874,0.3333333333333333,0.3333333333333333,weak,medium,156,sparse,2,1.1187713962465984,292.30148749202215,0.4714691494937462,0.4552524828270796,-407.8742596409876,-0.6436225885380078,-0.6436225885380078,-0.6635189134195187
gamma_weak__noise_medium__T_156__density_sparse__seed_002,oracle_hybrid,0.7455608719303933,5,1.0,0.99,297.2897401101655,329.07691008896217,0.8333333333333334,0.4750044188553884,0.4619793593150115,0.8333333333333334,0.8333333333333334,weak,medium,156,sparse,2,0.4822638921557882,292.30148749202215,0.4714691494937462,0.4552524828270796,-4.988252618143349,-0.0035352693616422237,-0.00672687648793191,-0.027011409328708602
gamma_weak__noise_medium__T_156__density_sparse__seed_002,hybrid,0.7445211684562223,2,1.0,0.99,289.48749558475856,309.670215768647,0.8333333333333334,0.4627010986041398,0.446484431937473,0.8333333333333334,0.8333333333333334,weak,medium,156,sparse,2,0.4605381627991161,292.30148749202215,0.4714691494937462,0.4552524828270796,2.813991907263585,0.00876805088960636,0.008768050889606582,-0.005285679972036494
gamma_strong__noise_high__T_300__density_sparse__seed_001,pcmci_dag,0.7034602184908798,0,1.0,0.99,826.2390893199095,1316.2033972488184,0.8333333333333334,0.5287983583080913,0.6091483583080913,0.8333333333333334,0.8333333333333334,strong,high,300,sparse,1,0.5212807641285219,605.9073195351893,0.4325750164229134,0.4217944769523795,-220.3317697847201,-0.0962233418851779,-0.18735388135571185,-0.09948628717614239
gamma_strong__noise_high__T_300__density_sparse__seed_001,oracle_hybrid,0.7059849810173076,1,1.0,0.99,652.6250505850397,772.0293256560315,0.6666666666666666,0.4613416783150448,0.5416916783150448,0.6666666666666666,0.5,strong,high,300,sparse,1,0.429153241946589,605.9073195351893,0.4325750164229134,0.4217944769523795,-46.717731049850386,-0.028766661892131395,-0.11989720136266535,-0.00735876499420951
gamma_strong__noise_high__T_300__density_sparse__seed_001,hybrid,0.7046755969682567,0,1.0,0.99,707.3524170379287,809.2597987157544,0.6666666666666666,0.4923816705146799,0.5727316705146799,0.6666666666666666,0.5,strong,high,300,sparse,1,0.4625910557064685,605.9073195351893,0.4325750164229134,0.4217944769523795,-101.44509750273937,-0.0598066540917665,-0.1509371935623004,-0.04079657875408904
gamma_strong__noise_medium__T_80__density_dense__seed_003,pcmci_dag,0.5244564702759458,0,1.0,0.99,403.6583333333333,430.5662873279019,0.0,1.4671666666666665,1.1113333333333335,0.0,0.0,strong,medium,80,dense,3,1.1113333333333335,206.56845661748585,0.6959322574723137,0.544447285949668,-197.08987671584745,-0.7712344091943528,-0.5668860473836655,-0.5668860473836655
gamma_strong__noise_medium__T_80__density_dense__seed_003,oracle_hybrid,0.8075705237165559,0,1.0,0.99,210.4395532668518,297.7683130062334,1.0,0.6220107387249016,0.7886692424259191,1.0,0.8333333333333334,strong,medium,80,dense,3,0.5862406780219143,206.56845661748585,0.6959322574723137,0.544447285949668,-3.8710966493659384,0.07392151874741204,-0.2442219564762511,-0.041793392072246305
gamma_strong__noise_medium__T_80__density_dense__seed_003,hybrid,0.806702740239105,0,1.0,0.99,225.69318755716617,309.3091361831424,1.0,0.6921793305419005,0.749730611523904,1.0,0.8333333333333334,strong,medium,80,dense,3,0.6411018937310585,206.56845661748585,0.6959322574723137,0.544447285949668,-19.12473093968032,0.0037529269304131807,-0.205283325574236,-0.09665460778139057
gamma_medium__noise_medium__T_156__density_dense__seed_001,pcmci_dag,0.532221590332428,0,1.0,0.99,827.2466666666666,913.3877619061908,0.0,1.1806333333333334,1.0570666666666668,0.0,0.0,medium,medium,156,dense,1,1.0570666666666668,247.0457041157865,0.36877838005103,0.2983117133843632,-580.20096255088,-0.8118549532823034,-0.7587549532823037,-0.7587549532823037
gamma_medium__noise_medium__T_156__density_dense__seed_001,oracle_hybrid,0.8309546482775235,0,1.0,0.99,319.114688914061,360.2014980472794,0.8333333333333334,0.4484480375173099,0.4463480375173099,0.8333333333333334,0.6666666666666666,medium,medium,156,dense,1,0.3939697821627819,247.0457041157865,0.36877838005103,0.2983117133843632,-72.0689847982745,-0.07966965746627991,-0.1480363241329467,-0.0956580687784187
gamma_medium__noise_medium__T_156__density_dense__seed_001,hybrid,0.8301207548936415,0,1.0,0.99,586.1503182541448,814.3522161851276,0.6666666666666666,0.8380285442860288,0.835928544286029,0.6666666666666666,0.5,medium,medium,156,dense,1,0.5020562429467581,247.0457041157865,0.36877838005103,0.2983117133843632,-339.10461413835833,-0.4692501642349988,-0.5376168309016658,-0.20374452956239492
gamma_strong__noise_low__T_300__density_dense__seed_004,pcmci_dag,0.8607621235693163,0,1.0,0.99,1373.0586559665778,1594.2054821123093,0.1666666666666666,0.949482721487024,0.9482660548203572,0.1666666666666666,0.0,strong,low,300,dense,4,0.8703464664722942,964.2873649774448,0.720902157011723,0.4410188236783896,-408.77129098913304,-0.22858056447530095,-0.5072472311419676,-0.42932764279390456
gamma_strong__noise_low__T_300__density_dense__seed_004,oracle_hybrid,0.9015322789447684,927,1.59,0.99,607.2823092040627,779.7391724330885,0.3333333333333333,0.4350877415276923,0.3472009985574915,0.3333333333333333,0.6666666666666666,strong,low,300,dense,4,0.3516945412434416,964.2873649774448,0.720902157011723,0.4410188236783896,357.0050557733821,0.2858144154840307,0.09381782512089815,0.089324282434948
gamma_strong__noise_low__T_300__density_dense__seed_004,hybrid,0.9006698909473577,4,1.01,0.99,687.1533267325349,885.2293028154147,0.5,0.4846854842618414,0.3829893382205674,0.5,0.6666666666666666,strong,low,300,dense,4,0.3614731404219524,964.2873649774448,0.720902157011723,0.4410188236783896,277.1340382449099,0.23621667274988162,0.058029485457822216,0.07954568325643724
gamma_medium__noise_low__T_300__density_medium__seed_004,pcmci_dag,0.8647487277064412,0,1.0,0.99,1281.9466034526347,1668.7636260209165,0.1666666666666666,0.902514798918868,0.9000981322522011,0.1666666666666666,0.1666666666666666,medium,low,300,medium,4,0.854470759580193,585.8223450456252,0.4731782719189329,0.3928949385855997,-696.1242584070095,-0.4293365269999351,-0.5072031936666015,-0.4615758209945933
gamma_medium__noise_low__T_300__density_medium__seed_004,oracle_hybrid,0.8980606386594474,2,1.01,0.99,459.83471526492826,570.1218601719534,0.8333333333333334,0.3588308224328704,0.2943719339025773,0.8333333333333334,0.8333333333333334,medium,low,300,medium,4,0.3419708939216773,585.8223450456252,0.4731782719189329,0.3928949385855997,125.98762978069692,0.11434744948606251,0.09852300468302239,0.05092404466392242
gamma_medium__noise_low__T_300__density_medium__seed_004,hybrid,0.8979962168582876,9,1.01,0.99,523.6442856460649,639.1642368023471,0.6666666666666666,0.4087535813938442,0.3377098766868197,0.6666666666666666,0.6666666666666666,medium,low,300,medium,4,0.3681871615072002,585.8223450456252,0.4731782719189329,0.3928949385855997,62.17805939956031,0.0644246905250887,0.05518506189878003,0.024707777078399495
gamma_medium__noise_low__T_300__density_dense__seed_001,pcmci_dag,0.8826330863732403,0,1.01,0.99,882.5475852896374,1244.502108431708,0.5,0.5756172102890975,0.5701177160406662,0.5,0.5,medium,low,300,dense,1,0.5905158640730971,584.9426443481701,0.4174025922133828,0.3243359255467161,-297.60494094146725,-0.15821461807571474,-0.2457817904939501,-0.266179938526381
gamma_medium__noise_low__T_300__density_dense__seed_001,oracle_hybrid,0.8846340250107761,3,1.0,0.99,530.9445665530089,608.3051289245748,0.8333333333333334,0.3603483872659312,0.3911764751968432,0.8333333333333334,0.6666666666666666,medium,low,300,dense,1,0.3705961949795525,584.9426443481701,0.4174025922133828,0.3243359255467161,53.99807779516118,0.05705420494745156,-0.06684054965012709,-0.0462602694328364
gamma_medium__noise_low__T_300__density_dense__seed_001,hybrid,0.8847266382160099,3,1.0,0.99,502.5197056102209,573.386256597184,0.6666666666666666,0.3446837303391448,0.3846707906581419,0.6666666666666666,0.6666666666666666,medium,low,300,dense,1,0.3544985317036508,584.9426443481701,0.4174025922133828,0.3243359255467161,82.42293873794921,0.07271886187423798,-0.06033486511142583,-0.030162606156934724
gamma_weak__noise_medium__T_156__density_sparse__seed_001,pcmci_dag,0.7597034285213449,1,1.01,0.99,440.6306896961086,552.4034095755874,0.6666666666666666,0.6562325698925987,0.664715903225932,0.6666666666666666,0.6666666666666666,weak,medium,156,sparse,1,0.4394508420087112,279.53086239741475,0.4087583409905559,0.4002750076572226,-161.09982729869387,-0.2474742289020428,-0.26444089556870937,-0.03917583435148858
gamma_weak__noise_medium__T_156__density_sparse__seed_001,oracle_hybrid,0.8310607022353496,0,1.0,0.99,306.08413075920043,340.864771045388,0.6666666666666666,0.4355387337601872,0.4270554004268539,0.6666666666666666,0.6666666666666666,weak,medium,156,sparse,1,0.431148468389497,279.53086239741475,0.4087583409905559,0.4002750076572226,-26.553268361785683,-0.02678039276963129,-0.02678039276963129,-0.03087346073227437
gamma_weak__noise_medium__T_156__density_sparse__seed_001,hybrid,0.8313083099352226,0,1.0,0.99,618.0478853455852,881.8091313293548,0.3333333333333333,0.8825866704229594,0.874103337089626,0.3333333333333333,0.3333333333333333,weak,medium,156,sparse,1,0.5394868585949905,279.53086239741475,0.4087583409905559,0.4002750076572226,-338.51702294817045,-0.47382832943240344,-0.47382832943240333,-0.13921185093776783
gamma_medium__noise_medium__T_80__density_sparse__seed_005,pcmci_dag,0.8189267231728936,0,1.0,0.99,330.9388172485371,398.7530217688799,0.3333333333333333,0.969515092887786,0.9337150928877862,0.3333333333333333,0.3333333333333333,medium,medium,80,sparse,5,0.6942999517664589,271.80467266899734,0.790852631260554,0.7738526312605541,-59.134144579539736,-0.17866246162723198,-0.15986246162723206,0.07955267949409528
gamma_medium__noise_medium__T_80__density_sparse__seed_005,oracle_hybrid,0.8428372652532676,0,1.0,0.99,291.9909250427683,374.5187357893234,0.6666666666666666,0.8382454181579413,0.8212454181579415,0.6666666666666666,0.6666666666666666,medium,medium,80,sparse,5,0.8028362621571157,271.80467266899734,0.790852631260554,0.7738526312605541,-20.18625237377097,-0.04739278689738724,-0.04739278689738735,-0.02898363089656153
gamma_medium__noise_medium__T_80__density_sparse__seed_005,hybrid,0.8438941628588866,0,1.0,0.99,318.22513474313087,389.5689199255857,0.6666666666666666,0.880551317714161,0.863551317714161,0.6666666666666666,0.6666666666666666,medium,medium,80,sparse,5,0.77872861214753,271.80467266899734,0.790852631260554,0.7738526312605541,-46.420462074133525,-0.0896986864536069,-0.0896986864536069,-0.004875980886975828
gamma_medium__noise_high__T_156__density_sparse__seed_005,pcmci_dag,0.5786695913075467,0,1.0,0.99,804.6911581342448,1208.4355584855025,0.3333333333333333,1.0314384458376114,1.0108217791709448,0.3333333333333333,0.5,medium,high,156,sparse,5,0.6438315904630797,352.3621048831731,0.5169794851409134,0.4612961518075799,-452.3290532510717,-0.5144589606966979,-0.549525627363365,-0.18253543865549982
gamma_medium__noise_high__T_156__density_sparse__seed_005,oracle_hybrid,0.5845915951091666,0,1.01,0.99,339.73635601910314,458.9758407091033,0.6666666666666666,0.4919872234044944,0.4713705567378277,0.6666666666666666,0.6666666666666666,medium,high,156,sparse,5,0.4846157182044883,352.3621048831731,0.5169794851409134,0.4612961518075799,12.625748864069976,0.024992261736418997,-0.010074404930247804,-0.02331956639690841
gamma_medium__noise_high__T_156__density_sparse__seed_005,hybrid,0.5853909592847382,0,1.0,0.99,691.9311937324273,906.4566454434504,0.5,0.8860013067103772,0.8653846400437103,0.5,0.5,medium,high,156,sparse,5,0.5068179755940005,352.3621048831731,0.5169794851409134,0.4612961518075799,-339.56908884925423,-0.36902182156946384,-0.4040884882361304,-0.04552182378642067
gamma_medium__noise_low__T_300__density_sparse__seed_001,pcmci_dag,0.8811092523715919,1,1.01,0.99,775.6284050998111,1222.8875788190608,0.6666666666666666,0.4932457459937625,0.4537124126604291,0.6666666666666666,0.6666666666666666,medium,low,300,sparse,1,0.4337533205849306,581.2534575074831,0.4039980305647062,0.3899980305647061,-194.374947592328,-0.0892477154290563,-0.063714382095723,-0.04375529002022449
gamma_medium__noise_low__T_300__density_sparse__seed_001,oracle_hybrid,0.8830737814172069,6,1.01,0.99,591.2798823299455,654.0065840189645,0.6666666666666666,0.4047251802236739,0.3907251802236739,0.6666666666666666,0.5,medium,low,300,sparse,1,0.3943667002270949,581.2534575074831,0.4039980305647062,0.3899980305647061,-10.026424822462445,-0.0007271496589676962,-0.0007271496589678073,-0.004368669662388802
gamma_medium__noise_low__T_300__density_sparse__seed_001,hybrid,0.8829745111924645,4,1.0,0.99,593.7433736592099,651.6668071170391,0.6666666666666666,0.4039328791766814,0.3899328791766814,0.6666666666666666,0.5,medium,low,300,sparse,1,0.3503411623375725,581.2534575074831,0.4039980305647062,0.3899980305647061,-12.489916151726788,6.51513880247645e-05,6.515138802470899e-05,0.0396568682271336
gamma_medium__noise_high__T_300__density_dense__seed_002,pcmci_dag,0.6296308639509175,0,1.01,0.99,1805.0883333333331,1999.2262118754843,0.0,1.3413333333333333,1.2183666666666666,0.0,0.0,medium,high,300,dense,2,1.2183666666666666,1007.8575202293192,0.7358062541535335,0.6341641697317125,-797.2308131040139,-0.6055270791797998,-0.5842024969349541,-0.5842024969349541
gamma_medium__noise_high__T_300__density_dense__seed_002,oracle_hybrid,0.7030154213558016,1,1.01,0.99,1093.435770789577,1250.161914098098,0.6666666666666666,0.7622158443433257,0.7179825110099922,0.6666666666666666,0.6666666666666666,medium,high,300,dense,2,0.7037313549139611,1007.8575202293192,0.7358062541535335,0.6341641697317125,-85.57825056025774,-0.026409590189792165,-0.0838183412782797,-0.06956718518224858
gamma_medium__noise_high__T_300__density_dense__seed_002,hybrid,0.7042073039202507,1,1.0,0.99,1093.8248817586673,1199.5181359829248,0.6666666666666666,0.7767639642378456,0.7325306309045123,0.6666666666666666,0.8333333333333334,medium,high,300,dense,2,0.7060943604301818,1007.8575202293192,0.7358062541535335,0.6341641697317125,-85.96736152934807,-0.04095771008431204,-0.09836646117279979,-0.07193019069846929
gamma_medium__noise_medium__T_156__density_sparse__seed_004,pcmci_dag,0.7493738568113961,0,1.0,0.99,597.133781306688,739.9317073474572,0.1666666666666666,0.7778702465181274,0.7928869131847942,0.1666666666666666,0.1666666666666666,medium,medium,156,sparse,4,0.7613380771639365,157.50882760191178,0.2009618674533991,0.2356785341200658,-439.6249537047762,-0.5769083790647282,-0.5572083790647284,-0.5256595430438707
gamma_medium__noise_medium__T_156__density_sparse__seed_004,oracle_hybrid,0.8003565272203614,1,1.0,0.99,205.67186128070665,235.1326992792331,0.8333333333333334,0.2727313473465874,0.307448014013254,0.8333333333333334,0.8333333333333334,medium,medium,156,sparse,4,0.2615719357349155,157.50882760191178,0.2009618674533991,0.2356785341200658,-48.163033678794875,-0.07176947989318827,-0.07176947989318819,-0.02589340161484968
gamma_medium__noise_medium__T_156__density_sparse__seed_004,hybrid,0.7993048618979836,1,1.0,0.99,209.6623634952061,241.34778757327916,0.6666666666666666,0.2761633075089418,0.3108799741756085,0.6666666666666666,0.6666666666666666,medium,medium,156,sparse,4,0.2649221810287418,157.50882760191178,0.2009618674533991,0.2356785341200658,-52.15353589329433,-0.07520144005554269,-0.07520144005554266,-0.029243646908676008
gamma_weak__noise_low__T_156__density_sparse__seed_003,pcmci_dag,0.7870039164924348,0,1.0,0.99,810.4734745778666,980.7033939680496,0.3333333333333333,1.5127430058412614,1.479459672507928,0.3333333333333333,0.3333333333333333,weak,low,156,sparse,3,1.552839969088467,208.17246852298976,0.3172505688780842,0.2839672355447509,-602.3010060548768,-1.1954924369631772,-1.1954924369631772,-1.2688727335437162
gamma_weak__noise_low__T_156__density_sparse__seed_003,oracle_hybrid,0.8786916162597822,0,1.01,0.99,203.8259004563148,277.29768981481806,0.8333333333333334,0.314327689284446,0.2810443559511127,0.8333333333333334,0.8333333333333334,weak,low,156,sparse,3,0.3054675472576142,208.17246852298976,0.3172505688780842,0.2839672355447509,4.346568066674962,0.002922879593638239,0.0029228795936381835,-0.021500311712863318
gamma_weak__noise_low__T_156__density_sparse__seed_003,hybrid,0.8788595123759338,1,1.01,0.99,217.89540976021,279.9607352284355,0.6666666666666666,0.336432710913396,0.3031493775800626,0.6666666666666666,0.6666666666666666,weak,low,156,sparse,3,0.4033537894711927,208.17246852298976,0.3172505688780842,0.2839672355447509,-9.722941237220226,-0.019182142035311767,-0.01918214203531171,-0.11938655392644182
gamma_strong__noise_low__T_156__density_dense__seed_005,pcmci_dag,0.828563938777117,0,1.0,0.99,800.0236443177522,1112.1405001168923,0.1666666666666666,1.0005727262585615,0.9474060595918948,0.1666666666666666,0.3333333333333333,strong,low,156,dense,5,0.4431458527052723,270.2761694971268,0.4177314806871797,0.2535008705813279,-529.7474748206255,-0.5828412455713818,-0.693905189010567,-0.18964498212394437
gamma_strong__noise_low__T_156__density_dense__seed_005,oracle_hybrid,0.8334955244238095,2,1.0,0.99,293.9920268860297,378.5525687313074,0.8333333333333334,0.4026236204508664,0.4307657496664722,0.8333333333333334,0.8333333333333334,strong,low,156,dense,5,0.2943693698250326,270.2761694971268,0.4177314806871797,0.2535008705813279,-23.71585738890292,0.015107860236313275,-0.17726487908514427,-0.04086849924370467
gamma_strong__noise_low__T_156__density_dense__seed_005,hybrid,0.8360754955442009,4,1.01,0.99,551.5671944076738,712.8914394605786,0.6666666666666666,0.7036407207834644,0.6504740541167978,0.6666666666666666,0.5,strong,low,156,dense,5,0.2277125659631729,270.2761694971268,0.4177314806871797,0.2535008705813279,-281.29102491054704,-0.2859092400962847,-0.3969731835354699,0.02578830461815501
gamma_medium__noise_medium__T_80__density_medium__seed_004,pcmci_dag,0.7657772547391553,0,1.0,0.99,392.6190608095962,597.7747127524942,0.3333333333333333,1.058099561812229,1.0244328951455626,0.3333333333333333,0.3333333333333333,medium,medium,80,medium,4,1.012311167277174,206.0653130037558,0.5918281646706866,0.5581614980040198,-186.5537478058404,-0.46627139714154253,-0.46627139714154275,-0.45414966927315426
gamma_medium__noise_medium__T_80__density_medium__seed_004,oracle_hybrid,0.7685627091780073,0,1.0,0.99,240.85598296448856,287.41648475840583,1.0,0.6749732974555473,0.6413066307888807,1.0,1.0,medium,medium,80,medium,4,0.5724977377313527,206.0653130037558,0.5918281646706866,0.5581614980040198,-34.79066996073277,-0.0831451327848608,-0.08314513278486091,-0.014336239727332889
gamma_medium__noise_medium__T_80__density_medium__seed_004,hybrid,0.7660919098283876,0,1.0,0.99,249.30010114649076,292.7397751038143,0.8333333333333334,0.7077754117825847,0.6741087451159181,0.8333333333333334,0.8333333333333334,medium,medium,80,medium,4,0.5908787524610112,206.0653130037558,0.5918281646706866,0.5581614980040198,-43.23478814273497,-0.11594724711189819,-0.1159472471118983,-0.03271725445699136
gamma_strong__noise_high__T_300__density_dense__seed_002,pcmci_dag,0.6297479710614403,0,1.0,0.99,1842.3616666666665,1944.089993548824,0.0,1.35935,1.1065333333333334,0.0,0.0,strong,high,300,dense,2,1.1065333333333334,979.5021049881838,0.7421313045463078,0.4893146378796411,-862.8595616784827,-0.6172186954536922,-0.6172186954536922,-0.6172186954536922
gamma_strong__noise_high__T_300__density_dense__seed_002,oracle_hybrid,0.7008779531982715,3,1.0,0.99,852.0828807111776,874.2456643262092,0.6666666666666666,0.6203092957022681,0.5774259623689347,0.6666666666666666,0.8333333333333334,strong,high,300,dense,2,0.5109033597844305,979.5021049881838,0.7421313045463078,0.4893146378796411,127.41922427700615,0.12182200884403971,-0.08811132448929365,-0.021588721904789387
gamma_strong__noise_high__T_300__density_dense__seed_002,hybrid,0.7024147111790678,2,1.0,0.99,839.9706194327579,862.9626202276509,0.8333333333333334,0.6068074971624553,0.5639241638291219,0.8333333333333334,0.8333333333333334,strong,high,300,dense,2,0.5067216290136497,979.5021049881838,0.7421313045463078,0.4893146378796411,139.5314855554259,0.13532380738385252,-0.07460952594948084,-0.01740699113400862
gamma_strong__noise_medium__T_156__density_dense__seed_005,pcmci_dag,0.729821935519733,0,1.0,0.99,792.1581823304472,1085.5320157511562,0.1666666666666666,0.9928023653158848,0.939635698649218,0.1666666666666666,0.3333333333333333,strong,medium,156,dense,5,0.4422361033069391,240.74311549594253,0.3805186049011497,0.2503736580741646,-551.4150668345046,-0.6122837604147351,-0.6892620405750534,-0.19186244523277446
gamma_strong__noise_medium__T_156__density_dense__seed_005,oracle_hybrid,0.7307401115194574,0,1.0,0.99,306.0860439706637,406.1597260101729,0.8333333333333334,0.4248063686531876,0.4392386816077975,0.8333333333333334,0.8333333333333334,strong,medium,156,dense,5,0.303292234695503,240.74311549594253,0.3805186049011497,0.2503736580741646,-65.34292847472116,-0.04428776375203791,-0.18886502353363288,-0.052918576621338365
gamma_strong__noise_medium__T_156__density_dense__seed_005,hybrid,0.7340204716354202,1,1.0,0.99,597.9231380478446,754.8018362794039,0.6666666666666666,0.7749878204804705,0.7218211538138041,0.6666666666666666,0.6666666666666666,strong,medium,156,dense,5,0.2778131036746934,240.74311549594253,0.3805186049011497,0.2503736580741646,-357.1800225519021,-0.39446921557932085,-0.47144749573963945,-0.0274394456005288
gamma_weak__noise_low__T_300__density_sparse__seed_002,pcmci_dag,0.8631006522975301,0,1.01,0.99,1963.7419557322864,2740.674078906834,0.1666666666666666,1.3466333765524985,1.3320833765524989,0.1666666666666666,0.1666666666666666,weak,low,300,sparse,2,1.332083376552499,1048.5059695174912,0.7077478217196719,0.6931978217196719,-915.2359862147953,-0.6388855548328266,-0.6388855548328269,-0.6388855548328272
gamma_weak__noise_low__T_300__density_sparse__seed_002,oracle_hybrid,0.885007220657515,5,1.0,0.99,1084.9718218235666,1564.534781746289,0.3333333333333333,0.7299963612910809,0.7229130279577477,0.3333333333333333,0.3333333333333333,weak,low,300,sparse,2,0.7231916930747412,1048.5059695174912,0.7077478217196719,0.6931978217196719,-36.465852306075476,-0.022248539571409043,-0.029715206238075775,-0.029993871355069257
gamma_weak__noise_low__T_300__density_sparse__seed_002,hybrid,0.8849719045253569,2,1.01,0.99,1049.9775254483438,1558.062165494944,0.5,0.7038953337970563,0.6893453337970562,0.5,0.5,weak,low,300,sparse,2,0.7030473692045526,1048.5059695174912,0.7077478217196719,0.6931978217196719,-1.4715559308526736,0.0038524879226156106,0.0038524879226157216,-0.00984954748488065
gamma_weak__noise_high__T_156__density_sparse__seed_003,pcmci_dag,0.6268125783300728,0,1.0,0.99,790.8382331655375,966.2228863615812,0.3333333333333333,1.4922576850730125,1.458974351739679,0.3333333333333333,0.3333333333333333,weak,high,156,sparse,3,1.5389573285859404,312.9349569930169,0.4194527664012638,0.3861694330679305,-477.90327617252063,-1.0728049186717488,-1.0728049186717485,-1.15278789551801
gamma_weak__noise_high__T_156__density_sparse__seed_003,oracle_hybrid,0.7124355149520831,0,1.0,0.99,283.63496652144755,381.9735542799798,0.8333333333333334,0.3703959585346483,0.3371126252013149,0.8333333333333334,0.8333333333333334,weak,high,156,sparse,3,0.3618957496159981,312.9349569930169,0.4194527664012638,0.3861694330679305,29.299990471569345,0.04905680786661548,0.04905680786661559,0.024273683451932426
gamma_weak__noise_high__T_156__density_sparse__seed_003,hybrid,0.7128716408055266,0,1.0,0.99,271.2751897878427,354.9867865962526,0.8333333333333334,0.363639327361459,0.3303559940281256,0.8333333333333334,0.8333333333333334,weak,high,156,sparse,3,0.4264399859742404,312.9349569930169,0.4194527664012638,0.3861694330679305,41.659767205174205,0.05581343903980479,0.0558134390398049,-0.040270552906309875
gamma_weak__noise_low__T_156__density_sparse__seed_002,pcmci_dag,0.7886053000275295,0,1.0,0.99,703.9006064188751,932.409166703872,0.3333333333333333,1.1222184729758198,1.106001806309153,0.3333333333333333,0.3333333333333333,weak,low,156,sparse,2,1.1252328450849507,349.82630068422924,0.5245402237531659,0.5083235570864991,-354.07430573464586,-0.5976782492226539,-0.5976782492226539,-0.6169092879984516
gamma_weak__noise_low__T_156__density_sparse__seed_002,oracle_hybrid,0.8251331780240493,5,1.0,0.99,331.0633495017421,402.7960499137701,0.6666666666666666,0.4861678501819607,0.4728542783212557,0.6666666666666666,0.8333333333333334,weak,low,156,sparse,2,0.4935883506875065,349.82630068422924,0.5245402237531659,0.5083235570864991,18.762951182487143,0.03837237357120521,0.03546927876524342,0.014735206398992617
gamma_weak__noise_low__T_156__density_sparse__seed_002,hybrid,0.8255578259502054,6,1.0,0.99,353.43358375961293,415.261534303975,0.6666666666666666,0.5148413100401357,0.498624643373469,0.6666666666666666,0.8333333333333334,weak,low,156,sparse,2,0.5138458448477434,349.82630068422924,0.5245402237531659,0.5083235570864991,-3.607283075383691,0.009698913713030222,0.00969891371303011,-0.005522287761244304
gamma_strong__noise_medium__T_80__density_sparse__seed_004,pcmci_dag,0.7656743530369158,0,1.0,0.99,370.0402353669272,534.6853111733686,0.3333333333333333,0.9844491292799326,0.9743657959465992,0.3333333333333333,0.3333333333333333,strong,medium,80,sparse,4,0.9442908296083292,220.39363789617255,0.61461714618457,0.6045338128512366,-149.64659747075467,-0.3698319830953626,-0.3698319830953626,-0.3397570167570926
gamma_strong__noise_medium__T_80__density_sparse__seed_004,oracle_hybrid,0.7677987120751025,0,1.0,0.99,268.2929251163187,320.7904319663675,0.8333333333333334,0.7257053810227564,0.715622047689423,0.8333333333333334,0.8333333333333334,strong,medium,80,sparse,4,0.6881820520448668,220.39363789617255,0.61461714618457,0.6045338128512366,-47.899287220146164,-0.11108823483818642,-0.1110882348381863,-0.08364823919363018
gamma_strong__noise_medium__T_80__density_sparse__seed_004,hybrid,0.7677619116205386,1,1.01,0.99,250.0877567229797,299.07126425502884,0.8333333333333334,0.685662475920742,0.6755791425874086,0.8333333333333334,0.8333333333333334,strong,medium,80,sparse,4,0.6508160282826085,220.39363789617255,0.61461714618457,0.6045338128512366,-29.69411882680714,-0.07104532973617206,-0.07104532973617195,-0.0462822154313719
gamma_strong__noise_high__T_80__density_dense__seed_004,pcmci_dag,0.640519295839144,0,1.0,0.99,450.2067030705129,582.5640850515764,0.5,1.2072301215417789,1.1922967882084454,0.5,0.6666666666666666,strong,high,80,dense,4,0.994404395604552,185.76123447369693,0.5435351252169723,0.5286017918836391,-264.445468596816,-0.6636949963248066,-0.6636949963248063,-0.46580260372091287
gamma_strong__noise_high__T_80__density_dense__seed_004,oracle_hybrid,0.6365768523136676,0,1.0,0.99,281.711137244673,356.0766508388815,1.0,0.7805491990936204,0.7674533832255716,1.0,0.8333333333333334,strong,high,80,dense,4,0.5198262624018298,185.76123447369693,0.5435351252169723,0.5286017918836391,-95.94990277097608,-0.23701407387664808,-0.23885159134193246,0.008775529481809263
gamma_strong__noise_high__T_80__density_dense__seed_004,hybrid,0.6318922986191102,0,1.0,0.99,288.09867997132267,345.44385106000703,1.0,0.8106668579178811,0.7957335245845476,1.0,0.8333333333333334,strong,high,80,dense,4,0.5451261569851679,185.76123447369693,0.5435351252169723,0.5286017918836391,-102.33744549762574,-0.26713173270090873,-0.2671317327009085,-0.01652436510152877
gamma_strong__noise_low__T_300__density_medium__seed_002,pcmci_dag,0.8701238698929535,0,1.0,0.99,2088.6694816641707,3150.713164791521,0.1666666666666666,1.3623421568678449,1.3117754902011782,0.1666666666666666,0.1666666666666666,strong,low,300,medium,2,1.2835227977908767,1244.1755413745962,0.8744813218722506,0.7281942357568193,-844.4939402895745,-0.4878608349955943,-0.5835812544443589,-0.5553285620340574
gamma_strong__noise_low__T_300__density_medium__seed_002,oracle_hybrid,0.8847190606176607,5,1.0,0.99,1059.4265307368614,1457.228511887466,0.3333333333333333,0.7022404311232545,0.651673764456588,0.3333333333333333,0.3333333333333333,strong,low,300,medium,2,0.6441669242522401,1244.1755413745962,0.8744813218722506,0.7281942357568193,184.74901063773473,0.17224089074899607,0.07652047130023132,0.0840273115045792
gamma_strong__noise_low__T_300__density_medium__seed_002,hybrid,0.885137916641971,0,1.0,0.99,1022.5701703262994,1457.7001850790157,0.6666666666666666,0.6692253873346107,0.6370654575553387,0.6666666666666666,0.3333333333333333,strong,low,300,medium,2,0.6270866445764405,1244.1755413745962,0.8744813218722506,0.7281942357568193,221.60537104829677,0.2052559345376399,0.09112877820148058,0.10110759118037882
gamma_weak__noise_low__T_156__density_dense__seed_005,pcmci_dag,0.8122569101411827,1,1.0,0.99,652.9889128188297,1018.959065678532,0.3333333333333333,0.814157832947629,0.7738911662809623,0.3333333333333333,0.3333333333333333,weak,low,156,dense,5,0.4642720043279167,279.7642046444616,0.4156837669429287,0.382117100276262,-373.2247081743681,-0.3984740660047003,-0.3917740660047003,-0.08215490405165471
gamma_weak__noise_low__T_156__density_dense__seed_005,oracle_hybrid,0.8329667138336353,2,1.01,0.99,284.46435647998936,329.2675570422236,0.8333333333333334,0.4161892079512945,0.3826225412846279,0.8333333333333334,0.8333333333333334,weak,low,156,dense,5,0.3994090322669086,279.7642046444616,0.4156837669429287,0.382117100276262,-4.700151835527777,-0.0005054410083658034,-0.0005054410083659144,-0.017291931990646603
gamma_weak__noise_low__T_156__density_dense__seed_005,hybrid,0.8328320161376372,0,1.01,0.99,458.9703400408823,627.3051369615557,0.6666666666666666,0.5921914153873667,0.5586247487207,0.6666666666666666,0.8333333333333334,weak,low,156,dense,5,0.3428688483574199,279.7642046444616,0.4156837669429287,0.382117100276262,-179.20613539642073,-0.17650764844443806,-0.176507648444438,0.039248251918842125
gamma_weak__noise_high__T_156__density_dense__seed_003,pcmci_dag,0.6246273205971142,0,1.0,0.99,743.4831982195747,937.3979286599975,0.3333333333333333,1.4483592170158774,1.3683425503492108,0.3333333333333333,0.3333333333333333,weak,high,156,dense,3,1.369564243066554,267.8842109978001,0.3394608115228532,0.3449984025502899,-475.59898722177456,-1.1088984054930242,-1.023344147798921,-1.024565840516264
gamma_weak__noise_high__T_156__density_dense__seed_003,oracle_hybrid,0.7107792591928941,0,1.01,0.99,277.79556463452,374.3352263420997,1.0,0.360513668865011,0.3594983407715928,1.0,1.0,weak,high,156,dense,3,0.3401770669142408,267.8842109978001,0.3394608115228532,0.3449984025502899,-9.911353636719923,-0.021052857342157838,-0.01449993822130291,0.0048213356360490844
gamma_weak__noise_high__T_156__density_dense__seed_003,hybrid,0.7105960855028497,0,1.0,0.99,288.66998153444496,365.9853463303627,1.0,0.3800805769931711,0.3491767138441313,1.0,1.0,weak,high,156,dense,3,0.3391772189795627,267.8842109978001,0.3394608115228532,0.3449984025502899,-20.78577053664486,-0.040619765470317926,-0.004178311293841386,0.005821183570727195
gamma_weak__noise_medium__T_300__density_sparse__seed_004,pcmci_dag,0.818670412395783,0,1.0,0.99,1691.6505755685776,2169.689368794885,0.3333333333333333,1.2480832674305808,1.2292999340972477,0.3333333333333333,0.3333333333333333,weak,medium,300,sparse,4,1.2292999340972477,470.74187933338425,0.4096554331373626,0.3908720998040292,-1220.9086962351932,-0.8384278342932183,-0.8384278342932185,-0.8384278342932185
gamma_weak__noise_medium__T_300__density_sparse__seed_004,oracle_hybrid,0.8326425206232458,3,1.0,0.99,458.0722288396728,546.5378054885133,0.5,0.3953530844673063,0.3832030844673063,0.5,0.5,weak,medium,300,sparse,4,0.3976528334713092,470.74187933338425,0.4096554331373626,0.3908720998040292,12.669650493711458,0.014302348670056253,0.007669015336722929,-0.006780733667279992
gamma_weak__noise_medium__T_300__density_sparse__seed_004,hybrid,0.8326937472884246,3,1.0,0.99,472.7753979901698,559.6698501041398,0.6666666666666666,0.4121549475331707,0.3933716141998373,0.6666666666666666,0.6666666666666666,weak,medium,300,sparse,4,0.3933716141998375,470.74187933338425,0.4096554331373626,0.3908720998040292,-2.0335186567855317,-0.0024995143958081445,-0.002499514395808089,-0.002499514395808311
gamma_strong__noise_low__T_300__density_medium__seed_003,pcmci_dag,0.868547257567213,0,1.0,0.99,1485.172225933166,1976.156455688777,0.3333333333333333,1.0919084436643465,0.9848417769976796,0.3333333333333333,0.0,strong,low,300,medium,3,0.9493388191110668,862.9653804015369,0.70158689411811,0.536493642118944,-622.206845531629,-0.39032154954623643,-0.4483481348787356,-0.41284517699212275
gamma_strong__noise_low__T_300__density_medium__seed_003,oracle_hybrid,0.8728251478515223,3,1.0,0.99,637.7668617478322,805.5092617164456,0.6666666666666666,0.4807278300284294,0.3588347112243344,0.6666666666666666,0.8333333333333334,strong,low,300,medium,3,0.4057948699024044,862.9653804015369,0.70158689411811,0.536493642118944,225.1985186537047,0.22085906408968065,0.1776589308946096,0.13069877221653964
gamma_strong__noise_low__T_300__density_medium__seed_003,hybrid,0.8723438569822671,10,1.0,0.99,716.8410163378012,890.963494557944,0.6666666666666666,0.5637505026153047,0.4450679157621914,0.6666666666666666,0.6666666666666666,strong,low,300,medium,3,0.4251250946861702,862.9653804015369,0.70158689411811,0.536493642118944,146.1243640637357,0.13783639150280536,0.09142572635675261,0.1113685474327738
gamma_strong__noise_medium__T_300__density_medium__seed_003,pcmci_dag,0.788834522518493,0,1.0,0.99,1354.893286663677,1774.9182340059797,0.3333333333333333,1.0164310515602044,0.909364384893538,0.3333333333333333,0.3333333333333333,strong,medium,300,medium,3,0.8771404792146651,854.9775627490162,0.7019183039067628,0.5407849705734294,-499.9157239146607,-0.3145127476534416,-0.36857941432010854,-0.33635550864123565
gamma_strong__noise_medium__T_300__density_medium__seed_003,oracle_hybrid,0.7915502151240171,0,1.0,0.99,645.0229705005745,760.9544960788957,0.6666666666666666,0.5020082988826736,0.3804992177106046,0.6666666666666666,0.8333333333333334,strong,medium,300,medium,3,0.4122342574331989,854.9775627490162,0.7019183039067628,0.5407849705734294,209.9545922484417,0.19991000502408918,0.16028575286282487,0.12855071314023053
gamma_strong__noise_medium__T_300__density_medium__seed_003,hybrid,0.7910903064594841,2,1.0,0.99,683.0686808591653,829.2378476466073,0.6666666666666666,0.5504702222260549,0.4362686147280044,0.6666666666666666,0.6666666666666666,strong,medium,300,medium,3,0.3958697157355695,854.9775627490162,0.7019183039067628,0.5407849705734294,171.90888188985093,0.1514480816807079,0.10451635584542507,0.14491525483785994
gamma_weak__noise_low__T_80__density_sparse__seed_004,pcmci_dag,0.8563671222942798,2,1.0,0.99,221.08967963921032,258.2599353519968,0.5,0.6687830223864166,0.6720163557197498,0.5,0.5,weak,low,80,sparse,4,0.6720163557197498,176.56309760906024,0.508101806394275,0.5048684730609417,-44.52658203015008,-0.16068121599214158,-0.1671478826588081,-0.1671478826588081
gamma_weak__noise_low__T_80__density_sparse__seed_004,oracle_hybrid,0.8529059911886897,0,1.0,0.99,188.3131755200258,236.01737596087744,0.8333333333333334,0.5358816239377595,0.5326482906044262,0.8333333333333334,0.8333333333333334,weak,low,80,sparse,4,0.5303518180474222,176.56309760906024,0.508101806394275,0.5048684730609417,-11.750077910965558,-0.027779817543484464,-0.027779817543484464,-0.025483344986480416
gamma_weak__noise_low__T_80__density_sparse__seed_004,hybrid,0.8523311128552437,0,1.0,0.99,172.894419701101,217.2382391227713,0.8333333333333334,0.5030868316957992,0.4998534983624658,0.8333333333333334,0.8333333333333334,weak,low,80,sparse,4,0.4998534983624658,176.56309760906024,0.508101806394275,0.5048684730609417,3.6686779079592498,0.005014974698475894,0.005014974698475949,0.005014974698475949
gamma_weak__noise_low__T_300__density_sparse__seed_001,pcmci_dag,0.877918203874,0,1.0,0.99,1003.1288912807898,1290.0505682605208,0.3333333333333333,0.6665776695101281,0.6539443361767948,0.3333333333333333,0.5,weak,low,300,sparse,1,0.5659426048723174,496.9286523395918,0.3549229197614676,0.3491895864281342,-506.20023894119805,-0.3116547497486605,-0.3047547497486606,-0.2167530184441832
gamma_weak__noise_low__T_300__density_sparse__seed_001,oracle_hybrid,0.8816193051032629,7,1.0,0.99,524.7734047759886,557.6515725534105,0.6666666666666666,0.369937118143559,0.3642037848102257,0.6666666666666666,0.6666666666666666,weak,low,300,sparse,1,0.3675534111305869,496.9286523395918,0.3549229197614676,0.3491895864281342,-27.844752436396845,-0.015014198382091393,-0.015014198382091504,-0.018363824702452736
gamma_weak__noise_low__T_300__density_sparse__seed_001,hybrid,0.881589093966374,5,1.01,0.99,528.4203048873323,564.647369270984,0.6666666666666666,0.370185366575106,0.3644520332417726,0.6666666666666666,0.6666666666666666,weak,low,300,sparse,1,0.3011613247802807,496.9286523395918,0.3549229197614676,0.3491895864281342,-31.491652547740557,-0.015262446813638364,-0.01526244681363842,0.04802826164785351
gamma_strong__noise_medium__T_300__density_dense__seed_001,pcmci_dag,0.7700667936136893,0,1.0,0.99,2474.858473678544,3570.7903085544726,0.0,1.5104837202345764,1.4779003869012428,0.0,0.1666666666666666,strong,medium,300,dense,1,1.3389452707484353,688.8594311726774,0.5004776825297934,0.3223267039465579,-1785.9990425058668,-1.010006037704783,-1.155573682954685,-1.0166185668018775
gamma_strong__noise_medium__T_300__density_dense__seed_001,oracle_hybrid,0.8185508963499476,3,1.0,0.99,486.7071134710429,550.8237434856736,0.8333333333333334,0.3408110315812818,0.4909276982479484,0.8333333333333334,0.5,strong,medium,300,dense,1,0.3128185286770229,688.8594311726774,0.5004776825297934,0.3223267039465579,202.15231770163456,0.15966665094851162,-0.16860099430139053,0.009508175269534958
gamma_strong__noise_medium__T_300__density_dense__seed_001,hybrid,0.8184399417274313,1,1.0,0.99,480.7071113093143,553.9153182938671,0.8333333333333334,0.3366810549962092,0.486797721662876,0.8333333333333334,0.5,strong,medium,300,dense,1,0.307266436962864,688.8594311726774,0.5004776825297934,0.3223267039465579,208.15231986336312,0.1637966275335842,-0.1644710177163181,0.015060266983693893
gamma_strong__noise_low__T_80__density_sparse__seed_005,pcmci_dag,0.7792129849819598,0,1.0,0.99,315.6116666666666,367.08281874349103,0.1666666666666666,0.93565,0.8648166666666666,0.1666666666666666,0.1666666666666666,strong,low,80,sparse,5,0.8648166666666666,246.64815941654751,0.7310471072407392,0.6785883188258223,-68.96350725011911,-0.2046028927592608,-0.1862283478408443,-0.1862283478408443
gamma_strong__noise_low__T_80__density_sparse__seed_005,oracle_hybrid,0.9003101607662578,0,1.01,0.99,255.11225539461023,327.4135295046733,0.6666666666666666,0.7478801948496678,0.7213135281830012,0.6666666666666666,0.6666666666666666,strong,low,80,sparse,5,0.694740770339401,246.64815941654751,0.7310471072407392,0.6785883188258223,-8.464095978062716,-0.016833087608928654,-0.04272520935717894,-0.01615245151357869
gamma_strong__noise_low__T_80__density_sparse__seed_005,hybrid,0.9006093927733264,0,1.0,0.99,252.4976152645484,322.2343133272143,0.6666666666666666,0.7422630657098028,0.7156963990431363,0.6666666666666666,0.6666666666666666,strong,low,80,sparse,5,0.689978049192491,246.64815941654751,0.7310471072407392,0.6785883188258223,-5.849455848000872,-0.011215958469063647,-0.03710808021731404,-0.011389730366668682
gamma_strong__noise_low__T_156__density_sparse__seed_003,pcmci_dag,0.7864902068235157,0,1.0,0.99,659.3055930815976,902.5940756694492,0.5,1.341134721756304,1.160884721756304,0.5,0.5,strong,low,156,sparse,3,1.1781516988818188,286.1852671868162,0.4552381322133971,0.2806229137764925,-373.12032589478144,-0.885896589542907,-0.8802618079798116,-0.8975287851053263
gamma_strong__noise_low__T_156__density_sparse__seed_003,oracle_hybrid,0.8797438658419757,0,1.01,0.99,178.7226050754824,253.25648027011124,0.8333333333333334,0.2779467140108951,0.3182905923271395,0.8333333333333334,0.8333333333333334,strong,low,156,sparse,3,0.2532684513696636,286.1852671868162,0.4552381322133971,0.2806229137764925,107.4626621113338,0.177291418202502,-0.03766767855064701,0.027354462406828928
gamma_strong__noise_low__T_156__density_sparse__seed_003,hybrid,0.8792513062988102,0,1.01,0.99,213.4858424155268,281.6256051132476,0.8333333333333334,0.3622069958123866,0.2257857289135806,0.8333333333333334,0.8333333333333334,strong,low,156,sparse,3,0.2223452261066273,286.1852671868162,0.4552381322133971,0.2806229137764925,72.69942477128939,0.09303113640101052,0.05483718486291192,0.058277687669865214
gamma_strong__noise_medium__T_156__density_medium__seed_002,pcmci_dag,0.6990971091511174,0,1.01,0.99,740.5534786879603,889.448206793086,0.1666666666666666,1.18167469040669,1.0219586429266438,0.1666666666666666,0.1666666666666666,strong,medium,156,medium,2,1.0141824229155942,438.510151570923,0.7244309198243918,0.5389182609711777,-302.0433271170373,-0.45724377058229815,-0.48304038195546617,-0.47526416194441656
gamma_strong__noise_medium__T_156__density_medium__seed_002,oracle_hybrid,0.7493294747014094,4,1.0,0.99,330.1775686845805,403.8282259504288,1.0,0.4972943823887311,0.370394382388731,1.0,1.0,strong,medium,156,medium,2,0.450648988599185,438.510151570923,0.7244309198243918,0.5389182609711777,108.3325828863425,0.2271365374356607,0.16852387858244666,0.08826927237199267
gamma_strong__noise_medium__T_156__density_medium__seed_002,hybrid,0.7506190863934946,5,1.0,0.99,326.4342496679959,397.4273255801172,0.8333333333333334,0.4901726497076041,0.3632726497076041,0.8333333333333334,1.0,strong,medium,156,medium,2,0.4431966976611498,438.510151570923,0.7244309198243918,0.5389182609711777,112.07590190292706,0.23425827011678768,0.1756456112635736,0.0957215633100279
gamma_strong__noise_low__T_156__density_medium__seed_004,pcmci_dag,0.8065651680011626,0,1.0,0.99,627.6608726876877,714.3204906106763,0.0,0.8202270633874268,0.7911270633874269,0.0,0.0,strong,low,156,medium,4,0.7344436042776987,306.62910501580774,0.3795009499978906,0.2936250044026183,-321.03176767188,-0.4407261133895362,-0.4975020589848086,-0.44081859987508043
gamma_strong__noise_low__T_156__density_medium__seed_004,oracle_hybrid,0.8768813172107396,6,1.01,0.99,320.406655594522,416.4469714510317,1.0,0.3868408904898424,0.5042408904898424,1.0,0.8333333333333334,strong,low,156,medium,4,0.3517911414468168,306.62910501580774,0.3795009499978906,0.2936250044026183,-13.777550578714283,-0.007339940491951802,-0.21061588608722415,-0.058166137044198485
gamma_strong__noise_low__T_156__density_medium__seed_004,hybrid,0.8769538460376654,0,1.0,0.99,309.9777910373323,395.9648195481662,0.8333333333333334,0.3777482787422453,0.4951482787422454,0.8333333333333334,0.3333333333333333,strong,low,156,medium,4,0.344004211384948,306.62910501580774,0.3795009499978906,0.2936250044026183,-3.348686021524543,0.0017526712556452662,-0.20152327433962708,-0.05037920698232973
gamma_strong__noise_high__T_80__density_medium__seed_005,pcmci_dag,0.6682597745851293,0,1.0,0.99,335.545,371.4229586558519,0.0,0.9904333333333334,0.8716,0.0,0.0,strong,high,80,medium,5,0.8716,283.6370356653022,0.8231192672984228,0.7723526006317561,-51.907964334697795,-0.1673140660349106,-0.0992473993682439,-0.0992473993682439
gamma_strong__noise_high__T_80__density_medium__seed_005,oracle_hybrid,0.7570045412977797,0,1.0,0.99,343.5095107055909,447.6056354022424,0.5,0.9587380442827306,0.9079713776160636,0.5,0.6666666666666666,strong,high,80,medium,5,0.7155403258555654,283.6370356653022,0.8231192672984228,0.7723526006317561,-59.87247504028869,-0.1356187769843078,-0.13561877698430747,0.056812274776190774
gamma_strong__noise_high__T_80__density_medium__seed_005,hybrid,0.7551454515602275,0,1.0,0.99,288.7490706094475,332.63719302872505,0.6666666666666666,0.815021194016354,0.7642545273496874,0.6666666666666666,0.8333333333333334,strong,high,80,medium,5,0.7545607011518363,283.6370356653022,0.8231192672984228,0.7723526006317561,-5.11203494414525,0.008098073282068796,0.008098073282068796,0.01779189947991988
gamma_weak__noise_high__T_300__density_dense__seed_005,pcmci_dag,0.7000198063823393,0,1.0,0.99,585.202676880108,830.0708969663032,0.5,0.4573133986319942,0.438230065298661,0.5,0.5,weak,high,300,dense,5,0.4753459501702961,774.580071723611,0.5596431555907868,0.5349264889241202,189.377394843503,0.1023297569587926,0.09669642362545922,0.059580538753824075
gamma_weak__noise_high__T_300__density_dense__seed_005,oracle_hybrid,0.7068992721258115,1,1.0,0.99,848.4053772934197,981.477181781838,0.8333333333333334,0.60601354092619,0.5812968742595234,0.8333333333333334,0.8333333333333334,weak,high,300,dense,5,0.5761177907447917,774.580071723611,0.5596431555907868,0.5349264889241202,-73.82530556980873,-0.046370385335403164,-0.046370385335403164,-0.041191301820671544
gamma_weak__noise_high__T_300__density_dense__seed_005,hybrid,0.704933215520617,0,1.0,0.99,815.3205976036401,1011.2840312937102,0.8333333333333334,0.5807061148113962,0.5559894481447297,0.8333333333333334,0.8333333333333334,weak,high,300,dense,5,0.4565013771236034,774.580071723611,0.5596431555907868,0.5349264889241202,-40.740525880029054,-0.021062959220609412,-0.021062959220609523,0.07842511180051681
gamma_medium__noise_high__T_156__density_medium__seed_005,pcmci_dag,0.5752222936465988,0,1.0,0.99,928.909159513362,1416.2631313130223,0.3333333333333333,1.1749474399043092,1.1405474399043094,0.3333333333333333,0.5,medium,high,156,medium,5,0.688183826768855,368.1334049486242,0.5311416372130217,0.4641416372130216,-560.7757545647378,-0.6438058026912875,-0.6764058026912878,-0.22404218955583344
gamma_medium__noise_high__T_156__density_medium__seed_005,oracle_hybrid,0.5845748622810121,0,1.01,0.99,353.29721310762056,438.374023604553,0.8333333333333334,0.4996051629840176,0.4652051629840177,0.8333333333333334,0.8333333333333334,medium,high,156,medium,5,0.4485525109192669,368.1334049486242,0.5311416372130217,0.4641416372130216,14.836191841003654,0.031536474229004074,-0.00106352577099611,0.015589126293754696
gamma_medium__noise_high__T_156__density_medium__seed_005,hybrid,0.5845859897724273,0,1.0,0.99,752.0199636370459,1011.816863871426,0.6666666666666666,0.9504567444059808,0.9160567444059806,0.6666666666666666,0.5,medium,high,156,medium,5,0.4904718389127939,368.1334049486242,0.5311416372130217,0.4641416372130216,-383.88655868842164,-0.41931510719295917,-0.451915107192959,-0.026330201699772293
gamma_strong__noise_medium__T_80__density_medium__seed_002,pcmci_dag,0.5507936321911961,0,1.0,0.99,298.82166666666666,327.35200786004043,0.0,0.8679,0.7543666666666667,0.0,0.0,strong,medium,80,medium,2,0.7543666666666667,172.0148845290618,0.4286282860425963,0.4420949527092629,-126.80678213760487,-0.4392717139574037,-0.31227171395740383,-0.31227171395740383
gamma_strong__noise_medium__T_80__density_medium__seed_002,oracle_hybrid,0.77886451373727,0,1.0,0.99,222.0242582255579,305.4278391490201,0.8333333333333334,0.57172990018104,0.6852632335143732,0.8333333333333334,0.8333333333333334,strong,medium,80,medium,2,0.4376211701468578,172.0148845290618,0.4286282860425963,0.4420949527092629,-50.00937369649611,-0.1431016141384437,-0.24316828080511033,0.004473782562405104
gamma_strong__noise_medium__T_80__density_medium__seed_002,hybrid,0.7779811476182296,0,1.01,0.99,231.55739432764477,320.7624799235683,0.8333333333333334,0.5916886253315995,0.7052219586649328,0.8333333333333334,0.8333333333333334,strong,medium,80,medium,2,0.4366125111803522,172.0148845290618,0.4286282860425963,0.4420949527092629,-59.542509798582984,-0.1630603392890032,-0.26312700595566985,0.005482441528910698
gamma_medium__noise_high__T_80__density_medium__seed_001,pcmci_dag,0.6287804295506843,2,1.0,0.99,203.18831100109023,246.2156995684798,0.3333333333333333,0.5140756629076929,0.5064089962410262,0.3333333333333333,0.3333333333333333,medium,high,80,medium,1,0.4808822008874997,133.1755109514812,0.3509189950831855,0.3599189950831856,-70.01280004960904,-0.16315666782450738,-0.1464900011578406,-0.12096320580431413
gamma_medium__noise_high__T_80__density_medium__seed_001,oracle_hybrid,0.6533143181530586,0,1.01,0.99,190.57132776743163,275.2173716939228,0.8333333333333334,0.4920968855083528,0.5010968855083529,0.8333333333333334,0.8333333333333334,medium,high,80,medium,1,0.33673486694299,133.1755109514812,0.3509189950831855,0.3599189950831856,-57.39581681595044,-0.14117789042516726,-0.14117789042516726,0.023184128140195603
gamma_medium__noise_high__T_80__density_medium__seed_001,hybrid,0.6529883567344217,1,1.0,0.99,176.49228738745532,272.0028936830857,0.8333333333333334,0.4605726809906962,0.4695726809906963,0.8333333333333334,0.8333333333333334,medium,high,80,medium,1,0.3068114871136754,133.1755109514812,0.3509189950831855,0.3599189950831856,-43.316776435974134,-0.10965368590751068,-0.10965368590751073,0.05310750796951019
gamma_strong__noise_medium__T_300__density_medium__seed_001,pcmci_dag,0.7683424139740079,0,1.0,0.99,2422.51856479119,4017.2117464228777,0.3333333333333333,1.4599545749411391,1.416878041784888,0.3333333333333333,0.3333333333333333,strong,medium,300,medium,1,1.3904378378421365,872.0735162284224,0.6037442182900954,0.4585275516234288,-1550.4450485627676,-0.8562103566510437,-0.9583504901614592,-0.9319102862187076
gamma_strong__noise_medium__T_300__density_medium__seed_001,oracle_hybrid,0.8188317998355785,2,1.0,0.99,748.2702791284919,953.6152834048924,0.6666666666666666,0.4877329036924786,0.5139485736985258,0.6666666666666666,0.6666666666666666,strong,medium,300,medium,1,0.4470770843202716,872.0735162284224,0.6037442182900954,0.4585275516234288,123.80323709993047,0.11601131459761677,-0.05542102207509697,0.011450467303157186
gamma_strong__noise_medium__T_300__density_medium__seed_001,hybrid,0.8193442743240139,5,1.0,0.99,744.1261595003662,988.6671235077212,0.8333333333333334,0.4806046632438805,0.5133538131895596,0.8333333333333334,0.6666666666666666,strong,medium,300,medium,1,0.4412337847915601,872.0735162284224,0.6037442182900954,0.4585275516234288,127.9473567280562,0.12313955504621488,-0.05482626156613085,0.017293766831868673
gamma_weak__noise_low__T_80__density_sparse__seed_003,pcmci_dag,0.5678477695715574,0,1.0,0.99,371.7716666666667,446.50908645103,0.1666666666666666,1.3906833333333335,1.371033333333333,0.1666666666666666,0.1666666666666666,weak,low,80,sparse,3,1.371033333333333,281.4660573051521,0.8844399333237797,0.8708565999904465,-90.3056093615146,-0.5062434000095538,-0.5001767333428866,-0.5001767333428866
gamma_weak__noise_low__T_80__density_sparse__seed_003,oracle_hybrid,0.8809908305230774,1,1.0,0.99,281.9865532550587,330.6094965744241,0.6666666666666666,0.8703881588437965,0.8568048255104631,0.6666666666666666,0.6666666666666666,weak,low,80,sparse,3,0.8650947500548692,281.4660573051521,0.8844399333237797,0.8708565999904465,-0.5204959499066035,0.014051774479983181,0.014051774479983403,0.005761849935577268
gamma_weak__noise_low__T_80__density_sparse__seed_003,hybrid,0.879990657045364,2,1.0,0.99,374.1774430918079,564.8240070383373,0.5,0.9819649260719197,0.968381592738586,0.5,0.5,weak,low,80,sparse,3,0.8305491851807689,281.4660573051521,0.8844399333237797,0.8708565999904465,-92.7113857866558,-0.09752499274813997,-0.09752499274813953,0.04030741480967759
gamma_medium__noise_low__T_156__density_dense__seed_003,pcmci_dag,0.7931782702182191,0,1.0,0.99,977.5654596309486,1141.047928660638,0.1666666666666666,1.690951647738207,1.5399516477382071,0.1666666666666666,0.1666666666666666,medium,low,156,dense,3,1.5126333314725051,282.65239574171176,0.4502537851165427,0.2368844828923392,-694.9130638892368,-1.2406978626216643,-1.303067164845868,-1.2757488485801658
gamma_medium__noise_low__T_156__density_dense__seed_003,oracle_hybrid,0.8787357355127443,4,1.01,0.99,234.49404909336909,281.1318436939696,1.0,0.3616151479439214,0.3648909787209209,1.0,1.0,medium,low,156,dense,3,0.2845148280890823,282.65239574171176,0.4502537851165427,0.2368844828923392,48.15834664834267,0.08863863717262127,-0.1280064958285817,-0.047630345196743085
gamma_medium__noise_low__T_156__density_dense__seed_003,hybrid,0.8788650259819186,2,1.0,0.99,293.10708092923034,314.26890479303177,0.8333333333333334,0.4642312576985505,0.3214169693582658,0.8333333333333334,1.0,medium,low,156,dense,3,0.2896294985231258,282.65239574171176,0.4502537851165427,0.2368844828923392,-10.454685187518578,-0.013977472582007822,-0.08453248646592659,-0.052745015630786596
gamma_strong__noise_medium__T_156__density_sparse__seed_001,pcmci_dag,0.7677896453747579,0,1.01,0.99,412.11071366716334,531.214477363333,0.6666666666666666,0.6491582155186056,0.6840248821852724,0.6666666666666666,0.5,strong,medium,156,sparse,1,0.5763302030556475,278.2136664294782,0.4093908617351657,0.374524195068499,-133.89704723768511,-0.23976735378343994,-0.30950068711677337,-0.20180600798714854
gamma_strong__noise_medium__T_156__density_sparse__seed_001,oracle_hybrid,0.8339142069311822,3,1.0,0.99,314.67635839601525,361.15950755727465,0.5,0.4430811454509832,0.4082144787843165,0.5,0.5,strong,medium,156,sparse,1,0.4014995393116348,278.2136664294782,0.4093908617351657,0.374524195068499,-36.46269196653702,-0.033690283715817504,-0.033690283715817504,-0.0269753442431358
gamma_strong__noise_medium__T_156__density_sparse__seed_001,hybrid,0.8343805686148394,1,1.01,0.99,617.4869355602559,845.6472183173502,0.3333333333333333,0.8698485151498229,0.8349818484831562,0.3333333333333333,0.3333333333333333,strong,medium,156,sparse,1,0.524211044304527,278.2136664294782,0.4093908617351657,0.374524195068499,-339.2732691307777,-0.46045765341465716,-0.46045765341465716,-0.14968684923602804
gamma_strong__noise_high__T_300__density_sparse__seed_005,pcmci_dag,0.6978514452590044,0,1.0,0.99,846.2637981534521,1102.408063004839,0.6666666666666666,0.6029104591584376,0.5125800559617707,0.6666666666666666,0.6666666666666666,strong,high,300,sparse,5,0.5318744128755131,757.1571465651232,0.5642600755206938,0.4642100755206939,-89.10665158832887,-0.03865038363774376,-0.04836998044107682,-0.06766433735481919
gamma_strong__noise_high__T_300__density_sparse__seed_005,oracle_hybrid,0.7012010561371863,1,1.0,0.99,654.6227377291194,743.5461611562984,0.6666666666666666,0.4819823377263314,0.4616323377263314,0.6666666666666666,0.6666666666666666,strong,high,300,sparse,5,0.4395363799164428,757.1571465651232,0.5642600755206938,0.4642100755206939,102.53440883600376,0.08227773779436237,0.002577737794362489,0.02467369560425109
gamma_strong__noise_high__T_300__density_sparse__seed_005,hybrid,0.7016093857677557,2,1.0,0.99,889.6227230574276,1086.5872059051317,0.6666666666666666,0.6269829005359927,0.6066329005359927,0.6666666666666666,0.8333333333333334,strong,high,300,sparse,5,0.5355321546370329,757.1571465651232,0.5642600755206938,0.4642100755206939,-132.46557649230442,-0.06272282501529891,-0.14242282501529885,-0.07132207911633898
gamma_weak__noise_high__T_300__density_medium__seed_002,pcmci_dag,0.6706648795706771,0,1.02,0.99,1421.252826709468,1779.1557797308428,0.0,1.003474903435595,0.9798749034355948,0.0,0.0,weak,high,300,medium,2,0.9798749034355948,1404.7754800435894,0.9501767918536052,0.934843458520272,-16.477346665878713,-0.05329811158198983,-0.04503144491532285,-0.04503144491532285
gamma_weak__noise_high__T_300__density_medium__seed_002,oracle_hybrid,0.7054402565818341,1,1.0,0.99,1435.0881052372658,1993.1006289479697,0.6666666666666666,0.956019312487241,0.9406859791539078,0.6666666666666666,0.6666666666666666,weak,high,300,medium,2,0.9408505920023684,1404.7754800435894,0.9501767918536052,0.934843458520272,-30.312625193676467,-0.005842520633635884,-0.005842520633635884,-0.006007133482096472
gamma_weak__noise_high__T_300__density_medium__seed_002,hybrid,0.7053999638836931,0,1.0,0.99,1310.563764134139,1860.1790436621827,0.6666666666666666,0.8761363039867206,0.8608029706533874,0.6666666666666666,0.8333333333333334,weak,high,300,medium,2,0.879800761539273,1404.7754800435894,0.9501767918536052,0.934843458520272,94.21171590945028,0.07404048786688455,0.07404048786688455,0.05504269698099895
gamma_medium__noise_low__T_300__density_medium__seed_002,pcmci_dag,0.8611859677709657,0,1.0,0.99,2574.7029214792788,4124.944955929394,0.1666666666666666,1.7006349152030251,1.6634515818696916,0.1666666666666666,0.1666666666666666,medium,low,300,medium,2,1.6568925453408083,1273.745033503864,0.8606769017473654,0.7971935684140323,-1300.9578879754147,-0.8399580134556597,-0.8662580134556592,-0.859698976926776
gamma_medium__noise_low__T_300__density_medium__seed_002,oracle_hybrid,0.8854010093344361,5,1.0,0.99,1156.655238851754,1781.896366951797,0.6666666666666666,0.7533850528731136,0.7162017195397804,0.6666666666666666,0.6666666666666666,medium,low,300,medium,2,0.7270820757083256,1273.745033503864,0.8606769017473654,0.7971935684140323,117.08979465211019,0.1072918488742518,0.08099184887425193,0.07011149270570671
gamma_medium__noise_low__T_300__density_medium__seed_002,hybrid,0.8858249076023469,6,1.0,0.99,1182.7526919496747,1781.26023104376,0.6666666666666666,0.7827984094925494,0.7456150761592162,0.6666666666666666,0.5,medium,low,300,medium,2,0.7516595889045341,1273.745033503864,0.8606769017473654,0.7971935684140323,90.99234155418935,0.07787849225481602,0.051578492254816144,0.045533979509498224
gamma_strong__noise_low__T_80__density_medium__seed_003,pcmci_dag,0.5846090470125704,0,1.0,0.99,384.8033333333333,427.9349816268822,0.0,1.4378166666666663,1.1880666666666666,0.0,0.0,strong,low,80,medium,3,1.1880666666666666,279.2239827509864,0.9262591851085068,0.709109185108507,-105.57935058234688,-0.5115574815581595,-0.47895748155815965,-0.47895748155815965
gamma_strong__noise_low__T_80__density_medium__seed_003,oracle_hybrid,0.8770269212987296,0,1.0,0.99,296.6505495073682,348.1393957577658,0.6666666666666666,0.8585629646641667,0.8138814131048836,0.6666666666666666,0.8333333333333334,strong,low,80,medium,3,0.7237526542802245,279.2239827509864,0.9262591851085068,0.709109185108507,-17.426566756381817,0.0676962204443401,-0.10477222799637664,-0.01464346917171755
gamma_strong__noise_low__T_80__density_medium__seed_003,hybrid,0.8763290882969333,0,1.0,0.99,319.6653765396684,353.4623559411957,0.8333333333333334,0.992966821895239,0.819316821895239,0.8333333333333334,0.8333333333333334,strong,low,80,medium,3,0.7682715675004183,279.2239827509864,0.9262591851085068,0.709109185108507,-40.44139378868198,-0.0667076367867322,-0.11020763678673207,-0.059162382391911295
gamma_strong__noise_high__T_80__density_dense__seed_003,pcmci_dag,0.4367736852307231,0,1.0,0.99,403.6583333333333,430.5662873279019,0.0,1.4671666666666665,1.1113333333333335,0.0,0.0,strong,high,80,dense,3,1.1113333333333335,205.5151758716178,0.6889442600195056,0.6306785028825175,-198.1431574617155,-0.7782224066471609,-0.48065483045081603,-0.48065483045081603
gamma_strong__noise_high__T_80__density_dense__seed_003,oracle_hybrid,0.6962933772285436,0,1.01,0.99,261.4426594437924,364.428383377952,1.0,0.7657648235397826,0.9562095865502592,1.0,0.8333333333333334,strong,high,80,dense,3,0.7180162539352787,205.5151758716178,0.6889442600195056,0.6306785028825175,-55.92748357217462,-0.076820563520277,-0.32553108366774175,-0.0873377510527612
gamma_strong__noise_high__T_80__density_dense__seed_003,hybrid,0.6945269931559618,0,1.0,0.99,260.0464131655271,357.64932661076244,1.0,0.7708445713158408,0.8861449510370898,1.0,0.8333333333333334,strong,high,80,dense,3,0.7523924012400083,205.5151758716178,0.6889442600195056,0.6306785028825175,-54.5312372939093,-0.08190031129633524,-0.2554664481545723,-0.1217138983574908
gamma_strong__noise_high__T_156__density_sparse__seed_004,pcmci_dag,0.444144982255737,0,1.0,0.99,734.265,857.358622854715,0.1666666666666666,1.0034500000000002,0.9339666666666666,0.1666666666666666,0.1666666666666666,strong,high,156,sparse,4,0.9339666666666666,131.3367799191062,0.1751892847351951,0.2289263752230971,-602.9282200808938,-0.828260715264805,-0.7050402914435695,-0.7050402914435695
gamma_strong__noise_high__T_156__density_sparse__seed_004,oracle_hybrid,0.6783802021591813,0,1.0,0.99,185.06635533536897,216.9047423960231,0.8333333333333334,0.2490399610115652,0.3185232943448985,0.8333333333333334,0.8333333333333334,strong,high,156,sparse,4,0.2310692060928278,131.3367799191062,0.1751892847351951,0.2289263752230971,-53.729575416262776,-0.0738506762763701,-0.0895969191218014,-0.0021428308697306886
gamma_strong__noise_high__T_156__density_sparse__seed_004,hybrid,0.6790035509169754,0,1.0,0.99,203.54487968788075,232.0465911157833,0.8333333333333334,0.2729306917426681,0.3424140250760014,0.8333333333333334,0.8333333333333334,strong,high,156,sparse,4,0.2495082654004587,131.3367799191062,0.1751892847351951,0.2289263752230971,-72.20809976877456,-0.097741407007473,-0.11348764985290427,-0.02058189017736159
gamma_medium__noise_low__T_156__density_sparse__seed_005,pcmci_dag,0.8156804819940469,0,1.01,0.99,559.169296529165,897.7651895649102,0.6666666666666666,0.7045177256560767,0.68390105898941,0.6666666666666666,0.6666666666666666,medium,low,156,sparse,5,0.3664398759555982,295.4315776855136,0.4435547110311633,0.38787137769783,-263.73771884365135,-0.26096301462491345,-0.29602968129158,0.021431501742231795
gamma_medium__noise_low__T_156__density_sparse__seed_005,oracle_hybrid,0.8324797332038492,0,1.01,0.99,272.81772566911127,323.2182004266759,0.6666666666666666,0.3967321680854401,0.3482863045767828,0.6666666666666666,0.6666666666666666,medium,low,156,sparse,5,0.3865703137217466,295.4315776855136,0.4435547110311633,0.38787137769783,22.613852016402348,0.04682254294572319,0.0395850731210472,0.001301063976083372
gamma_medium__noise_low__T_156__density_sparse__seed_005,hybrid,0.8331068657146478,1,1.01,0.99,522.3818121171419,690.7864523151821,0.5,0.6716672743181552,0.6510506076514886,0.5,0.6666666666666666,medium,low,156,sparse,5,0.3534603348595624,295.4315776855136,0.4435547110311633,0.38787137769783,-226.95023443162825,-0.22811256328699192,-0.2631792299536586,0.03441104283826757
gamma_strong__noise_low__T_300__density_sparse__seed_001,pcmci_dag,0.8825856916671747,2,1.0,0.99,770.0718625970549,1228.555910496641,0.6666666666666666,0.485215005596626,0.5082544098563392,0.6666666666666666,0.5,strong,low,300,sparse,1,0.4790035481896519,691.3035576713328,0.4741782636742712,0.3938282636742711,-78.76830492572208,-0.01103674192235482,-0.11442614618206809,-0.08517528451538081
gamma_strong__noise_low__T_300__density_sparse__seed_001,oracle_hybrid,0.8833780291424747,7,1.0,0.99,713.7005473269028,853.5690370561485,0.5,0.4735820619751311,0.50868375359641,0.5,0.5,strong,low,300,sparse,1,0.4525348343666417,691.3035576713328,0.4741782636742712,0.3938282636742711,-22.396989655569996,0.0005962016991400976,-0.11485548992213895,-0.05870657069237062
gamma_strong__noise_low__T_300__density_sparse__seed_001,hybrid,0.883685829988047,5,1.0,0.99,682.238375320975,802.4276298932293,0.5,0.4518811665274553,0.489004891831062,0.5,0.5,strong,low,300,sparse,1,0.433075954836082,691.3035576713328,0.4741782636742712,0.3938282636742711,9.065182350357759,0.02229709714681588,-0.0951766281567909,-0.03924769116181093
gamma_strong__noise_high__T_156__density_dense__seed_002,pcmci_dag,0.5966203809043458,0,1.02,0.99,823.4588154826403,929.1653162739784,0.1666666666666666,1.290235861074709,1.0891974722586248,0.1666666666666666,0.1666666666666666,strong,high,156,dense,2,1.0408158792267657,362.85175730071006,0.6492750552359409,0.3290969681412376,-460.6070581819302,-0.640960805838768,-0.7601005041173872,-0.711718911085528
gamma_strong__noise_high__T_156__density_dense__seed_002,oracle_hybrid,0.6311143658632634,0,1.0,0.99,315.9438215780371,346.7688322692478,1.0,0.5065156731233568,0.4595228049608719,1.0,0.8333333333333334,strong,high,156,dense,2,0.4271358231151926,362.85175730071006,0.6492750552359409,0.3290969681412376,46.90793572267296,0.1427593821125841,-0.13042583681963427,-0.09803885497395498
gamma_strong__noise_high__T_156__density_dense__seed_002,hybrid,0.6331580866291739,0,1.01,0.99,324.9682689143693,359.63960396916406,0.8333333333333334,0.5693173873191574,0.449884053985824,0.8333333333333334,1.0,strong,high,156,dense,2,0.4232819119937316,362.85175730071006,0.6492750552359409,0.3290969681412376,37.88348838634079,0.07995766791678349,-0.12078708584458636,-0.09418494385249399
gamma_weak__noise_high__T_80__density_sparse__seed_003,pcmci_dag,0.4189312899714582,0,1.01,0.99,371.7716666666667,446.50908645103,0.1666666666666666,1.3906833333333335,1.371033333333333,0.1666666666666666,0.1666666666666666,weak,high,80,sparse,3,1.371033333333333,342.1603858445058,1.022634655731989,1.0090513223986557,-29.611280822160893,-0.3680486776013445,-0.3619820109346774,-0.3619820109346774
gamma_weak__noise_high__T_80__density_sparse__seed_003,oracle_hybrid,0.6979509311423729,1,1.0,0.99,351.2870827365942,398.8786765664486,0.6666666666666666,1.0433535022085232,1.02977016887519,0.6666666666666666,0.8333333333333334,weak,high,80,sparse,3,1.032884513621191,342.1603858445058,1.022634655731989,1.0090513223986557,-9.126696892088376,-0.020718846476534214,-0.020718846476534214,-0.023833191222535355
gamma_weak__noise_high__T_80__density_sparse__seed_003,hybrid,0.6966659701322041,0,1.01,0.99,506.1174945997951,684.5227954262803,0.6666666666666666,1.377876260398266,1.3642929270649329,0.6666666666666666,0.6666666666666666,weak,high,80,sparse,3,1.0029704903009065,342.1603858445058,1.022634655731989,1.0090513223986557,-163.9571087552893,-0.35524160466627697,-0.3552416046662772,0.006080832097749234
gamma_medium__noise_low__T_80__density_medium__seed_005,pcmci_dag,0.7762640082062146,0,1.0,0.99,324.8566666666666,375.8313777923996,0.0,0.9628666666666668,0.9051833333333332,0.0,0.0,medium,low,80,medium,5,0.9051833333333332,227.44770659079575,0.6841589915214769,0.6507089915214768,-97.40896007587088,-0.2787076751451899,-0.25447434181185646,-0.25447434181185646
gamma_medium__noise_low__T_80__density_medium__seed_005,oracle_hybrid,0.903101378779508,0,1.0,0.99,255.69131839378613,317.5646917496355,0.6666666666666666,0.743342094827142,0.709892094827142,0.6666666666666666,0.6666666666666666,medium,low,80,medium,5,0.6301573441716103,227.44770659079575,0.6841589915214769,0.6507089915214768,-28.243611802990387,-0.05918310330566512,-0.05918310330566523,0.020551647349866475
gamma_medium__noise_low__T_80__density_medium__seed_005,hybrid,0.9031524738645073,0,1.0,0.99,275.4463247491654,316.6765002318078,0.8333333333333334,0.7677492572961317,0.7342992572961319,0.8333333333333334,0.8333333333333334,medium,low,80,medium,5,0.6486104301274592,227.44770659079575,0.6841589915214769,0.6507089915214768,-47.99861815836965,-0.08359026577465489,-0.08359026577465511,0.0020985613940175396
gamma_medium__noise_medium__T_80__density_sparse__seed_003,pcmci_dag,0.7577586824736816,0,1.0,0.99,759.1990222849507,1357.8236375469842,0.1666666666666666,2.028125295126346,1.9922252951263468,0.1666666666666666,0.1666666666666666,medium,medium,80,sparse,3,2.0959155392094417,337.2100815469119,1.001995523679448,0.966095523679448,-421.9889407380388,-1.0261297714468982,-1.0261297714468989,-1.1298200155299938
gamma_medium__noise_medium__T_80__density_sparse__seed_003,oracle_hybrid,0.8078358643536513,0,1.0,0.99,354.66842767608085,425.5054435680173,0.6666666666666666,1.041335781303588,1.005435781303588,0.6666666666666666,0.8333333333333334,medium,medium,80,sparse,3,1.0076447274991462,337.2100815469119,1.001995523679448,0.966095523679448,-17.458346129168945,-0.03934025762413995,-0.03934025762413995,-0.04154920381969829
gamma_medium__noise_medium__T_80__density_sparse__seed_003,hybrid,0.8090144778984341,0,1.0,0.99,356.7409051016086,439.0365587003698,0.8333333333333334,1.0087959472395145,0.9728959472395144,0.8333333333333334,0.8333333333333334,medium,medium,80,sparse,3,1.0602033450582729,337.2100815469119,1.001995523679448,0.966095523679448,-19.530823554696667,-0.006800423560066493,-0.006800423560066493,-0.0941078213788249
gamma_weak__noise_medium__T_80__density_medium__seed_003,pcmci_dag,0.5115895934707437,0,1.0,0.99,375.205,447.4537177742521,0.0,1.40585,1.3583833333333333,0.0,0.0,weak,medium,80,medium,3,1.3583833333333333,286.300599417316,0.8906493873072225,0.8499493873072225,-88.90440058268399,-0.5152006126927775,-0.5084339460261108,-0.5084339460261108
gamma_weak__noise_medium__T_80__density_medium__seed_003,oracle_hybrid,0.8091433751705049,0,1.01,0.99,302.29069101329355,333.64018361509494,0.6666666666666666,0.90416521772959,0.86346521772959,0.6666666666666666,0.6666666666666666,weak,medium,80,medium,3,0.8570641528420867,286.300599417316,0.8906493873072225,0.8499493873072225,-15.99009159597756,-0.01351583042236748,-0.01351583042236748,-0.007114765534864231
gamma_weak__noise_medium__T_80__density_medium__seed_003,hybrid,0.810233379060076,0,1.0,0.99,419.9395617377186,617.8847756474382,0.5,1.1042524170128682,1.1186524170128682,0.5,0.5,weak,medium,80,medium,3,0.8549347397075899,286.300599417316,0.8906493873072225,0.8499493873072225,-133.63896232040258,-0.2136030297056457,-0.26870302970564575,-0.00498535240036746
gamma_medium__noise_high__T_300__density_sparse__seed_003,pcmci_dag,0.6612002160794643,0,1.0,0.99,942.7965967967028,1102.633234312584,0.3333333333333333,0.7573828189940883,0.6924161523274218,0.3333333333333333,0.5,medium,high,300,sparse,3,0.5884675342672953,716.7501785434133,0.5990127627607692,0.5340460960941024,-226.04641825328952,-0.15837005623331912,-0.15837005623331946,-0.05442143817319289
gamma_medium__noise_high__T_300__density_sparse__seed_003,oracle_hybrid,0.6628512021023103,2,1.0,0.99,660.5155366876673,821.3419326369249,0.5,0.5502925439936384,0.4853258773269717,0.5,0.6666666666666666,medium,high,300,sparse,3,0.5348055083009248,716.7501785434133,0.5990127627607692,0.5340460960941024,56.23464185574596,0.04872021876713084,0.048720218767130674,-0.0007594122068224074
gamma_medium__noise_high__T_300__density_sparse__seed_003,hybrid,0.6621153022826566,0,1.0,0.99,718.3611752403535,868.8787262448724,0.5,0.5874054101082073,0.5232430379556184,0.5,0.6666666666666666,medium,high,300,sparse,3,0.5183681737652811,716.7501785434133,0.5990127627607692,0.5340460960941024,-1.6109966969402194,0.011607352652561853,0.010803058138483923,0.01567792232882126
gamma_weak__noise_medium__T_80__density_medium__seed_004,pcmci_dag,0.7517349402776087,0,1.0,0.99,333.3444652071153,437.7838811794674,0.1666666666666666,0.9427206979242694,0.9237540312576024,0.1666666666666666,0.1666666666666666,weak,medium,80,medium,4,0.9237540312576024,217.1830443583077,0.6272285587838989,0.6135618921172323,-116.16142084880761,-0.31549213914037044,-0.31019213914037,-0.31019213914037
gamma_weak__noise_medium__T_80__density_medium__seed_004,oracle_hybrid,0.7661871489931156,0,1.0,0.99,231.59703095829573,283.4608000303106,1.0,0.6608923893411315,0.6472257226744647,1.0,1.0,weak,medium,80,medium,4,0.5947425001508293,217.1830443583077,0.6272285587838989,0.6135618921172323,-14.413986599988021,-0.033663830557232544,-0.03366383055723232,0.018819391966403032
gamma_weak__noise_medium__T_80__density_medium__seed_004,hybrid,0.7648382463308804,0,1.0,0.99,221.46154701752872,259.72665145046903,1.0,0.6348200814821702,0.6211534148155033,1.0,1.0,weak,medium,80,medium,4,0.6211534148155036,217.1830443583077,0.6272285587838989,0.6135618921172323,-4.2785026592210045,-0.007591522698271236,-0.007591522698271014,-0.007591522698271236
gamma_strong__noise_high__T_156__density_medium__seed_005,pcmci_dag,0.577839870356931,0,1.0,0.99,642.792882332178,879.9126479721145,0.5,0.8351142201200363,0.7906808867867029,0.5,0.5,strong,high,156,medium,5,0.7794592596456482,411.9339349843358,0.5984356736709893,0.4854690070043225,-230.85894734784222,-0.23667854644904707,-0.3052118797823804,-0.2939902526413257
gamma_strong__noise_high__T_156__density_medium__seed_005,oracle_hybrid,0.5815513789041719,0,1.01,0.99,384.2205192215753,464.4621201421292,0.8333333333333334,0.5270135571634796,0.4825802238301463,0.8333333333333334,0.8333333333333334,strong,high,156,medium,5,0.4281748516091512,411.9339349843358,0.5984356736709893,0.4854690070043225,27.71341576276052,0.07142211650750963,0.0028887831741761794,0.0572941553951713
gamma_strong__noise_high__T_156__density_medium__seed_005,hybrid,0.582674650219827,0,1.01,0.99,370.50807184566406,458.28926010736143,0.8333333333333334,0.5127285309803197,0.4682951976469863,0.8333333333333334,0.8333333333333334,strong,high,156,medium,5,0.4101713921608123,411.9339349843358,0.5984356736709893,0.4854690070043225,41.42586313867173,0.08570714269066959,0.0171738093573362,0.07529761484351022
gamma_strong__noise_low__T_80__density_sparse__seed_003,pcmci_dag,0.8538690291693494,0,1.0,0.99,585.3779616513699,969.9336320419096,0.0,1.5713184062746823,1.5121684062746823,0.0,0.0,strong,low,80,sparse,3,1.6536575250778294,350.1850971803674,1.0673346122019762,1.0081846122019762,-235.1928644710025,-0.5039837940727061,-0.5039837940727061,-0.6454729128758532
gamma_strong__noise_low__T_80__density_sparse__seed_003,oracle_hybrid,0.8775023994286558,0,1.0,0.99,383.36450649951433,501.9037827633203,0.3333333333333333,1.1138986466413343,1.0547486466413345,0.3333333333333333,0.3333333333333333,strong,low,80,sparse,3,1.0431076358506195,350.1850971803674,1.0673346122019762,1.0081846122019762,-33.17940931914694,-0.04656403443935808,-0.046564034439358304,-0.0349230236486433
gamma_strong__noise_low__T_80__density_sparse__seed_003,hybrid,0.8776589609683998,5,1.0,0.99,363.29271998505146,496.3206093426873,0.6666666666666666,0.9866728613063668,0.9275228613063669,0.6666666666666666,0.6666666666666666,strong,low,80,sparse,3,1.057618847159305,350.1850971803674,1.0673346122019762,1.0081846122019762,-13.10762280468407,0.08066175089560945,0.08066175089560934,-0.049434234957328904
gamma_medium__noise_medium__T_80__density_sparse__seed_001,pcmci_dag,0.7365406263798212,0,1.0,0.99,216.03898020876235,263.24129017662085,0.3333333333333333,0.5547704042991978,0.5617537376325311,0.3333333333333333,0.3333333333333333,medium,medium,80,sparse,1,0.5286157318140865,133.55713171196783,0.3383712497136459,0.3559545830469792,-82.48184849679453,-0.21639915458555187,-0.20579915458555192,-0.1726611487671073
gamma_medium__noise_medium__T_80__density_sparse__seed_001,oracle_hybrid,0.7683861981271127,0,1.0,0.99,164.09853319768493,198.58145963811936,0.6666666666666666,0.4222501131361847,0.4398334464695181,0.6666666666666666,0.6666666666666666,medium,medium,80,sparse,1,0.3965501081902853,133.55713171196783,0.3383712497136459,0.3559545830469792,-30.541401485717103,-0.08387886342253881,-0.08387886342253892,-0.04059552514330611
gamma_medium__noise_medium__T_80__density_sparse__seed_001,hybrid,0.7681839445373462,0,1.0,0.99,181.19728082018597,237.78661459843332,0.6666666666666666,0.4661793277452089,0.4837626610785421,0.6666666666666666,0.6666666666666666,medium,medium,80,sparse,1,0.3567892906022745,133.55713171196783,0.3383712497136459,0.3559545830469792,-47.64014910821814,-0.12780807803156302,-0.1278080780315629,-0.0008347075552952998
gamma_medium__noise_medium__T_80__density_dense__seed_002,pcmci_dag,0.6853383479690026,0,1.0,0.99,354.1516714018624,396.5232638815602,0.0,1.0474057147548728,0.9835057147548728,0.0,0.0,medium,medium,80,dense,2,0.929134188694726,146.72797658136184,0.3769455379945503,0.425012204661217,-207.42369482050057,-0.6704601767603224,-0.5584935100936559,-0.5041219840335089
gamma_medium__noise_medium__T_80__density_dense__seed_002,oracle_hybrid,0.7763489343782182,1,1.0,0.99,192.9223719020437,273.4579256787856,1.0,0.5059873363272062,0.5854177554035713,1.0,0.8333333333333334,medium,medium,80,dense,2,0.3834505366600281,146.72797658136184,0.3769455379945503,0.425012204661217,-46.19439532068185,-0.1290417983326559,-0.16040555074235435,0.04156166800118888
gamma_medium__noise_medium__T_80__density_dense__seed_002,hybrid,0.7769938374498198,0,1.0,0.99,185.46910368362165,259.2924597965394,1.0,0.4863644914303818,0.5685311580970486,1.0,0.8333333333333334,medium,medium,80,dense,2,0.403763814363659,146.72797658136184,0.3769455379945503,0.425012204661217,-38.74112710225981,-0.10941895343583152,-0.1435189534358316,0.021248390297557984
gamma_medium__noise_low__T_300__density_sparse__seed_003,pcmci_dag,0.8668537462671289,0,1.0,0.99,1005.1537126500692,1233.7111127678952,0.3333333333333333,0.7697253281832239,0.7047586615165571,0.3333333333333333,0.3333333333333333,medium,low,300,sparse,3,0.5755334653877274,589.8320811561006,0.4992652024181327,0.4342985357514661,-415.32163149396865,-0.2704601257650912,-0.270460125765091,-0.14123492963626133
gamma_medium__noise_low__T_300__density_sparse__seed_003,oracle_hybrid,0.8685525082658259,11,1.0,0.99,510.3982501990124,583.2660174452917,0.5,0.4257031584516659,0.3607364917849991,0.5,0.5,medium,low,300,sparse,3,0.409399672717895,589.8320811561006,0.4992652024181327,0.4342985357514661,79.43383095708816,0.07356204396646682,0.07356204396646698,0.024898863033571084
gamma_medium__noise_low__T_300__density_sparse__seed_003,hybrid,0.8683351822502077,5,1.0,0.99,702.398060433387,871.6474029261359,0.5,0.5451848811148676,0.4802182144482009,0.5,0.5,medium,low,300,sparse,3,0.3631364771258869,589.8320811561006,0.4992652024181327,0.4342985357514661,-112.56597927728637,-0.04591967869673491,-0.0459196786967348,0.07116205862557917
gamma_weak__noise_medium__T_156__density_dense__seed_005,pcmci_dag,0.717373160049409,1,1.0,0.99,674.4546651018799,1062.1643254264031,0.5,0.8363109391144503,0.8027442724477835,0.5,0.5,weak,medium,156,dense,5,0.4771726287553191,282.34265231308217,0.4308496219396158,0.3972829552729491,-392.1120127887977,-0.4054613171748345,-0.40546131717483436,-0.07988967348236997
gamma_weak__noise_medium__T_156__density_dense__seed_005,oracle_hybrid,0.7305179973865656,1,1.0,0.99,296.9494287126951,402.7836675155309,0.6666666666666666,0.4327457289265848,0.4083790622599181,0.6666666666666666,0.6666666666666666,weak,medium,156,dense,5,0.4078764378672819,282.34265231308217,0.4308496219396158,0.3972829552729491,-14.606776399612954,-0.001896106986969015,-0.011096106986969001,-0.010593482594332793
gamma_weak__noise_medium__T_156__density_dense__seed_005,hybrid,0.7310186351712791,1,1.0,0.99,595.2094046931485,809.279362255292,0.5,0.751960770935025,0.7183941042683584,0.5,0.6666666666666666,weak,medium,156,dense,5,0.4295602085613021,282.34265231308217,0.4308496219396158,0.3972829552729491,-312.8667523800663,-0.3211111489954092,-0.32111114899540927,-0.032277253288353014
gamma_medium__noise_high__T_156__density_medium__seed_003,pcmci_dag,0.6228261781266867,0,1.0,0.99,837.2217448380537,976.3106390689312,0.1666666666666666,1.549438427180153,1.413238427180153,0.1666666666666666,0.1666666666666666,medium,high,156,medium,3,1.413238427180153,286.8580533076719,0.3779259411962896,0.3541625899971052,-550.3636915303819,-1.1715124859838633,-1.0590758371830478,-1.0590758371830478
gamma_medium__noise_high__T_156__density_medium__seed_003,oracle_hybrid,0.7082950444545073,0,1.0,0.99,281.1613413859976,364.06133654920353,1.0,0.3724754388441713,0.3655639229077611,1.0,1.0,medium,high,156,medium,3,0.3111196373327852,286.8580533076719,0.3779259411962896,0.3541625899971052,5.696711921674307,0.005450502352118303,-0.01140133291065587,0.04304295266432001
gamma_medium__noise_high__T_156__density_medium__seed_003,hybrid,0.7127700844785005,1,1.0,0.99,306.45269711769066,378.6707218504711,1.0,0.3991758391809397,0.3902297992180063,1.0,1.0,medium,high,156,medium,3,0.3902297992180066,286.8580533076719,0.3779259411962896,0.3541625899971052,-19.594643810018738,-0.0212498979846501,-0.03606720922090112,-0.0360672092209014
gamma_strong__noise_low__T_156__density_sparse__seed_005,pcmci_dag,0.8168072892483383,0,1.0,0.99,262.3347596551932,381.1923342588181,0.8333333333333334,0.3837188226490355,0.3295959031900053,0.8333333333333334,0.8333333333333334,strong,low,156,sparse,5,0.3774437686783943,307.3763216205712,0.4693109823332782,0.3589109823332783,45.04156196537804,0.08559215968424272,0.02931507914327297,-0.018532786345116015
gamma_strong__noise_low__T_156__density_sparse__seed_005,oracle_hybrid,0.8331023810162572,2,1.01,0.99,233.67210123425292,307.3563986583973,0.6666666666666666,0.3436292648011553,0.3098090432914165,0.6666666666666666,0.6666666666666666,strong,low,156,sparse,5,0.3294088739221675,307.3763216205712,0.4693109823332782,0.3589109823332783,73.7042203863183,0.12568171753212293,0.049101939041861775,0.029502108411110783
gamma_strong__noise_low__T_156__density_sparse__seed_005,hybrid,0.8336411935008927,1,1.01,0.99,235.2736084747181,300.9046579332452,0.6666666666666666,0.3500855560395572,0.3207522227062238,0.6666666666666666,0.6666666666666666,strong,low,156,sparse,5,0.3251469916868584,307.3763216205712,0.4693109823332782,0.3589109823332783,72.10271314585313,0.11922542629372102,0.038158759627054506,0.033763990646419884
gamma_weak__noise_low__T_80__density_dense__seed_004,pcmci_dag,0.8552154577682313,0,1.01,0.99,237.34618435530243,274.9476443510386,0.3333333333333333,0.7068193172822839,0.7008026506156172,0.3333333333333333,0.3333333333333333,weak,low,80,dense,4,0.7008026506156172,174.82431191883822,0.5044779733374593,0.4887946400041259,-62.52187243646421,-0.20234134394482461,-0.21200801061149127,-0.21200801061149127
gamma_weak__noise_low__T_80__density_dense__seed_004,oracle_hybrid,0.8533093663529314,1,1.0,0.99,182.07839529833404,229.6230229643617,0.8333333333333334,0.5290251933688707,0.5133418600355374,0.8333333333333334,0.8333333333333334,weak,low,80,dense,4,0.4653044319912761,174.82431191883822,0.5044779733374593,0.4887946400041259,-7.254083379495825,-0.02454722003141141,-0.024547220031411465,0.023490208012849845
gamma_weak__noise_low__T_80__density_dense__seed_004,hybrid,0.8513157753042314,1,1.0,0.99,179.38212617853853,211.12199739960136,1.0,0.5173286330953898,0.5016452997620564,1.0,1.0,weak,low,80,dense,4,0.5016452997620565,174.82431191883822,0.5044779733374593,0.4887946400041259,-4.557814259700308,-0.012850659757930538,-0.012850659757930483,-0.012850659757930594
gamma_medium__noise_medium__T_300__density_dense__seed_002,pcmci_dag,0.7939780203574075,0,1.0,0.99,2515.808764335931,3611.0019564757863,0.0,1.6808664501759616,1.6366331168426285,0.0,0.0,medium,medium,300,dense,2,1.5760517641065706,1099.463677812859,0.77560614405039,0.6526394773837234,-1416.3450865230718,-0.9052603061255716,-0.9839936394589051,-0.9234122867228471
gamma_medium__noise_medium__T_300__density_dense__seed_002,oracle_hybrid,0.8158146985648691,1,1.0,0.99,1022.4070907974204,1277.5836322215025,0.8333333333333334,0.697528076367341,0.6532947430340078,0.8333333333333334,0.6666666666666666,medium,medium,300,dense,2,0.6470975609958699,1099.463677812859,0.77560614405039,0.6526394773837234,77.0565870154386,0.07807806768304892,-0.0006552656502843979,0.005541916387853507
gamma_medium__noise_medium__T_300__density_dense__seed_002,hybrid,0.8158522928977858,4,1.0,0.99,1099.56488858505,1359.044412905639,0.6666666666666666,0.7564586390139117,0.7122253056805783,0.6666666666666666,0.6666666666666666,medium,medium,300,dense,2,0.6949720453998479,1099.463677812859,0.77560614405039,0.6526394773837234,-0.10121077219105246,0.01914750503647822,-0.05958582829685488,-0.042332568016124505
gamma_weak__noise_medium__T_300__density_dense__seed_001,pcmci_dag,0.8101792840871421,0,1.0,0.99,1020.6844186226888,1245.5370736290738,0.3333333333333333,0.6826356592405372,0.6480356592405371,0.3333333333333333,0.3333333333333333,weak,medium,300,dense,1,0.5616810588351354,445.9750938523318,0.3336044123602275,0.313471079026894,-574.709324770357,-0.3490312468803097,-0.3345645802136431,-0.24820997980824144
gamma_weak__noise_medium__T_300__density_dense__seed_001,oracle_hybrid,0.8148378229758461,1,1.0,0.99,472.6484265156288,549.8223447583392,0.8333333333333334,0.3373730005052915,0.3482148636428077,0.8333333333333334,0.8333333333333334,weak,medium,300,dense,1,0.3574776485548436,445.9750938523318,0.3336044123602275,0.313471079026894,-26.673332663297003,-0.0037685881450640335,-0.03474378461591371,-0.044006569527949624
gamma_weak__noise_medium__T_300__density_dense__seed_001,hybrid,0.8137155695983891,2,1.01,0.99,432.764627727217,517.3646328951139,0.8333333333333334,0.3217806797536185,0.3016473464202852,0.8333333333333334,0.8333333333333334,weak,medium,300,dense,1,0.3278866746968372,445.9750938523318,0.3336044123602275,0.313471079026894,13.210466125114806,0.011823732606608961,0.011823732606608794,-0.014415595669943215
gamma_medium__noise_low__T_156__density_dense__seed_002,pcmci_dag,0.7767846872821592,0,1.0,0.99,780.1614303455905,927.0463399557016,0.1666666666666666,1.2351275437421216,1.0860891229245448,0.1666666666666666,0.1666666666666666,medium,low,156,dense,2,1.1343707386237616,367.4829262199564,0.5905436518246252,0.4112936518246252,-412.67850412563405,-0.6445838919174964,-0.6747954710999197,-0.7230770867991364
gamma_medium__noise_low__T_156__density_dense__seed_002,oracle_hybrid,0.8263217046295924,1,1.0,0.99,340.7903206514378,399.8741786025348,1.0,0.5064436995635634,0.421269575460327,1.0,0.8333333333333334,medium,low,156,dense,2,0.4945385158641198,367.4829262199564,0.5905436518246252,0.4112936518246252,26.692605568518616,0.08409995226106182,-0.009975923635701822,-0.0832448640394946
gamma_medium__noise_low__T_156__density_dense__seed_002,hybrid,0.8253236371649306,3,1.0,0.99,357.10045291584856,421.71500402737934,0.8333333333333334,0.5616370027377612,0.4058536694044279,0.8333333333333334,1.0,medium,low,156,dense,2,0.4599540746306989,367.4829262199564,0.5905436518246252,0.4112936518246252,10.382473304107862,0.028906649086864022,0.005439982420197276,-0.04866042280607369
gamma_weak__noise_medium__T_300__density_dense__seed_004,pcmci_dag,0.8171035231762894,0,1.01,0.99,1698.898249624979,2119.101936755469,0.1666666666666666,1.2495435762894405,1.2028435762894405,0.1666666666666666,0.1666666666666666,weak,medium,300,dense,4,1.2028435762894407,440.37968163112674,0.3960742202412432,0.3555075535745765,-1258.5185679938522,-0.8534693560481972,-0.8473360227148641,-0.8473360227148643
gamma_weak__noise_medium__T_300__density_dense__seed_004,oracle_hybrid,0.8326124034923,2,1.0,0.99,438.6687418197561,516.2169144416447,0.8333333333333334,0.3760136674750595,0.3407478828014857,0.8333333333333334,0.8333333333333334,weak,medium,300,dense,4,0.3660503117696441,440.37968163112674,0.3960742202412432,0.3555075535745765,1.710939811370622,0.020060552766183737,0.01475967077309076,-0.010542758195067614
gamma_weak__noise_medium__T_300__density_dense__seed_004,hybrid,0.8327743974535482,2,1.01,0.99,484.53214639416336,562.6218804923197,0.8333333333333334,0.4180766392206765,0.3775099725540098,0.8333333333333334,0.8333333333333334,weak,medium,300,dense,4,0.4012356909741461,440.37968163112674,0.3960742202412432,0.3555075535745765,-44.15246476303662,-0.02200241897943328,-0.022002418979433336,-0.0457281373995696
gamma_medium__noise_medium__T_156__density_medium__seed_001,pcmci_dag,0.7710105259313154,0,1.01,0.99,697.3557181063442,872.1522576552209,0.1666666666666666,0.9049276576160298,0.90377765761603,0.1666666666666666,0.1666666666666666,medium,medium,156,medium,1,0.8314263717472561,235.3079081134808,0.3483167812085467,0.3494667812085466,-462.04780999286334,-0.5566108764074831,-0.5543108764074834,-0.4819595905387095
gamma_medium__noise_medium__T_156__density_medium__seed_001,oracle_hybrid,0.8305553003873295,3,1.0,0.99,320.8416486654696,349.7388123405215,0.6666666666666666,0.4543246938801097,0.4554746938801097,0.6666666666666666,0.6666666666666666,medium,medium,156,medium,1,0.419150064401962,235.3079081134808,0.3483167812085467,0.3494667812085466,-85.53374055198881,-0.10600791267156301,-0.10600791267156312,-0.06968328319341544
gamma_medium__noise_medium__T_156__density_medium__seed_001,hybrid,0.8292844986051674,1,1.0,0.99,534.4873556108272,777.3883309017677,0.6666666666666666,0.769132256821529,0.770282256821529,0.6666666666666666,0.6666666666666666,medium,medium,156,medium,1,0.4896762785554905,235.3079081134808,0.3483167812085467,0.3494667812085466,-299.17944749734636,-0.42081547561298227,-0.4208154756129824,-0.14020949734694393
gamma_weak__noise_high__T_300__density_medium__seed_005,pcmci_dag,0.6975190371211923,0,1.0,0.99,1584.9035037476945,1957.8326894032507,0.3333333333333333,1.0391674989866655,1.0351841656533325,0.3333333333333333,0.3333333333333333,weak,high,300,medium,5,0.9740688271586836,810.2395616474408,0.5805601398078799,0.5633434731412131,-774.6639421002536,-0.4586073591787856,-0.47184069251211935,-0.41072535401747046
gamma_weak__noise_high__T_300__density_medium__seed_005,oracle_hybrid,0.7057607679312063,3,1.0,0.99,834.1275112069853,963.5254742034392,0.8333333333333334,0.5992412370561321,0.5820245703894654,0.8333333333333334,0.8333333333333334,weak,high,300,medium,5,0.5748867265864991,810.2395616474408,0.5805601398078799,0.5633434731412131,-23.887949559544495,-0.018681097248252176,-0.018681097248252287,-0.01154325344528595
gamma_weak__noise_high__T_300__density_medium__seed_005,hybrid,0.7061172455157568,1,1.01,0.99,1086.185630089438,1338.198578543833,0.6666666666666666,0.748907822243028,0.7316911555763616,0.6666666666666666,0.6666666666666666,weak,high,300,medium,5,0.5506912038592479,810.2395616474408,0.5805601398078799,0.5633434731412131,-275.9460684419972,-0.16834768243514808,-0.16834768243514842,0.012652269281965278
gamma_medium__noise_medium__T_300__density_medium__seed_005,pcmci_dag,0.8215980852964716,0,1.0,0.99,882.8037730701611,1107.134491491485,0.5,0.6026882961589973,0.5341063756485177,0.5,0.6666666666666666,medium,medium,300,medium,5,0.5156832363470012,427.98749701277103,0.3505556080699746,0.2766056080699745,-454.8162760573901,-0.2521326880890227,-0.25750076757854323,-0.23907762827702672
gamma_medium__noise_medium__T_300__density_medium__seed_005,oracle_hybrid,0.8224530063541028,0,1.0,0.99,435.6924206768471,540.3744012579895,0.8333333333333334,0.3451472123783212,0.3178970246291621,0.8333333333333334,0.8333333333333334,medium,medium,300,medium,5,0.3055563645902386,427.98749701277103,0.3505556080699746,0.2766056080699745,-7.704923664076091,0.0054083956916534115,-0.04129141655918761,-0.02895075652026413
gamma_medium__noise_medium__T_300__density_medium__seed_005,hybrid,0.82213654430753,5,1.0,0.99,843.4826788902906,1114.377952477362,0.6666666666666666,0.6099851518843294,0.568601818550996,0.6666666666666666,0.6666666666666666,medium,medium,300,medium,5,0.355662433022841,427.98749701277103,0.3505556080699746,0.2766056080699745,-415.49518187751954,-0.25942954381435485,-0.29199621048102153,-0.07905682495286653
gamma_strong__noise_high__T_300__density_dense__seed_004,pcmci_dag,0.6986225324219201,0,1.01,0.99,1370.8492378894646,1594.1852842395476,0.1666666666666666,0.947045862147178,0.9429374711861552,0.1666666666666666,0.1666666666666666,strong,high,300,dense,4,0.8657341003580733,1075.9177683466437,0.8448850987468165,0.5650017654134832,-294.9314695428209,-0.10216076340036151,-0.377935705772672,-0.30073233494459006
gamma_strong__noise_high__T_300__density_dense__seed_004,oracle_hybrid,0.7285189585587785,0,1.0,0.99,1010.6603771782546,1119.9439973752328,0.6666666666666666,0.7274369143620074,0.625653581028674,0.6666666666666666,0.8333333333333334,strong,high,300,dense,4,0.58742500409288,1075.9177683466437,0.8448850987468165,0.5650017654134832,65.25739116838906,0.11744818438480908,-0.06065181561519073,-0.022423238679396773
gamma_strong__noise_high__T_300__density_dense__seed_004,hybrid,0.7279596128878567,0,1.0,0.99,1059.5130225902417,1171.6804182134929,0.8333333333333334,0.7692749454800772,0.667491612146744,0.8333333333333334,0.8333333333333334,strong,high,300,dense,4,0.5972378580614538,1075.9177683466437,0.8448850987468165,0.5650017654134832,16.404745756402008,0.07561015326673926,-0.10248984673326078,-0.03223609264797056
gamma_medium__noise_low__T_156__density_sparse__seed_002,pcmci_dag,0.7839347652995182,0,1.0,0.99,693.335707752838,901.0457228327524,0.3333333333333333,1.099562382975876,1.0504457163092094,0.3333333333333333,0.3333333333333333,medium,low,156,sparse,2,1.0928878115936218,396.97840130057983,0.585183256862189,0.5360665901955224,-296.3573064522581,-0.5143791261136871,-0.514379126113687,-0.5568212213980994
gamma_medium__noise_low__T_156__density_sparse__seed_002,oracle_hybrid,0.8277075903805651,1,1.0,0.99,321.52106545894,390.4890090053706,0.6666666666666666,0.469368879268657,0.4448522126019905,0.6666666666666666,0.8333333333333334,medium,low,156,sparse,2,0.4711031472220614,396.97840130057983,0.585183256862189,0.5360665901955224,75.45733584163986,0.11581437759353197,0.0912143775935319,0.06496344297346096
gamma_medium__noise_low__T_156__density_sparse__seed_002,hybrid,0.8274119258035754,0,1.0,0.99,335.362196186848,414.2245238357392,0.8333333333333334,0.4845460280396372,0.4600293613729706,0.8333333333333334,0.8333333333333334,medium,low,156,sparse,2,0.4831636771094614,396.97840130057983,0.585183256862189,0.5360665901955224,61.61620511373184,0.10063722882255177,0.07603722882255176,0.05290291308606099
gamma_weak__noise_high__T_300__density_medium__seed_004,pcmci_dag,0.7076839797145881,0,1.0,0.99,1289.8534401346617,1732.625227177453,0.1666666666666666,0.9124030312617742,0.913503031261774,0.1666666666666666,0.1666666666666666,weak,high,300,medium,4,0.913503031261774,663.0916623754,0.5571229157171397,0.5347229157171397,-626.7617777592617,-0.35528011554463457,-0.3787801155446343,-0.3787801155446343
gamma_weak__noise_high__T_300__density_medium__seed_004,oracle_hybrid,0.724533867639279,0,1.01,0.99,664.7364564614134,734.6674796380855,0.8333333333333334,0.5470462621199538,0.5246462621199539,0.8333333333333334,0.8333333333333334,weak,high,300,medium,4,0.5412117779890265,663.0916623754,0.5571229157171397,0.5347229157171397,-1.6447940860133485,0.010076653597185903,0.010076653597185792,-0.0064888622718868305
gamma_weak__noise_high__T_300__density_medium__seed_004,hybrid,0.7248552879787974,0,1.01,0.99,657.8586619146682,761.1752630723498,0.8333333333333334,0.5585945892351591,0.5361945892351591,0.8333333333333334,0.8333333333333334,weak,high,300,medium,4,0.530448744076525,663.0916623754,0.5571229157171397,0.5347229157171397,5.233000460731773,-0.0014716735180194673,-0.0014716735180193563,0.004274171640614721
gamma_weak__noise_high__T_300__density_sparse__seed_002,pcmci_dag,0.6936887168415151,0,1.0,0.99,2027.9468597701664,2906.25460625799,0.1666666666666666,1.3758084175688532,1.3612584175688534,0.1666666666666666,0.1666666666666666,weak,high,300,sparse,2,1.3612584175688534,1316.5538549443934,0.8963431654487417,0.8892598321154085,-711.393004825773,-0.4794652521201115,-0.47199858545344486,-0.47199858545344486
gamma_weak__noise_high__T_300__density_sparse__seed_002,oracle_hybrid,0.7063408489839863,1,1.01,0.99,1352.5707305021483,1719.4205575487042,0.5,0.9247881335571568,0.9177048002238232,0.5,0.5,weak,high,300,sparse,2,0.9161297986204558,1316.5538549443934,0.8963431654487417,0.8892598321154085,-36.01687555775493,-0.028444968108415125,-0.02844496810841468,-0.02686996650504736
gamma_weak__noise_high__T_300__density_sparse__seed_002,hybrid,0.7056135485719408,1,1.0,0.99,1310.3809720717811,1747.4846984531107,0.5,0.8899232043821604,0.882839871048827,0.5,0.5,weak,high,300,sparse,2,0.8922179066197949,1316.5538549443934,0.8963431654487417,0.8892598321154085,6.172882872612263,0.00641996106658127,0.006419961066581492,-0.0029580745043864543
gamma_medium__noise_medium__T_80__density_dense__seed_005,pcmci_dag,0.7417853002476953,0,1.0,0.99,340.4183333333333,379.37645580170977,0.0,1.0017166666666666,0.9070666666666666,0.0,0.0,medium,medium,80,dense,5,0.9070666666666666,231.4437690194853,0.7013845349347109,0.6555345349347109,-108.97456431384799,-0.3003321317319557,-0.25153213173195565,-0.25153213173195565
gamma_medium__noise_medium__T_80__density_dense__seed_005,oracle_hybrid,0.8473103369172532,0,1.0,0.99,269.608904610602,351.2214158274775,0.6666666666666666,0.7711455459824684,0.7252955459824685,0.6666666666666666,0.6666666666666666,medium,medium,80,dense,5,0.6241653608742056,231.4437690194853,0.7013845349347109,0.6555345349347109,-38.165135591116695,-0.06976101104775756,-0.06976101104775756,0.03136917406050532
gamma_medium__noise_medium__T_80__density_dense__seed_005,hybrid,0.8458241555129509,0,1.0,0.99,264.87131434225057,304.3244532422748,0.6666666666666666,0.761682862851595,0.7158328628515952,0.6666666666666666,0.6666666666666666,medium,medium,80,dense,5,0.6888650381651199,231.4437690194853,0.7013845349347109,0.6555345349347109,-33.42754532276527,-0.060298327916884165,-0.060298327916884276,-0.03333050323040898
gamma_strong__noise_medium__T_80__density_dense__seed_004,pcmci_dag,0.7748576224960776,0,1.0,0.99,474.3075272981235,622.5033368099733,0.1666666666666666,1.2618571505416514,1.246923817208318,0.1666666666666666,0.1666666666666666,strong,medium,80,dense,4,1.0454328819884566,188.20281864472625,0.5400371356291299,0.5251038022957967,-286.1047086533972,-0.7218200149125215,-0.7218200149125212,-0.52032907969266
gamma_strong__noise_medium__T_80__density_dense__seed_004,oracle_hybrid,0.7731698058352415,0,1.01,0.99,286.7800303970278,362.4838648230293,1.0,0.7764042348862347,0.7614709015529014,1.0,0.8333333333333334,strong,medium,80,dense,4,0.5313360749589742,188.20281864472625,0.5400371356291299,0.5251038022957967,-98.57721175230157,-0.23636709925710475,-0.23636709925710475,-0.006232272663177496
gamma_strong__noise_medium__T_80__density_dense__seed_004,hybrid,0.7735435950808675,0,1.0,0.99,288.64945918651216,351.35818192337376,1.0,0.7998034819847623,0.784870148651429,1.0,0.6666666666666666,strong,medium,80,dense,4,0.5438435333231183,188.20281864472625,0.5400371356291299,0.5251038022957967,-100.44664054178591,-0.25976634635563234,-0.25976634635563234,-0.018739731027321627
gamma_medium__noise_high__T_156__density_sparse__seed_003,pcmci_dag,0.6242490480292657,0,1.0,0.99,773.4471062613917,950.757520821526,0.3333333333333333,1.4758034839971648,1.379586817330498,0.3333333333333333,0.3333333333333333,medium,high,156,sparse,3,1.4630326676980625,340.3540186182408,0.4376612204266051,0.4141266774428497,-433.0930876431509,-1.0381422635705597,-0.9654601398876482,-1.048905990255213
gamma_medium__noise_high__T_156__density_sparse__seed_003,oracle_hybrid,0.7151804073532865,1,1.0,0.99,312.05731872466976,441.983256207861,0.8333333333333334,0.3868965899946608,0.4212857653918223,0.8333333333333334,0.8333333333333334,medium,high,156,sparse,3,0.3689866296485286,340.3540186182408,0.4376612204266051,0.4141266774428497,28.29669989357103,0.05076463043194429,-0.007159087948972576,0.045140047794321125
gamma_medium__noise_high__T_156__density_sparse__seed_003,hybrid,0.7137213556747743,0,1.0,0.99,290.8720572440792,372.715555754781,0.8333333333333334,0.3803592211486438,0.3662556915470394,0.8333333333333334,0.8333333333333334,medium,high,156,sparse,3,0.4404895206897173,340.3540186182408,0.4376612204266051,0.4141266774428497,49.481961374161585,0.05730199927796131,0.04787098589581029,-0.026362843246867607
gamma_medium__noise_high__T_80__density_dense__seed_001,pcmci_dag,0.6269031748559664,0,1.01,0.99,236.74248823712225,265.1699211967867,0.1666666666666666,0.6079305602805314,0.5939138936138648,0.1666666666666666,0.1666666666666666,medium,high,80,dense,1,0.5651048333288845,119.62423814037273,0.3111232706003189,0.3357146759495803,-117.11825009674952,-0.29680728968021247,-0.2581992176642845,-0.22939015737930418
gamma_medium__noise_high__T_80__density_dense__seed_001,oracle_hybrid,0.6526261253613541,0,1.01,0.99,194.01561568769088,266.35607087461443,0.8333333333333334,0.4987495095372199,0.5376661762038867,0.8333333333333334,0.8333333333333334,medium,high,80,dense,1,0.2948376646314958,119.62423814037273,0.3111232706003189,0.3357146759495803,-74.39137754731816,-0.187626238936901,-0.20195150025430636,0.04087701131808452
gamma_medium__noise_high__T_80__density_dense__seed_001,hybrid,0.6528481760012065,0,1.0,0.99,159.43496777504103,219.36604405941344,1.0,0.4100147065071127,0.4489313731737794,1.0,0.8333333333333334,medium,high,80,dense,1,0.2955698645429636,119.62423814037273,0.3111232706003189,0.3357146759495803,-39.810729634668306,-0.09889143590679378,-0.11321669722419908,0.04014481140661674
gamma_medium__noise_medium__T_300__density_medium__seed_001,pcmci_dag,0.816319117603729,0,1.01,0.99,852.7227743793547,1088.8109472130916,0.6666666666666666,0.5702246887453039,0.5600966205376183,0.6666666666666666,0.5,medium,medium,300,medium,1,0.5476496396108288,611.5674254498709,0.4308023974014179,0.3953690640680846,-241.1553489294838,-0.13942229134388595,-0.16472755646953374,-0.1522805755427442
gamma_medium__noise_medium__T_300__density_medium__seed_001,oracle_hybrid,0.8158770139991067,2,1.0,0.99,642.4411919617204,757.0452170334032,0.8333333333333334,0.4359050609229261,0.4242106946425484,0.8333333333333334,0.8333333333333334,medium,medium,300,medium,1,0.4160487825363548,611.5674254498709,0.4308023974014179,0.3953690640680846,-30.873766511849453,-0.005102663521508177,-0.028841630574463817,-0.020679718468270214
gamma_medium__noise_medium__T_300__density_medium__seed_001,hybrid,0.8155018137695098,1,1.0,0.99,622.6271260426347,733.7424155863017,0.8333333333333334,0.4206890533535074,0.4117536803704437,0.8333333333333334,0.6666666666666666,medium,medium,300,medium,1,0.4015045337256584,611.5674254498709,0.4308023974014179,0.3953690640680846,-11.059700592763761,0.010113344047910477,-0.0163846163023591,-0.006135469657573833
gamma_medium__noise_high__T_156__density_medium__seed_002,pcmci_dag,0.6158084321349224,0,1.02,0.99,720.3565235528434,914.3673109521144,0.1666666666666666,1.1520798713367075,1.0352701286632924,0.1666666666666666,0.1666666666666666,medium,high,156,medium,2,1.0713742246319666,327.48889195663213,0.5682067513378478,0.4599234180045144,-392.8676315962113,-0.5838731199988597,-0.575346710658778,-0.6114508066274522
gamma_medium__noise_high__T_156__density_medium__seed_002,oracle_hybrid,0.6322504424454153,0,1.0,0.99,290.0173709653786,325.4987071942522,1.0,0.486226838007292,0.4031435046739586,1.0,1.0,medium,high,156,medium,2,0.4453178816904211,327.48889195663213,0.5682067513378478,0.4599234180045144,37.471520991253556,0.08197991333055582,0.05677991333055582,0.014605536314093337
gamma_medium__noise_high__T_156__density_medium__seed_002,hybrid,0.6330163636060947,2,1.0,0.99,298.02617732936966,346.9558887290189,1.0,0.5135382277305779,0.4304548943972445,1.0,1.0,medium,high,156,medium,2,0.4499859980070836,327.48889195663213,0.5682067513378478,0.4599234180045144,29.46271462726247,0.054668523607269925,0.029468523607269925,0.009937419997430808
gamma_weak__noise_low__T_156__density_medium__seed_001,pcmci_dag,0.822218239958374,0,1.01,0.99,395.9901465852293,511.57009621154896,0.6666666666666666,0.5815642428101562,0.5837475761434895,0.6666666666666666,0.6666666666666666,weak,low,156,medium,1,0.3676338481275257,225.73204291580663,0.333544193530978,0.3313608601976447,-170.25810366942267,-0.2480200492791782,-0.2523867159458448,-0.036272987929880984
gamma_weak__noise_low__T_156__density_medium__seed_001,oracle_hybrid,0.8886035601400467,0,1.0,0.99,247.81474706769575,272.81943471501035,0.6666666666666666,0.3619728324256642,0.3597894990923309,0.6666666666666666,0.6666666666666666,weak,low,156,medium,1,0.3525693329463028,225.73204291580663,0.333544193530978,0.3313608601976447,-22.082704151889118,-0.02842863889468622,-0.028428638894686165,-0.021208472748658114
gamma_weak__noise_low__T_156__density_medium__seed_001,hybrid,0.8885179825727264,4,1.0,0.99,532.9124862378277,753.1132023770795,0.5,0.7699859346281865,0.7678026012948532,0.5,0.5,weak,low,156,medium,1,0.4635167465210507,225.73204291580663,0.333544193530978,0.3313608601976447,-307.18044332202106,-0.43644174109720857,-0.4364417410972085,-0.13215588632340597
gamma_medium__noise_high__T_156__density_dense__seed_002,pcmci_dag,0.6155367846547932,0,1.02,0.99,771.1947005997871,925.5954294420826,0.1666666666666666,1.2179715919841845,1.103245074682482,0.1666666666666666,0.1666666666666666,medium,high,156,dense,2,1.1209658956577544,248.1945333527252,0.4767168669612372,0.3612002002945706,-523.0001672470619,-0.7412547250229473,-0.7420448743879113,-0.7597656953631837
gamma_medium__noise_high__T_156__density_dense__seed_002,oracle_hybrid,0.6321895974791601,1,1.0,0.99,229.57236399832084,287.0120298883079,1.0,0.4051898210355114,0.3131398210355114,1.0,0.8333333333333334,medium,high,156,dense,2,0.3776820412269908,248.1945333527252,0.4767168669612372,0.3612002002945706,18.62216935440435,0.07152704592572584,0.048060379259059205,-0.016481840932420166
gamma_medium__noise_high__T_156__density_dense__seed_002,hybrid,0.6311755151649097,0,1.0,0.99,222.3716492165739,279.94225008233104,1.0,0.4293790809656927,0.3373290809656926,1.0,1.0,medium,high,156,dense,2,0.3880533817775382,248.1945333527252,0.4767168669612372,0.3612002002945706,25.822884136151288,0.0473377859955445,0.023871119328878032,-0.02685318148296756
gamma_medium__noise_low__T_156__density_medium__seed_002,pcmci_dag,0.776835290927083,0,1.0,0.99,725.5267048181872,915.0782408520408,0.1666666666666666,1.1619719259522203,1.042488592618887,0.1666666666666666,0.1666666666666666,medium,low,156,medium,2,1.080795110688914,443.49219305533984,0.6809954983643145,0.5727121650309811,-282.0345117628474,-0.4809764275879058,-0.46977642758790583,-0.5080829456579329
gamma_medium__noise_low__T_156__density_medium__seed_002,oracle_hybrid,0.8280947146339153,3,1.0,0.99,370.3877387467088,495.33715343999705,0.8333333333333334,0.5367894888044402,0.4537061554711069,0.8333333333333334,1.0,medium,low,156,medium,2,0.5086920678180885,443.49219305533984,0.6809954983643145,0.5727121650309811,73.10445430863103,0.14420600955987428,0.11900600955987423,0.06402009721289259
gamma_medium__noise_low__T_156__density_medium__seed_002,hybrid,0.8284784387260258,3,1.01,0.99,385.0941338856424,497.438273338177,0.6666666666666666,0.5910353894304464,0.507952056097113,0.6666666666666666,1.0,medium,low,156,medium,2,0.5290083247096394,443.49219305533984,0.6809954983643145,0.5727121650309811,58.39805916969743,0.08996010893386808,0.06476010893386808,0.04370384032134167
gamma_weak__noise_medium__T_80__density_sparse__seed_004,pcmci_dag,0.7480083502106961,0,1.0,0.99,313.6133623726953,402.7036856830079,0.3333333333333333,0.8973239898246254,0.889690656491292,0.3333333333333333,0.3333333333333333,weak,medium,80,sparse,4,0.889690656491292,219.1866283339259,0.6241022022652425,0.6208688689319092,-94.42673403876938,-0.27322178755938287,-0.2688217875593828,-0.2688217875593828
gamma_weak__noise_medium__T_80__density_sparse__seed_004,oracle_hybrid,0.7667098089210892,0,1.0,0.99,228.34886620484767,275.3462843167086,0.8333333333333334,0.6457423274438333,0.6425089941105,0.8333333333333334,0.8333333333333334,weak,medium,80,sparse,4,0.6384855597982025,219.1866283339259,0.6241022022652425,0.6208688689319092,-9.162237870921757,-0.02164012517859082,-0.02164012517859082,-0.01761669086629336
gamma_weak__noise_medium__T_80__density_sparse__seed_004,hybrid,0.7634144059513015,0,1.01,0.99,210.4988595039068,251.1071866766699,0.8333333333333334,0.6059223004292487,0.6026889670959154,0.8333333333333334,0.8333333333333334,weak,medium,80,sparse,4,0.6026889670959155,219.1866283339259,0.6241022022652425,0.6208688689319092,8.68776883001911,0.018179901835993828,0.018179901835993828,0.018179901835993717
gamma_weak__noise_high__T_156__density_medium__seed_001,pcmci_dag,0.5776974345393733,0,1.0,0.99,1182.6715493574686,1842.9223263791932,0.3333333333333333,1.5182852069781656,1.5048352069781654,0.3333333333333333,0.3333333333333333,weak,high,156,medium,1,1.4972452099883384,374.7582347583305,0.5326005508393906,0.5304172175060574,-807.9133145991382,-0.985684656138775,-0.974417989472108,-0.966827992482281
gamma_weak__noise_high__T_156__density_medium__seed_001,oracle_hybrid,0.7375922301560229,1,1.0,0.99,435.3730940571338,475.4393507900911,0.8333333333333334,0.6131300437113432,0.6109467103780097,0.8333333333333334,0.8333333333333334,weak,high,156,medium,1,0.5922926275394162,374.7582347583305,0.5326005508393906,0.5304172175060574,-60.61485929880331,-0.08052949287195255,-0.08052949287195232,-0.061875410033358835
gamma_weak__noise_high__T_156__density_medium__seed_001,hybrid,0.7380919707456024,0,1.0,0.99,795.6006814037095,1058.7593047522405,0.5,1.1238163162380852,1.121632982904752,0.5,0.3333333333333333,weak,high,156,medium,1,0.7171772021767738,374.7582347583305,0.5326005508393906,0.5304172175060574,-420.84244664537897,-0.5912157653986946,-0.5912157653986946,-0.18675998467071642
gamma_strong__noise_low__T_300__density_dense__seed_003,pcmci_dag,0.8731435270530604,0,1.0,0.99,1521.7219442275934,1776.5274815152493,0.0,1.1049844560887052,0.9921177894220388,0.0,0.1666666666666666,strong,low,300,dense,3,0.8792913343238963,1020.6509277232964,0.7948291798374957,0.4565291798374957,-501.07101650429706,-0.31015527625120953,-0.535588609584543,-0.4227621544864006
gamma_strong__noise_low__T_300__density_dense__seed_003,oracle_hybrid,0.8765244139772786,1,1.0,0.99,653.0308879296625,802.0436714846253,0.6666666666666666,0.4873328465181501,0.4567647496649312,0.6666666666666666,0.8333333333333334,strong,low,300,dense,3,0.3724035242884905,1020.6509277232964,0.7948291798374957,0.4565291798374957,367.62003979363385,0.30749633331934556,-0.00023556982743550003,0.0841256555490052
gamma_strong__noise_low__T_300__density_dense__seed_003,hybrid,0.8759801679546773,6,1.0,0.99,718.475115083098,848.039548009097,0.5,0.5566311449162854,0.4437644782496188,0.5,0.8333333333333334,strong,low,300,dense,3,0.3807725677515469,1020.6509277232964,0.7948291798374957,0.4565291798374957,302.1758126401984,0.23819803492121028,0.012764701587876903,0.0757566120859488
gamma_weak__noise_medium__T_156__density_sparse__seed_005,pcmci_dag,0.717186835259728,0,1.0,0.99,561.4332042509437,853.3203343158509,0.6666666666666666,0.7194055159241315,0.7012388492574648,0.6666666666666666,0.6666666666666666,weak,medium,156,sparse,5,0.4364051190021631,290.64977554658634,0.4352510759231152,0.4170844092564486,-270.7834287043574,-0.2841544400010163,-0.28415444000101625,-0.019320709745714537
gamma_weak__noise_medium__T_156__density_sparse__seed_005,oracle_hybrid,0.7317694460183266,0,1.0,0.99,279.9800333518419,374.7795284536252,0.6666666666666666,0.4168517980037743,0.3995806301710177,0.6666666666666666,0.6666666666666666,weak,medium,156,sparse,5,0.416704787259547,290.64977554658634,0.4352510759231152,0.4170844092564486,10.669742194744458,0.018399277919340873,0.01750377908543088,0.00037962199690155796
gamma_weak__noise_medium__T_156__density_sparse__seed_005,hybrid,0.7291709076004659,3,1.01,0.99,540.9050500958402,734.271408719884,0.5,0.6896295611911908,0.6810295611911906,0.5,0.5,weak,medium,156,sparse,5,0.4335029729253276,290.64977554658634,0.4352510759231152,0.4170844092564486,-250.2552745492539,-0.2543784852680756,-0.26394515193474205,-0.016418563668879005
gamma_medium__noise_high__T_156__density_dense__seed_003,pcmci_dag,0.6236945664514146,0,1.0,0.99,866.2457534573006,1012.9397775838715,0.3333333333333333,1.574459421844436,1.3993170583491787,0.3333333333333333,0.3333333333333333,medium,high,156,dense,3,1.377697514451702,249.46517685868463,0.3442084604511168,0.3805860191439237,-616.7805765986159,-1.2302509613933192,-1.018731039205255,-0.9971114953077784
gamma_medium__noise_high__T_156__density_dense__seed_003,oracle_hybrid,0.7151995698192498,0,1.0,0.99,251.57631738475612,339.2838116386553,1.0,0.3268279589211793,0.4638511948267587,1.0,1.0,medium,high,156,dense,3,0.271656696861904,249.46517685868463,0.3442084604511168,0.3805860191439237,-2.1111405260714946,0.01738050152993753,-0.08326517568283498,0.10892932228201968
gamma_medium__noise_high__T_156__density_dense__seed_003,hybrid,0.7139101937529613,0,1.0,0.99,288.130852198632,359.6153318875092,1.0,0.3839522408139514,0.4576663672428717,1.0,1.0,medium,high,156,dense,3,0.419146689116081,249.46517685868463,0.3442084604511168,0.3805860191439237,-38.66567533994737,-0.0397437803628346,-0.07708034809894798,-0.03856066997215729
gamma_weak__noise_medium__T_156__density_dense__seed_002,pcmci_dag,0.7213615414615351,0,1.0,0.99,731.0051520127753,937.5774315626902,0.1666666666666666,1.1640298243844474,1.1083798243844474,0.1666666666666666,0.1666666666666666,weak,medium,156,dense,2,1.1257035427415112,286.3966932145384,0.4722224776052671,0.4252724776052671,-444.6084587982369,-0.6918073467791803,-0.6831073467791803,-0.7004310651362441
gamma_weak__noise_medium__T_156__density_dense__seed_002,oracle_hybrid,0.746439654946366,1,1.0,0.99,313.3926776502039,352.998169561749,0.8333333333333334,0.4865920023541675,0.4462753356875008,0.8333333333333334,0.8333333333333334,weak,medium,156,dense,2,0.5039301630344816,286.3966932145384,0.4722224776052671,0.4252724776052671,-26.99598443566549,-0.014369524748900409,-0.021002858082233677,-0.07865768542921447
gamma_weak__noise_medium__T_156__density_dense__seed_002,hybrid,0.7454740422643418,0,1.0,0.99,263.54835689800296,279.38167722945764,1.0,0.4440658343941359,0.3971158343941359,1.0,1.0,weak,medium,156,dense,2,0.4121974860824502,286.3966932145384,0.4722224776052671,0.4252724776052671,22.848336316535438,0.028156643211131205,0.028156643211131205,0.013074991522816881
gamma_strong__noise_medium__T_300__density_dense__seed_005,pcmci_dag,0.8052731708908532,0,1.01,0.99,1341.7247975912762,1567.1755715861711,0.1666666666666666,0.8943772770018134,0.8270540462293411,0.1666666666666666,0.1666666666666666,strong,medium,300,dense,5,0.7589827715759526,807.6737024202779,0.60384652651788,0.3285631931845467,-534.0510951709983,-0.2905307504839334,-0.4984908530447944,-0.43041957839140593
gamma_strong__noise_medium__T_300__density_dense__seed_005,oracle_hybrid,0.8221690495482394,10,1.0,0.99,594.9196307108369,622.1732750973405,0.8333333333333334,0.4368911654556142,0.4125170754737254,0.8333333333333334,0.8333333333333334,strong,medium,300,dense,5,0.3405862102525333,807.6737024202779,0.60384652651788,0.3285631931845467,212.75407170944095,0.16695536106226577,-0.08395388228917872,-0.012023017067986586
gamma_strong__noise_medium__T_300__density_dense__seed_005,hybrid,0.8223252718036745,4,1.0,0.99,630.3194413762133,690.8191684220108,0.8333333333333334,0.463226860723192,0.4725350037650161,0.8333333333333334,0.6666666666666666,strong,medium,300,dense,5,0.2775828984769274,807.6737024202779,0.60384652651788,0.3285631931845467,177.35426104406463,0.14061966579468793,-0.14397181058046943,0.05098029470761928
gamma_medium__noise_medium__T_156__density_medium__seed_002,pcmci_dag,0.7149615052980137,0,1.01,0.99,724.0881334455872,914.8628813376114,0.1666666666666666,1.1592195221474524,1.0397361888141188,0.1666666666666666,0.1666666666666666,medium,medium,156,medium,2,1.0769315108411657,375.4973549085362,0.6105330995601442,0.5022497662268108,-348.59077853705105,-0.5486864225873082,-0.5374864225873079,-0.5746817446143548
gamma_medium__noise_medium__T_156__density_medium__seed_002,oracle_hybrid,0.7494162595977042,1,1.0,0.99,309.3807948078156,356.39332115778706,1.0,0.4796006547588261,0.3965173214254927,1.0,1.0,medium,medium,156,medium,2,0.4488004179067666,375.4973549085362,0.6105330995601442,0.5022497662268108,66.11656010072056,0.13093244480131816,0.10573244480131816,0.05344934832004422
gamma_medium__noise_medium__T_156__density_medium__seed_002,hybrid,0.7484113376143309,2,1.01,0.99,299.8021330317766,343.32996878947813,0.8333333333333334,0.4970008782294277,0.413008395635768,0.8333333333333334,1.0,medium,medium,156,medium,2,0.4350953637318657,375.4973549085362,0.6105330995601442,0.5022497662268108,75.6952218767596,0.11353222133071655,0.08924137059104281,0.06715440249494514
gamma_medium__noise_high__T_156__density_dense__seed_004,pcmci_dag,0.451413577298937,0,1.0,0.99,772.0116666666667,856.8875929101397,0.0,1.0497333333333334,0.9529166666666667,0.0,0.0,medium,high,156,dense,4,0.9529166666666667,102.36111921720403,0.145011455530828,0.1732473173142893,-669.6505474494626,-0.9047218778025055,-0.7796693493523774,-0.7796693493523774
gamma_medium__noise_high__T_156__density_dense__seed_004,oracle_hybrid,0.6798800772056104,2,1.0,0.99,171.04483483058596,211.1647721909277,1.0,0.2370517607953906,0.3338684274620573,1.0,1.0,medium,high,156,dense,4,0.2085267663765854,102.36111921720403,0.145011455530828,0.1732473173142893,-68.68371561338192,-0.09204030526456258,-0.160621110147768,-0.0352794490622961
gamma_medium__noise_high__T_156__density_dense__seed_004,hybrid,0.6773724548620731,1,1.0,0.99,139.49412778911733,197.14430531119945,1.0,0.1969127178233548,0.2931211894302835,1.0,1.0,medium,high,156,dense,4,0.1902402185780352,102.36111921720403,0.145011455530828,0.1732473173142893,-37.133008571913294,-0.051901262292526784,-0.11987387211599418,-0.01699290126374589
gamma_weak__noise_medium__T_80__density_medium__seed_001,pcmci_dag,0.7440500917007671,0,1.01,0.99,218.0786210313336,268.66666705539984,0.0,0.5621528028665853,0.5607528028665854,0.0,0.0,weak,medium,80,medium,1,0.5366212707420053,137.22874720007772,0.3535599414656501,0.3555599414656502,-80.84987383125588,-0.2085928614009352,-0.20519286140093518,-0.1810613292763551
gamma_weak__noise_medium__T_80__density_medium__seed_001,oracle_hybrid,0.7706020570192749,1,1.0,0.99,164.27914145953537,225.00428533325177,0.8333333333333334,0.4238334352187598,0.4258334352187597,0.8333333333333334,0.8333333333333334,weak,medium,80,medium,1,0.316994270760917,137.22874720007772,0.3535599414656501,0.3555599414656502,-27.050394259457647,-0.0702734937531097,-0.07027349375310954,0.03856567070473316
gamma_weak__noise_medium__T_80__density_medium__seed_001,hybrid,0.7729057556870189,0,1.01,0.99,173.92275590492736,226.82256485673736,0.6666666666666666,0.4490568944367235,0.4510568944367235,0.6666666666666666,0.6666666666666666,weak,medium,80,medium,1,0.3395178891526347,137.22874720007772,0.3535599414656501,0.3555599414656502,-36.69400870484964,-0.09549695297107336,-0.0954969529710733,0.016042052313015476
gamma_medium__noise_medium__T_300__density_medium__seed_003,pcmci_dag,0.788196463101543,0,1.0,0.99,940.3398672315913,1095.525048312939,0.3333333333333333,0.739520849624149,0.6339541829574823,0.3333333333333333,0.5,medium,medium,300,medium,3,0.6724201301103924,684.6506587447353,0.5758948363190107,0.4807948363190108,-255.68920848685593,-0.16362601330513826,-0.15315934663847147,-0.19162529379138155
gamma_medium__noise_medium__T_300__density_medium__seed_003,oracle_hybrid,0.7885292942609975,0,1.0,0.99,563.7678606284678,661.518086063856,0.6666666666666666,0.4663488907018721,0.3712488907018721,0.6666666666666666,0.8333333333333334,medium,medium,300,medium,3,0.412471452813905,684.6506587447353,0.5758948363190107,0.4807948363190108,120.88279811626751,0.10954594561713865,0.1095459456171387,0.0683233835051058
gamma_medium__noise_medium__T_300__density_medium__seed_003,hybrid,0.7890599680762868,0,1.0,0.99,599.8063522019944,699.3285302353667,0.6666666666666666,0.5002976936781797,0.4051976936781797,0.6666666666666666,0.8333333333333334,medium,medium,300,medium,3,0.411484035386874,684.6506587447353,0.5758948363190107,0.4807948363190108,84.84430654274092,0.07559714264083106,0.07559714264083112,0.06931080093213682
gamma_strong__noise_high__T_300__density_medium__seed_004,pcmci_dag,0.7098571792169808,0,1.0,0.99,1440.6188832127657,1670.241281003141,0.3333333333333333,1.0326790902199765,0.9676490491294114,0.3333333333333333,0.3333333333333333,strong,high,300,medium,4,0.9246835104035436,968.6255757661098,0.7644274238492051,0.6264440905158718,-471.9933074466559,-0.26825166637077136,-0.3412049586135396,-0.2982394198876718
gamma_strong__noise_high__T_300__density_medium__seed_004,oracle_hybrid,0.7265228437864947,0,1.0,0.99,888.5083555045159,1014.6660844842672,0.8333333333333334,0.6471394619194836,0.5585894619194836,0.8333333333333334,0.8333333333333334,strong,high,300,medium,4,0.5767177829659244,968.6255757661098,0.7644274238492051,0.6264440905158718,80.11722026159396,0.11728796192972157,0.06785462859638824,0.049726307549947446
gamma_strong__noise_high__T_300__density_medium__seed_004,hybrid,0.7272126217118455,0,1.0,0.99,872.6752614908627,984.3233407235764,0.8333333333333334,0.6371143462786467,0.5485643462786467,0.8333333333333334,1.0,strong,high,300,medium,4,0.5702087669381706,968.6255757661098,0.7644274238492051,0.6264440905158718,95.95031427524714,0.12731307757055843,0.0778797442372251,0.056235323577701224
gamma_weak__noise_high__T_80__density_dense__seed_001,pcmci_dag,0.6257598587183254,0,1.0,0.99,223.828601499274,268.3888414025824,0.1666666666666666,0.5765646557696654,0.5763646557696654,0.1666666666666666,0.1666666666666666,weak,high,80,dense,1,0.5763646557696654,147.7562181381925,0.3803413563080944,0.3892413563080945,-76.07238336108148,-0.19622329946157102,-0.18712329946157097,-0.18712329946157097
gamma_weak__noise_high__T_80__density_dense__seed_001,oracle_hybrid,0.6532656168981522,0,1.01,0.99,201.88090791167232,280.2706963633471,0.8333333333333334,0.5135102038708756,0.5224102038708757,0.8333333333333334,0.8333333333333334,weak,high,80,dense,1,0.3359373802763774,147.7562181381925,0.3803413563080944,0.3892413563080945,-54.124689773479815,-0.13316884756278125,-0.1331688475627812,0.053303976031717104
gamma_weak__noise_high__T_80__density_dense__seed_001,hybrid,0.6516495417509927,1,1.01,0.99,181.8175294367836,255.06197202170893,0.8333333333333334,0.4579496804263847,0.4668496804263846,0.8333333333333334,0.8333333333333334,weak,high,80,dense,1,0.3580562434789232,147.7562181381925,0.3803413563080944,0.3892413563080945,-34.06131129859108,-0.07760832411829027,-0.0776083241182901,0.031185112829171302
gamma_strong__noise_low__T_80__density_medium__seed_004,pcmci_dag,0.8530532733419943,0,1.0,0.99,401.516442825592,583.1502649386335,0.3333333333333333,1.0825856565701093,1.0374689899034426,0.3333333333333333,0.3333333333333333,strong,low,80,medium,4,0.9928454863213186,205.02692006811444,0.5809739528662711,0.5242081622504701,-196.48952275747754,-0.5016117037038382,-0.5132608276529725,-0.46863732407084857
gamma_strong__noise_low__T_80__density_medium__seed_004,oracle_hybrid,0.8568916278913029,2,1.0,0.99,244.26049750491816,298.7065107710619,0.8333333333333334,0.6645019102897826,0.6193852436231158,0.8333333333333334,0.6666666666666666,strong,low,80,medium,4,0.5085614312076355,205.02692006811444,0.5809739528662711,0.5242081622504701,-39.23357743680373,-0.08352795742351149,-0.09517708137264569,0.01564673104283454
gamma_strong__noise_low__T_80__density_medium__seed_004,hybrid,0.8552629906207293,0,1.0,0.99,249.6569898684789,291.7191201738959,1.0,0.7061091944060887,0.6609925277394221,1.0,0.8333333333333334,strong,low,80,medium,4,0.5330146774174902,205.02692006811444,0.5809739528662711,0.5242081622504701,-44.63006980036445,-0.1251352415398176,-0.136784365488952,-0.008806515167020135
gamma_weak__noise_low__T_80__density_medium__seed_004,pcmci_dag,0.8559550699850852,0,1.0,0.99,226.2422626438621,265.9712740770127,0.3333333333333333,0.6798777014539854,0.6718110347873186,0.3333333333333333,0.3333333333333333,weak,low,80,medium,4,0.6718110347873187,182.0602696982089,0.528193102424639,0.5145264357579723,-44.18199294565318,-0.1516845990293464,-0.15728459902934633,-0.15728459902934644
gamma_weak__noise_low__T_80__density_medium__seed_004,oracle_hybrid,0.8534796945882568,0,1.01,0.99,176.03734175785564,228.08190150653076,0.8333333333333334,0.5102836440966371,0.4966169774299704,0.8333333333333334,0.8333333333333334,weak,low,80,medium,4,0.4557812944517995,182.0602696982089,0.528193102424639,0.5145264357579723,6.02292794035327,0.017909458328001948,0.017909458328001893,0.05874514130617281
gamma_weak__noise_low__T_80__density_medium__seed_004,hybrid,0.8535461194803686,0,1.01,0.99,180.36839030230496,218.8234310436381,1.0,0.5195938623431466,0.50592719567648,1.0,1.0,weak,low,80,medium,4,0.5059271956764801,182.0602696982089,0.528193102424639,0.5145264357579723,1.6918793959039533,0.008599240081492376,0.008599240081492265,0.008599240081492154
gamma_weak__noise_low__T_156__density_medium__seed_003,pcmci_dag,0.7842413234720628,0,1.0,0.99,747.24142988393,940.623330122464,0.1666666666666666,1.4487964421528086,1.4039797754861425,0.1666666666666666,0.1666666666666666,weak,low,156,medium,3,1.5086188178783206,217.59369294499265,0.347485974289965,0.3071047555884869,-529.6477369389373,-1.1013104678628436,-1.0968750198976556,-1.2015140622898337
gamma_weak__noise_low__T_156__density_medium__seed_003,oracle_hybrid,0.8778829794554626,0,1.01,0.99,218.7588031744975,293.52640254313894,0.8333333333333334,0.3451139823999372,0.3221745557369812,0.8333333333333334,0.8333333333333334,weak,low,156,medium,3,0.3217844249758747,217.59369294499265,0.347485974289965,0.3071047555884869,-1.1651102295048474,0.002371991890027847,-0.01506980014849435,-0.01467966938738785
gamma_weak__noise_low__T_156__density_medium__seed_003,hybrid,0.8782350773433836,1,1.01,0.99,232.32710964576776,272.6825115632303,1.0,0.3537842636796224,0.310700930346289,1.0,1.0,weak,low,156,medium,3,0.3942820600861612,217.59369294499265,0.347485974289965,0.3071047555884869,-14.73341670077511,-0.006298289389657374,-0.0035961747578021064,-0.0871773044976743
gamma_medium__noise_medium__T_300__density_dense__seed_004,pcmci_dag,0.8142798563275737,0,1.01,0.99,1810.705503775174,2148.694242023508,0.1666666666666666,1.3319515002445528,1.1879015002445528,0.1666666666666666,0.1666666666666666,medium,medium,300,dense,4,1.2271752783118768,631.407612363277,0.518276708770289,0.3742267087702891,-1179.2978914118971,-0.8136747914742638,-0.8136747914742637,-0.8529485695415877
gamma_medium__noise_medium__T_300__density_dense__seed_004,oracle_hybrid,0.8344197879431956,5,1.0,0.99,568.0733679857427,639.1400362143343,0.8333333333333334,0.4397424754380977,0.3619924754380977,0.8333333333333334,0.8333333333333334,medium,medium,300,dense,4,0.3909782388364416,631.407612363277,0.518276708770289,0.3742267087702891,63.33424437753433,0.07853423333219128,0.012234233332191369,-0.016751530066152542
gamma_medium__noise_medium__T_300__density_dense__seed_004,hybrid,0.8343912551415732,3,1.01,0.99,622.1186788366202,680.4364925578818,0.6666666666666666,0.4934998446978619,0.4157498446978621,0.6666666666666666,0.8333333333333334,medium,medium,300,dense,4,0.4061805362024013,631.407612363277,0.518276708770289,0.3742267087702891,9.28893352665682,0.024776864072427074,-0.04152313592757301,-0.031953827432112225
gamma_weak__noise_high__T_80__density_sparse__seed_002,pcmci_dag,0.5924632241077388,0,1.01,0.99,331.4409959217581,403.0364547061711,0.1666666666666666,0.9872067720212608,0.9770401053545942,0.1666666666666666,0.1666666666666666,weak,high,80,sparse,2,0.9360905353226228,211.5892730703142,0.5558275405402888,0.5659942072069556,-119.8517228514439,-0.431379231480972,-0.4110458981476386,-0.3700963281156672
gamma_weak__noise_high__T_80__density_sparse__seed_002,oracle_hybrid,0.6785175712298449,2,1.0,0.99,236.00444520564116,328.45936505134284,0.8333333333333334,0.6263871091412144,0.6365537758078811,0.8333333333333334,0.8333333333333334,weak,high,80,sparse,2,0.6188966185008917,211.5892730703142,0.5558275405402888,0.5659942072069556,-24.41517213532697,-0.0705595686009256,-0.07055956860092549,-0.052902411293936136
gamma_weak__noise_high__T_80__density_sparse__seed_002,hybrid,0.6730786238408238,3,1.01,0.99,218.99760059106347,299.7573928416269,0.8333333333333334,0.5920164010855696,0.6021830677522363,0.8333333333333334,0.8333333333333334,weak,high,80,sparse,2,0.564478320795737,211.5892730703142,0.5558275405402888,0.5659942072069556,-7.408327520749282,-0.03618886054528081,-0.0361888605452807,0.001515886411218581
gamma_strong__noise_medium__T_300__density_sparse__seed_002,pcmci_dag,0.7239997812677259,0,1.0,0.99,1706.533333333333,1982.348400912413,0.1666666666666666,1.2781333333333336,1.1881333333333333,0.1666666666666666,0.1666666666666666,strong,medium,300,sparse,2,1.1881333333333333,1038.709175785964,0.7472176714609532,0.6572176714609533,-667.8241575473692,-0.5309156618723804,-0.5309156618723799,-0.5309156618723799
gamma_strong__noise_medium__T_300__density_sparse__seed_002,oracle_hybrid,0.8145799905799133,2,1.0,0.99,993.9427649473432,1136.220151155882,0.5,0.6992809587885441,0.6745476254552109,0.5,0.3333333333333333,strong,medium,300,sparse,2,0.6618836329638825,1038.709175785964,0.7472176714609532,0.6572176714609533,44.766410838620686,0.047936712672409065,-0.01732995399425752,-0.0046659615029291945
gamma_strong__noise_medium__T_300__density_sparse__seed_002,hybrid,0.8145797112613028,2,1.0,0.99,953.6523697623546,1103.6951364281358,0.6666666666666666,0.6675261735215102,0.642792840188177,0.6666666666666666,0.5,strong,medium,300,sparse,2,0.6455250826915117,1038.709175785964,0.7472176714609532,0.6572176714609533,85.05680602360928,0.07969149793944297,0.014424831272776384,0.01169258876944168
gamma_strong__noise_high__T_156__density_medium__seed_004,pcmci_dag,0.4495890362189503,0,1.0,0.99,758.3116666666666,839.1968057911088,0.0,1.0349666666666668,0.9175666666666668,0.0,0.0,strong,high,156,medium,4,0.9175666666666668,149.5433655645036,0.1996930254471438,0.1993102992335101,-608.768301102163,-0.835273641219523,-0.7182563674331567,-0.7182563674331567
gamma_strong__noise_high__T_156__density_medium__seed_004,oracle_hybrid,0.6768809061408708,4,1.0,0.99,231.9372912170933,258.2432741278363,1.0,0.2992087224330638,0.4023690625483355,1.0,1.0,strong,high,156,medium,4,0.2535501063667639,149.5433655645036,0.1996930254471438,0.1993102992335101,-82.3939256525897,-0.09951569698592,-0.2030587633148254,-0.0542398071332538
gamma_strong__noise_high__T_156__density_medium__seed_004,hybrid,0.6756759204618041,0,1.0,0.99,202.423166270319,233.2237757783841,1.0,0.2683551630264343,0.3765917074094493,1.0,1.0,strong,high,156,medium,4,0.224838641251342,149.5433655645036,0.1996930254471438,0.1993102992335101,-52.8798007058154,-0.06866213757929052,-0.1772814081759392,-0.025528342017831912
gamma_strong__noise_low__T_156__density_sparse__seed_004,pcmci_dag,0.8415808483396975,0,1.0,0.99,553.861335433979,689.4653943471207,0.3333333333333333,0.71581371939729,0.7389637193972899,0.3333333333333333,0.3333333333333333,strong,low,156,sparse,4,0.679992902574298,225.9693155406503,0.2810665058754704,0.2758577874735742,-327.89201989332867,-0.4347472135218196,-0.4631059319237157,-0.4041351151007238
gamma_strong__noise_low__T_156__density_sparse__seed_004,oracle_hybrid,0.8773936936190692,0,1.01,0.99,252.42102512997977,302.4717626675917,0.8333333333333334,0.316693729918136,0.3861770632514694,0.8333333333333334,0.8333333333333334,strong,low,156,sparse,4,0.2986557644749401,225.9693155406503,0.2810665058754704,0.2758577874735742,-26.451709589329454,-0.035627224042665606,-0.11031927577789519,-0.022797977001365877
gamma_strong__noise_low__T_156__density_sparse__seed_004,hybrid,0.8779252868780888,9,1.01,0.99,260.86882691006355,306.22553996978684,0.6666666666666666,0.3281014052002514,0.3975847385335848,0.6666666666666666,0.5,strong,low,156,sparse,4,0.3089386779047732,225.9693155406503,0.2810665058754704,0.2758577874735742,-34.89951136941323,-0.047034899324781,-0.12172695106001058,-0.033080890431198995
gamma_weak__noise_medium__T_156__density_medium__seed_005,pcmci_dag,0.7161299275026275,1,1.0,0.99,646.1550140319258,1032.7041905898316,0.5,0.8072032200893614,0.7823865534226946,0.5,0.5,weak,medium,156,medium,5,0.46830658725174,297.9554871684596,0.4413924115330229,0.4174424115330231,-348.1995268634662,-0.3658108085563385,-0.3649441418896715,-0.05086417571871693
gamma_weak__noise_medium__T_156__density_medium__seed_005,oracle_hybrid,0.7301214301715335,1,1.0,0.99,301.3830284826154,384.749257764725,0.8333333333333334,0.4391789056562636,0.4231677377377256,0.8333333333333334,0.6666666666666666,weak,medium,156,medium,5,0.4199013468545998,297.9554871684596,0.4413924115330229,0.4174424115330231,-3.4275413141557465,0.002213505876759281,-0.005725326204702508,-0.002458935321576705
gamma_weak__noise_medium__T_156__density_medium__seed_005,hybrid,0.7298817120903728,0,1.01,0.99,565.1371039345564,789.7132584882853,0.8333333333333334,0.7137902652715491,0.6992069319382158,0.8333333333333334,0.8333333333333334,weak,medium,156,medium,5,0.4179195714540522,297.9554871684596,0.4413924115330229,0.4174424115330231,-267.1816167660968,-0.2723978537385262,-0.28176452040519273,-0.0004771599210290911
gamma_weak__noise_medium__T_156__density_medium__seed_002,pcmci_dag,0.7197278073385674,0,1.0,0.99,712.2767339643659,936.0487017109094,0.1666666666666666,1.139975233034285,1.100425233034285,0.1666666666666666,0.1666666666666666,weak,medium,156,medium,2,1.100425233034285,309.1918129881957,0.5022027764053482,0.463719443072015,-403.0849209761702,-0.6377724566289368,-0.6367057899622699,-0.6367057899622699
gamma_weak__noise_medium__T_156__density_medium__seed_002,oracle_hybrid,0.74873372518553,2,1.0,0.99,298.14686883709635,330.7493741614245,0.8333333333333334,0.4766434767327753,0.4448934767327754,0.8333333333333334,0.8333333333333334,weak,medium,156,medium,2,0.465690498675873,309.1918129881957,0.5022027764053482,0.463719443072015,11.044944151099344,0.025559299672572866,0.018825966339239608,-0.001971055603857963
gamma_weak__noise_medium__T_156__density_medium__seed_002,hybrid,0.7469435028600424,1,1.0,0.99,337.4056817466289,361.4469911309225,0.8333333333333334,0.5395572022749185,0.5010738689415853,0.8333333333333334,1.0,weak,medium,156,medium,2,0.5010738689415851,309.1918129881957,0.5022027764053482,0.463719443072015,-28.213868758433193,-0.037354425869570385,-0.03735442586957033,-0.03735442586957011
gamma_medium__noise_high__T_156__density_medium__seed_004,pcmci_dag,0.441917543460265,0,1.0,0.99,744.6783333333333,862.0745239150344,0.0,1.01735,0.96115,0.0,0.0,medium,high,156,medium,4,0.96115,129.9493823899677,0.1821781489425045,0.2012781489425045,-614.7289509433656,-0.8351718510574955,-0.7598718510574954,-0.7598718510574954
gamma_medium__noise_high__T_156__density_medium__seed_004,oracle_hybrid,0.6771863512972381,1,1.0,0.99,185.99048407992632,219.6363073549488,1.0,0.2492233266190825,0.3054233266190825,1.0,1.0,medium,high,156,medium,4,0.2282262759360661,129.9493823899677,0.1821781489425045,0.2012781489425045,-56.04110168995862,-0.067045177676578,-0.104145177676578,-0.026948126993561583
gamma_medium__noise_high__T_156__density_medium__seed_004,hybrid,0.6781228694086974,1,1.01,0.99,198.19713667618055,241.47609771805503,1.0,0.2682176910973725,0.3207318763349447,1.0,1.0,medium,high,156,medium,4,0.2417595400891847,129.9493823899677,0.1821781489425045,0.2012781489425045,-68.24775428621285,-0.08603954215486798,-0.1194537273924402,-0.0404813911466802
gamma_strong__noise_high__T_156__density_sparse__seed_002,pcmci_dag,0.6080420549974291,0,1.01,0.99,665.2748083344303,859.5423968085216,0.3333333333333333,1.0440799793385704,1.048820020661429,0.3333333333333333,0.3333333333333333,strong,high,156,sparse,2,1.0194142047872683,333.7851252285821,0.5619208619603708,0.4657875286270374,-331.4896831058482,-0.4821591173781996,-0.5830324920343917,-0.5536266761602309
gamma_strong__noise_high__T_156__density_sparse__seed_002,oracle_hybrid,0.6252599731711412,0,1.0,0.99,291.63368055191285,323.68261486506924,0.8333333333333334,0.4821248750985848,0.4431915417652515,0.8333333333333334,0.8333333333333334,strong,high,156,sparse,2,0.4640303516232325,333.7851252285821,0.5619208619603708,0.4657875286270374,42.15144467666926,0.07979598686178602,0.022595986861785877,0.0017571770038048995
gamma_strong__noise_high__T_156__density_sparse__seed_002,hybrid,0.6243722719311938,0,1.0,0.99,281.0494199112596,317.77037092529,0.8333333333333334,0.4620318403570018,0.4230985070236685,0.8333333333333334,0.8333333333333334,strong,high,156,sparse,2,0.439887101627577,333.7851252285821,0.5619208619603708,0.4657875286270374,52.73570531732253,0.09988902160336904,0.04268902160336885,0.02590042699946038
gamma_medium__noise_low__T_80__density_sparse__seed_005,pcmci_dag,0.778447581041045,0,1.0,0.99,316.0416666666667,374.1843601532984,0.1666666666666666,0.9380166666666666,0.9022166666666668,0.1666666666666666,0.1666666666666666,medium,low,80,sparse,5,0.9022166666666668,238.5914567593164,0.7078220388976187,0.6908220388976187,-77.45020990735028,-0.23019462776904787,-0.21139462776904805,-0.21139462776904805
gamma_medium__noise_low__T_80__density_sparse__seed_005,oracle_hybrid,0.9003153503630068,0,1.0,0.99,244.03612429329985,315.5107216418517,0.6666666666666666,0.7194634448922747,0.7024634448922747,0.6666666666666666,0.6666666666666666,medium,low,80,sparse,5,0.6873631758177384,238.5914567593164,0.7078220388976187,0.6908220388976187,-5.4446675339834485,-0.011641405994655907,-0.011641405994656018,0.0034588630798803033
gamma_medium__noise_low__T_80__density_sparse__seed_005,hybrid,0.9000574968736296,0,1.0,0.99,284.4280305041481,343.8256501882521,0.6666666666666666,0.7927675021345163,0.7757675021345164,0.6666666666666666,0.6666666666666666,medium,low,80,sparse,5,0.6822572843048098,238.5914567593164,0.7078220388976187,0.6908220388976187,-45.836573744831725,-0.08494546323689756,-0.08494546323689767,0.00856475459280892
gamma_weak__noise_high__T_156__density_medium__seed_003,pcmci_dag,0.6220038590238748,0,1.0,0.99,729.3488767893605,935.1664260832526,0.1666666666666666,1.4301233734599463,1.3853067067932798,0.1666666666666666,0.1666666666666666,weak,high,156,medium,3,1.4998762501745453,288.09866478258647,0.3769515317557095,0.3437756339268811,-441.250212006774,-1.0531718417042368,-1.0415310728663987,-1.1561006162476641
gamma_weak__noise_high__T_156__density_medium__seed_003,oracle_hybrid,0.7127928155718924,1,1.0,0.99,279.55417645763083,390.7699641050904,1.0,0.3621064526022422,0.3349317810469398,1.0,1.0,weak,high,156,medium,3,0.3288378916194273,288.09866478258647,0.3769515317557095,0.3437756339268811,8.544488324955637,0.014845079153467278,0.008843852879941272,0.014937742307453816
gamma_weak__noise_high__T_156__density_medium__seed_003,hybrid,0.7114106254584333,0,1.0,0.99,239.0843306810216,309.07038866383976,1.0,0.3183796717661976,0.2891159206307193,1.0,1.0,weak,high,156,medium,3,0.3902995389155388,288.09866478258647,0.3769515317557095,0.3437756339268811,49.014334101564856,0.05857185998951192,0.054659713296161816,-0.046523904988657716
gamma_strong__noise_medium__T_156__density_medium__seed_003,pcmci_dag,0.7380411497990493,0,1.01,0.99,916.5085018031646,1179.2639263830242,0.3333333333333333,1.5590832735076503,1.4171332735076507,0.3333333333333333,0.3333333333333333,strong,medium,156,medium,3,1.3640871226003777,233.66986224075532,0.3781057052559258,0.2499322764620056,-682.8386395624093,-1.1809775682517245,-1.1672009970456452,-1.1141548461383721
gamma_strong__noise_medium__T_156__density_medium__seed_003,oracle_hybrid,0.8107684706405855,0,1.01,0.99,198.1636354100673,239.5022385826942,1.0,0.2983879314621911,0.374380326927574,1.0,1.0,strong,medium,156,medium,3,0.2323989676090355,233.66986224075532,0.3781057052559258,0.2499322764620056,35.506226830688036,0.07971777379373468,-0.1244480504655684,0.01753330885297011
gamma_strong__noise_medium__T_156__density_medium__seed_003,hybrid,0.8121720267528647,1,1.01,0.99,193.18455851939143,241.0685253595855,1.0,0.3191250486995184,0.3135096599406164,1.0,1.0,strong,medium,156,medium,3,0.1991191337638445,233.66986224075532,0.3781057052559258,0.2499322764620056,40.48530372136389,0.058980656556407385,-0.0635773834786108,0.05081314269816112
gamma_weak__noise_medium__T_300__density_medium__seed_004,pcmci_dag,0.8171904899673851,0,1.0,0.99,1689.4386123324566,2145.8943266937376,0.1666666666666666,1.2483631937151165,1.218629860381783,0.1666666666666666,0.1666666666666666,weak,medium,300,medium,4,1.2186298603817831,457.1606115597178,0.4055963419983113,0.3766296753316447,-1232.2780007727388,-0.8427668517168052,-0.8420001850501382,-0.8420001850501384
gamma_weak__noise_medium__T_300__density_medium__seed_004,oracle_hybrid,0.8333394124624766,2,1.01,0.99,443.8633536227969,530.6916321708892,0.5,0.3837095650638417,0.3613095650638418,0.5,0.6666666666666666,weak,medium,300,medium,4,0.3829893122685462,457.1606115597178,0.4055963419983113,0.3766296753316447,13.297257936920857,0.02188677693446961,0.015320110267802889,-0.006359636936901503
gamma_weak__noise_medium__T_300__density_medium__seed_004,hybrid,0.8327414175635885,0,1.0,0.99,481.7719519158445,568.0520450497253,0.8333333333333334,0.4186005520839191,0.3896338854172524,0.8333333333333334,0.8333333333333334,weak,medium,300,medium,4,0.3855221799195228,457.1606115597178,0.4055963419983113,0.3766296753316447,-24.611340356126732,-0.013004210085607815,-0.013004210085607704,-0.008892504587878103
gamma_medium__noise_low__T_80__density_sparse__seed_004,pcmci_dag,0.8305124452354995,0,1.01,0.99,306.54985130948165,425.8536170403419,0.3333333333333333,0.8606839977657459,0.852983997765746,0.3333333333333333,0.3333333333333333,medium,low,80,sparse,4,0.8449461535859716,188.487372217386,0.5295628084462344,0.5218628084462344,-118.06247909209566,-0.3311211893195115,-0.3311211893195115,-0.32308334513973713
gamma_medium__noise_low__T_80__density_sparse__seed_004,oracle_hybrid,0.8539030199201215,4,1.0,0.99,200.97685817680303,246.9941928082071,0.8333333333333334,0.5609369460922381,0.5532369460922381,0.8333333333333334,0.8333333333333334,medium,low,80,sparse,4,0.5467712467100614,188.487372217386,0.5295628084462344,0.5218628084462344,-12.489485959417038,-0.03137413764600372,-0.03137413764600361,-0.024908438263826937
gamma_medium__noise_low__T_80__density_sparse__seed_004,hybrid,0.854694213417367,0,1.01,0.99,194.3262151215096,245.0045019206819,0.8333333333333334,0.5414770068168985,0.5337770068168984,0.8333333333333334,0.8333333333333334,medium,low,80,sparse,4,0.52771261269948,188.487372217386,0.5295628084462344,0.5218628084462344,-5.838842904123595,-0.011914198370664097,-0.011914198370663986,-0.00584980425324555
gamma_strong__noise_high__T_300__density_dense__seed_005,pcmci_dag,0.7034038370543717,0,1.0,0.99,569.7706200537722,745.1873751689449,0.6666666666666666,0.3918882821415771,0.4362462046779816,0.6666666666666666,0.8333333333333334,strong,high,300,dense,5,0.3758731676452433,739.3315940885906,0.580613645862714,0.3053303125293807,169.5609740348184,0.1887253637211369,-0.1309158921486009,-0.07054285511586261
gamma_strong__noise_high__T_300__density_dense__seed_005,oracle_hybrid,0.7042369423969459,6,1.0,0.99,593.5159006870895,700.4611260540518,0.8333333333333334,0.461218942102273,0.4563216391748098,0.8333333333333334,0.8333333333333334,strong,high,300,dense,5,0.3630560671059786,739.3315940885906,0.580613645862714,0.3053303125293807,145.8156934015011,0.11939470376044103,-0.15099132664542908,-0.0577257545765979
gamma_strong__noise_high__T_300__density_dense__seed_005,hybrid,0.7030881313431759,4,1.0,0.99,634.0849825168656,801.8699546994371,0.8333333333333334,0.491129773727891,0.4826707777980463,0.8333333333333334,0.8333333333333334,strong,high,300,dense,5,0.2828099627478562,739.3315940885906,0.580613645862714,0.3053303125293807,105.246611571725,0.089483872134823,-0.1773404652686656,0.022520349781524507
gamma_strong__noise_medium__T_300__density_sparse__seed_001,pcmci_dag,0.813038056088734,1,1.0,0.99,793.1243867546392,1271.528538403211,0.6666666666666666,0.5016715655586875,0.5677844230982417,0.6666666666666666,0.6666666666666666,strong,medium,300,sparse,1,0.4977014965838933,621.2964337762945,0.4345215205421953,0.3903211179866956,-171.82795297834468,-0.06715004501649224,-0.17746330511154612,-0.10738037859719768
gamma_strong__noise_medium__T_300__density_sparse__seed_001,oracle_hybrid,0.8154701054047974,1,1.01,0.99,667.2872602667312,766.8905771834357,0.5,0.4535699264381874,0.5201030728804668,0.5,0.5,strong,medium,300,sparse,1,0.4298067568122514,621.2964337762945,0.4345215205421953,0.3903211179866956,-45.99082649043669,-0.019048405895992104,-0.12978195489377115,-0.03948563882555578
gamma_strong__noise_medium__T_300__density_sparse__seed_001,hybrid,0.8148212678439366,0,1.0,0.99,708.2182899859353,814.971226554598,0.5,0.4752084186357257,0.5325349367615909,0.5,0.5,strong,medium,300,sparse,1,0.4522821721920869,621.2964337762945,0.4345215205421953,0.3903211179866956,-86.92185620964074,-0.04068689809353043,-0.1422138187748953,-0.061961054205391275
gamma_strong__noise_high__T_156__density_sparse__seed_001,pcmci_dag,0.6171857672913007,0,1.0,0.99,1056.3826343758274,1512.4333195934576,0.1666666666666666,1.3418136931460036,1.306947026479337,0.1666666666666666,0.1666666666666666,strong,high,156,sparse,1,1.2671265223672163,380.16220449764313,0.5441973464583445,0.5093306797916779,-676.2204298781842,-0.7976163466876591,-0.7976163466876591,-0.7577958425755384
gamma_strong__noise_high__T_156__density_sparse__seed_001,oracle_hybrid,0.7445205728267478,2,1.0,0.99,440.4779448830811,492.71749699674615,0.5,0.6065284642622948,0.5716617975956281,0.5,0.5,strong,high,156,sparse,1,0.5541105737985134,380.16220449764313,0.5441973464583445,0.5093306797916779,-60.31574038543795,-0.06233111780395029,-0.062331117803950176,-0.04477989400683546
gamma_strong__noise_high__T_156__density_sparse__seed_001,hybrid,0.7437660504325759,0,1.0,0.99,749.1355301551949,996.0373273522838,0.3333333333333333,1.050807054059687,1.0159403873930204,0.3333333333333333,0.3333333333333333,strong,high,156,sparse,1,0.6495991101660941,380.16220449764313,0.5441973464583445,0.5093306797916779,-368.9733256575518,-0.5066097076013425,-0.5066097076013425,-0.14026843037441616
gamma_weak__noise_medium__T_300__density_sparse__seed_003,pcmci_dag,0.785646590792017,0,1.0,0.99,959.4946955987816,1120.403543746478,0.3333333333333333,0.7518309191821991,0.7301642525155324,0.3333333333333333,0.3333333333333333,weak,medium,300,sparse,3,0.6055723811692844,553.2690004673672,0.4774071011425471,0.4557404344758803,-406.22569513141445,-0.27442381803965205,-0.2744238180396521,-0.14983194669340405
gamma_weak__noise_medium__T_300__density_sparse__seed_003,oracle_hybrid,0.7872815170157019,4,1.0,0.99,515.8456529173899,651.084644994719,0.5,0.4509334826797969,0.4292668160131301,0.5,0.5,weak,medium,300,sparse,3,0.4467291605775061,553.2690004673672,0.4774071011425471,0.4557404344758803,37.42334754997728,0.026473618462750204,0.026473618462750204,0.009011273898374195
gamma_weak__noise_medium__T_300__density_sparse__seed_003,hybrid,0.7870317526422395,2,1.01,0.99,702.4292136671396,785.594982099219,0.5,0.5550093748053921,0.5333427081387253,0.5,0.5,weak,medium,300,sparse,3,0.4695038194252198,553.2690004673672,0.4774071011425471,0.4557404344758803,-149.16021319977244,-0.07760227366284506,-0.077602273662845,-0.013763384949339486
gamma_strong__noise_medium__T_80__density_medium__seed_003,pcmci_dag,0.5246205420560841,0,1.0,0.99,384.8033333333333,427.9349816268822,0.0,1.4378166666666663,1.1880666666666666,0.0,0.0,strong,medium,80,medium,3,1.1880666666666666,256.7097127623758,0.8473675223852452,0.6613817519895645,-128.0936205709575,-0.5904491442814211,-0.5266849146771021,-0.5266849146771021
gamma_strong__noise_medium__T_80__density_medium__seed_003,oracle_hybrid,0.8067652496166187,1,1.0,0.99,298.11136440354875,349.75399950224426,0.8333333333333334,0.8509014379546794,0.890437206375001,0.8333333333333334,0.8333333333333334,strong,medium,80,medium,3,0.7363134672896393,256.7097127623758,0.8473675223852452,0.6613817519895645,-41.401651641172975,-0.003533915569434276,-0.2290554543854365,-0.07493171530007481
gamma_strong__noise_medium__T_80__density_medium__seed_003,hybrid,0.8074812176627597,0,1.01,0.99,319.9887938068382,359.164756579339,1.0,0.9770765506397512,0.8034265506397515,1.0,1.0,strong,medium,80,medium,3,0.7433732293753348,256.7097127623758,0.8473675223852452,0.6613817519895645,-63.27908104446243,-0.12970902825450603,-0.14204479865018704,-0.08199147738577028
gamma_strong__noise_medium__T_80__density_dense__seed_001,pcmci_dag,0.7857771433732236,0,1.0,0.99,220.2067883451756,273.54516101523893,0.5,0.5376733435435584,0.6337566768768917,0.5,0.3333333333333333,strong,medium,80,dense,1,0.4632664009533158,67.32619673874257,0.1775980916699242,0.248247167957768,-152.88059160643303,-0.3600752518736342,-0.3855095089191237,-0.2150192329955478
gamma_strong__noise_medium__T_80__density_dense__seed_001,oracle_hybrid,0.7770898259808102,0,1.0,0.99,186.37533864568368,244.76700031189384,0.8333333333333334,0.4687194622626229,0.5648027955959564,0.8333333333333334,0.6666666666666666,strong,medium,80,dense,1,0.2502221063654479,67.32619673874257,0.1775980916699242,0.248247167957768,-119.04914190694112,-0.2911213705926987,-0.31655562763818834,-0.0019749384076798993
gamma_strong__noise_medium__T_80__density_dense__seed_001,hybrid,0.7777913341729357,1,1.0,0.99,161.3248999097704,209.38231816482667,0.6666666666666666,0.4070460528289665,0.5031293861622999,0.6666666666666666,0.6666666666666666,strong,medium,80,dense,1,0.2759412497564876,67.32619673874257,0.1775980916699242,0.248247167957768,-93.99870317102784,-0.22944796115904229,-0.25488221820453183,-0.0276940817987196
gamma_weak__noise_medium__T_300__density_dense__seed_003,pcmci_dag,0.7877082218322333,0,1.0,0.99,1032.807389101613,1207.3251904368365,0.3333333333333333,0.7936809762016878,0.7458809762016877,0.3333333333333333,0.3333333333333333,weak,medium,300,dense,3,0.6158611847324497,494.6089207785456,0.4460056222184629,0.3982056222184629,-538.1984683230673,-0.34767535398322486,-0.3476753539832248,-0.21765556251398677
gamma_weak__noise_medium__T_300__density_dense__seed_003,oracle_hybrid,0.7888663593469903,0,1.01,0.99,552.6516375653688,652.8740204160155,0.6666666666666666,0.4618528099041519,0.414052809904152,0.6666666666666666,0.6666666666666666,weak,medium,300,dense,3,0.4343534363747368,494.6089207785456,0.4460056222184629,0.3982056222184629,-58.04271678682318,-0.01584718768568899,-0.0158471876856891,-0.03614781415627388
gamma_weak__noise_medium__T_300__density_dense__seed_003,hybrid,0.7887965992651707,1,1.01,0.99,753.5781169363314,846.3634757843238,0.5,0.590478637264015,0.542678637264015,0.5,0.6666666666666666,weak,medium,300,dense,3,0.4216660007605139,494.6089207785456,0.4460056222184629,0.3982056222184629,-258.9691961577858,-0.14447301504555204,-0.1444730150455521,-0.02346037854205102
gamma_strong__noise_high__T_300__density_sparse__seed_003,pcmci_dag,0.6573857096770589,0,1.0,0.99,1161.2280001754011,1411.074781762141,0.5,0.9549551510465806,0.8406837067664767,0.5,0.6666666666666666,strong,high,300,sparse,3,0.7497986560607884,817.5356501535545,0.6663709560042029,0.5413876226708695,-343.69235002184666,-0.28858419504237764,-0.29929608409560726,-0.20841103338991895
gamma_strong__noise_high__T_300__density_sparse__seed_003,oracle_hybrid,0.6629611985162849,0,1.01,0.99,643.2841431614974,812.52207320454,0.5,0.5330024317230613,0.4299485382833926,0.5,0.6666666666666666,strong,high,300,sparse,3,0.5085593369512199,817.5356501535545,0.6663709560042029,0.5413876226708695,174.2515069920571,0.13336852428114165,0.1114390843874769,0.032828285719649575
gamma_strong__noise_high__T_300__density_sparse__seed_003,hybrid,0.6620927332803169,0,1.0,0.99,683.6817440165886,850.6781115415772,0.5,0.5796100308842124,0.5002396510026811,0.5,0.6666666666666666,strong,high,300,sparse,3,0.5067592064863372,817.5356501535545,0.6663709560042029,0.5413876226708695,133.85390613696586,0.08676092511999056,0.0411479716681884,0.034628416184532274
gamma_weak__noise_high__T_156__density_dense__seed_001,pcmci_dag,0.5756935511977708,0,1.0,0.99,1146.861313100477,1745.004287132719,0.1666666666666666,1.4810824527186617,1.451115786051995,0.1666666666666666,0.3333333333333333,weak,high,156,dense,1,1.4472733098718509,357.40738945845584,0.5159321057790165,0.5068654391123499,-789.4539236420212,-0.9651503469396452,-0.944250346939645,-0.9404078707595009
gamma_weak__noise_high__T_156__density_dense__seed_001,oracle_hybrid,0.741780054644553,0,1.01,0.99,423.9614950666915,493.2655758959722,0.6666666666666666,0.5952899208128782,0.5862232541462117,0.6666666666666666,0.6666666666666666,weak,high,156,dense,1,0.563609383061642,357.40738945845584,0.5159321057790165,0.5068654391123499,-66.55410560823566,-0.07935781503386174,-0.07935781503386174,-0.05674394394929205
gamma_weak__noise_high__T_156__density_dense__seed_001,hybrid,0.7395313412725497,1,1.0,0.99,720.6569943933581,1021.8782908516164,0.5,1.0276214213890835,1.018554754722417,0.5,0.5,weak,high,156,dense,1,0.646028966720285,357.40738945845584,0.5159321057790165,0.5068654391123499,-363.24960493490227,-0.511689315610067,-0.511689315610067,-0.13916352760793504
gamma_weak__noise_high__T_300__density_dense__seed_002,pcmci_dag,0.6725843162459534,0,1.01,0.99,1445.476177254223,1770.329079037775,0.0,1.017324914845135,0.9800415815118022,0.0,0.0,weak,high,300,dense,2,0.9908044535630932,1239.745342597714,0.8555166691829038,0.832966669182904,-205.73083465650916,-0.1618082456622313,-0.14707491232889824,-0.15783778438018925
gamma_weak__noise_high__T_300__density_dense__seed_002,oracle_hybrid,0.7049959549145437,1,1.0,0.99,1309.121788930777,1677.6130285492084,0.6666666666666666,0.8903857362537327,0.8678357362537327,0.6666666666666666,0.6666666666666666,weak,high,300,dense,2,0.8725699916224373,1239.745342597714,0.8555166691829038,0.832966669182904,-69.37644633306309,-0.03486906707082893,-0.03486906707082871,-0.03960332243953335
gamma_weak__noise_high__T_300__density_dense__seed_002,hybrid,0.7025799952893432,1,1.0,0.99,1139.3369349737711,1529.7423459113602,0.8333333333333334,0.7787848612105835,0.7562348612105837,0.8333333333333334,0.8333333333333334,weak,high,300,dense,2,0.7780961812752397,1239.745342597714,0.8555166691829038,0.832966669182904,100.40840762394282,0.07673180797232027,0.07673180797232027,0.054870487907664245
gamma_strong__noise_low__T_300__density_dense__seed_002,pcmci_dag,0.8674246694913381,0,1.0,0.99,2059.489387902457,2671.9189761057837,0.0,1.3638621532706436,1.3209788199373105,0.0,0.0,strong,low,300,dense,2,1.174109897263652,1161.8056092157606,0.831971241627377,0.5791545749607102,-897.6837786866965,-0.5318909116432666,-0.7418242449766003,-0.5949553223029417
gamma_strong__noise_low__T_300__density_dense__seed_002,oracle_hybrid,0.8844124066112787,2,1.0,0.99,832.5444522446461,978.954330127628,0.6666666666666666,0.5716027644141831,0.5287194310808498,0.6666666666666666,0.6666666666666666,strong,low,300,dense,2,0.4826203711511913,1161.8056092157606,0.831971241627377,0.5791545749607102,329.2611569711145,0.2603684772131939,0.05043514387986037,0.09653420380951894
gamma_strong__noise_low__T_300__density_dense__seed_002,hybrid,0.8835090314816528,7,1.01,0.99,792.2428206888629,946.1496092788976,0.6666666666666666,0.5421512188253058,0.509401089612946,0.6666666666666666,0.6666666666666666,strong,low,300,dense,2,0.4698613993388548,1161.8056092157606,0.831971241627377,0.5791545749607102,369.56278852689763,0.2898200228020712,0.06975348534776427,0.10929317562185542
gamma_strong__noise_high__T_156__density_medium__seed_001,pcmci_dag,0.4619822048702806,0,1.0,0.99,804.31,885.3243681461238,0.0,1.1491,1.008916666666667,0.0,0.0,strong,high,156,medium,1,1.008916666666667,317.3007173888187,0.455703554775185,0.4783697460452988,-487.0092826111812,-0.693396445224815,-0.5305469206213681,-0.5305469206213681
gamma_strong__noise_high__T_156__density_medium__seed_001,oracle_hybrid,0.7413021133047655,0,1.01,0.99,509.1261646276289,553.5356826620102,0.6666666666666666,0.6911367863115275,0.7142867863115274,0.6666666666666666,0.5,strong,high,156,medium,1,0.5758443254035206,317.3007173888187,0.455703554775185,0.4783697460452988,-191.82544723881017,-0.23543323153634255,-0.23591704026622862,-0.09747457935822179
gamma_strong__noise_high__T_156__density_medium__seed_001,hybrid,0.7388677744503296,1,1.0,0.99,802.2534884395978,1030.96453309982,0.6666666666666666,1.118950289910121,1.1421002899101207,0.6666666666666666,0.3333333333333333,strong,high,156,medium,1,0.6575312183542983,317.3007173888187,0.455703554775185,0.4783697460452988,-484.9527710507791,-0.6632467351349359,-0.6637305438648219,-0.17916147230899948
gamma_medium__noise_high__T_80__density_sparse__seed_004,pcmci_dag,0.6239906194807588,1,1.0,0.99,337.2494689741268,487.9785196367504,0.5,0.9254079969522916,0.917707996952292,0.5,0.5,medium,high,80,sparse,4,0.909232312500685,247.6928665820243,0.6984465901510258,0.6907465901510258,-89.55660239210249,-0.22696140680126575,-0.2269614068012662,-0.21848572234965924
gamma_medium__noise_high__T_80__density_sparse__seed_004,oracle_hybrid,0.6279861718178974,1,1.0,0.99,267.281075473851,324.7699773385457,0.8333333333333334,0.7487773394657741,0.741077339465774,0.8333333333333334,0.8333333333333334,medium,high,80,sparse,4,0.7239427148386892,247.6928665820243,0.6984465901510258,0.6907465901510258,-19.588208891826696,-0.050330749314748235,-0.050330749314748235,-0.03319612468766342
gamma_medium__noise_high__T_80__density_sparse__seed_004,hybrid,0.6333276406875867,0,1.0,0.99,282.67607588386824,336.4982878587267,0.8333333333333334,0.7839929721006768,0.7762929721006767,0.8333333333333334,0.8333333333333334,medium,high,80,sparse,4,0.759054596366199,247.6928665820243,0.6984465901510258,0.6907465901510258,-34.98320930184394,-0.08554638194965092,-0.08554638194965092,-0.06830800621517319
gamma_strong__noise_low__T_156__density_sparse__seed_002,pcmci_dag,0.7784975808884523,0,1.02,0.99,670.1236971326774,859.9266236243906,0.3333333333333333,1.0533573083827807,1.0395426916172192,0.3333333333333333,0.3333333333333333,strong,low,156,sparse,2,1.0277199880267498,432.1385755857555,0.6385435217048557,0.5424101883715223,-237.9851215469219,-0.414813786677925,-0.4971325032456969,-0.48530979965522747
gamma_strong__noise_low__T_156__density_sparse__seed_002,oracle_hybrid,0.8263659551533346,3,1.0,0.99,348.2813879519926,426.7822609743723,0.8333333333333334,0.4929652808989653,0.454031947565632,0.8333333333333334,0.8333333333333334,strong,low,156,sparse,2,0.4804329943886431,432.1385755857555,0.6385435217048557,0.5424101883715223,83.85718763376292,0.14557824080589044,0.08837824080589035,0.06197719398287921
gamma_strong__noise_low__T_156__density_sparse__seed_002,hybrid,0.8270019620813374,5,1.0,0.99,371.564427053246,456.4590634113325,0.6666666666666666,0.5243687354172647,0.4854354020839313,0.6666666666666666,0.8333333333333334,strong,low,156,sparse,2,0.507063061431737,432.1385755857555,0.6385435217048557,0.5424101883715223,60.574148532509525,0.11417478628759103,0.056974786287591006,0.03534712693978537
gamma_medium__noise_medium__T_300__density_dense__seed_005,pcmci_dag,0.8137578192162398,0,1.01,0.99,1294.0787625649948,1619.6400800263605,0.3333333333333333,0.863194358167057,0.7902943581670571,0.3333333333333333,0.1666666666666666,medium,medium,300,dense,5,0.8407094435937208,480.9773382663258,0.3799624362782571,0.2461133035318015,-813.101424298669,-0.48323192188879993,-0.5441810546352556,-0.5945961400619193
gamma_medium__noise_medium__T_300__density_dense__seed_005,oracle_hybrid,0.8232083267326229,8,1.0,0.99,466.8387909021765,535.0103713618198,0.8333333333333334,0.3576932162759615,0.3234488474364765,0.8333333333333334,0.8333333333333334,medium,medium,300,dense,5,0.3035176382812301,480.9773382663258,0.3799624362782571,0.2461133035318015,14.138547364149247,0.022269220002295587,-0.07733554390467501,-0.057404334749428576
gamma_medium__noise_medium__T_300__density_dense__seed_005,hybrid,0.823483844864211,3,1.0,0.99,609.5955068882222,708.3452532455797,0.8333333333333334,0.4689550928358947,0.4194217595025615,0.8333333333333334,1.0,medium,medium,300,dense,5,0.2733156857396872,480.9773382663258,0.3799624362782571,0.2461133035318015,-128.61816862189642,-0.0889926565576376,-0.17330845597076,-0.027202382207885678
gamma_medium__noise_low__T_156__density_medium__seed_005,pcmci_dag,0.8148511511630518,2,1.0,0.99,764.245893121015,1280.2260844211414,0.5,0.9379564880225392,0.903556488022539,0.5,0.6666666666666666,medium,low,156,medium,5,0.4719899044039603,333.9439526698448,0.4939382293230157,0.4269382293230157,-430.3019404511702,-0.4440182586995235,-0.47661825869952323,-0.0450516750809446
gamma_medium__noise_low__T_156__density_medium__seed_005,oracle_hybrid,0.8305569496495429,1,1.0,0.99,281.08653031057423,323.7612373055984,0.6666666666666666,0.4011838099452909,0.3500824468550266,0.6666666666666666,0.8333333333333334,medium,low,156,medium,5,0.361020612298333,333.9439526698448,0.4939382293230157,0.4269382293230157,52.85742235927057,0.09275441937772477,0.07685578246798913,0.06591761702468274
gamma_medium__noise_low__T_156__density_medium__seed_005,hybrid,0.830344767948849,1,1.0,0.99,624.7816819838675,851.3319027855805,0.3333333333333333,0.790989863348297,0.7565898633482971,0.3333333333333333,0.5,medium,low,156,medium,5,0.3810099817697341,333.9439526698448,0.4939382293230157,0.4269382293230157,-290.83772931402274,-0.29705163402528134,-0.3296516340252814,0.04592824755328162
gamma_strong__noise_high__T_80__density_medium__seed_001,pcmci_dag,0.6304449547846122,0,1.0,0.99,233.22270352748717,259.6500630555336,0.1666666666666666,0.5999761326652203,0.5755094659985537,0.1666666666666666,0.1666666666666666,strong,high,80,medium,1,0.481724628318922,112.4950605067786,0.3057481131768951,0.3226309019422209,-120.72764302070857,-0.2942280194883252,-0.2528785640563328,-0.1590937263767011
gamma_strong__noise_high__T_80__density_medium__seed_001,oracle_hybrid,0.6538349787753485,0,1.01,0.99,175.20954717264786,282.64974136737624,0.8333333333333334,0.4574874984040342,0.4841874984040342,0.8333333333333334,0.8333333333333334,strong,high,80,medium,1,0.2629263801991555,112.4950605067786,0.3057481131768951,0.3226309019422209,-62.71448666586926,-0.1517393852271391,-0.1615565964618133,0.0597045217430654
gamma_strong__noise_high__T_80__density_medium__seed_001,hybrid,0.6560762155448745,0,1.01,0.99,214.18809189200545,326.86680964188923,0.8333333333333334,0.5586500683402037,0.5853500683402036,0.8333333333333334,0.8333333333333334,strong,high,80,medium,1,0.2602976762410585,112.4950605067786,0.3057481131768951,0.3226309019422209,-101.69303138522685,-0.2529019551633086,-0.26271916639798276,0.0623332257011624
gamma_strong__noise_high__T_80__density_sparse__seed_004,pcmci_dag,0.635646707934297,0,1.0,0.99,376.0974282914813,545.5671089803777,0.3333333333333333,0.9975418980305294,0.9874585646971958,0.3333333333333333,0.3333333333333333,strong,high,80,sparse,4,0.956219747390391,246.80467973009627,0.6840548850740223,0.6739715517406891,-129.29274856138505,-0.31348701295650705,-0.3134870129565067,-0.2822481956497018
gamma_strong__noise_high__T_80__density_sparse__seed_004,oracle_hybrid,0.633025313527327,0,1.0,0.99,273.0819850990132,317.19926492858,0.8333333333333334,0.7547449835466508,0.7446616502133173,0.8333333333333334,0.8333333333333334,strong,high,80,sparse,4,0.7128083879475963,246.80467973009627,0.6840548850740223,0.6739715517406891,-26.277305368916927,-0.07069009847262842,-0.0706900984726282,-0.038836836206907144
gamma_strong__noise_high__T_80__density_sparse__seed_004,hybrid,0.6302593460474794,0,1.0,0.99,264.4986624642318,308.34656375145005,0.8333333333333334,0.7387169242893213,0.7286335909559881,0.8333333333333334,0.8333333333333334,strong,high,80,sparse,4,0.6976992255654526,246.80467973009627,0.6840548850740223,0.6739715517406891,-17.693982734135545,-0.054662039215298996,-0.054662039215298996,-0.023727673824763484
gamma_medium__noise_high__T_300__density_dense__seed_005,pcmci_dag,0.7009935050178175,0,1.0,0.99,734.9268591980257,886.5276328173668,0.5,0.552118777170384,0.4505745010244199,0.5,0.6666666666666666,medium,high,300,dense,5,0.4893654198377142,657.0598123517613,0.4961602499197816,0.3769223556312671,-77.86704684626443,-0.05595852725060246,-0.07365214539315285,-0.11244306420644712
gamma_medium__noise_high__T_300__density_dense__seed_005,oracle_hybrid,0.7051158940456026,0,1.0,0.99,653.2754152683472,742.8503053757416,0.8333333333333334,0.4902159755214391,0.4427971115977354,0.8333333333333334,0.8333333333333334,medium,high,300,dense,5,0.4319389827067815,657.0598123517613,0.4961602499197816,0.3769223556312671,3.784397083414092,0.005944274398342497,-0.0658747559664683,-0.05501662707551441
gamma_medium__noise_high__T_300__density_dense__seed_005,hybrid,0.7049153010073816,0,1.0,0.99,612.0444058005302,742.5807774559747,0.8333333333333334,0.4615526616194683,0.3953818540898613,0.8333333333333334,1.0,medium,high,300,dense,5,0.3031625026780955,657.0598123517613,0.4961602499197816,0.3769223556312671,45.01540655123108,0.0346075883003133,-0.018459498458594237,0.07375985295317156
gamma_strong__noise_high__T_300__density_medium__seed_005,pcmci_dag,0.6940892290012861,0,1.0,0.99,1341.1954140612058,1620.649267233754,0.5,0.8861816403119045,0.8753816403119045,0.5,0.5,strong,high,300,medium,5,0.6399217521373193,697.8436564765371,0.55420175091914,0.4054012024636515,-643.3517575846687,-0.33197988939276446,-0.46998043784825294,-0.23452054967366776
gamma_strong__noise_high__T_300__density_medium__seed_005,oracle_hybrid,0.7047295808322332,2,1.0,0.99,593.2396163626585,660.7908504707083,0.8333333333333334,0.4466112399309116,0.4435270160830427,0.8333333333333334,0.8333333333333334,strong,high,300,medium,5,0.3767447928229707,697.8436564765371,0.55420175091914,0.4054012024636515,104.60404011387868,0.10759051098822842,-0.03812581361939116,0.028656409640680836
gamma_strong__noise_high__T_300__density_medium__seed_005,hybrid,0.7037992508237173,5,1.0,0.99,919.7194731880608,1163.7410827662688,0.6666666666666666,0.6557157987353555,0.6525808307144193,0.6666666666666666,0.8333333333333334,strong,high,300,medium,5,0.3754614526409534,697.8436564765371,0.55420175091914,0.4054012024636515,-221.8758167115236,-0.10151404781621542,-0.24717962825076778,0.029939749822698147
gamma_weak__noise_low__T_300__density_medium__seed_001,pcmci_dag,0.8790181094770678,0,1.0,0.99,1050.3063337246974,1359.958102839816,0.1666666666666666,0.6930324388539396,0.6708491055206062,0.1666666666666666,0.1666666666666666,weak,low,300,medium,1,0.5882390495616168,540.7608741767428,0.3820144654372648,0.3675644654372648,-509.5454595479546,-0.3110179734166748,-0.3032846400833414,-0.22067458412435198
gamma_weak__noise_low__T_300__density_medium__seed_001,oracle_hybrid,0.8822122575535303,7,1.01,0.99,537.2615665850391,576.6009073952889,0.8333333333333334,0.3761245360442015,0.3616745360442014,0.8333333333333334,0.8333333333333334,weak,low,300,medium,1,0.3714352455666172,540.7608741767428,0.3820144654372648,0.3675644654372648,3.4993075917037686,0.00588992939306332,0.005889929393063376,-0.0038707801293524358
gamma_weak__noise_low__T_300__density_medium__seed_001,hybrid,0.8827241458705966,4,1.01,0.99,522.2206384931873,582.8428993365574,0.8333333333333334,0.3626875045191047,0.3482375045191047,0.8333333333333334,0.8333333333333334,weak,low,300,medium,1,0.2913630901808249,540.7608741767428,0.3820144654372648,0.3675644654372648,18.54023568355558,0.019326960918160108,0.019326960918160108,0.07620137525643988
gamma_weak__noise_high__T_80__density_dense__seed_004,pcmci_dag,0.622865273175033,0,1.01,0.99,357.5235130529402,474.0001967616719,0.1666666666666666,0.9994184165977908,0.971701749931124,0.1666666666666666,0.1666666666666666,weak,high,80,dense,4,0.971701749931124,246.6302299852653,0.7020756836291501,0.6863923502958168,-110.8932830676749,-0.2973427329686408,-0.2853093996353072,-0.2853093996353072
gamma_weak__noise_high__T_80__density_dense__seed_004,oracle_hybrid,0.630310914032244,0,1.01,0.99,275.3917942712954,329.634806104452,0.8333333333333334,0.77220385705222,0.7565205237188866,0.8333333333333334,0.8333333333333334,weak,high,80,dense,4,0.6845266167429799,246.6302299852653,0.7020756836291501,0.6863923502958168,-28.761564286030108,-0.07012817342306998,-0.07012817342306976,0.0018657335528369234
gamma_weak__noise_high__T_80__density_dense__seed_004,hybrid,0.6311635039065736,0,1.0,0.99,242.8592460708577,283.5690411500172,1.0,0.6873573413942017,0.6716740080608683,1.0,1.0,weak,high,80,dense,4,0.6716740080608683,246.6302299852653,0.7020756836291501,0.6863923502958168,3.7709839144075943,0.01471834223494839,0.0147183422349485,0.0147183422349485
gamma_strong__noise_medium__T_80__density_medium__seed_005,pcmci_dag,0.7398956865343536,0,1.0,0.99,335.545,371.4229586558519,0.0,0.9904333333333334,0.8716,0.0,0.0,strong,medium,80,medium,5,0.8716,258.1220296337437,0.7620839780335132,0.7113173113668464,-77.42297036625632,-0.22834935529982014,-0.16028268863315365,-0.16028268863315365
gamma_strong__noise_medium__T_80__density_medium__seed_005,oracle_hybrid,0.8467829677134037,0,1.0,0.99,303.1730646249602,388.3130861169868,0.6666666666666666,0.861058824745463,0.8102921580787963,0.6666666666666666,0.6666666666666666,strong,medium,80,medium,5,0.6521681872949451,258.1220296337437,0.7620839780335132,0.7113173113668464,-45.05103499121651,-0.09897484671194978,-0.0989748467119499,0.059149124071901316
gamma_strong__noise_medium__T_80__density_medium__seed_005,hybrid,0.846862812931712,1,1.0,0.99,260.433506064121,298.65991388983105,0.5,0.7547155336641828,0.7039488669975161,0.5,0.6666666666666666,strong,medium,80,medium,5,0.700177235206093,258.1220296337437,0.7620839780335132,0.7113173113668464,-2.311476430377297,0.007368444369330485,0.007368444369330263,0.01114007616075341
gamma_medium__noise_low__T_156__density_dense__seed_005,pcmci_dag,0.8221427649013432,1,1.0,0.99,805.4525271196773,1273.780703386091,0.3333333333333333,0.978281991912184,0.8980153252455173,0.3333333333333333,0.3333333333333333,medium,low,156,dense,5,0.4698741332334893,231.4570542403554,0.3709469706779719,0.2906803040113053,-573.9954728793218,-0.6073350212342121,-0.607335021234212,-0.17919382922218402
gamma_medium__noise_low__T_156__density_dense__seed_005,oracle_hybrid,0.8349754072995786,2,1.01,0.99,235.3260983993703,321.8061077365484,0.8333333333333334,0.3467414948029168,0.2906387623134105,0.8333333333333334,0.8333333333333334,medium,low,156,dense,5,0.2881149616666202,231.4570542403554,0.3709469706779719,0.2906803040113053,-3.8690441590148907,0.02420547587505506,4.15416978947758e-05,0.0025653423446850843
gamma_weak__noise_low__T_80__density_dense__seed_001,pcmci_dag,0.8192691493240263,0,1.0,0.99,221.99669826166985,267.19680068684346,0.0,0.5713307960582165,0.5711307960582165,0.0,0.0,weak,low,80,dense,1,0.5711307960582166,127.1330894497,0.3245872850879556,0.3334872850879555,-94.86360881196985,-0.24674351097026087,-0.23764351097026098,-0.2376435109702611
gamma_weak__noise_low__T_80__density_dense__seed_001,oracle_hybrid,0.8486016397710611,0,1.01,0.99,175.5876253901597,213.9672424147468,0.6666666666666666,0.4465080602958839,0.4554080602958839,0.6666666666666666,0.6666666666666666,weak,low,80,dense,1,0.3042970804685762,127.1330894497,0.3245872850879556,0.3334872850879555,-48.45453594045971,-0.12192077520792832,-0.12192077520792838,0.029190204619379323
gamma_weak__noise_low__T_80__density_dense__seed_001,hybrid,0.8505616557554065,0,1.0,0.99,157.86199552332104,201.50295659275488,0.8333333333333334,0.3950331399945772,0.4039331399945772,0.8333333333333334,0.8333333333333334,weak,low,80,dense,1,0.3232848451154178,127.1330894497,0.3245872850879556,0.3334872850879555,-30.728906073621047,-0.07044585490662159,-0.0704458549066217,0.010202439972537725
gamma_weak__noise_high__T_80__density_medium__seed_002,pcmci_dag,0.5912741311791085,0,1.0,0.99,328.92219088347235,396.70899225062846,0.0,0.9781037700627286,0.9733537700627286,0.0,0.0,weak,high,80,medium,2,0.9241536463453228,206.9385170713252,0.5426286231817374,0.5473786231817374,-121.98367381214715,-0.4354751468809912,-0.42597514688099125,-0.37677502316358547
gamma_weak__noise_high__T_80__density_medium__seed_002,oracle_hybrid,0.6749337948345574,0,1.0,0.99,231.6843038077261,324.483570066732,0.8333333333333334,0.6141372641750049,0.6306539308416715,0.8333333333333334,0.8333333333333334,weak,high,80,medium,2,0.540712867124097,206.9385170713252,0.5426286231817374,0.5473786231817374,-24.745786736400902,-0.07150864099326748,-0.08327530765993418,0.006665756057640304
gamma_weak__noise_high__T_80__density_medium__seed_002,hybrid,0.6752063568038391,1,1.01,0.99,220.22596947487975,303.3462443834302,0.8333333333333334,0.5859793617075052,0.6024960283741717,0.8333333333333334,0.8333333333333334,weak,high,80,medium,2,0.5631605993675721,206.9385170713252,0.5426286231817374,0.5473786231817374,-13.28745240355454,-0.04335073852576776,-0.055117405192434354,-0.015781976185834767
gamma_strong__noise_low__T_80__density_dense__seed_003,pcmci_dag,0.5813176023442569,0,1.01,0.99,403.6583333333333,430.5662873279019,0.0,1.4671666666666665,1.1113333333333335,0.0,0.0,strong,low,80,dense,3,1.1113333333333335,186.383661147532,0.6575060332934539,0.4106473756701196,-217.2746721858013,-0.8096606333732126,-0.7006859576632138,-0.7006859576632138
gamma_strong__noise_low__T_80__density_dense__seed_003,oracle_hybrid,0.8753236880671932,0,1.0,0.99,194.23525882596823,263.04574019371137,0.8333333333333334,0.5985639492157407,0.6835626280246293,0.8333333333333334,0.8333333333333334,strong,low,80,dense,3,0.5145614683866753,186.383661147532,0.6575060332934539,0.4106473756701196,-7.851597678436235,0.058942084077713175,-0.2729152523545097,-0.10391409271655566
gamma_strong__noise_low__T_80__density_dense__seed_003,hybrid,0.8752985687922558,1,1.01,0.99,207.14327175445624,263.14898713022893,0.8333333333333334,0.6622897215574265,0.6200936403355056,0.8333333333333334,0.6666666666666666,strong,low,80,dense,3,0.5269254925445755,186.383661147532,0.6575060332934539,0.4106473756701196,-20.75961060692424,-0.004783688263972574,-0.20944626466538602,-0.11627811687445594
gamma_weak__noise_low__T_300__density_sparse__seed_004,pcmci_dag,0.8780068610678842,0,1.0,0.99,1642.6954348955387,2090.2344772547144,0.1666666666666666,1.2115332795813225,1.192749946247989,0.1666666666666666,0.3333333333333333,weak,low,300,sparse,4,1.1927499462479896,428.35949322224434,0.3719665342997698,0.3531832009664364,-1214.3359416732944,-0.8395667452815527,-0.8395667452815525,-0.8395667452815532
gamma_weak__noise_low__T_300__density_sparse__seed_004,oracle_hybrid,0.8964551246036734,2,1.0,0.99,388.0083089178421,455.723209675379,0.5,0.340602681062818,0.3218193477294848,0.5,0.5,weak,low,300,sparse,4,0.3397569925985612,428.35949322224434,0.3719665342997698,0.3531832009664364,40.35118430440224,0.03136385323695179,0.03136385323695162,0.013426208367875225
gamma_weak__noise_low__T_300__density_sparse__seed_004,hybrid,0.8968216460868123,5,1.01,0.99,433.6575669294716,495.2149870880545,0.6666666666666666,0.3768114134139528,0.3580280800806195,0.6666666666666666,0.6666666666666666,weak,low,300,sparse,4,0.3580280800806199,428.35949322224434,0.3719665342997698,0.3531832009664364,-5.2980737072272746,-0.0048448791141830205,-0.004844879114183076,-0.00484487911418352
gamma_weak__noise_low__T_156__density_dense__seed_003,pcmci_dag,0.8570101374150326,0,1.0,0.99,473.13791276676034,613.403267025108,0.5,0.775984384929092,0.8127677182624254,0.5,0.3333333333333333,weak,low,156,dense,3,0.8141891236684119,207.06470469840968,0.3394502247904793,0.2760493669606209,-266.07320806835065,-0.43653416013861274,-0.5367183513018046,-0.538139756707791
gamma_weak__noise_low__T_156__density_dense__seed_003,oracle_hybrid,0.8784348397698091,2,1.01,0.99,205.8918067130436,278.7768480093732,1.0,0.3211375120996949,0.2698586059065854,1.0,1.0,weak,low,156,dense,3,0.2935469227414002,207.06470469840968,0.3394502247904793,0.2760493669606209,1.1728979853660917,0.01831271269078444,0.006190761054035487,-0.017497555780779328
gamma_weak__noise_low__T_156__density_dense__seed_003,hybrid,0.878507570640887,0,1.0,0.99,205.05525019091684,256.86318998942903,1.0,0.3230656049205472,0.2602541523085858,1.0,1.0,weak,low,156,dense,3,0.2526723307426335,207.06470469840968,0.3394502247904793,0.2760493669606209,2.0094545074928476,0.016384619869932115,0.015795214652035094,0.023377036217987368
gamma_medium__noise_low__T_156__density_medium__seed_003,pcmci_dag,0.7891039374993383,0,1.0,0.99,937.35342923474,1069.7621366985172,0.1666666666666666,1.6535649246523605,1.5173649246523606,0.1666666666666666,0.1666666666666666,medium,low,156,medium,3,1.5173649246523606,261.4835271877372,0.412179905822797,0.293679905822797,-675.8699020470028,-1.2413850188295634,-1.2236850188295636,-1.2236850188295636
gamma_medium__noise_low__T_156__density_medium__seed_003,oracle_hybrid,0.877455108356166,1,1.02,0.99,226.4505285658845,283.24523567000153,0.8333333333333334,0.3520049877762648,0.2865284598388014,0.8333333333333334,0.8333333333333334,medium,low,156,medium,3,0.2986968140581625,261.4835271877372,0.412179905822797,0.293679905822797,35.0329986218527,0.06017491804653219,0.007151445983995641,-0.0050169082353654915
gamma_medium__noise_low__T_156__density_medium__seed_003,hybrid,0.8777136452084996,0,1.01,0.99,253.3552377469631,282.312087019965,1.0,0.4045821526236444,0.2899941936504963,1.0,1.0,medium,low,156,medium,3,0.2899941936504963,261.4835271877372,0.412179905822797,0.293679905822797,8.128289440774097,0.007597753199152624,0.003685712172300737,0.003685712172300737
gamma_weak__noise_high__T_300__density_dense__seed_003,pcmci_dag,0.6551997714564299,0,1.0,0.99,1405.6314204106102,1677.470591625002,0.3333333333333333,1.0972424397259573,1.0494424397259572,0.3333333333333333,0.5,weak,high,300,dense,3,0.9030737119097528,580.185764449901,0.5113051778920139,0.4635051778920139,-825.4456559607092,-0.5859372618339433,-0.5859372618339433,-0.43956853401773893
gamma_weak__noise_high__T_300__density_dense__seed_003,oracle_hybrid,0.6647599222988856,1,1.0,0.99,637.5699122585356,834.4579206460855,0.6666666666666666,0.5314969595772948,0.4836969595772948,0.6666666666666666,0.5,weak,high,300,dense,3,0.4906981250049858,580.185764449901,0.5113051778920139,0.4635051778920139,-57.38414780863468,-0.020191781685280907,-0.020191781685280907,-0.027192947112971877
gamma_weak__noise_high__T_300__density_dense__seed_003,hybrid,0.6648514591879866,0,1.0,0.99,788.9377683533695,937.3758137561864,0.6666666666666666,0.6290168684432592,0.5812168684432594,0.6666666666666666,0.8333333333333334,weak,high,300,dense,3,0.4861367185285941,580.185764449901,0.5113051778920139,0.4635051778920139,-208.75200390346856,-0.11771169055124531,-0.11771169055124547,-0.022631540636580183
gamma_weak__noise_medium__T_156__density_medium__seed_003,pcmci_dag,0.7218112042302095,0,1.0,0.99,762.9319054331141,947.0533709526428,0.1666666666666666,1.4651713734555143,1.4203547067888482,0.1666666666666666,0.1666666666666666,weak,medium,156,medium,3,1.5197467813470005,286.2770993250064,0.4074055369516295,0.3737626775273813,-476.6548061081077,-1.0577658365038847,-1.046592029261467,-1.1459841038196192
gamma_weak__noise_medium__T_156__density_medium__seed_003,oracle_hybrid,0.8146084863200899,0,1.0,0.99,251.6370940428911,315.3216674024706,1.0,0.361056606470515,0.3374240660108893,1.0,1.0,weak,medium,156,medium,3,0.3343295823367633,286.2770993250064,0.4074055369516295,0.3737626775273813,34.64000528211531,0.04634893048111449,0.03633861151649198,0.039433095190617995
gamma_weak__noise_medium__T_156__density_medium__seed_003,hybrid,0.8144375387154066,0,1.0,0.99,227.0177346386488,267.1921962072113,1.0,0.3296057748111238,0.2865224414777905,1.0,1.0,weak,medium,156,medium,3,0.4009068270643152,286.2770993250064,0.4074055369516295,0.3737626775273813,59.25936468635763,0.07779976214050571,0.0872402360495908,-0.027144149536933893
gamma_weak__noise_low__T_300__density_dense__seed_002,pcmci_dag,0.8677279299281268,0,1.0,0.99,2129.169023590917,3197.1354432836906,0.1666666666666666,1.414883550944505,1.3850668842778386,0.1666666666666666,0.1666666666666666,weak,low,300,dense,2,1.393658324235579,1055.0629054471249,0.7157391333692263,0.6859224667025595,-1074.106118143792,-0.6991444175752787,-0.6991444175752791,-0.7077358575330194
gamma_weak__noise_low__T_300__density_dense__seed_002,oracle_hybrid,0.8849410367311696,2,1.01,0.99,1044.5379518452294,1531.145813924846,0.6666666666666666,0.6985676299737805,0.6760176299737806,0.6666666666666666,0.6666666666666666,weak,low,300,dense,2,0.6897101270586168,1055.0629054471249,0.7157391333692263,0.6859224667025595,10.524953601895504,0.01717150339544582,0.009904836728778954,-0.0037876603560572653
gamma_weak__noise_low__T_300__density_dense__seed_002,hybrid,0.8851054864841607,5,1.01,0.99,1022.9999992831312,1578.552442948059,0.6666666666666666,0.6774282580613248,0.6476115913946582,0.6666666666666666,0.6666666666666666,weak,low,300,dense,2,0.6755574422212735,1055.0629054471249,0.7157391333692263,0.6859224667025595,32.062906163993716,0.03831087530790156,0.03831087530790134,0.010365024481286067
gamma_strong__noise_medium__T_300__density_medium__seed_002,pcmci_dag,0.8022082083293296,0,1.0,0.99,2077.7197334337657,3130.026827902449,0.1666666666666666,1.3562553696407296,1.3056887029740631,0.1666666666666666,0.1666666666666666,strong,medium,300,medium,2,1.2778095399904836,1238.713337221936,0.8753334663950887,0.7509922776472245,-839.0063962118297,-0.4809219032456409,-0.5546964253268386,-0.5268172623432591
gamma_strong__noise_medium__T_300__density_medium__seed_002,oracle_hybrid,0.8148994406135006,0,1.01,0.99,1106.3361741905348,1438.3305447266562,0.6666666666666666,0.7402090541009293,0.6896423874342629,0.6666666666666666,0.3333333333333333,strong,medium,300,medium,2,0.6714813137756878,1238.713337221936,0.8753334663950887,0.7509922776472245,132.3771630314011,0.1351244122941594,0.061349890212961666,0.07951096387153678
gamma_strong__noise_medium__T_300__density_medium__seed_002,hybrid,0.8151372919640475,1,1.01,0.99,1076.6482895848678,1396.43700381731,0.6666666666666666,0.7191901943081067,0.6686235276414402,0.6666666666666666,0.3333333333333333,strong,medium,300,medium,2,0.6620694361356082,1238.713337221936,0.8753334663950887,0.7509922776472245,162.06504763706812,0.15614327208698198,0.08236875000578436,0.08892284151161634
gamma_medium__noise_high__T_156__density_sparse__seed_004,pcmci_dag,0.4396061526080378,0,1.0,0.99,733.83,871.6036021227386,0.1666666666666666,1.0025333333333333,0.9678166666666668,0.1666666666666666,0.1666666666666666,medium,high,156,sparse,4,0.9678166666666668,129.60423029283805,0.1776137072646978,0.2123303739313644,-604.225769707162,-0.8249196260686354,-0.7554862927353023,-0.7554862927353023
gamma_medium__noise_high__T_156__density_sparse__seed_004,oracle_hybrid,0.6794319348545255,0,1.0,0.99,197.1778688820747,239.98015806838524,0.8333333333333334,0.2693631019884657,0.3040797686551323,0.8333333333333334,0.8333333333333334,medium,high,156,sparse,4,0.2560306908682877,129.60423029283805,0.1776137072646978,0.2123303739313644,-67.57363858923665,-0.09174939472376789,-0.09174939472376792,-0.043700316936923334
gamma_medium__noise_high__T_156__density_sparse__seed_004,hybrid,0.6775413223822221,0,1.0,0.99,191.7501998144517,226.17338951179508,0.8333333333333334,0.2617532536259906,0.2964699202926573,0.8333333333333334,0.8333333333333334,medium,high,156,sparse,4,0.2489759570493679,129.60423029283805,0.1776137072646978,0.2123303739313644,-62.14596952161364,-0.08413954636129281,-0.0841395463612929,-0.036645583118003505
gamma_strong__noise_medium__T_156__density_sparse__seed_005,pcmci_dag,0.720839046515802,0,1.0,0.99,282.6661256991467,416.9814133402471,0.8333333333333334,0.4006311013874024,0.3481103210908579,0.8333333333333334,0.8333333333333334,strong,medium,156,sparse,5,0.3947395152976958,342.8761847534992,0.513173048274944,0.4027730482749439,60.21005905435254,0.11254194688754166,0.054662727184086046,0.008033532977248126
gamma_strong__noise_medium__T_156__density_sparse__seed_005,oracle_hybrid,0.7303180695769765,1,1.01,0.99,276.88154396870124,370.996579270138,0.6666666666666666,0.3998675806899501,0.3705342473566169,0.6666666666666666,0.6666666666666666,strong,medium,156,sparse,5,0.3856821362929079,342.8761847534992,0.513173048274944,0.4027730482749439,65.99464078479798,0.11330546758499394,0.03223880091832704,0.01709091198203605
gamma_strong__noise_medium__T_156__density_sparse__seed_005,hybrid,0.7320469611447616,0,1.0,0.99,284.6537774638654,355.22158677919725,0.6666666666666666,0.4134767753818146,0.3841434420484813,0.6666666666666666,0.6666666666666666,strong,medium,156,sparse,5,0.3824862209483037,342.8761847534992,0.513173048274944,0.4027730482749439,58.22240728963379,0.09969627289312943,0.018629606226462647,0.020286827326640222
gamma_medium__noise_medium__T_80__density_dense__seed_001,pcmci_dag,0.7448808843517911,0,1.01,0.99,239.33127225011967,266.9398684466106,0.0,0.6153268747086833,0.6013102080420166,0.0,0.0,medium,medium,80,dense,1,0.571911755434817,104.2704462095556,0.2697210673571913,0.308637734023858,-135.06082604056405,-0.345605807351492,-0.2926724740181586,-0.26327402141095896
gamma_medium__noise_medium__T_80__density_dense__seed_001,oracle_hybrid,0.7728754475134618,0,1.01,0.99,175.8067731944321,230.6429549176303,1.0,0.4493421965608499,0.4882588632275166,1.0,0.8333333333333334,medium,medium,80,dense,1,0.2649686245307968,104.2704462095556,0.2697210673571913,0.308637734023858,-71.53632698487651,-0.17962112920365858,-0.17962112920365858,0.04366910949306124
gamma_medium__noise_medium__T_80__density_dense__seed_001,hybrid,0.7781443269836908,0,1.0,0.99,159.0829708110425,194.4012989542504,0.8333333333333334,0.4032030515192542,0.4421197181859209,0.8333333333333334,0.8333333333333334,medium,medium,80,dense,1,0.3057967182607766,104.2704462095556,0.2697210673571913,0.308637734023858,-54.812524601486885,-0.13348198416206286,-0.13348198416206286,0.0028410157630814337
gamma_strong__noise_high__T_156__density_medium__seed_002,pcmci_dag,0.601042029425265,0,1.01,0.99,740.2645890627546,889.419587151717,0.1666666666666666,1.181121960859363,1.0225113724739705,0.1666666666666666,0.1666666666666666,strong,high,156,medium,2,1.01369947634874,411.4974497631579,0.6963138642892436,0.5118805309559101,-328.7671392995967,-0.4848080965701195,-0.5106308415180604,-0.5018189453928298
gamma_strong__noise_high__T_156__density_medium__seed_002,oracle_hybrid,0.637132870680538,0,1.0,0.99,288.448665618388,335.19821272463935,1.0,0.452384766589238,0.325484766589238,1.0,1.0,strong,high,156,medium,2,0.398931016907162,411.4974497631579,0.6963138642892436,0.5118805309559101,123.04878414476985,0.2439290977000056,0.18639576436667216,0.11294951404874815
gamma_strong__noise_high__T_300__density_dense__seed_001,pcmci_dag,0.6593402864908426,0,1.0,0.99,2432.944333774191,3492.0305159206478,0.0,1.488412298849582,1.4558289655162486,0.0,0.1666666666666666,strong,high,300,dense,1,1.3214421150334672,610.7040358730638,0.4555373144207306,0.3353834278339097,-1822.2402979011272,-1.0328749844288514,-1.120445537682339,-0.9860586871995576
gamma_strong__noise_high__T_300__density_dense__seed_001,oracle_hybrid,0.7089523466633251,5,1.0,0.99,475.3183329188226,601.3097706481535,0.8333333333333334,0.3505028052299259,0.5006194718965926,0.8333333333333334,0.5,strong,high,300,dense,1,0.2780550119186831,610.7040358730638,0.4555373144207306,0.3353834278339097,135.38570295424125,0.1050345091908047,-0.16523604406268294,0.05732841591522658
gamma_strong__noise_high__T_300__density_dense__seed_001,hybrid,0.7072441923188497,3,1.0,0.99,450.4247154943933,573.1542428489062,0.8333333333333334,0.3350965032284489,0.4852131698951155,0.8333333333333334,0.5,strong,high,300,dense,1,0.2709694934436562,610.7040358730638,0.4555373144207306,0.3353834278339097,160.27932037867055,0.12044081119228167,-0.1498297420612058,0.0644139343902535
gamma_strong__noise_high__T_156__density_medium__seed_003,pcmci_dag,0.6297201631094418,0,1.01,0.99,844.845921945322,1075.427706874445,0.5,1.486797790150589,1.3376130428271975,0.5,0.5,strong,high,156,medium,3,1.2884698782736193,283.12025301639727,0.3818757623795226,0.3992977864496503,-561.7256689289247,-1.1049220277710665,-0.9383152563775472,-0.889172091823969
gamma_strong__noise_high__T_156__density_medium__seed_003,oracle_hybrid,0.7089034508525892,0,1.01,0.99,257.31707649636934,334.8554524753156,1.0,0.3342971456284949,0.4623319654447516,1.0,1.0,strong,high,156,medium,3,0.2666874606592021,283.12025301639727,0.3818757623795226,0.3992977864496503,25.803176520027932,0.0475786167510277,-0.06303417899510128,0.13261032579044818
gamma_strong__noise_high__T_156__density_medium__seed_003,hybrid,0.7098801814487847,0,1.01,0.99,251.85986688832276,320.96132721056307,1.0,0.3326616110320854,0.4394617122007247,1.0,1.0,strong,high,156,medium,3,0.3412116111125413,283.12025301639727,0.3818757623795226,0.3992977864496503,31.260386128074515,0.049214151347437174,-0.040163925751074414,0.058086175337109025
gamma_weak__noise_medium__T_80__density_dense__seed_002,pcmci_dag,0.6941335249676768,0,1.01,0.99,335.9885024489408,396.8863714265552,0.0,0.9970900050928516,0.9811233384261848,0.0,0.0,weak,medium,80,dense,2,0.9811233384261852,189.70313526296408,0.4887036955629842,0.5001703622296509,-146.2853671859767,-0.5083863095298674,-0.4809529761965339,-0.4809529761965342
gamma_weak__noise_medium__T_80__density_dense__seed_002,oracle_hybrid,0.7772488458110394,0,1.01,0.99,212.695720629005,305.6514618123388,0.8333333333333334,0.5506500051227402,0.5752710577621749,0.8333333333333334,0.8333333333333334,weak,medium,80,dense,2,0.4547341168635768,189.70313526296408,0.4887036955629842,0.5001703622296509,-22.992585366040913,-0.061946309559755997,-0.07510069553252396,0.04543624536607416
gamma_weak__noise_medium__T_80__density_dense__seed_002,hybrid,0.7807484134891658,0,1.0,0.99,192.6811097441508,277.74496532839083,1.0,0.4994585575965959,0.5109252242632626,1.0,1.0,weak,medium,80,dense,2,0.4524308407015963,189.70313526296408,0.4887036955629842,0.5001703622296509,-2.9779744811867204,-0.0107548620336117,-0.010754862033611645,0.04773952152805466
gamma_strong__noise_high__T_156__density_dense__seed_003,pcmci_dag,0.6372201429983245,0,1.0,0.99,991.629982474271,1187.9635622285416,0.3333333333333333,1.6863181797288411,1.531884846395508,0.3333333333333333,0.1666666666666666,strong,high,156,dense,3,1.39813625020889,304.1537830716799,0.440416017583602,0.3903554428694925,-687.476199402591,-1.245902162145239,-1.1415294035260155,-1.0077808073393977
gamma_strong__noise_high__T_156__density_dense__seed_003,oracle_hybrid,0.711253672219426,3,1.01,0.99,184.8967801977947,228.69634353663295,1.0,0.2495273104144353,0.6065405047071669,1.0,1.0,strong,high,156,dense,3,0.1871595949986628,304.1537830716799,0.440416017583602,0.3903554428694925,119.25700287388523,0.1908887071691667,-0.21618506183767444,0.20319584787082967
gamma_strong__noise_high__T_156__density_dense__seed_003,hybrid,0.7089210134564009,0,1.01,0.99,196.3879513090391,232.62507151112493,1.0,0.3054466665735908,0.4421835655402034,1.0,1.0,strong,high,156,dense,3,0.3736805004386576,304.1537830716799,0.440416017583602,0.3903554428694925,107.76583176264083,0.13496935101001117,-0.05182812267071091,0.016674942430834894
gamma_weak__noise_medium__T_300__density_sparse__seed_001,pcmci_dag,0.809206968486998,0,1.0,0.99,1028.879573704084,1335.9928375814136,0.5,0.6841061505424237,0.6714728172090902,0.5,0.5,weak,medium,300,sparse,1,0.5818467070481858,512.611534043477,0.3705506329113761,0.3648172995780426,-516.2680396606069,-0.31355551763104766,-0.30665551763104765,-0.21702940747014315
gamma_weak__noise_medium__T_300__density_sparse__seed_001,oracle_hybrid,0.8136171236234614,3,1.0,0.99,573.673734742733,629.8087577418148,0.6666666666666666,0.4060863341964284,0.400353000863095,0.6666666666666666,0.6666666666666666,weak,medium,300,sparse,1,0.4030385033368157,512.611534043477,0.3705506329113761,0.3648172995780426,-61.06220069925598,-0.035535701285052346,-0.0355357012850524,-0.03822120375877308
gamma_weak__noise_medium__T_300__density_sparse__seed_001,hybrid,0.8133284511035815,1,1.0,0.99,542.2463554833852,586.7129879617453,0.6666666666666666,0.3853688178133143,0.3796354844799809,0.6666666666666666,0.6666666666666666,weak,medium,300,sparse,1,0.3493562134666333,512.611534043477,0.3705506329113761,0.3648172995780426,-29.634821439908137,-0.014818184901938203,-0.014818184901938314,0.015461086111409283
gamma_medium__noise_medium__T_156__density_medium__seed_004,pcmci_dag,0.7445720410626763,0,1.0,0.99,614.6427088012233,737.8499999649374,0.0,0.8036128828529089,0.7956462161862423,0.0,0.0,medium,medium,156,medium,4,0.7640561998093626,178.61697389774267,0.2241059623672962,0.2372965629405246,-436.0257349034806,-0.5795069204856127,-0.5583496532457177,-0.526759636868838
gamma_medium__noise_medium__T_156__density_medium__seed_004,oracle_hybrid,0.801717545426587,2,1.01,0.99,240.2832469222766,277.51661917955187,1.0,0.3062746054446659,0.3624746054446658,1.0,1.0,medium,medium,156,medium,4,0.2865845412717695,178.61697389774267,0.2241059623672962,0.2372965629405246,-61.66627302453392,-0.08216864307736968,-0.12517804250414122,-0.04928797833124493
gamma_medium__noise_medium__T_156__density_medium__seed_004,hybrid,0.800628240907536,2,1.0,0.99,233.1691150710951,268.6845925600782,1.0,0.3003030793316916,0.3565030793316916,1.0,1.0,medium,medium,156,medium,4,0.2821817426815465,178.61697389774267,0.2241059623672962,0.2372965629405246,-54.552141173352425,-0.07619711696439538,-0.11920651639116703,-0.04488517974102191
gamma_weak__noise_low__T_156__density_sparse__seed_001,pcmci_dag,0.8203456379485764,3,1.0,0.99,432.656730909004,514.8761690106033,0.6666666666666666,0.6229364919232951,0.6314198252566284,0.6666666666666666,0.6666666666666666,weak,low,156,sparse,1,0.4445207368828103,244.49252159013432,0.3630108209465274,0.354527487613194,-188.1642093188697,-0.2599256709767677,-0.2768923376434344,-0.08999324926961627
gamma_weak__noise_low__T_156__density_sparse__seed_001,oracle_hybrid,0.8891534257417447,2,1.01,0.99,243.1568219602134,269.4486300937123,0.6666666666666666,0.35324987310135,0.3447665397680167,0.6666666666666666,0.6666666666666666,weak,low,156,sparse,1,0.3500237066333072,244.49252159013432,0.3630108209465274,0.354527487613194,1.3356996299209243,0.009760947845177448,0.009760947845177337,0.004503780979886851
gamma_weak__noise_low__T_156__density_sparse__seed_001,hybrid,0.888825642264936,1,1.0,0.99,544.3128907892193,773.211815576511,0.3333333333333333,0.7839459777659393,0.775462644432606,0.3333333333333333,0.3333333333333333,weak,low,156,sparse,1,0.4713432466722673,244.49252159013432,0.3630108209465274,0.354527487613194,-299.820369199085,-0.4209351568194119,-0.420935156819412,-0.11681575905907327
gamma_medium__noise_high__T_156__density_sparse__seed_002,pcmci_dag,0.6178014420060535,0,1.01,0.99,684.1974833448926,899.8934906061529,0.3333333333333333,1.082078312245487,1.051671687754513,0.3333333333333333,0.3333333333333333,medium,high,156,sparse,2,1.0773725367893618,317.59331869038186,0.5395041001203991,0.4903874334537324,-366.6041646545107,-0.5425742121250878,-0.5612842543007805,-0.5869851033356295
gamma_medium__noise_high__T_156__density_sparse__seed_002,oracle_hybrid,0.6300030326782597,0,1.0,0.99,271.99452919654726,316.09208514954884,0.8333333333333334,0.4568198742841299,0.4323032076174632,0.8333333333333334,0.8333333333333334,medium,high,156,sparse,2,0.453902047550949,317.59331869038186,0.5395041001203991,0.4903874334537324,45.5987894938346,0.08268422583626917,0.05808422583626921,0.03648538590278344
gamma_medium__noise_high__T_156__density_sparse__seed_002,hybrid,0.6294566813604728,1,1.0,0.99,295.47314682989946,326.0935083319553,0.8333333333333334,0.4924588948016933,0.4679422281350266,0.8333333333333334,0.8333333333333334,medium,high,156,sparse,2,0.4839094236469234,317.59331869038186,0.5395041001203991,0.4903874334537324,22.1201718604824,0.04704520531870576,0.022445205318705808,0.006478009806809015
gamma_strong__noise_low__T_300__density_medium__seed_004,pcmci_dag,0.8938654887820705,0,1.0,0.99,1434.6474176569318,2189.4399653724117,0.1666666666666666,0.954134612854638,0.8655846128546382,0.1666666666666666,0.3333333333333333,strong,low,300,medium,4,0.9026736750741904,836.7621433779158,0.640779775955913,0.4826260826579196,-597.885274279016,-0.313354836898725,-0.38295853019671855,-0.42004759241627077
gamma_strong__noise_low__T_300__density_medium__seed_004,oracle_hybrid,0.8995167796955033,7,1.01,0.99,603.1884297574395,886.581808842181,0.6666666666666666,0.4218370434386718,0.3332870434386717,0.6666666666666666,0.8333333333333334,strong,low,300,medium,4,0.3849146511892384,836.7621433779158,0.640779775955913,0.4826260826579196,233.57371362047627,0.21894273251724117,0.1493390392192479,0.09771143146868122
gamma_strong__noise_low__T_300__density_medium__seed_004,hybrid,0.8996544786286029,2,1.0,0.99,603.7582479151948,880.6423359477071,0.6666666666666666,0.4249713135339077,0.3364213135339076,0.6666666666666666,0.8333333333333334,strong,low,300,medium,4,0.3867703693448145,836.7621433779158,0.640779775955913,0.4826260826579196,233.00389546272095,0.21580846242200524,0.14620476912401204,0.0958557133131051
gamma_weak__noise_high__T_156__density_dense__seed_005,pcmci_dag,0.5764572937558992,0,1.0,0.99,909.196980164458,1263.8177740766334,0.3333333333333333,1.1615736271592945,1.128006960492628,0.3333333333333333,0.3333333333333333,weak,high,156,dense,5,0.7658365038866993,320.16620525343023,0.4689001258798682,0.436564804713168,-589.0307749110277,-0.6926735012794263,-0.6914421557794599,-0.32927169917353133
gamma_weak__noise_high__T_156__density_dense__seed_005,oracle_hybrid,0.5860826525548132,0,1.0,0.99,368.8596439986624,474.19560345699705,0.6666666666666666,0.5223566473215498,0.4979899806548832,0.6666666666666666,0.6666666666666666,weak,high,156,dense,5,0.4923801672292057,320.16620525343023,0.4689001258798682,0.436564804713168,-48.693438745232186,-0.05345652144168167,-0.061425175941715204,-0.05581536251603769
gamma_weak__noise_high__T_156__density_dense__seed_005,hybrid,0.5848858959630667,0,1.0,0.99,651.068746547356,883.3750829765211,0.6666666666666666,0.8231672322110635,0.7988005655443967,0.6666666666666666,0.6666666666666666,weak,high,156,dense,5,0.4861917488793829,320.16620525343023,0.4689001258798682,0.436564804713168,-330.90254129392576,-0.3542671063311953,-0.3622357608312287,-0.04962694416621488
gamma_medium__noise_high__T_300__density_medium__seed_003,pcmci_dag,0.6584055380790979,0,1.0,0.99,1337.862138699255,1670.9881550266564,0.5,1.0302182659577397,0.925213940687105,0.5,0.5,medium,high,300,medium,3,0.9464220321401696,759.0951158986768,0.6374608136953447,0.5423608136953445,-578.7670228005782,-0.392757452262395,-0.38285312699176055,-0.4040612184448251
gamma_medium__noise_high__T_300__density_medium__seed_003,oracle_hybrid,0.6642477657268826,0,1.0,0.99,570.6023175759586,773.5632396145666,0.6666666666666666,0.4869356273802667,0.3918356273802668,0.6666666666666666,1.0,medium,high,300,medium,3,0.4208110341056078,759.0951158986768,0.6374608136953447,0.5423608136953445,188.49279832271816,0.150525186315078,0.15052518631507772,0.12154977958973673
gamma_medium__noise_high__T_300__density_medium__seed_003,hybrid,0.6646567389981561,0,1.01,0.99,629.8978514296829,820.6220023309938,0.6666666666666666,0.5387812897506205,0.4436812897506204,0.6666666666666666,0.8333333333333334,medium,high,300,medium,3,0.4320556485399374,759.0951158986768,0.6374608136953447,0.5423608136953445,129.19726446899392,0.09867952394472423,0.09867952394472412,0.11030516515540711
gamma_weak__noise_high__T_156__density_medium__seed_002,pcmci_dag,0.6221492823430983,0,1.0,0.99,706.1642552519835,935.1746793465971,0.1666666666666666,1.1282802904092852,1.0887302904092853,0.1666666666666666,0.1666666666666666,weak,high,156,medium,2,1.0887302904092853,323.55219794864104,0.5457791695900402,0.507295836256707,-382.61205730334245,-0.582501120819245,-0.5814344541525782,-0.5814344541525782
gamma_weak__noise_high__T_156__density_medium__seed_002,oracle_hybrid,0.631620907372986,0,1.01,0.99,305.83667034346325,339.2840379331392,1.0,0.5148155181637337,0.4830655181637337,1.0,1.0,weak,high,156,medium,2,0.4997121381028065,323.55219794864104,0.5457791695900402,0.507295836256707,17.715527605177783,0.030963651426306527,0.024230318092973324,0.007583698153900531
gamma_weak__noise_high__T_156__density_medium__seed_002,hybrid,0.632170324656074,0,1.0,0.99,327.97292601745704,360.1075004473976,1.0,0.5532587880808583,0.514775454747525,1.0,1.0,weak,high,156,medium,2,0.514775454747525,323.55219794864104,0.5457791695900402,0.507295836256707,-4.420728068816004,-0.0074796184908180186,-0.0074796184908179075,-0.0074796184908179075
gamma_strong__noise_medium__T_156__density_medium__seed_001,pcmci_dag,0.7682789055568957,0,1.0,0.99,1120.4259021462694,1866.375121790372,0.1666666666666666,1.333494939028517,1.2926449390285166,0.1666666666666666,0.1666666666666666,strong,medium,156,medium,1,1.2937047808659508,262.9237025969556,0.3761860447048308,0.3622399318070959,-857.5021995493139,-0.957308894323686,-0.9304050072214207,-0.9314648490588548
gamma_strong__noise_medium__T_156__density_medium__seed_001,oracle_hybrid,0.8309811559677399,1,1.0,0.99,389.8945026135973,425.8646562860762,0.6666666666666666,0.531299957199005,0.554449957199005,0.6666666666666666,0.5,strong,medium,156,medium,1,0.4470278531865768,262.9237025969556,0.3761860447048308,0.3622399318070959,-126.9708000166417,-0.15511391249417422,-0.19221002539190912,-0.08478792137948088
gamma_strong__noise_medium__T_156__density_medium__seed_001,hybrid,0.8318934708144397,2,1.0,0.99,672.978820617613,857.2535101416231,0.6666666666666666,0.9379243579780642,0.961074357978064,0.6666666666666666,0.3333333333333333,strong,medium,156,medium,1,0.5492411647715401,262.9237025969556,0.3761860447048308,0.3622399318070959,-410.0551180206574,-0.5617383132732334,-0.598834426170968,-0.18700123296444415
gamma_strong__noise_medium__T_300__density_dense__seed_003,pcmci_dag,0.7947129440667746,0,1.0,0.99,1451.23343928085,1680.0187246204205,0.1666666666666666,1.0649691932153396,0.952102526548673,0.1666666666666666,0.1666666666666666,strong,medium,300,dense,3,0.8464977658374218,913.6790330724784,0.7369021151479935,0.3986021151479934,-537.5544062083716,-0.32806707806734603,-0.5535004114006796,-0.4478956506894284
gamma_strong__noise_medium__T_300__density_dense__seed_003,oracle_hybrid,0.79622612758451,4,1.0,0.99,698.5835163549067,873.6544414706003,0.6666666666666666,0.526334831285505,0.5030060439761036,0.6666666666666666,0.6666666666666666,strong,medium,300,dense,3,0.391435037680691,913.6790330724784,0.7369021151479935,0.3986021151479934,215.09551671757174,0.21056728386248857,-0.10440392882811023,0.007167077467302385
gamma_strong__noise_medium__T_300__density_dense__seed_003,hybrid,0.7965705608796998,1,1.0,0.99,749.350696570812,884.2064390778486,0.6666666666666666,0.5895247535064779,0.4766580868398112,0.6666666666666666,0.8333333333333334,strong,medium,300,dense,3,0.3895852548438395,913.6790330724784,0.7369021151479935,0.3986021151479934,164.3283365016664,0.1473773616415156,-0.07805597169181783,0.009016860304153884
gamma_medium__noise_medium__T_156__density_sparse__seed_003,pcmci_dag,0.7261991849015086,0,1.0,0.99,781.4631295577027,954.926717811924,0.3333333333333333,1.4841382885637333,1.3879216218970665,0.3333333333333333,0.3333333333333333,medium,medium,156,sparse,3,1.4678667487278136,329.2492461120932,0.462741281140701,0.3665246144740344,-452.2138834456095,-1.0213970074230323,-1.021397007423032,-1.1013421342537792
gamma_medium__noise_medium__T_156__density_sparse__seed_003,oracle_hybrid,0.8168383921059995,2,1.01,0.99,280.8266074005206,357.89957773741327,0.8333333333333334,0.3835359934725269,0.3113935453264867,0.8333333333333334,0.8333333333333334,medium,medium,156,sparse,3,0.3610198579270826,329.2492461120932,0.462741281140701,0.3665246144740344,48.42263871157263,0.07920528766817408,0.05513106914754767,0.005504756546951817
gamma_medium__noise_medium__T_156__density_sparse__seed_003,hybrid,0.8160979027147819,0,1.0,0.99,281.4699256577975,323.0993693609392,0.8333333333333334,0.4045310640110671,0.3083143973444003,0.8333333333333334,0.8333333333333334,medium,medium,156,sparse,3,0.3974114275643747,329.2492461120932,0.462741281140701,0.3665246144740344,47.779320454295714,0.05821021712963392,0.05821021712963409,-0.030886813090340304
gamma_medium__noise_medium__T_300__density_sparse__seed_002,pcmci_dag,0.7817026429143745,0,1.0,0.99,1396.0438494014252,1732.4817783957435,0.1666666666666666,0.9813579606028237,0.9364746272694904,0.1666666666666666,0.1666666666666666,medium,medium,300,sparse,2,0.9364746272694904,1109.381827677328,0.7630092359665288,0.7181259026331955,-286.66202172409726,-0.21834872463629484,-0.21834872463629484,-0.21834872463629484
gamma_medium__noise_medium__T_300__density_sparse__seed_002,oracle_hybrid,0.815739256499825,2,1.0,0.99,1118.0329024508471,1419.980398764383,0.5,0.7676770993943044,0.7505270993943046,0.5,0.5,medium,medium,300,sparse,2,0.746910907945565,1109.381827677328,0.7630092359665288,0.7181259026331955,-8.651074773519213,-0.004667863427775587,-0.032401196761109086,-0.028785005312369494
gamma_medium__noise_medium__T_300__density_sparse__seed_002,hybrid,0.8165898270161569,6,1.0,0.99,1150.5072370718713,1477.4633857453375,0.6666666666666666,0.7913435471664014,0.7741935471664014,0.6666666666666666,0.6666666666666666,medium,medium,300,sparse,2,0.7643468999175621,1109.381827677328,0.7630092359665288,0.7181259026331955,-41.12540939454334,-0.02833431119987262,-0.056067644533205896,-0.04622099728436657
gamma_medium__noise_low__T_80__density_sparse__seed_001,pcmci_dag,0.810185051817447,0,1.0,0.99,214.3633862338979,262.13045834680054,0.1666666666666666,0.549983129721716,0.5569664630550494,0.1666666666666666,0.1666666666666666,medium,low,80,sparse,1,0.517010987694821,136.566924286243,0.3413023082510101,0.3482856415843434,-77.7964619476549,-0.20868082147070594,-0.208680821470706,-0.16872534611047763
gamma_medium__noise_low__T_80__density_sparse__seed_001,oracle_hybrid,0.8463133837908422,0,1.01,0.99,154.79519677990004,182.73400814682816,0.6666666666666666,0.3937158476746673,0.4112991810080006,0.6666666666666666,0.5,medium,low,80,sparse,1,0.367689990682256,136.566924286243,0.3413023082510101,0.3482856415843434,-18.228272493657045,-0.052413539423657174,-0.06301353942365723,-0.01940434909791261
gamma_medium__noise_low__T_80__density_sparse__seed_001,hybrid,0.8467148689242038,0,1.0,0.99,179.44936613369268,218.8175020885073,0.6666666666666666,0.4450570894532082,0.4626404227865415,0.6666666666666666,0.6666666666666666,medium,low,80,sparse,1,0.3459524583223186,136.566924286243,0.3413023082510101,0.3482856415843434,-42.882441847449684,-0.10375478120219811,-0.11435478120219811,0.002333183262024807
gamma_strong__noise_high__T_156__density_sparse__seed_003,pcmci_dag,0.627366292146642,0,1.0,0.99,710.3380347006852,915.7750232224508,0.3333333333333333,1.397194090499342,1.216944090499342,0.3333333333333333,0.5,strong,high,156,sparse,3,1.2305028521008952,369.8615220812525,0.4684547039941111,0.4944956187384792,-340.4765126194327,-0.9287393865052309,-0.7224484717608628,-0.7360072333624159
gamma_strong__noise_high__T_156__density_sparse__seed_003,oracle_hybrid,0.7139034173216107,1,1.01,0.99,332.9036749172987,456.1657641777072,0.8333333333333334,0.4205151831606841,0.4656437485952449,0.8333333333333334,0.8333333333333334,strong,high,156,sparse,3,0.3920519929985011,369.8615220812525,0.4684547039941111,0.4944956187384792,36.95784716395377,0.04793952083342701,0.028851870143234315,0.10244362573997812
gamma_strong__noise_high__T_156__density_sparse__seed_003,hybrid,0.7149161133592976,0,1.01,0.99,333.0417660129381,442.5495162331913,0.8333333333333334,0.4365386832006341,0.4188986127426926,0.8333333333333334,0.8333333333333334,strong,high,156,sparse,3,0.4384440525849872,369.8615220812525,0.4684547039941111,0.4944956187384792,36.81975606831435,0.031916020793476996,0.07559700599578661,0.056051566153491994
gamma_strong__noise_high__T_300__density_medium__seed_001,pcmci_dag,0.6605984542285377,5,1.0,0.99,2537.050126173438,4012.244147966245,0.1666666666666666,1.543701572889565,1.4954182395562317,0.1666666666666666,0.3333333333333333,strong,high,300,medium,1,1.454384922876794,650.1104590803708,0.4645220499966729,0.3607452911335905,-1886.9396670930673,-1.0791795228928922,-1.1346729484226412,-1.0936396317432036
gamma_strong__noise_high__T_300__density_medium__seed_001,oracle_hybrid,0.7093835786183648,1,1.01,0.99,664.0458858512611,788.781258795885,0.8333333333333334,0.4473755710216316,0.4939922376882983,0.8333333333333334,0.6666666666666666,strong,high,300,medium,1,0.3961101478078424,650.1104590803708,0.4645220499966729,0.3607452911335905,-13.93542677089033,0.01714647897504129,-0.1332469465547078,-0.03536485667425193
gamma_strong__noise_high__T_300__density_medium__seed_001,hybrid,0.7084274449674399,2,1.0,0.99,682.3854982534136,818.272064791704,0.8333333333333334,0.4568595613719193,0.5034762280385859,0.8333333333333334,0.6666666666666666,strong,high,300,medium,1,0.4072099566540938,650.1104590803708,0.4645220499966729,0.3607452911335905,-32.27503917304284,0.007662488624753605,-0.14273093690499544,-0.04646466552050332
gamma_strong__noise_high__T_80__density_sparse__seed_001,pcmci_dag,0.6185405729829637,0,1.0,0.99,219.19885188770832,259.101748309754,0.3333333333333333,0.5616910785054948,0.5726910785054948,0.3333333333333333,0.1666666666666666,strong,high,80,sparse,1,0.5170300060963423,137.034333811754,0.3582335069055865,0.3655214341522457,-82.1645180759543,-0.20345757159990835,-0.20716964435324914,-0.15150857194409661
gamma_strong__noise_high__T_80__density_sparse__seed_001,oracle_hybrid,0.6475135079366504,0,1.0,0.99,174.20581790357997,227.62421852490863,0.8333333333333334,0.4455439515389488,0.4818439515389489,0.8333333333333334,0.8333333333333334,strong,high,80,sparse,1,0.4166172979359636,137.034333811754,0.3582335069055865,0.3655214341522457,-37.17148409182596,-0.08731044463336235,-0.11632251738670318,-0.05109586378371789
gamma_strong__noise_high__T_80__density_sparse__seed_001,hybrid,0.6443861141586393,0,1.0,0.99,195.5856402836764,236.63204064054625,0.8333333333333334,0.4933462242831699,0.5296462242831699,0.8333333333333334,0.8333333333333334,strong,high,80,sparse,1,0.4105450155298515,137.034333811754,0.3582335069055865,0.3655214341522457,-58.5513064719224,-0.1351127173775834,-0.16412479013092418,-0.045023581377605815
gamma_weak__noise_high__T_156__density_sparse__seed_002,pcmci_dag,0.6231705785593424,0,1.02,0.99,694.2670973671128,931.0946168489736,0.3333333333333333,1.1037867792327318,1.087570112566065,0.3333333333333333,0.3333333333333333,weak,high,156,sparse,2,1.1083339437650848,317.1789886951852,0.5370068642252043,0.5207901975585377,-377.0881086719276,-0.5667799150075276,-0.5667799150075273,-0.587543746206547
gamma_weak__noise_high__T_156__density_sparse__seed_002,oracle_hybrid,0.6295068019231381,0,1.0,0.99,295.9206443673694,325.3800947249349,0.8333333333333334,0.494919088275854,0.4854357549425208,0.8333333333333334,0.8333333333333334,weak,high,156,sparse,2,0.5004929145496667,317.1789886951852,0.5370068642252043,0.5207901975585377,21.25834432781579,0.04208777594935026,0.035354442616016946,0.020297283008871014
gamma_weak__noise_high__T_156__density_sparse__seed_002,hybrid,0.6307411773614575,1,1.0,0.99,296.6545108657746,336.76224562384414,0.8333333333333334,0.4985224730236906,0.482305806357024,0.8333333333333334,0.8333333333333334,weak,high,156,sparse,2,0.4939399689149356,317.1789886951852,0.5370068642252043,0.5207901975585377,20.524477829410557,0.038484391201513646,0.0384843912015137,0.026850228643602148
gamma_weak__noise_low__T_300__density_medium__seed_003,pcmci_dag,0.865701986212898,0,1.0,0.99,1028.313253443102,1203.6252921625803,0.1666666666666666,0.7870956647426386,0.7515956647426386,0.1666666666666666,0.1666666666666666,weak,low,300,medium,3,0.6145422914236268,518.9902381034555,0.4476389934712168,0.4131389934712167,-509.32301533964653,-0.3394566712714218,-0.3384566712714219,-0.20140329795241013
gamma_weak__noise_low__T_300__density_medium__seed_003,oracle_hybrid,0.8677864427755416,5,1.0,0.99,510.4894988030457,588.2776399686072,0.6666666666666666,0.4293498781262421,0.3948498781262421,0.6666666666666666,0.6666666666666666,weak,low,300,medium,3,0.4146049092338812,518.9902381034555,0.4476389934712168,0.4131389934712167,8.500739300409748,0.018289115344974682,0.01828911534497457,-0.001465915762664527
gamma_weak__noise_low__T_300__density_medium__seed_003,hybrid,0.8677569089522933,1,1.01,0.99,738.2424091679503,875.268000679538,0.5,0.5668783518037835,0.5323783518037836,0.5,0.5,weak,low,300,medium,3,0.3853609077930049,518.9902381034555,0.4476389934712168,0.4131389934712167,-219.25217106449486,-0.11923935833256677,-0.11923935833256688,0.027778085678211772
gamma_weak__noise_low__T_156__density_dense__seed_004,pcmci_dag,0.8413621500664363,0,1.0,0.99,497.142650464581,572.5681145767978,0.3333333333333333,0.6664602510954286,0.670843584428762,0.3333333333333333,0.1666666666666666,weak,low,156,dense,4,0.671256673237426,210.964878427959,0.2559808172425917,0.2847641505759251,-286.17777203662195,-0.4104794338528369,-0.38607943385283694,-0.3864925226615009
gamma_weak__noise_low__T_156__density_dense__seed_004,oracle_hybrid,0.8768170658378256,2,1.01,0.99,286.3695084919214,348.7376512158068,0.8333333333333334,0.3588983945946689,0.3876817279280022,0.8333333333333334,0.8333333333333334,weak,low,156,dense,4,0.3351269061997879,210.964878427959,0.2559808172425917,0.2847641505759251,-75.4046300639624,-0.10291757735207718,-0.10291757735207713,-0.05036275562386283
gamma_weak__noise_low__T_156__density_dense__seed_004,hybrid,0.8770410275733992,1,1.01,0.99,212.3236408339653,306.48276550787443,0.8333333333333334,0.2627557772901578,0.2915391106234912,0.8333333333333334,0.8333333333333334,weak,low,156,dense,4,0.2849910887208278,210.964878427959,0.2559808172425917,0.2847641505759251,-1.3587624060062922,-0.006774960047566114,-0.006774960047566114,-0.0002269381449027108
gamma_strong__noise_medium__T_300__density_sparse__seed_003,pcmci_dag,0.7878404974696052,0,1.0,0.99,868.1249483576195,1029.994384115751,0.5,0.7080204909454096,0.5830371576120762,0.5,0.6666666666666666,strong,medium,300,sparse,3,0.5605758385756218,653.1603393240556,0.5559987293770893,0.4310153960437559,-214.96460903356387,-0.15202176156832037,-0.1520217615683203,-0.12956044253186588
gamma_strong__noise_medium__T_300__density_sparse__seed_003,oracle_hybrid,0.7875523636008145,3,1.0,0.99,502.05488632325233,615.2521542730996,0.5,0.4302999986465378,0.3204944653086509,0.5,0.6666666666666666,strong,medium,300,sparse,3,0.4040915609640153,653.1603393240556,0.5559987293770893,0.4310153960437559,151.10545300080327,0.1256987307305515,0.110520930735105,0.02692383507974061
gamma_strong__noise_medium__T_300__density_sparse__seed_003,hybrid,0.7888029369350107,0,1.0,0.99,591.2317716566967,721.2719030393804,0.5,0.4985580009439396,0.4154615262466108,0.5,0.6666666666666666,strong,medium,300,sparse,3,0.3624873372726322,653.1603393240556,0.5559987293770893,0.4310153960437559,61.92856766735895,0.05744072843314968,0.01555386979714507,0.06852805877112367
gamma_weak__noise_medium__T_156__density_dense__seed_001,pcmci_dag,0.7609402148907245,0,1.01,0.99,431.8121545724717,544.1778782100093,0.5,0.643480162504284,0.6525468291709506,0.5,0.5,weak,medium,156,dense,1,0.3877760104890221,247.7596551207167,0.3731400732450188,0.3640734065783522,-184.05249945175498,-0.27034008925926517,-0.28847342259259845,-0.023702603910669917
gamma_weak__noise_medium__T_156__density_dense__seed_001,oracle_hybrid,0.8301390862984825,1,1.0,0.99,320.4257800665929,381.0646118985047,0.6666666666666666,0.4600009152006004,0.4509342485339339,0.6666666666666666,0.5,weak,medium,156,dense,1,0.4364961940741909,247.7596551207167,0.3731400732450188,0.3640734065783522,-72.66612494587619,-0.08686084195558158,-0.08686084195558169,-0.07242278749583869
gamma_weak__noise_medium__T_156__density_dense__seed_001,hybrid,0.8291724786919741,0,1.0,0.99,574.2311592161886,848.7074831096996,0.5,0.8253549718927727,0.8162883052261062,0.5,0.5,weak,medium,156,dense,1,0.5070910922577713,247.7596551207167,0.3731400732450188,0.3640734065783522,-326.4715040954719,-0.45221489864775394,-0.452214898647754,-0.14301768567941908
gamma_weak__noise_low__T_300__density_medium__seed_002,pcmci_dag,0.8669917095303042,0,1.0,0.99,2153.394699136249,3269.755638888588,0.0,1.4276896426080778,1.4040896426080778,0.0,0.0,weak,low,300,medium,2,1.4102653179356872,1144.365816815014,0.7663811499559533,0.7436811499559534,-1009.028882321235,-0.6613084926521245,-0.6604084926521244,-0.6665841679797339
gamma_weak__noise_low__T_300__density_medium__seed_002,oracle_hybrid,0.885470103431353,8,1.01,0.99,1127.4706425925526,1709.790428414229,0.5,0.7444643176146085,0.7291309842812752,0.5,0.6666666666666666,weak,low,300,medium,2,0.7366230871900267,1144.365816815014,0.7663811499559533,0.7436811499559534,16.895174222461492,0.021916832341344783,0.01455016567467815,0.007058062765926687
gamma_weak__noise_low__T_300__density_medium__seed_002,hybrid,0.8847785501453705,3,1.01,0.99,1087.5490451297449,1724.5610283327344,0.6666666666666666,0.7154123006553151,0.6927123006553151,0.6666666666666666,0.6666666666666666,weak,low,300,medium,2,0.7183371396449489,1144.365816815014,0.7663811499559533,0.7436811499559534,56.81677168526926,0.050968849300638164,0.050968849300638275,0.025344010311004417
gamma_medium__noise_high__T_156__density_dense__seed_005,pcmci_dag,0.5773208784805015,0,1.0,0.99,974.0514414420198,1361.4461824096286,0.1666666666666666,1.2345312920872569,1.1542646254205902,0.1666666666666666,0.1666666666666666,medium,high,156,dense,5,0.7207964219746749,299.70213748937414,0.4558772554262918,0.3756105887596252,-674.3493039526456,-0.7786540366609651,-0.7786540366609649,-0.34518583321504964
gamma_medium__noise_high__T_156__density_dense__seed_005,oracle_hybrid,0.5878785860298126,0,1.01,0.99,366.3341589893866,463.3371952316626,0.8333333333333334,0.5116578993256318,0.461691232658965,0.8333333333333334,0.8333333333333334,medium,high,156,dense,5,0.4323507376881008,299.70213748937414,0.4558772554262918,0.3756105887596252,-66.63202150001246,-0.055780643899339954,-0.08608064389933978,-0.056740148928475564
gamma_medium__noise_high__T_156__density_dense__seed_005,hybrid,0.5890961977990645,0,1.0,0.99,629.1225384279797,895.3071087163535,0.8333333333333334,0.7854256826758962,0.7275449029718533,0.8333333333333334,0.8333333333333334,medium,high,156,dense,5,0.3554192932269831,299.70213748937414,0.4558772554262918,0.3756105887596252,-329.4204009386056,-0.32954842724960437,-0.35193431421222804,0.020191295532642095
gamma_medium__noise_high__T_300__density_medium__seed_004,pcmci_dag,0.7024422796549767,0,1.02,0.99,1294.686453422849,1669.351357651738,0.1666666666666666,0.9164890350930563,0.9140723684263896,0.1666666666666666,0.1666666666666666,medium,high,300,medium,4,0.8578462578414018,735.2774370445874,0.6100658822687418,0.5311708120647136,-559.4090163782615,-0.30642315282431454,-0.382901556361676,-0.32667544577668817
gamma_medium__noise_high__T_300__density_medium__seed_004,oracle_hybrid,0.7242937716494136,0,1.01,0.99,660.021374122252,705.409230238142,1.0,0.539104349702014,0.4815876830353474,1.0,1.0,medium,high,300,medium,4,0.5102466071651451,735.2774370445874,0.6100658822687418,0.5311708120647136,75.25606292233533,0.07096153256672777,0.049583129029366235,0.020924204899568477
gamma_medium__noise_high__T_300__density_medium__seed_004,hybrid,0.725130655900288,0,1.01,0.99,725.9263473182837,771.0075770329227,0.6666666666666666,0.589895083250845,0.5323784165841785,0.6666666666666666,1.0,medium,high,300,medium,4,0.541039110769618,735.2774370445874,0.6100658822687418,0.5311708120647136,9.351089726303712,0.020170799017896757,-0.0012076045194648888,-0.009868298704904355
gamma_strong__noise_low__T_80__density_dense__seed_001,pcmci_dag,0.8629716786474624,0,1.0,0.99,230.39525290311428,285.3322716683513,0.5,0.5615713717770011,0.6576547051103344,0.5,0.0,strong,low,80,dense,1,0.4775161552291538,93.45601378887471,0.2352133727066775,0.2415389968144601,-136.93923911423957,-0.3263579990703236,-0.4161157082958743,-0.23597715841469372
gamma_strong__noise_low__T_80__density_dense__seed_001,oracle_hybrid,0.8545346008038874,0,1.0,0.99,180.6514537875017,226.40851674668932,0.8333333333333334,0.4563028770824357,0.552386210415769,0.8333333333333334,0.5,strong,low,80,dense,1,0.2491077445888286,93.45601378887471,0.2352133727066775,0.2415389968144601,-87.195439998627,-0.22108950437575822,-0.31084721360130885,-0.0075687477743685005
gamma_strong__noise_low__T_80__density_dense__seed_001,hybrid,0.856378692180029,1,1.0,0.99,155.36379338930777,199.81846554826396,1.0,0.3856992099584349,0.4817825432917682,1.0,0.6666666666666666,strong,low,80,dense,1,0.2648475030949055,93.45601378887471,0.2352133727066775,0.2415389968144601,-61.90777960043306,-0.15048583725175738,-0.24024354647730808,-0.023308506280445423
