cell,graph_type,bayes_r2_mean,divergences,r_hat_max,target_accept,mae_effect,rmse_effect,hdi_coverage_effect,mae_vs_own,mae_vs_total,hdi_coverage_vs_own,hdi_coverage_vs_total,interdependency,noise,n_weeks,dag_density,seed
gamma_strong__noise_low__T_80__density_sparse__seed_002,pcmci_dag,0.6105449020225988,0,1.01,0.99,282.435,329.2420388559152,0.16666666666666666,0.8205666666666667,0.7568833333333332,0.16666666666666666,0.16666666666666666,strong,low,80,sparse,2
gamma_strong__noise_low__T_80__density_sparse__seed_002,oracle_hybrid,0.8463817231329083,2,1.01,0.99,145.23283663730032,211.55604014018797,0.8333333333333334,0.38647530522932044,0.45015863856265387,0.8333333333333334,0.6666666666666666,strong,low,80,sparse,2
gamma_strong__noise_low__T_80__density_sparse__seed_002,hybrid,0.843741562830858,1,1.0,0.99,141.5631319009975,209.91964569910934,0.8333333333333334,0.38246715223719807,0.4461504855705314,0.8333333333333334,0.6666666666666666,strong,low,80,sparse,2
gamma_weak__noise_low__T_80__density_dense__seed_003,pcmci_dag,0.7657051423673843,0,1.0,0.99,615.4400081264826,933.643160466057,0.16666666666666666,1.8838374848073804,1.8238208181407138,0.16666666666666666,0.16666666666666666,weak,low,80,dense,3
gamma_weak__noise_low__T_80__density_dense__seed_003,oracle_hybrid,0.8803329535209573,1,1.0,0.99,253.4917156415429,271.70536985560943,0.6666666666666666,0.7826941883512014,0.7285441883512013,0.6666666666666666,0.8333333333333334,weak,low,80,dense,3
gamma_weak__noise_low__T_80__density_dense__seed_003,hybrid,0.8800876644300625,1,1.0,0.99,228.64934821669587,254.2143216473218,0.8333333333333334,0.7159705809583766,0.6618205809583766,0.8333333333333334,1.0,weak,low,80,dense,3
gamma_weak__noise_medium__T_300__density_sparse__seed_005,pcmci_dag,0.8180951259087882,0,1.0,0.99,1651.7757128597898,2062.485374824299,0.3333333333333333,1.0787278038295791,1.0627444704962457,0.3333333333333333,0.3333333333333333,weak,medium,300,sparse,5
gamma_weak__noise_medium__T_300__density_sparse__seed_005,oracle_hybrid,0.8240417193177679,0,1.0,0.99,722.3145267541823,836.7277488658677,0.6666666666666666,0.5170430987563585,0.5105597654230252,0.6666666666666666,0.6666666666666666,weak,medium,300,sparse,5
gamma_weak__noise_medium__T_300__density_sparse__seed_005,hybrid,0.8229841555723283,0,1.0,0.99,997.8146047266332,1262.6521464447742,0.6666666666666666,0.6784717003151148,0.6719883669817815,0.6666666666666666,0.6666666666666666,weak,medium,300,sparse,5
gamma_strong__noise_low__T_80__density_dense__seed_005,pcmci_dag,0.8624317862461077,0,1.0,0.99,315.1999524687138,333.76352306284394,0.16666666666666666,0.8882041238563669,0.8766707905230335,0.16666666666666666,0.0,strong,low,80,dense,5
gamma_strong__noise_low__T_80__density_dense__seed_005,oracle_hybrid,0.9037355150483867,0,1.0,0.99,246.43686223287693,305.5665496066259,0.6666666666666666,0.6990016408208528,0.6388683074875194,0.6666666666666666,0.5,strong,low,80,dense,5
gamma_strong__noise_low__T_80__density_dense__seed_005,hybrid,0.9035796192503404,0,1.0,0.99,217.5955444671587,238.34300694378123,0.6666666666666666,0.6431953328881317,0.5830619995547983,0.6666666666666666,0.6666666666666666,strong,low,80,dense,5
gamma_strong__noise_medium__T_300__density_sparse__seed_004,pcmci_dag,0.8053740304799997,0,1.0,0.99,1252.9915927812744,1634.368222121157,0.3333333333333333,0.8792575902143445,0.9317909235476777,0.3333333333333333,0.3333333333333333,strong,medium,300,sparse,4
gamma_strong__noise_medium__T_300__density_sparse__seed_004,oracle_hybrid,0.8321560520033334,1,1.0,0.99,484.24906621778274,539.1326444536373,0.5,0.40669914623566245,0.35416581290232907,0.5,0.6666666666666666,strong,medium,300,sparse,4
gamma_strong__noise_medium__T_300__density_sparse__seed_004,hybrid,0.8333317303300075,2,1.0,0.99,508.50927702989975,547.4769532778223,0.6666666666666666,0.41203128044911136,0.35949794711577804,0.6666666666666666,0.8333333333333334,strong,medium,300,sparse,4
gamma_weak__noise_high__T_300__density_sparse__seed_001,pcmci_dag,0.7001080556594672,1,1.01,0.99,1040.7542030385134,1354.5629472590942,0.5,0.6973687783474634,0.68473544501413,0.5,0.5,weak,high,300,sparse,1
gamma_weak__noise_high__T_300__density_sparse__seed_001,oracle_hybrid,0.7033884157613665,2,1.0,0.99,569.2548102374902,715.7008223867942,0.6666666666666666,0.413690658266181,0.4263239915995145,0.6666666666666666,0.6666666666666666,weak,high,300,sparse,1
gamma_weak__noise_high__T_300__density_sparse__seed_001,hybrid,0.7035654775537658,2,1.0,0.99,587.870565452088,685.9444059807145,0.6666666666666666,0.4221114506944789,0.41641009778389515,0.6666666666666666,0.6666666666666666,weak,high,300,sparse,1
gamma_strong__noise_medium__T_300__density_medium__seed_005,pcmci_dag,0.8226081125690273,0,1.0,0.99,906.8087353675769,1039.9705181535955,0.5,0.6186807924538309,0.5622141257871642,0.5,0.6666666666666666,strong,medium,300,medium,5
gamma_strong__noise_medium__T_300__density_medium__seed_005,oracle_hybrid,0.8223478829808812,5,1.0,0.99,601.6401525324155,668.7115385849463,0.8333333333333334,0.43226047505119053,0.4255512201654921,0.8333333333333334,0.8333333333333334,strong,medium,300,medium,5
gamma_strong__noise_medium__T_300__density_medium__seed_005,hybrid,0.8231242926523114,3,1.01,0.99,975.4258936041928,1067.664664264591,0.5,0.6951705066625316,0.6387038399958648,0.5,0.6666666666666666,strong,medium,300,medium,5
gamma_medium__noise_medium__T_156__density_sparse__seed_002,pcmci_dag,0.7189350249967961,0,1.01,0.99,691.0993294708811,900.7124674005555,0.3333333333333333,1.0952835434206074,1.046166876753941,0.3333333333333333,0.3333333333333333,medium,medium,156,sparse,2
gamma_medium__noise_medium__T_156__density_sparse__seed_002,oracle_hybrid,0.7453485523736648,1,1.0,0.99,287.58873489454123,319.0227028672632,0.6666666666666666,0.44535933507142794,0.42084266840476126,0.6666666666666666,0.8333333333333334,medium,medium,156,sparse,2
gamma_medium__noise_medium__T_156__density_sparse__seed_002,hybrid,0.7448006845364483,1,1.01,0.99,315.7138133542842,350.05501738033195,0.6666666666666666,0.48436064841941784,0.45984398175275115,0.6666666666666666,0.8333333333333334,medium,medium,156,sparse,2
gamma_medium__noise_low__T_156__density_dense__seed_004,pcmci_dag,0.85488836961304,0,1.01,0.99,599.8185566184037,799.4321019896055,0.3333333333333333,0.7523986262865208,0.7665152929531875,0.3333333333333333,0.3333333333333333,medium,low,156,dense,4
gamma_medium__noise_low__T_156__density_dense__seed_004,oracle_hybrid,0.8786827957034429,1,1.01,0.99,284.523088910564,344.13366396917365,0.8333333333333334,0.3544590314825196,0.45127569814918633,0.8333333333333334,0.6666666666666666,medium,low,156,dense,4
gamma_medium__noise_low__T_156__density_dense__seed_004,hybrid,0.8780028655228341,1,1.0,0.99,252.11679343394403,336.1138096433233,0.8333333333333334,0.31397936614198524,0.3945979659661453,0.8333333333333334,0.8333333333333334,medium,low,156,dense,4
gamma_weak__noise_high__T_156__density_sparse__seed_004,pcmci_dag,0.5184190667212927,0,1.0,0.99,874.5602365241548,1238.4118111985706,0.3333333333333333,1.1313631733414546,1.1256131733414547,0.3333333333333333,0.3333333333333333,weak,high,156,sparse,4
gamma_weak__noise_high__T_156__density_sparse__seed_004,oracle_hybrid,0.6768060726539137,0,1.01,0.99,177.23745686983065,219.38164263986425,0.8333333333333334,0.24269096162684875,0.2537076282935154,0.8333333333333334,0.8333333333333334,weak,high,156,sparse,4
gamma_weak__noise_high__T_156__density_sparse__seed_004,hybrid,0.6771657440849838,0,1.01,0.99,194.05599812810055,237.44017182406589,0.8333333333333334,0.2648027873700971,0.2758194540367637,0.8333333333333334,0.8333333333333334,weak,high,156,sparse,4
gamma_weak__noise_low__T_80__density_dense__seed_002,pcmci_dag,0.601130352558197,0,1.01,0.99,286.365,333.700437643305,0.0,0.8296,0.8018333333333333,0.0,0.0,weak,low,80,dense,2
gamma_weak__noise_low__T_80__density_dense__seed_002,oracle_hybrid,0.8472501076951215,0,1.0,0.99,207.6772956243842,316.3364578348527,0.8333333333333334,0.5207251321758827,0.5484917988425492,0.8333333333333334,0.8333333333333334,weak,low,80,dense,2
gamma_weak__noise_low__T_80__density_dense__seed_002,hybrid,0.8487925030411673,3,1.01,0.99,199.09848484384636,287.0517532928297,1.0,0.5063228218368835,0.5177894885035502,1.0,1.0,weak,low,80,dense,2
gamma_weak__noise_low__T_156__density_dense__seed_002,pcmci_dag,0.784884085243405,0,1.0,0.99,737.0684328198591,938.6677794989378,0.16666666666666666,1.1756306371634702,1.1199806371634702,0.16666666666666666,0.16666666666666666,weak,low,156,dense,2
gamma_weak__noise_low__T_156__density_dense__seed_002,oracle_hybrid,0.8254147361080263,2,1.0,0.99,330.1238934301345,390.0874909167837,0.6666666666666666,0.4881606495610251,0.4478439828943584,0.6666666666666666,0.8333333333333334,weak,low,156,dense,2
gamma_weak__noise_low__T_156__density_dense__seed_002,hybrid,0.8257111269590655,0,1.0,0.99,334.0250413223835,385.0356826111262,0.8333333333333334,0.5232679588024057,0.4763179588024056,0.8333333333333334,0.8333333333333334,weak,low,156,dense,2
gamma_strong__noise_medium__T_80__density_sparse__seed_001,pcmci_dag,0.730372888036125,0,1.01,0.99,219.16870353238085,259.0783172531944,0.3333333333333333,0.5616049428084362,0.5726049428084362,0.3333333333333333,0.16666666666666666,strong,medium,80,sparse,1
gamma_strong__noise_medium__T_80__density_sparse__seed_001,oracle_hybrid,0.7679225406406995,0,1.0,0.99,165.6952498263961,201.6054739945645,0.8333333333333334,0.42261788759518115,0.45891788759518115,0.8333333333333334,0.8333333333333334,strong,medium,80,sparse,1
gamma_strong__noise_medium__T_80__density_sparse__seed_001,hybrid,0.765498289713825,0,1.0,0.99,181.10159671744114,238.1606810540274,0.6666666666666666,0.46344540533687456,0.4997454053368746,0.6666666666666666,0.6666666666666666,strong,medium,80,sparse,1
gamma_medium__noise_high__T_156__density_sparse__seed_001,pcmci_dag,0.5879857580824157,0,1.0,0.99,1098.4434384686024,1623.6352540724101,0.16666666666666666,1.4045735706660132,1.3600735706660132,0.16666666666666666,0.16666666666666666,medium,high,156,sparse,1
gamma_medium__noise_high__T_156__density_sparse__seed_001,oracle_hybrid,0.7418351416036603,0,1.0,0.99,427.76610760448744,472.18825616909896,0.5,0.6003275899110833,0.5783609232444166,0.5,0.5,medium,high,156,sparse,1
gamma_medium__noise_high__T_156__density_sparse__seed_001,hybrid,0.744047928090681,0,1.0,0.99,725.3403382246902,1020.7043881407991,0.5,1.0186169441723292,0.9966502775056624,0.5,0.5,medium,high,156,sparse,1
gamma_weak__noise_medium__T_156__density_sparse__seed_004,pcmci_dag,0.745402126231349,0,1.01,0.99,596.4853108991075,754.467382479634,0.16666666666666666,0.7775084572483673,0.7832584572483672,0.16666666666666666,0.16666666666666666,weak,medium,156,sparse,4
gamma_weak__noise_medium__T_156__density_sparse__seed_004,oracle_hybrid,0.7992899494469794,0,1.0,0.99,232.22980388680162,264.8121904279704,0.8333333333333334,0.30210505917212244,0.3131217258387891,0.8333333333333334,0.8333333333333334,weak,medium,156,sparse,4
gamma_weak__noise_medium__T_156__density_sparse__seed_004,hybrid,0.799687841025175,2,1.0,0.99,226.9814125862102,262.39360705126995,0.8333333333333334,0.2926809666696548,0.3036976333363215,0.8333333333333334,0.8333333333333334,weak,medium,156,sparse,4
gamma_strong__noise_medium__T_300__density_dense__seed_002,pcmci_dag,0.7316840589845407,0,1.0,0.99,1842.3616666666665,1944.089993548824,0.0,1.35935,1.1065333333333334,0.0,0.0,strong,medium,300,dense,2
gamma_strong__noise_medium__T_300__density_dense__seed_002,oracle_hybrid,0.8149090941432168,0,1.0,0.99,937.7204408613612,1028.0841880676744,0.6666666666666666,0.6565291811255586,0.6136458477922252,0.6666666666666666,0.6666666666666666,strong,medium,300,dense,2
gamma_strong__noise_medium__T_300__density_dense__seed_002,hybrid,0.8131340249939711,1,1.0,0.99,838.1310174936865,922.10325141204,0.8333333333333334,0.5862154275356124,0.5433320942022791,0.8333333333333334,0.6666666666666666,strong,medium,300,dense,2
gamma_medium__noise_high__T_80__density_medium__seed_003,pcmci_dag,0.4325605788017655,0,1.0,0.99,378.88000000000005,438.64690473470046,0.0,1.4200833333333334,1.2851333333333332,0.0,0.0,medium,high,80,medium,3
gamma_medium__noise_high__T_80__density_medium__seed_003,oracle_hybrid,0.7021483055168125,0,1.0,0.99,333.4211946817902,391.45571622009834,1.0,0.939162498647632,0.9816554776597664,1.0,0.8333333333333334,medium,high,80,medium,3
gamma_medium__noise_high__T_80__density_medium__seed_003,hybrid,0.6940541807562198,0,1.0,0.99,452.29896804761484,618.976103405699,0.8333333333333334,1.250740391192079,1.1690442516271804,0.8333333333333334,0.8333333333333334,medium,high,80,medium,3
gamma_medium__noise_low__T_80__density_medium__seed_004,pcmci_dag,0.8406968718621841,0,1.0,0.99,391.297540107038,592.2558154326197,0.3333333333333333,1.0560208530534518,1.0223541863867853,0.3333333333333333,0.3333333333333333,medium,low,80,medium,4
gamma_medium__noise_low__T_80__density_medium__seed_004,oracle_hybrid,0.8532456617739613,0,1.0,0.99,227.917059620932,270.8501669042724,0.8333333333333334,0.6354339895467728,0.6017673228801061,0.8333333333333334,0.8333333333333334,medium,low,80,medium,4
gamma_medium__noise_low__T_80__density_medium__seed_004,hybrid,0.8534076309025526,0,1.0,0.99,235.233911232388,283.559691576627,1.0,0.6549442316718758,0.621277565005209,1.0,1.0,medium,low,80,medium,4
gamma_weak__noise_high__T_80__density_dense__seed_005,pcmci_dag,0.6677095468826749,0,1.0,0.99,323.7166666666667,380.34492911040627,0.0,0.9587166666666667,0.9294666666666666,0.0,0.0,weak,high,80,dense,5
gamma_weak__noise_high__T_80__density_dense__seed_005,oracle_hybrid,0.7539074127087817,1,1.0,0.99,309.97604461226405,432.57819597883787,0.5,0.8706574252905016,0.850574091957168,0.5,0.6666666666666666,weak,high,80,dense,5
gamma_weak__noise_high__T_80__density_dense__seed_005,hybrid,0.7539988931958495,0,1.0,0.99,300.8771209046611,393.4308541886548,0.8333333333333334,0.8714608641962441,0.8513775308629108,0.8333333333333334,0.8333333333333334,weak,high,80,dense,5
gamma_medium__noise_medium__T_156__density_medium__seed_003,pcmci_dag,0.7241214606060362,0,1.0,0.99,894.2626267303007,1023.405323472557,0.16666666666666666,1.6087549889652866,1.4725549889652865,0.16666666666666666,0.16666666666666666,medium,medium,156,medium,3
gamma_medium__noise_medium__T_156__density_medium__seed_003,oracle_hybrid,0.8141985413858774,3,1.01,0.99,247.74022156573017,298.22646283535977,1.0,0.354907592343574,0.3085925647402397,1.0,1.0,medium,medium,156,medium,3
gamma_medium__noise_medium__T_156__density_medium__seed_003,hybrid,0.8133513925898292,1,1.01,0.99,274.8233751616163,287.2832224056251,0.8333333333333334,0.41083058656667415,0.29233058656667416,0.8333333333333334,1.0,medium,medium,156,medium,3
gamma_medium__noise_medium__T_300__density_sparse__seed_001,pcmci_dag,0.8119850204227326,2,1.0,0.99,770.2118989088773,1221.3959534336382,0.8333333333333334,0.49380102519042907,0.47877575449771764,0.8333333333333334,0.8333333333333334,medium,medium,300,sparse,1
gamma_medium__noise_medium__T_300__density_sparse__seed_001,oracle_hybrid,0.8146339219535871,0,1.0,0.99,607.6107360765126,674.8601082167064,0.5,0.4215545546378539,0.43062102284986675,0.5,0.5,medium,medium,300,sparse,1
gamma_medium__noise_medium__T_300__density_sparse__seed_001,hybrid,0.8131373487173711,1,1.01,0.99,622.3820694485122,696.3477332796655,0.5,0.4294254621031149,0.4372747298276692,0.5,0.5,medium,medium,300,sparse,1
gamma_medium__noise_high__T_80__density_sparse__seed_001,pcmci_dag,0.6221595194493015,0,1.01,0.99,215.36999008212692,262.7906600805502,0.3333333333333333,0.5528590585472609,0.5598423918805943,0.3333333333333333,0.3333333333333333,medium,high,80,sparse,1
gamma_medium__noise_high__T_80__density_sparse__seed_001,oracle_hybrid,0.6459404553732592,2,1.01,0.99,178.05217947892626,233.4126299037947,0.8333333333333334,0.4571823086217515,0.4747656419550848,0.8333333333333334,0.8333333333333334,medium,high,80,sparse,1
gamma_medium__noise_high__T_80__density_sparse__seed_001,hybrid,0.6444548113821694,0,1.0,0.99,203.2903498664414,245.9444305307781,0.8333333333333334,0.5096064366909157,0.527189770024249,0.8333333333333334,0.8333333333333334,medium,high,80,sparse,1
gamma_strong__noise_medium__T_80__density_dense__seed_005,pcmci_dag,0.7375081726327425,0,1.0,0.99,357.11666666666673,379.5794244072423,0.0,1.04275,0.8480833333333333,0.0,0.0,strong,medium,80,dense,5
gamma_strong__noise_medium__T_80__density_dense__seed_005,oracle_hybrid,0.8490712209228924,0,1.01,0.99,275.01144178378496,361.1586327007226,0.6666666666666666,0.7767046071157161,0.7165712737823827,0.6666666666666666,0.6666666666666666,strong,medium,80,dense,5
gamma_strong__noise_medium__T_80__density_dense__seed_005,hybrid,0.850331870647635,0,1.0,0.99,235.2780596508733,275.03643904974723,0.6666666666666666,0.695069993321025,0.6349366599876917,0.6666666666666666,0.8333333333333334,strong,medium,80,dense,5
gamma_medium__noise_low__T_156__density_medium__seed_001,pcmci_dag,0.8380215011978632,0,1.01,0.99,618.340962941461,819.4159098094134,0.3333333333333333,0.7698854496503089,0.7687354496503089,0.3333333333333333,0.3333333333333333,medium,low,156,medium,1
gamma_medium__noise_low__T_156__density_medium__seed_001,oracle_hybrid,0.8891160219189513,4,1.0,0.99,269.5649517258278,288.8170176854852,0.6666666666666666,0.38286530197018603,0.38401530197018596,0.6666666666666666,0.6666666666666666,medium,low,156,medium,1
gamma_medium__noise_low__T_156__density_medium__seed_001,hybrid,0.889047562632508,3,1.0,0.99,466.5114978887256,673.6470756448723,0.8333333333333334,0.6673407244510399,0.6684907244510399,0.8333333333333334,0.6666666666666666,medium,low,156,medium,1
gamma_strong__noise_medium__T_156__density_sparse__seed_003,pcmci_dag,0.7271565152602041,0,1.0,0.99,671.3338147291046,905.517169697971,0.5,1.355332820253344,1.175082820253344,0.5,0.5,strong,medium,156,sparse,3
gamma_strong__noise_medium__T_156__density_sparse__seed_003,oracle_hybrid,0.8162499932147688,0,1.01,0.99,286.6313259177216,352.03459632538227,0.8333333333333334,0.3949290567115347,0.35912268673962383,0.8333333333333334,0.8333333333333334,strong,medium,156,sparse,3
gamma_strong__noise_medium__T_156__density_sparse__seed_003,hybrid,0.8165477475859068,0,1.0,0.99,291.0005204193654,347.1443394915092,0.8333333333333334,0.4127271401892865,0.33548854141212886,0.8333333333333334,0.8333333333333334,strong,medium,156,sparse,3
gamma_strong__noise_high__T_156__density_dense__seed_004,pcmci_dag,0.45473772240780563,0,1.0,0.99,796.475,842.785247685712,0.0,1.0793166666666667,0.87575,0.0,0.0,strong,high,156,dense,4
gamma_strong__noise_high__T_156__density_dense__seed_004,oracle_hybrid,0.6770313246376942,1,1.0,0.99,203.60987860340757,235.9265869492613,1.0,0.2677243344392163,0.4569204282738159,1.0,1.0,strong,high,156,dense,4
gamma_strong__noise_high__T_156__density_dense__seed_004,hybrid,0.6779860813916654,3,1.0,0.99,147.3425382595062,175.97777992662228,1.0,0.19916757094535087,0.3899660781480952,1.0,0.8333333333333334,strong,high,156,dense,4
gamma_weak__noise_high__T_156__density_medium__seed_005,pcmci_dag,0.5753242613830728,0,1.0,0.99,705.554870370091,1156.0357608093946,0.5,0.8726476095542828,0.8478309428876162,0.5,0.5,weak,high,156,medium,5
gamma_weak__noise_high__T_156__density_medium__seed_005,oracle_hybrid,0.5820154486820742,1,1.01,0.99,351.51629122829473,465.2856218683062,0.5,0.5029932420214269,0.48840990868809353,0.5,0.6666666666666666,weak,high,156,medium,5
gamma_weak__noise_high__T_156__density_medium__seed_005,hybrid,0.5825655467686244,0,1.0,0.99,646.973895472061,898.3291220419082,0.5,0.8163051298122798,0.8017217964789464,0.5,0.6666666666666666,weak,high,156,medium,5
gamma_medium__noise_medium__T_156__density_medium__seed_005,pcmci_dag,0.7172657672852061,0,1.0,0.99,776.1923727511048,1300.223760030879,0.5,0.9509823179926676,0.9165823179926678,0.5,0.6666666666666666,medium,medium,156,medium,5
gamma_medium__noise_medium__T_156__density_medium__seed_005,oracle_hybrid,0.7272348422227972,0,1.0,0.99,340.19495046041794,417.0890599393879,0.6666666666666666,0.4709373922312643,0.43653739223126437,0.6666666666666666,0.6666666666666666,medium,medium,156,medium,5
gamma_medium__noise_medium__T_156__density_medium__seed_005,hybrid,0.7287851737939745,1,1.0,0.99,679.2592767461479,912.0470399290244,0.6666666666666666,0.8594946503435635,0.8250946503435634,0.6666666666666666,0.6666666666666666,medium,medium,156,medium,5
gamma_medium__noise_high__T_156__density_medium__seed_001,pcmci_dag,0.4499830485238216,0,1.01,0.99,787.4466666666667,909.8233200828976,0.0,1.1269166666666668,1.0606666666666666,0.0,0.0,medium,high,156,medium,1
gamma_medium__noise_high__T_156__density_medium__seed_001,oracle_hybrid,0.7396163833631878,1,1.0,0.99,415.31326381206077,460.95030236964124,0.8333333333333334,0.58360425977663,0.58475425977663,0.8333333333333334,0.8333333333333334,medium,high,156,medium,1
gamma_medium__noise_high__T_156__density_medium__seed_001,hybrid,0.7398354539010935,0,1.0,0.99,720.6231117898569,984.8044633550503,0.6666666666666666,1.01843294041848,1.01958294041848,0.6666666666666666,0.6666666666666666,medium,high,156,medium,1
gamma_weak__noise_high__T_80__density_sparse__seed_001,pcmci_dag,0.6275803693816532,0,1.0,0.99,216.33069272313548,268.8091694431667,0.3333333333333333,0.557256284267503,0.5600396176008363,0.3333333333333333,0.3333333333333333,weak,high,80,sparse,1
gamma_weak__noise_high__T_80__density_sparse__seed_001,oracle_hybrid,0.6488197890105419,0,1.0,0.99,179.31343044879836,228.7797890567304,0.8333333333333334,0.45842942846571416,0.4640127617990475,0.8333333333333334,0.8333333333333334,weak,high,80,sparse,1
gamma_weak__noise_high__T_80__density_sparse__seed_001,hybrid,0.6494372010746285,0,1.01,0.99,201.39833455560094,280.1425325567206,0.6666666666666666,0.5140639472674101,0.5196472806007435,0.6666666666666666,0.6666666666666666,weak,high,80,sparse,1
gamma_medium__noise_medium__T_80__density_medium__seed_001,pcmci_dag,0.7461141979377972,4,1.0,0.99,204.31705755275212,246.946161191963,0.0,0.5175084082719024,0.5098417416052357,0.0,0.16666666666666666,medium,medium,80,medium,1
gamma_medium__noise_medium__T_80__density_medium__seed_001,oracle_hybrid,0.7739973581763198,0,1.0,0.99,171.38528852261754,234.1017330217735,0.8333333333333334,0.44143056306833867,0.4504305630683387,0.8333333333333334,0.8333333333333334,medium,medium,80,medium,1
gamma_medium__noise_medium__T_80__density_medium__seed_001,hybrid,0.7716105977388066,1,1.0,0.99,175.68700967876862,251.94322396344563,0.8333333333333334,0.4514781718720467,0.46047817187204676,0.8333333333333334,0.8333333333333334,medium,medium,80,medium,1
gamma_weak__noise_high__T_80__density_medium__seed_001,pcmci_dag,0.6288314209900452,0,1.0,0.99,217.82507235201055,268.49675041857233,0.16666666666666666,0.5614283987657794,0.5600283987657794,0.16666666666666666,0.16666666666666666,weak,high,80,medium,1
gamma_weak__noise_high__T_80__density_medium__seed_001,oracle_hybrid,0.6536773894417341,0,1.0,0.99,190.5895606267128,257.9089582742957,0.8333333333333334,0.49016103641632275,0.49216103641632286,0.8333333333333334,0.8333333333333334,weak,high,80,medium,1
gamma_weak__noise_high__T_80__density_medium__seed_001,hybrid,0.6495519975126289,0,1.0,0.99,194.985957560061,269.7291379825565,0.8333333333333334,0.49729320928192705,0.4992932092819271,0.8333333333333334,0.8333333333333334,weak,high,80,medium,1
gamma_weak__noise_low__T_80__density_sparse__seed_001,pcmci_dag,0.816933955411798,0,1.0,0.99,214.47765405606538,267.58530120065996,0.16666666666666666,0.551962039340015,0.5547453726733483,0.16666666666666666,0.16666666666666666,weak,low,80,sparse,1
gamma_weak__noise_low__T_80__density_sparse__seed_001,oracle_hybrid,0.8476168552395766,0,1.0,0.99,153.40371442271478,184.09511445181974,0.6666666666666666,0.392182480381108,0.3977658137144413,0.6666666666666666,0.6666666666666666,weak,low,80,sparse,1
gamma_weak__noise_low__T_80__density_sparse__seed_001,hybrid,0.846717415010819,2,1.0,0.99,173.63630569135864,218.0809387667395,0.6666666666666666,0.4402465705496877,0.4458299038830211,0.6666666666666666,0.6666666666666666,weak,low,80,sparse,1
gamma_strong__noise_high__T_156__density_sparse__seed_005,pcmci_dag,0.5789092907989603,0,1.0,0.99,502.46778845149964,651.3357207917826,0.6666666666666666,0.6911095227675258,0.6550732456744014,0.6666666666666666,0.6666666666666666,strong,high,156,sparse,5
gamma_strong__noise_high__T_156__density_sparse__seed_005,oracle_hybrid,0.5883635384205911,1,1.0,0.99,340.39102922673624,456.6285998635811,0.6666666666666666,0.48665916148232996,0.45732582814899664,0.6666666666666666,0.6666666666666666,strong,high,156,sparse,5
gamma_strong__noise_high__T_156__density_sparse__seed_005,hybrid,0.5842496715964404,0,1.0,0.99,357.2277237124776,421.6984042980546,0.6666666666666666,0.50952735946209,0.48019402612875667,0.6666666666666666,0.6666666666666666,strong,high,156,sparse,5
gamma_medium__noise_medium__T_156__density_sparse__seed_001,pcmci_dag,0.7647606326776042,0,1.0,0.99,426.2596702471915,538.4489050090331,0.6666666666666666,0.6485458779816748,0.6705125446483414,0.6666666666666666,0.6666666666666666,medium,medium,156,sparse,1
gamma_medium__noise_medium__T_156__density_sparse__seed_001,oracle_hybrid,0.8321947237613306,3,1.0,0.99,309.65628989781067,348.2244908015377,0.5,0.4408648142573073,0.41889814759064065,0.5,0.5,medium,medium,156,sparse,1
gamma_medium__noise_medium__T_156__density_sparse__seed_001,hybrid,0.8331538100701384,0,1.0,0.99,559.3862290859876,805.1489057312593,0.5,0.7972807244773206,0.7753140578106539,0.5,0.5,medium,medium,156,sparse,1
gamma_weak__noise_medium__T_300__density_dense__seed_002,pcmci_dag,0.782573237672359,0,1.02,0.99,1440.9384513477878,1768.1965007864392,0.0,1.0130264989454965,0.9757431656121632,0.0,0.0,weak,medium,300,dense,2
gamma_weak__noise_medium__T_300__density_dense__seed_002,oracle_hybrid,0.8166530902146862,1,1.0,0.99,1184.452624609343,1655.8884806825342,0.5,0.7954904755241641,0.7729404755241642,0.5,0.6666666666666666,weak,medium,300,dense,2
gamma_weak__noise_medium__T_300__density_dense__seed_002,hybrid,0.816547322224065,3,1.0,0.99,1044.8702051047228,1558.2164293482926,0.8333333333333334,0.7042632886597966,0.6817132886597967,0.8333333333333334,0.8333333333333334,weak,medium,300,dense,2
gamma_medium__noise_low__T_80__density_medium__seed_001,pcmci_dag,0.8196955107276687,0,1.02,0.99,201.17851963102112,244.79245295431082,0.16666666666666666,0.508211971795273,0.5005453051286063,0.16666666666666666,0.16666666666666666,medium,low,80,medium,1
gamma_medium__noise_low__T_80__density_medium__seed_001,oracle_hybrid,0.8500050254148539,1,1.0,0.99,164.5450762446769,216.9949455732327,0.8333333333333334,0.4187219813890144,0.42772198138901446,0.8333333333333334,0.8333333333333334,medium,low,80,medium,1
gamma_medium__noise_low__T_80__density_medium__seed_001,hybrid,0.850311013024721,1,1.0,0.99,159.74604475247472,205.80158265988646,0.8333333333333334,0.4045320270856739,0.41353202708567394,0.8333333333333334,0.8333333333333334,medium,low,80,medium,1
gamma_weak__noise_low__T_80__density_medium__seed_003,pcmci_dag,0.5683971604113474,0,1.0,0.99,375.205,447.4537177742521,0.0,1.40585,1.3583833333333333,0.0,0.0,weak,low,80,medium,3
gamma_weak__noise_low__T_80__density_medium__seed_003,oracle_hybrid,0.8795524096296248,0,1.01,0.99,281.17349432821334,311.18073816280105,0.6666666666666666,0.8611409794263706,0.8204409794263706,0.6666666666666666,0.6666666666666666,weak,low,80,medium,3
gamma_weak__noise_low__T_80__density_medium__seed_003,hybrid,0.8791248125333687,3,1.0,0.99,370.9524467538028,561.9984898626507,0.8333333333333334,0.986114287238523,0.9454142872385228,0.8333333333333334,0.8333333333333334,weak,low,80,medium,3
gamma_weak__noise_high__T_80__density_dense__seed_002,pcmci_dag,0.5913349290400772,0,1.0,0.99,333.8104269201851,393.53853017553513,0.0,0.9897387447270035,0.9737720780603368,0.0,0.0,weak,high,80,dense,2
gamma_weak__noise_high__T_80__density_dense__seed_002,oracle_hybrid,0.6761378877073592,0,1.0,0.99,237.07665992800762,329.9882886144967,0.8333333333333334,0.6220559634627484,0.6498226301294149,0.8333333333333334,0.8333333333333334,weak,high,80,dense,2
gamma_weak__noise_high__T_80__density_dense__seed_002,hybrid,0.6774437674207102,1,1.0,0.99,196.08194438225894,280.93365505968546,1.0,0.5185273168913634,0.5344939835580301,1.0,1.0,weak,high,80,dense,2
gamma_weak__noise_high__T_300__density_medium__seed_001,pcmci_dag,0.7052200620741514,0,1.01,0.99,746.0033964716986,942.403571522409,0.5,0.5290376329908345,0.5176711685774441,0.5,0.5,weak,high,300,medium,1
gamma_weak__noise_high__T_300__density_medium__seed_001,oracle_hybrid,0.7049808165199757,1,1.0,0.99,572.4720368479544,673.8380343683269,0.8333333333333334,0.4088425217008622,0.41252585503419564,0.8333333333333334,0.8333333333333334,weak,high,300,medium,1
gamma_weak__noise_high__T_300__density_medium__seed_001,hybrid,0.7045726323106469,0,1.0,0.99,586.8700302905776,684.2552247786174,0.8333333333333334,0.41764717045750704,0.4070084597927713,0.8333333333333334,0.8333333333333334,weak,high,300,medium,1
gamma_medium__noise_low__T_300__density_medium__seed_003,pcmci_dag,0.8688077480449059,0,1.0,0.99,934.6593058875764,1107.5447234456462,0.3333333333333333,0.7267098074142875,0.6211431407476208,0.3333333333333333,0.5,medium,low,300,medium,3
gamma_medium__noise_low__T_300__density_medium__seed_003,oracle_hybrid,0.8698142687436964,0,1.01,0.99,567.2685880220071,653.8087232804701,0.6666666666666666,0.4539855866349261,0.35888558663492615,0.6666666666666666,0.5,medium,low,300,medium,3
gamma_medium__noise_low__T_300__density_medium__seed_003,hybrid,0.8700557114569037,1,1.0,0.99,588.1203828940737,680.171318668331,0.6666666666666666,0.4797182344476149,0.38461823444761484,0.6666666666666666,0.8333333333333334,medium,low,300,medium,3
gamma_strong__noise_low__T_300__density_dense__seed_001,pcmci_dag,0.8853338673249641,0,1.0,0.99,781.3394282367618,1092.6206656035947,0.5,0.5049251866779081,0.6382473229356959,0.5,0.16666666666666666,strong,low,300,dense,1
gamma_strong__noise_low__T_300__density_dense__seed_001,oracle_hybrid,0.8869960191482297,5,1.01,0.99,547.705556358656,635.8264000238122,0.8333333333333334,0.36474452542783387,0.4983593237163462,0.8333333333333334,0.5,strong,low,300,dense,1
gamma_strong__noise_low__T_300__density_dense__seed_001,hybrid,0.8867812456132902,2,1.0,0.99,502.74980317969374,588.5608323442875,0.6666666666666666,0.33574088266582053,0.4748079694776299,0.6666666666666666,0.5,strong,low,300,dense,1
gamma_strong__noise_low__T_80__density_dense__seed_004,pcmci_dag,0.8561742412300777,0,1.0,0.99,428.5847375037724,632.1224567426897,0.16666666666666666,1.1236448859339931,1.0282850173429912,0.16666666666666666,0.3333333333333333,strong,low,80,dense,4
gamma_strong__noise_low__T_80__density_dense__seed_004,oracle_hybrid,0.8591947267768355,1,1.0,0.99,277.1354331826379,339.9696264561082,1.0,0.7475390633841911,0.7326057300508578,1.0,0.8333333333333334,strong,low,80,dense,4
gamma_strong__noise_low__T_80__density_dense__seed_004,hybrid,0.857239960212313,0,1.0,0.99,227.76882416680073,255.56620498006777,1.0,0.6307996688594094,0.6158663355260762,1.0,0.8333333333333334,strong,low,80,dense,4
gamma_weak__noise_low__T_300__density_dense__seed_001,pcmci_dag,0.8790709076005576,0,1.0,0.99,1027.4096267996035,1256.566789742269,0.3333333333333333,0.6834821444405669,0.6488821444405669,0.3333333333333333,0.3333333333333333,weak,low,300,dense,1
gamma_weak__noise_low__T_300__density_dense__seed_001,oracle_hybrid,0.882395180291475,3,1.01,0.99,484.37988918428783,531.5377760922452,0.8333333333333334,0.34159596398357134,0.32146263065023795,0.8333333333333334,0.8333333333333334,weak,low,300,dense,1
gamma_weak__noise_low__T_300__density_dense__seed_001,hybrid,0.8826962718758695,5,1.01,0.99,462.16861947125636,530.2206220802851,0.8333333333333334,0.3301091063450208,0.3099757730116874,0.8333333333333334,0.8333333333333334,weak,low,300,dense,1
gamma_strong__noise_high__T_80__density_medium__seed_002,pcmci_dag,0.4893761432538334,0,1.0,0.99,298.82166666666666,327.35200786004043,0.0,0.8679,0.7543666666666667,0.0,0.0,strong,high,80,medium,2
gamma_strong__noise_high__T_80__density_medium__seed_002,oracle_hybrid,0.6758292636497151,1,1.01,0.99,242.16412956001525,338.23955653470307,0.8333333333333334,0.6312154374289262,0.7447487707622596,0.8333333333333334,0.8333333333333334,strong,high,80,medium,2
gamma_strong__noise_high__T_80__density_medium__seed_002,hybrid,0.6766479828483075,1,1.0,0.99,270.4636978471334,361.62655210871407,0.8333333333333334,0.7044430898133328,0.817976423146666,0.8333333333333334,0.8333333333333334,strong,high,80,medium,2
gamma_strong__noise_medium__T_156__density_dense__seed_004,pcmci_dag,0.7451705110456445,0,1.0,0.99,673.3888125132424,723.5557138244021,0.0,0.8770214601901505,0.8394881268568172,0.0,0.0,strong,medium,156,dense,4
gamma_strong__noise_medium__T_156__density_dense__seed_004,oracle_hybrid,0.7992188417825148,1,1.01,0.99,258.27750168766283,298.2848199038141,0.8333333333333334,0.32830176765045826,0.5318684343171249,0.8333333333333334,0.5,strong,medium,156,dense,4
gamma_strong__noise_medium__T_156__density_dense__seed_004,hybrid,0.8000344844635705,5,1.0,0.99,204.09552779455393,232.85669458406952,1.0,0.25628580098013337,0.4598524676468001,1.0,0.6666666666666666,strong,medium,156,dense,4
gamma_medium__noise_low__T_300__density_dense__seed_005,pcmci_dag,0.8909248878170354,0,1.0,0.99,654.0140546520425,855.1243765540463,0.6666666666666666,0.4569564011661334,0.4074230678328001,0.6666666666666666,0.6666666666666666,medium,low,300,dense,5
gamma_medium__noise_low__T_300__density_dense__seed_005,oracle_hybrid,0.8924955329738621,2,1.01,0.99,436.5590853931523,480.7568027095096,0.8333333333333334,0.33175343126993834,0.2832014565907976,0.8333333333333334,0.8333333333333334,medium,low,300,dense,5
gamma_medium__noise_low__T_300__density_dense__seed_005,hybrid,0.8923704739444502,8,1.01,0.99,594.148253088485,637.2727303540614,0.8333333333333334,0.45253431000626526,0.4030009766729319,0.8333333333333334,0.8333333333333334,medium,low,300,dense,5
gamma_medium__noise_high__T_80__density_sparse__seed_002,pcmci_dag,0.5837372637604081,0,1.0,0.99,329.89906668587753,393.54553525799935,0.16666666666666666,0.980896684574625,0.9489300179079585,0.16666666666666666,0.16666666666666666,medium,high,80,sparse,2
gamma_medium__noise_high__T_80__density_sparse__seed_002,oracle_hybrid,0.676795394203744,1,1.0,0.99,193.73386582903302,274.7847780171717,0.8333333333333334,0.5273217837902332,0.5592884504569,0.8333333333333334,0.8333333333333334,medium,high,80,sparse,2
gamma_medium__noise_high__T_80__density_sparse__seed_002,hybrid,0.6737222385471978,2,1.0,0.99,204.0613879619923,273.77985609323184,0.8333333333333334,0.5515340857428243,0.583500752409491,0.8333333333333334,0.8333333333333334,medium,high,80,sparse,2
gamma_strong__noise_high__T_300__density_sparse__seed_002,pcmci_dag,0.6219573185500782,0,1.0,0.99,1706.533333333333,1982.348400912413,0.16666666666666666,1.2781333333333336,1.1881333333333333,0.16666666666666666,0.16666666666666666,strong,high,300,sparse,2
gamma_strong__noise_high__T_300__density_sparse__seed_002,oracle_hybrid,0.7037099730989816,0,1.0,0.99,1087.4572132966844,1152.115167682563,0.5,0.7773146166175245,0.7525812832841913,0.5,0.6666666666666666,strong,high,300,sparse,2
gamma_strong__noise_high__T_300__density_sparse__seed_002,hybrid,0.7028074995236703,0,1.0,0.99,1091.9682351584904,1176.0958885302623,0.5,0.7746551580914952,0.7499218247581618,0.5,0.3333333333333333,strong,high,300,sparse,2
gamma_medium__noise_medium__T_80__density_medium__seed_005,pcmci_dag,0.7398303498676968,0,1.01,0.99,324.8566666666666,375.83137779239956,0.0,0.9628666666666668,0.9051833333333333,0.0,0.0,medium,medium,80,medium,5
gamma_medium__noise_medium__T_80__density_medium__seed_005,oracle_hybrid,0.8455868066366697,0,1.0,0.99,292.88975836953733,383.32923942075155,0.6666666666666666,0.8432029520348822,0.8097529520348821,0.6666666666666666,0.6666666666666666,medium,medium,80,medium,5
gamma_medium__noise_medium__T_80__density_medium__seed_005,hybrid,0.8461332986562665,0,1.01,0.99,288.15978660677854,346.2913044096485,0.6666666666666666,0.8028745668296242,0.7694245668296241,0.6666666666666666,0.6666666666666666,medium,medium,80,medium,5
gamma_medium__noise_medium__T_300__density_sparse__seed_003,pcmci_dag,0.7851855082002679,0,1.0,0.99,929.051301275012,1100.9125946807842,0.3333333333333333,0.7336646901839923,0.6686980235173255,0.3333333333333333,0.3333333333333333,medium,medium,300,sparse,3
gamma_medium__noise_medium__T_300__density_sparse__seed_003,oracle_hybrid,0.788124206487578,0,1.0,0.99,509.0534490035656,638.0675269412358,0.5,0.43860218577278465,0.3736355191061181,0.5,0.6666666666666666,medium,medium,300,sparse,3
gamma_medium__noise_medium__T_300__density_sparse__seed_003,hybrid,0.7866816164106503,0,1.0,0.99,706.3512931632316,828.791919064621,0.5,0.5613348517126653,0.4963681850459986,0.5,0.5,medium,medium,300,sparse,3
gamma_medium__noise_medium__T_300__density_sparse__seed_004,pcmci_dag,0.8078350016765335,0,1.0,0.99,1262.2535458717907,1693.8465906498066,0.3333333333333333,0.8847765214036015,0.9169265214036014,0.3333333333333333,0.3333333333333333,medium,medium,300,sparse,4
gamma_medium__noise_medium__T_300__density_sparse__seed_004,oracle_hybrid,0.8327050991907151,1,1.0,0.99,434.8944562243323,537.7571688606685,0.6666666666666666,0.3800244875136219,0.34787448751362193,0.6666666666666666,0.6666666666666666,medium,medium,300,sparse,4
gamma_medium__noise_medium__T_300__density_sparse__seed_004,hybrid,0.8329688439098798,1,1.0,0.99,457.9335876077307,545.682631240888,0.5,0.3956198569553567,0.3598824459186088,0.5,0.5,medium,medium,300,sparse,4
gamma_weak__noise_high__T_80__density_medium__seed_005,pcmci_dag,0.6704427495019004,0,1.0,0.99,317.21666666666664,379.1532218422169,0.0,0.9422166666666666,0.9238000000000001,0.0,0.0,weak,high,80,medium,5
gamma_weak__noise_high__T_80__density_medium__seed_005,oracle_hybrid,0.7531377120861946,0,1.0,0.99,327.88553163464286,436.970445604488,0.6666666666666666,0.9251629134973435,0.912246246830677,0.6666666666666666,0.6666666666666666,weak,high,80,medium,5
gamma_weak__noise_high__T_80__density_medium__seed_005,hybrid,0.7515843076076917,1,1.0,0.99,348.28676046802246,413.25439329724827,0.8333333333333334,0.9608824732265308,0.9479658065598641,0.8333333333333334,0.8333333333333334,weak,high,80,medium,5
gamma_strong__noise_medium__T_80__density_sparse__seed_002,pcmci_dag,0.6898751758233165,0,1.0,0.99,337.6151095045111,398.2848353713482,0.16666666666666666,1.0067952470625599,0.9431119137292265,0.16666666666666666,0.16666666666666666,strong,medium,80,sparse,2
gamma_strong__noise_medium__T_80__density_sparse__seed_002,oracle_hybrid,0.775607495186321,1,1.0,0.99,161.92312557751853,234.90959754352937,0.8333333333333334,0.4347745207357687,0.4984578540691021,0.8333333333333334,0.8333333333333334,strong,medium,80,sparse,2
gamma_strong__noise_medium__T_80__density_sparse__seed_002,hybrid,0.7764888677927212,0,1.0,0.99,153.9561129653919,225.31814727223326,0.8333333333333334,0.4266386281621662,0.49032196149549945,0.8333333333333334,0.8333333333333334,strong,medium,80,sparse,2
gamma_medium__noise_medium__T_156__density_sparse__seed_005,pcmci_dag,0.7222092552372595,1,1.01,0.99,581.31266309372,968.3336795809088,0.8333333333333334,0.7234186613745086,0.7028019947078419,0.8333333333333334,0.8333333333333334,medium,medium,156,sparse,5
gamma_medium__noise_medium__T_156__density_sparse__seed_005,oracle_hybrid,0.7296815169691204,1,1.0,0.99,274.8649966727552,379.4195050680783,0.5,0.4046467006432817,0.38403003397661495,0.5,0.6666666666666666,medium,medium,156,sparse,5
gamma_medium__noise_medium__T_156__density_sparse__seed_005,hybrid,0.732094349711933,0,1.0,0.99,623.6510253548998,826.3971193746379,0.5,0.7958321592067835,0.7752154925401166,0.5,0.6666666666666666,medium,medium,156,sparse,5
gamma_medium__noise_medium__T_300__density_medium__seed_004,pcmci_dag,0.8140107919162518,0,1.0,0.99,1729.5055256191563,2135.9938324093873,0.0,1.280134054239351,1.1921507209060174,0.0,0.16666666666666666,medium,medium,300,medium,4
gamma_medium__noise_medium__T_300__density_medium__seed_004,oracle_hybrid,0.8337044906639447,2,1.01,0.99,538.8763344541844,596.2250098635511,0.8333333333333334,0.42732920029028687,0.36981253362362027,0.8333333333333334,1.0,medium,medium,300,medium,4
gamma_medium__noise_medium__T_300__density_medium__seed_004,hybrid,0.8333846169419881,3,1.0,0.99,537.7053110707056,595.5470806902218,0.6666666666666666,0.43771519978969203,0.3801985331230253,0.6666666666666666,1.0,medium,medium,300,medium,4
gamma_medium__noise_low__T_156__density_sparse__seed_003,pcmci_dag,0.7882135948181325,0,1.0,0.99,781.2596919371799,954.8161396982196,0.3333333333333333,1.4839267606345012,1.3877100939678346,0.3333333333333333,0.3333333333333333,medium,low,156,sparse,3
gamma_medium__noise_low__T_156__density_sparse__seed_003,oracle_hybrid,0.8797021411807077,0,1.01,0.99,208.65727586529127,270.6685329505928,0.6666666666666666,0.32163010789513047,0.22708577475363959,0.6666666666666666,0.6666666666666666,medium,low,156,sparse,3
gamma_medium__noise_low__T_156__density_sparse__seed_003,hybrid,0.8782823485732691,2,1.01,0.99,246.55546426529338,301.16083089389286,0.8333333333333334,0.3977600129583792,0.3015433462917125,0.8333333333333334,0.8333333333333334,medium,low,156,sparse,3
gamma_medium__noise_medium__T_156__density_dense__seed_004,pcmci_dag,0.7801552554774275,0,1.01,0.99,565.0143978079535,725.9481143651968,0.3333333333333333,0.7195451480354896,0.7336618147021562,0.3333333333333333,0.16666666666666666,medium,medium,156,dense,4
gamma_medium__noise_medium__T_156__density_dense__seed_004,oracle_hybrid,0.801297102487938,0,1.0,0.99,233.7200858779537,267.8025303608759,0.8333333333333334,0.3034224746823732,0.4002391413490399,0.8333333333333334,0.8333333333333334,medium,medium,156,dense,4
gamma_medium__noise_medium__T_156__density_dense__seed_004,hybrid,0.7998507528292202,1,1.0,0.99,172.73785595850643,216.25079237046967,1.0,0.23022673050667675,0.3216499709178213,1.0,1.0,medium,medium,156,dense,4
gamma_medium__noise_medium__T_156__density_dense__seed_005,pcmci_dag,0.7242675718970295,1,1.0,0.99,793.4675761715935,1258.9845902874495,0.3333333333333333,0.9651487986708883,0.8848821320042218,0.3333333333333333,0.3333333333333333,medium,medium,156,dense,5
gamma_medium__noise_medium__T_156__density_dense__seed_005,oracle_hybrid,0.7320958654671156,0,1.0,0.99,322.22456639658776,409.9968418047421,0.8333333333333334,0.4488272688547712,0.39886060218810454,0.8333333333333334,0.6666666666666666,medium,medium,156,dense,5
gamma_medium__noise_medium__T_156__density_dense__seed_005,hybrid,0.7324343311761216,1,1.0,0.99,574.1257806718334,812.3667571065286,0.8333333333333334,0.7136394729335351,0.6333728062668685,0.8333333333333334,0.8333333333333334,medium,medium,156,dense,5
gamma_medium__noise_high__T_80__density_dense__seed_003,pcmci_dag,0.42973400352604385,0,1.0,0.99,392.34833333333336,436.79359662202006,0.0,1.4451166666666666,1.2533333333333334,0.0,0.0,medium,high,80,dense,3
gamma_medium__noise_high__T_80__density_dense__seed_003,oracle_hybrid,0.7010726713927687,0,1.0,0.99,270.35953047782044,348.8096011440624,1.0,0.7834080497509589,0.7990247164176255,1.0,1.0,medium,high,80,dense,3
gamma_medium__noise_high__T_80__density_dense__seed_003,hybrid,0.6987022043617348,0,1.0,0.99,339.93488831006806,407.46468945180584,0.8333333333333334,0.9991956344610474,0.993645856202993,0.8333333333333334,0.8333333333333334,medium,high,80,dense,3
gamma_medium__noise_high__T_80__density_medium__seed_004,pcmci_dag,0.6327663173511245,0,1.0,0.99,386.06831113586486,582.6407839050094,0.5,1.0444433955175942,1.0107767288509277,0.5,0.5,medium,high,80,medium,4
gamma_medium__noise_high__T_80__density_medium__seed_004,oracle_hybrid,0.632957539251573,0,1.0,0.99,260.6308376789821,320.47927480529825,1.0,0.7307242209340998,0.6970575542674332,1.0,1.0,medium,high,80,medium,4
gamma_medium__noise_high__T_80__density_medium__seed_004,hybrid,0.6347165031295268,4,1.0,0.99,263.8443380516104,309.0254565889136,0.8333333333333334,0.7583468466035505,0.7246801799368838,0.8333333333333334,0.8333333333333334,medium,high,80,medium,4
gamma_weak__noise_high__T_80__density_sparse__seed_004,pcmci_dag,0.6149983096778269,0,1.0,0.99,308.39484290183026,392.55304260500384,0.3333333333333333,0.8862782184208321,0.8786448850874988,0.3333333333333333,0.3333333333333333,weak,high,80,sparse,4
gamma_weak__noise_high__T_80__density_sparse__seed_004,oracle_hybrid,0.6283738742533977,0,1.0,0.99,257.6172679363952,305.1841652765547,0.8333333333333334,0.730156605860406,0.7269232725270727,0.8333333333333334,0.8333333333333334,weak,high,80,sparse,4
gamma_weak__noise_high__T_80__density_sparse__seed_004,hybrid,0.6261587987360303,0,1.01,0.99,241.99994774604897,293.1895279944323,0.8333333333333334,0.680194859618822,0.6769615262854886,0.8333333333333334,0.8333333333333334,weak,high,80,sparse,4
gamma_medium__noise_low__T_156__density_sparse__seed_004,pcmci_dag,0.8428361182192655,0,1.01,0.99,392.62026233849133,468.94959538071095,0.3333333333333333,0.5575410422294936,0.5725577088961604,0.3333333333333333,0.3333333333333333,medium,low,156,sparse,4
gamma_medium__noise_low__T_156__density_sparse__seed_004,oracle_hybrid,0.8775449842969609,1,1.01,0.99,260.49465471737955,323.1490478607949,0.8333333333333334,0.3241773547429574,0.35889402140962406,0.8333333333333334,0.8333333333333334,medium,low,156,sparse,4
gamma_medium__noise_low__T_156__density_sparse__seed_004,hybrid,0.8773378034930914,3,1.01,0.99,292.1754176294117,361.19163438909084,0.6666666666666666,0.3618618062149251,0.3965784728815918,0.6666666666666666,0.6666666666666666,medium,low,156,sparse,4
gamma_medium__noise_high__T_80__density_sparse__seed_005,pcmci_dag,0.7277621926711163,0,1.01,0.99,345.5782350132652,424.57020062272045,0.3333333333333333,1.0004810137157938,0.9646810137157938,0.3333333333333333,0.3333333333333333,medium,high,80,sparse,5
gamma_medium__noise_high__T_80__density_sparse__seed_005,oracle_hybrid,0.7546972669729726,0,1.0,0.99,310.0455104914329,401.9454905838556,0.6666666666666666,0.8884124767248126,0.8714124767248125,0.6666666666666666,0.6666666666666666,medium,high,80,sparse,5
gamma_medium__noise_high__T_80__density_sparse__seed_005,hybrid,0.7522517367678656,0,1.0,0.99,336.85466115135955,419.1608695264933,0.6666666666666666,0.935458291968111,0.9184582919681109,0.6666666666666666,0.6666666666666666,medium,high,80,sparse,5
gamma_medium__noise_high__T_300__density_sparse__seed_005,pcmci_dag,0.7015669471215279,0,1.0,0.99,813.9023609481743,1110.8494928293808,0.5,0.5890424683133024,0.5394091349799691,0.5,0.6666666666666666,medium,high,300,sparse,5
gamma_medium__noise_high__T_300__density_sparse__seed_005,oracle_hybrid,0.7054945377442865,1,1.0,0.99,785.0729101921582,904.6454306621591,0.6666666666666666,0.5691244445464427,0.554057777879776,0.6666666666666666,0.6666666666666666,medium,high,300,sparse,5
gamma_medium__noise_high__T_300__density_sparse__seed_005,hybrid,0.7042892343856826,4,1.0,0.99,1157.7484331258918,1394.8555770424607,0.6666666666666666,0.803568079209568,0.7885014125429012,0.6666666666666666,0.8333333333333334,medium,high,300,sparse,5
gamma_strong__noise_medium__T_80__density_sparse__seed_005,pcmci_dag,0.8235980299629967,0,1.0,0.99,320.20860100039283,399.52432588022447,0.16666666666666666,0.9054598591714637,0.8788931925047968,0.16666666666666666,0.16666666666666666,strong,medium,80,sparse,5
gamma_strong__noise_medium__T_80__density_sparse__seed_005,oracle_hybrid,0.8434874789827301,0,1.0,0.99,299.4939591009559,384.3267707881142,0.6666666666666666,0.8556817111631011,0.8291150444964345,0.6666666666666666,0.6666666666666666,strong,medium,80,sparse,5
gamma_strong__noise_medium__T_80__density_sparse__seed_005,hybrid,0.842786543659822,0,1.0,0.99,291.78625767048834,376.58583796436676,0.6666666666666666,0.8412558904531805,0.8146892237865139,0.6666666666666666,0.6666666666666666,strong,medium,80,sparse,5
gamma_medium__noise_high__T_300__density_sparse__seed_001,pcmci_dag,0.7006428646876641,0,1.0,0.99,983.4877402463453,1441.1439390105427,0.6666666666666666,0.6451554033098997,0.6600348301591196,0.6666666666666666,0.6666666666666666,medium,high,300,sparse,1
gamma_medium__noise_high__T_300__density_sparse__seed_001,oracle_hybrid,0.7047750912693107,3,1.0,0.99,581.0531987401733,721.1757010716519,0.6666666666666666,0.42168132887306387,0.4612146622063973,0.6666666666666666,0.5,medium,high,300,sparse,1
gamma_medium__noise_high__T_300__density_sparse__seed_001,hybrid,0.7048182167964919,1,1.0,0.99,638.7181997727447,758.5672822166009,0.6666666666666666,0.452155860967141,0.4916891943004744,0.6666666666666666,0.5,medium,high,300,sparse,1
gamma_strong__noise_low__T_156__density_dense__seed_002,pcmci_dag,0.7525906545736526,0,1.01,0.99,826.8497383473459,929.7435185431898,0.16666666666666666,1.2967236789002654,1.0827096544330679,0.16666666666666666,0.16666666666666666,strong,low,156,dense,2
gamma_strong__noise_low__T_156__density_dense__seed_002,oracle_hybrid,0.8266358010400652,3,1.01,0.99,365.33665731768906,430.3084162803733,1.0,0.5225592726716285,0.5596925270246843,1.0,0.6666666666666666,strong,low,156,dense,2
gamma_strong__noise_low__T_156__density_dense__seed_002,hybrid,0.8267488050693534,7,1.01,0.99,401.6803028782994,451.2291478376844,0.6666666666666666,0.6430407451496803,0.5327141990763155,0.6666666666666666,0.8333333333333334,strong,low,156,dense,2
gamma_weak__noise_medium__T_80__density_medium__seed_005,pcmci_dag,0.7384950133605226,0,1.0,0.99,317.21666666666664,379.1532218422169,0.0,0.9422166666666666,0.9238000000000001,0.0,0.0,weak,medium,80,medium,5
gamma_weak__noise_medium__T_80__density_medium__seed_005,oracle_hybrid,0.8450061221825376,0,1.0,0.99,291.89161391862586,379.0810322530494,0.6666666666666666,0.8392182172029324,0.8263015505362659,0.6666666666666666,0.6666666666666666,weak,medium,80,medium,5
gamma_weak__noise_medium__T_80__density_medium__seed_005,hybrid,0.8436520206140377,0,1.0,0.99,326.9797795938836,381.13392332923695,0.8333333333333334,0.9140561284264218,0.9011394617597551,0.8333333333333334,0.8333333333333334,weak,medium,80,medium,5
gamma_strong__noise_high__T_156__density_dense__seed_001,pcmci_dag,0.4738598044382957,0,1.0,0.99,862.4200000000001,910.3764764462375,0.0,1.228,0.9689666666666668,0.0,0.0,strong,high,156,dense,1
gamma_strong__noise_high__T_156__density_dense__seed_001,oracle_hybrid,0.7405376211753075,1,1.0,0.99,453.5053208141233,559.9566700943569,0.8333333333333334,0.6443106795682104,0.7297318796620225,0.8333333333333334,0.5,strong,high,156,dense,1
gamma_strong__noise_high__T_156__density_dense__seed_001,hybrid,0.7402699353854221,0,1.0,0.99,703.3608287695724,955.3413089525963,0.6666666666666666,0.9942018338993691,1.1271076681903855,0.6666666666666666,0.5,strong,high,156,dense,1
gamma_medium__noise_medium__T_300__density_medium__seed_002,pcmci_dag,0.7944428392189952,0,1.01,0.99,2567.6004249674493,4112.824395860583,0.16666666666666666,1.6966364148223068,1.6594530814889732,0.16666666666666666,0.16666666666666666,medium,medium,300,medium,2
gamma_medium__noise_medium__T_300__density_medium__seed_002,oracle_hybrid,0.8164277877757559,4,1.0,0.99,1290.8212216839256,1836.2724436196108,0.5,0.8537919320052495,0.816608598671916,0.5,0.6666666666666666,medium,medium,300,medium,2
gamma_medium__noise_medium__T_300__density_medium__seed_002,hybrid,0.8164908470355466,4,1.01,0.99,1309.7413567951185,1878.6471279276236,0.6666666666666666,0.8704990565253773,0.8333157231920442,0.6666666666666666,0.6666666666666666,medium,medium,300,medium,2
gamma_medium__noise_low__T_80__density_dense__seed_002,pcmci_dag,0.7570328481911546,0,1.0,0.99,351.79405560331,392.93959584250524,0.0,1.0394484849210222,0.975548484921022,0.0,0.0,medium,low,80,dense,2
gamma_medium__noise_low__T_80__density_dense__seed_002,oracle_hybrid,0.8485102572938223,4,1.0,0.99,188.33107614217215,270.5650582927044,0.8333333333333334,0.48325388334476105,0.5734368748331926,0.8333333333333334,0.6666666666666666,medium,low,80,dense,2
gamma_medium__noise_low__T_80__density_dense__seed_002,hybrid,0.8483133985258555,0,1.0,0.99,187.50346707791698,259.5881608353475,0.8333333333333334,0.48464947622209825,0.555261389870643,0.8333333333333334,0.6666666666666666,medium,low,80,dense,2
gamma_medium__noise_high__T_300__density_dense__seed_004,pcmci_dag,0.7063107602255829,0,1.01,0.99,1349.8128865244023,1651.3793675090903,0.16666666666666666,0.9457914313096065,0.9650414313096066,0.16666666666666666,0.16666666666666666,medium,high,300,dense,4
gamma_medium__noise_high__T_300__density_dense__seed_004,oracle_hybrid,0.7259182405084174,1,1.0,0.99,772.2452840094093,813.4374696959559,0.8333333333333334,0.6097724417532456,0.5320224417532455,0.8333333333333334,1.0,medium,high,300,dense,4
gamma_medium__noise_high__T_300__density_dense__seed_004,hybrid,0.7260873235786848,1,1.0,0.99,708.2614213479166,747.5786383368734,0.8333333333333334,0.5776366006958796,0.4998866006958797,0.8333333333333334,1.0,medium,high,300,dense,4
gamma_medium__noise_high__T_300__density_dense__seed_003,pcmci_dag,0.6670752109046991,0,1.0,0.99,1260.994421739464,1413.1173732931898,0.3333333333333333,0.9666479802915476,0.8529979802915476,0.3333333333333333,0.5,medium,high,300,dense,3
gamma_medium__noise_high__T_300__density_dense__seed_003,oracle_hybrid,0.6679141036896267,0,1.0,0.99,690.3682863983871,856.3309776156885,0.8333333333333334,0.5559784993233102,0.4423284993233101,0.8333333333333334,0.6666666666666666,medium,high,300,dense,3
gamma_medium__noise_high__T_300__density_dense__seed_003,hybrid,0.6680553883697261,0,1.0,0.99,875.2571234359579,993.2800430555075,0.6666666666666666,0.7038818408943599,0.59023184089436,0.6666666666666666,0.8333333333333334,medium,high,300,dense,3
gamma_weak__noise_low__T_300__density_sparse__seed_005,pcmci_dag,0.88606498482485,0,1.0,0.99,1630.445079552467,2054.5880567193954,0.16666666666666666,1.0607125045049728,1.0447291711716395,0.16666666666666666,0.16666666666666666,weak,low,300,sparse,5
gamma_weak__noise_low__T_300__density_sparse__seed_005,oracle_hybrid,0.8916021229995863,1,1.01,0.99,488.5337839017231,539.3129766947914,0.6666666666666666,0.36340710419039496,0.35692377085706156,0.6666666666666666,0.6666666666666666,weak,low,300,sparse,5
gamma_weak__noise_low__T_300__density_sparse__seed_005,hybrid,0.8920101868134293,1,1.01,0.99,732.9363286227541,1019.8237941812768,0.6666666666666666,0.5008570407225706,0.4943737073892373,0.6666666666666666,0.6666666666666666,weak,low,300,sparse,5
gamma_weak__noise_high__T_300__density_sparse__seed_004,pcmci_dag,0.7083411260146543,0,1.01,0.99,1277.5102052738496,1740.668606264492,0.3333333333333333,0.8992902514739659,0.9114402514739659,0.3333333333333333,0.3333333333333333,weak,high,300,sparse,4
gamma_weak__noise_high__T_300__density_sparse__seed_004,oracle_hybrid,0.7238674942195541,1,1.0,0.99,684.3927035654109,772.0724261717722,0.6666666666666666,0.5656763136089106,0.5535263136089106,0.6666666666666666,0.6666666666666666,weak,high,300,sparse,4
gamma_weak__noise_high__T_300__density_sparse__seed_004,hybrid,0.7257339776341325,0,1.0,0.99,722.3396496037958,793.4829095960736,0.6666666666666666,0.5843248615698671,0.572174861569867,0.6666666666666666,0.8333333333333334,weak,high,300,sparse,4
gamma_medium__noise_low__T_156__density_sparse__seed_001,pcmci_dag,0.8261867664505638,0,1.01,0.99,424.66777635697855,519.9194857213821,0.6666666666666666,0.6222791761570823,0.6442458428237489,0.6666666666666666,0.6666666666666666,medium,low,156,sparse,1
gamma_medium__noise_low__T_156__density_sparse__seed_001,oracle_hybrid,0.8895342433419826,5,1.0,0.99,250.89712603751414,275.6401663592415,0.6666666666666666,0.36373517549948947,0.3417685088328229,0.6666666666666666,0.5,medium,low,156,sparse,1
gamma_medium__noise_low__T_156__density_sparse__seed_001,hybrid,0.8904021277785724,5,1.0,0.99,476.97921951231734,713.3515042638373,0.5,0.6884759138596679,0.6665092471930013,0.5,0.5,medium,low,156,sparse,1
gamma_strong__noise_high__T_80__density_sparse__seed_002,pcmci_dag,0.584746127841949,0,1.0,0.99,330.45366142108963,387.36086571356554,0.16666666666666666,0.9826245198482417,0.9189411865149083,0.16666666666666666,0.16666666666666666,strong,high,80,sparse,2
gamma_strong__noise_high__T_80__density_sparse__seed_002,oracle_hybrid,0.6705989564935122,1,1.0,0.99,179.3102340874822,263.57800635654803,0.8333333333333334,0.4874431994532202,0.5511265327865534,0.8333333333333334,0.8333333333333334,strong,high,80,sparse,2
gamma_strong__noise_high__T_80__density_sparse__seed_002,hybrid,0.6733518447498543,0,1.0,0.99,193.21683336324122,261.7752648010235,0.8333333333333334,0.536675190172054,0.6003585235053874,0.8333333333333334,0.8333333333333334,strong,high,80,sparse,2
gamma_medium__noise_low__T_300__density_sparse__seed_005,pcmci_dag,0.8893846618354674,0,1.0,0.99,928.5284788413295,1220.74023313962,0.5,0.6365605178458299,0.5869271845124966,0.5,0.6666666666666666,medium,low,300,sparse,5
gamma_medium__noise_low__T_300__density_sparse__seed_005,oracle_hybrid,0.8920660154586308,1,1.01,0.99,437.3175050271314,499.4771089552197,0.6666666666666666,0.33622283779096823,0.32115617112430156,0.6666666666666666,0.6666666666666666,medium,low,300,sparse,5
gamma_medium__noise_low__T_300__density_sparse__seed_005,hybrid,0.8918647089482187,3,1.0,0.99,670.7659339966622,966.2247674708364,0.6666666666666666,0.4706985890100979,0.45563192234343114,0.6666666666666666,0.8333333333333334,medium,low,300,sparse,5
gamma_medium__noise_medium__T_300__density_sparse__seed_005,pcmci_dag,0.816757402692461,0,1.01,0.99,1633.521911723126,2001.554982343726,0.3333333333333333,1.0706998433584498,1.0210665100251164,0.3333333333333333,0.3333333333333333,medium,medium,300,sparse,5
gamma_medium__noise_medium__T_300__density_sparse__seed_005,oracle_hybrid,0.8223511240654849,1,1.0,0.99,626.2167772960673,700.0040587606743,0.6666666666666666,0.4565910244654155,0.4415243577987488,0.6666666666666666,0.6666666666666666,medium,medium,300,sparse,5
gamma_medium__noise_medium__T_300__density_sparse__seed_005,hybrid,0.8218595408790287,0,1.0,0.99,967.251757761586,1200.6525492101139,0.6666666666666666,0.6760609860195935,0.6609943193529267,0.6666666666666666,0.6666666666666666,medium,medium,300,sparse,5
gamma_weak__noise_medium__T_80__density_dense__seed_003,pcmci_dag,0.6921043224672631,0,1.0,0.99,627.7006381014778,961.8995364586557,0.16666666666666666,1.9093468340532975,1.849330167386631,0.16666666666666666,0.16666666666666666,weak,medium,80,dense,3
gamma_weak__noise_medium__T_80__density_dense__seed_003,oracle_hybrid,0.808899296033406,0,1.0,0.99,281.0211753378972,306.24637604632704,1.0,0.8411814883399615,0.7870314883399616,1.0,1.0,weak,medium,80,dense,3
gamma_weak__noise_medium__T_80__density_dense__seed_003,hybrid,0.8079966528856745,1,1.0,0.99,350.2258878007685,456.721902543357,1.0,0.9628382300487027,0.9086882300487026,1.0,1.0,weak,medium,80,dense,3
gamma_medium__noise_low__T_80__density_sparse__seed_002,pcmci_dag,0.607687238841108,0,1.0,0.99,280.40833333333336,332.35960467040314,0.16666666666666666,0.8138666666666667,0.7818999999999999,0.16666666666666666,0.16666666666666666,medium,low,80,sparse,2
gamma_medium__noise_low__T_80__density_sparse__seed_002,oracle_hybrid,0.8477890865503318,4,1.0,0.99,177.58503619796446,259.1617060895001,0.8333333333333334,0.461192280817673,0.49315894748433964,0.8333333333333334,0.8333333333333334,medium,low,80,sparse,2
gamma_medium__noise_low__T_80__density_sparse__seed_002,hybrid,0.8480681566580033,1,1.01,0.99,184.33137633564297,258.13224592474853,0.8333333333333334,0.4813337160597992,0.5133003827264658,0.8333333333333334,0.8333333333333334,medium,low,80,sparse,2
gamma_weak__noise_low__T_80__density_medium__seed_005,pcmci_dag,0.8843358111591706,0,1.01,0.99,272.209312653885,331.84703621741284,0.16666666666666666,0.7762697316215471,0.7762530649548803,0.16666666666666666,0.16666666666666666,weak,low,80,medium,5
gamma_weak__noise_low__T_80__density_medium__seed_005,oracle_hybrid,0.9015864744148226,0,1.0,0.99,252.2283005698403,317.4409476755149,0.6666666666666666,0.7378652510241803,0.7249485843575135,0.6666666666666666,0.6666666666666666,weak,low,80,medium,5
gamma_weak__noise_low__T_80__density_medium__seed_005,hybrid,0.9011065173710988,0,1.0,0.99,304.97791722967844,352.68773580701173,0.6666666666666666,0.8505721313042054,0.8376554646375389,0.6666666666666666,0.6666666666666666,weak,low,80,medium,5
gamma_strong__noise_low__T_300__density_sparse__seed_003,pcmci_dag,0.8681303668148335,0,1.0,0.99,912.4138416372635,1104.3985298313696,0.5,0.729424673905409,0.6044413405720755,0.5,0.5,strong,low,300,sparse,3
gamma_strong__noise_low__T_300__density_sparse__seed_003,oracle_hybrid,0.8691570607951731,9,1.0,0.99,486.31911646582057,564.5626332119283,0.5,0.40597496036099395,0.2932262000644748,0.5,0.6666666666666666,strong,low,300,sparse,3
gamma_strong__noise_low__T_300__density_sparse__seed_003,hybrid,0.8693617384421756,1,1.0,0.99,599.4561616522225,707.362141895361,0.5,0.49738116540846605,0.4078458659618189,0.5,0.5,strong,low,300,sparse,3
gamma_strong__noise_low__T_80__density_sparse__seed_001,pcmci_dag,0.802047813358103,0,1.0,0.99,215.0887080312848,256.0841134013277,0.16666666666666666,0.5499481458566463,0.5609481458566462,0.16666666666666666,0.16666666666666666,strong,low,80,sparse,1
gamma_strong__noise_low__T_80__density_sparse__seed_001,oracle_hybrid,0.8447951232809299,1,1.0,0.99,159.0549924489965,187.01488188443446,0.6666666666666666,0.3982745921303937,0.4345745921303936,0.6666666666666666,0.3333333333333333,strong,low,80,sparse,1
gamma_strong__noise_low__T_80__density_sparse__seed_001,hybrid,0.8449940955704207,1,1.0,0.99,179.79517329461768,226.73734999834122,0.6666666666666666,0.4535411131826728,0.4898411131826728,0.6666666666666666,0.6666666666666666,strong,low,80,sparse,1
gamma_weak__noise_high__T_300__density_dense__seed_004,pcmci_dag,0.7079598859583678,0,1.0,0.99,1315.5614120387947,1722.1220951322082,0.16666666666666666,0.9281969974293913,0.9411969974293913,0.16666666666666666,0.16666666666666666,weak,high,300,dense,4
gamma_weak__noise_high__T_300__density_dense__seed_004,oracle_hybrid,0.7260712790161526,0,1.0,0.99,578.7074842045748,674.7219771341456,0.8333333333333334,0.49157765965679623,0.45751099299012954,0.8333333333333334,0.8333333333333334,weak,high,300,dense,4
gamma_weak__noise_high__T_300__density_dense__seed_004,hybrid,0.7258657941125933,0,1.0,0.99,623.1584703725572,734.7928760919447,0.8333333333333334,0.5363371839383569,0.5022705172716903,0.8333333333333334,1.0,weak,high,300,dense,4
gamma_medium__noise_medium__T_156__density_dense__seed_002,pcmci_dag,0.7119979934498631,0,1.03,0.99,779.0075825169966,926.830583424522,0.16666666666666666,1.232919898564389,1.0882967681022777,0.16666666666666666,0.16666666666666666,medium,medium,156,dense,2
gamma_medium__noise_medium__T_156__density_dense__seed_002,oracle_hybrid,0.7455368327752698,1,1.01,0.99,263.13673038412077,291.48426859347063,1.0,0.4235055857834597,0.3314555857834598,1.0,1.0,medium,medium,156,dense,2
gamma_medium__noise_medium__T_156__density_dense__seed_002,hybrid,0.7444266757995118,1,1.0,0.99,264.77678734266095,301.76677918135744,0.8333333333333334,0.4570210543680738,0.33525151020193517,0.8333333333333334,1.0,medium,medium,156,dense,2
gamma_weak__noise_medium__T_300__density_medium__seed_005,pcmci_dag,0.8176193572418984,0,1.02,0.99,1616.538957506633,2018.8215964789415,0.3333333333333333,1.0554581460769308,1.0514748127435976,0.3333333333333333,0.3333333333333333,weak,medium,300,medium,5
gamma_weak__noise_medium__T_300__density_medium__seed_005,oracle_hybrid,0.8230259309128365,2,1.0,0.99,677.5614271707118,766.3254171826679,0.8333333333333334,0.4897173160070136,0.4725006493403469,0.8333333333333334,0.8333333333333334,weak,medium,300,medium,5
gamma_weak__noise_medium__T_300__density_medium__seed_005,hybrid,0.8228147799762112,0,1.0,0.99,946.9265974883755,1199.8124617369647,0.6666666666666666,0.656601566049871,0.6393848993832042,0.6666666666666666,0.6666666666666666,weak,medium,300,medium,5
gamma_strong__noise_medium__T_80__density_sparse__seed_003,pcmci_dag,0.5017288765037254,0,1.0,0.99,364.0900000000001,424.5346984248363,0.16666666666666666,1.3592333333333333,1.25005,0.16666666666666666,0.16666666666666666,strong,medium,80,sparse,3
gamma_strong__noise_medium__T_80__density_sparse__seed_003,oracle_hybrid,0.8081382600991975,0,1.01,0.99,396.92311983394166,486.41002024140147,0.6666666666666666,1.1468792747553784,1.0877292747553786,0.6666666666666666,0.6666666666666666,strong,medium,80,sparse,3
gamma_strong__noise_medium__T_80__density_sparse__seed_003,hybrid,0.8098118222690595,0,1.0,0.99,374.31968976012837,478.14392375820887,0.8333333333333334,1.0446097755738861,0.9854597755738862,0.8333333333333334,0.6666666666666666,strong,medium,80,sparse,3
gamma_medium__noise_medium__T_80__density_sparse__seed_004,pcmci_dag,0.753514472585153,0,1.0,0.99,333.4802197654166,478.852519240496,0.5,0.9178450106563992,0.9101450106563994,0.5,0.5,medium,medium,80,sparse,4
gamma_medium__noise_medium__T_80__density_sparse__seed_004,oracle_hybrid,0.7657742120403276,0,1.0,0.99,230.5053865443041,273.45718067778853,0.8333333333333334,0.6417601391975087,0.6340601391975088,0.8333333333333334,0.8333333333333334,medium,medium,80,sparse,4
gamma_medium__noise_medium__T_80__density_sparse__seed_004,hybrid,0.7672409755107567,0,1.0,0.99,245.26700887061523,289.5900623939414,0.8333333333333334,0.6859786358805238,0.6782786358805238,0.8333333333333334,0.8333333333333334,medium,medium,80,sparse,4
gamma_weak__noise_low__T_156__density_medium__seed_005,pcmci_dag,0.8117481146267094,0,1.0,0.99,595.5023907531378,942.1448119800133,0.6666666666666666,0.7491791285489109,0.7243624618822442,0.6666666666666666,0.6666666666666666,weak,low,156,medium,5
gamma_weak__noise_low__T_156__density_medium__seed_005,oracle_hybrid,0.8319911461907094,1,1.01,0.99,268.84693007579585,317.9135945627096,0.5,0.39572507067618495,0.3717750706761849,0.5,0.6666666666666666,weak,low,156,medium,5
gamma_weak__noise_low__T_156__density_medium__seed_005,hybrid,0.8315564164187174,0,1.01,0.99,503.21286925909453,675.0646927656522,0.6666666666666666,0.645771988076789,0.621821988076789,0.6666666666666666,0.6666666666666666,weak,low,156,medium,5
gamma_weak__noise_low__T_300__density_dense__seed_005,pcmci_dag,0.8899885904534576,0,1.0,0.99,609.1167088556984,834.1567740340444,0.5,0.4528972110733888,0.4374509837473634,0.5,0.6666666666666666,weak,low,300,dense,5
gamma_weak__noise_low__T_300__density_dense__seed_005,oracle_hybrid,0.8920826322729006,1,1.01,0.99,481.17636261234264,531.0384693448019,0.8333333333333334,0.36052769814712615,0.3358110314804595,0.8333333333333334,0.8333333333333334,weak,low,300,dense,5
gamma_weak__noise_low__T_300__density_dense__seed_005,hybrid,0.891797177747586,2,1.01,0.99,395.04403810360964,440.60787758264485,0.8333333333333334,0.2952612840090233,0.2705446173423567,0.8333333333333334,0.8333333333333334,weak,low,300,dense,5
gamma_weak__noise_low__T_156__density_medium__seed_004,pcmci_dag,0.8397588185454201,0,1.0,0.99,454.08524582341425,570.0185434989024,0.6666666666666666,0.6103548965467469,0.6093548965467469,0.6666666666666666,0.6666666666666666,weak,low,156,medium,4
gamma_weak__noise_low__T_156__density_medium__seed_004,oracle_hybrid,0.8752692103033661,6,1.01,0.99,281.41849047256636,355.1196552359704,1.0,0.3490360381675465,0.3667360381675466,1.0,0.8333333333333334,weak,low,156,medium,4
gamma_weak__noise_low__T_156__density_medium__seed_004,hybrid,0.8758395103005637,7,1.01,0.99,280.23408182319264,362.6710017512367,1.0,0.34372072344022336,0.36142072344022336,1.0,1.0,weak,low,156,medium,4
gamma_weak__noise_low__T_80__density_medium__seed_002,pcmci_dag,0.6006885613730849,0,1.0,0.99,278.7916666666667,332.5251894468548,0.0,0.8089000000000001,0.7923833333333334,0.0,0.0,weak,low,80,medium,2
gamma_weak__noise_low__T_80__density_medium__seed_002,oracle_hybrid,0.8494249598210378,2,1.0,0.99,217.62829370944863,323.99521247342363,0.8333333333333334,0.5498198535650195,0.5545698535650195,0.8333333333333334,0.8333333333333334,weak,low,80,medium,2
gamma_weak__noise_low__T_80__density_medium__seed_002,hybrid,0.848760732223604,4,1.0,0.99,203.03907226880494,295.814983393826,1.0,0.5165436855656907,0.5285270188990241,1.0,1.0,weak,low,80,medium,2
gamma_strong__noise_medium__T_156__density_dense__seed_003,pcmci_dag,0.7493766300429783,0,1.0,0.99,1063.4560824875498,1270.5724443742995,0.3333333333333333,1.7667762870966983,1.612342953763365,0.3333333333333333,0.0,strong,medium,156,dense,3
gamma_strong__noise_medium__T_156__density_dense__seed_003,oracle_hybrid,0.8144557769287417,1,1.01,0.99,179.05135840279226,230.6407535380051,1.0,0.27498309485160016,0.6123306183345785,1.0,0.8333333333333334,strong,medium,156,dense,3
gamma_strong__noise_medium__T_156__density_dense__seed_003,hybrid,0.8150214813166718,0,1.0,0.99,179.93171798883267,226.92325248177136,1.0,0.33264572852429836,0.38076261889925095,1.0,1.0,strong,medium,156,dense,3
gamma_strong__noise_high__T_80__density_dense__seed_001,pcmci_dag,0.6424936937311331,0,1.01,0.99,370.2923048698358,494.1446776129104,0.16666666666666666,0.8736682737132041,0.883084940379871,0.16666666666666666,0.16666666666666666,strong,high,80,dense,1
gamma_strong__noise_high__T_80__density_dense__seed_001,oracle_hybrid,0.6589658645214777,0,1.0,0.99,197.84390415473115,276.9718624701684,0.8333333333333334,0.5046353201602992,0.6007186534936326,0.8333333333333334,0.8333333333333334,strong,high,80,dense,1
gamma_strong__noise_high__T_80__density_dense__seed_001,hybrid,0.658898593684106,0,1.0,0.99,175.28977790714805,241.93549062417438,0.8333333333333334,0.44488779528967903,0.535929374478247,0.8333333333333334,0.8333333333333334,strong,high,80,dense,1
gamma_strong__noise_low__T_300__density_sparse__seed_005,pcmci_dag,0.8897753071923301,0,1.0,0.99,837.4087574829888,1126.0644511340208,0.5,0.5492973238220559,0.5236856140275724,0.5,0.6666666666666666,strong,low,300,sparse,5
gamma_strong__noise_low__T_300__density_sparse__seed_005,oracle_hybrid,0.8912923151903008,0,1.0,0.99,417.84673481332146,469.69850967461406,0.6666666666666666,0.31855462590445577,0.2982046259044558,0.6666666666666666,0.5,strong,low,300,sparse,5
gamma_strong__noise_low__T_300__density_sparse__seed_005,hybrid,0.8909962214211953,4,1.0,0.99,759.7345899115647,1012.8124866615882,0.6666666666666666,0.5333455119106221,0.5129955119106221,0.6666666666666666,0.8333333333333334,strong,low,300,sparse,5
gamma_medium__noise_low__T_300__density_sparse__seed_004,pcmci_dag,0.8784371481859733,0,1.0,0.99,1667.7235937562345,2091.604826078015,0.16666666666666666,1.2312664560536437,1.1748831227203103,0.16666666666666666,0.16666666666666666,medium,low,300,sparse,4
gamma_medium__noise_low__T_300__density_sparse__seed_004,oracle_hybrid,0.8968509910547724,2,1.01,0.99,423.6090493056449,470.2958258421202,0.6666666666666666,0.35771743676319856,0.3013341034298652,0.6666666666666666,0.6666666666666666,medium,low,300,sparse,4
gamma_medium__noise_low__T_300__density_sparse__seed_004,hybrid,0.8966226789123926,0,1.0,0.99,396.77517989612187,450.92846338227247,0.6666666666666666,0.3416107661066281,0.28522743277329476,0.6666666666666666,0.6666666666666666,medium,low,300,sparse,4
gamma_strong__noise_low__T_300__density_medium__seed_001,pcmci_dag,0.8868615147106713,1,1.0,0.99,1000.6667734161487,1444.569792128403,0.5,0.637144515877298,0.6025433833235024,0.5,0.3333333333333333,strong,low,300,medium,1
gamma_strong__noise_low__T_300__density_medium__seed_001,oracle_hybrid,0.8874659121440216,7,1.0,0.99,756.5824160218735,1052.7269242025977,0.5,0.482860107651307,0.48264207780544405,0.5,0.6666666666666666,strong,low,300,medium,1
gamma_strong__noise_low__T_300__density_medium__seed_001,hybrid,0.8878282754348537,5,1.0,0.99,744.5676127662279,1026.7179094672615,0.6666666666666666,0.477150285647349,0.4810329977892908,0.6666666666666666,0.6666666666666666,strong,low,300,medium,1
gamma_strong__noise_high__T_156__density_dense__seed_005,pcmci_dag,0.5794718612451423,0,1.0,0.99,912.061128715227,1133.032145247723,0.16666666666666666,1.1819584834425085,1.128791816775842,0.16666666666666666,0.16666666666666666,strong,high,156,dense,5
gamma_strong__noise_high__T_156__density_dense__seed_005,oracle_hybrid,0.5852947516786849,0,1.0,0.99,335.27640678585635,440.2419742372252,0.8333333333333334,0.47300026176144033,0.45538608207892123,0.8333333333333334,0.8333333333333334,strong,high,156,dense,5
gamma_strong__noise_high__T_156__density_dense__seed_005,hybrid,0.5853506256071971,0,1.0,0.99,641.949804881202,783.8870973187144,0.8333333333333334,0.8416206625179808,0.7884539958513143,0.8333333333333334,0.8333333333333334,strong,high,156,dense,5
gamma_medium__noise_medium__T_80__density_dense__seed_004,pcmci_dag,0.7659414971903301,0,1.0,0.99,443.47961216935795,655.4568652444204,0.16666666666666666,1.1748846204474759,1.093417953780809,0.16666666666666666,0.16666666666666666,medium,medium,80,dense,4
gamma_medium__noise_medium__T_80__density_dense__seed_004,oracle_hybrid,0.7680999446085663,2,1.0,0.99,263.2153038872534,314.14316204085054,1.0,0.7329391292236718,0.7058724625570051,1.0,0.8333333333333334,medium,medium,80,dense,4
gamma_medium__noise_medium__T_80__density_dense__seed_004,hybrid,0.7681115583481638,0,1.0,0.99,232.4585856634677,253.5007286601559,1.0,0.652209972665282,0.6251433059986152,1.0,1.0,medium,medium,80,dense,4
gamma_strong__noise_low__T_156__density_medium__seed_005,pcmci_dag,0.8227389426932861,3,1.0,0.99,502.25117654878653,769.3335299698529,0.5,0.6311391397060524,0.5867058063727191,0.5,0.5,strong,low,156,medium,5
gamma_strong__noise_low__T_156__density_medium__seed_005,oracle_hybrid,0.8293352097239549,3,1.0,0.99,316.7126896259659,375.7808724351635,0.5,0.4300095256616549,0.38557619232832163,0.5,0.8333333333333334,strong,low,156,medium,5
gamma_strong__noise_low__T_156__density_medium__seed_005,hybrid,0.8298781633112908,0,1.0,0.99,338.10983051825696,398.859365362535,0.8333333333333334,0.45597735130648626,0.4115440179731529,0.8333333333333334,0.8333333333333334,strong,low,156,medium,5
gamma_strong__noise_low__T_156__density_medium__seed_001,pcmci_dag,0.849914465342061,0,1.01,0.99,707.420076495151,989.1370925876605,0.6666666666666666,0.8700921626942172,0.829242162694217,0.6666666666666666,0.5,strong,low,156,medium,1
gamma_strong__noise_low__T_156__density_medium__seed_001,oracle_hybrid,0.890548236047335,0,1.0,0.99,351.7088817023285,395.0616786713374,0.3333333333333333,0.47429253217601586,0.49744253217601586,0.3333333333333333,0.5,strong,low,156,medium,1
gamma_strong__noise_low__T_156__density_medium__seed_001,hybrid,0.8906423701653856,3,1.0,0.99,614.1279481408766,774.7560601104423,0.5,0.8452770187105282,0.8684270187105282,0.5,0.3333333333333333,strong,low,156,medium,1
gamma_weak__noise_low__T_156__density_sparse__seed_005,pcmci_dag,0.8126523893258594,1,1.01,0.99,494.48911012724494,706.4247479870351,0.6666666666666666,0.6512481912606471,0.6330815245939806,0.6666666666666666,0.6666666666666666,weak,low,156,sparse,5
gamma_weak__noise_low__T_156__density_sparse__seed_005,oracle_hybrid,0.8336776389964946,0,1.01,0.99,284.75158982446334,330.9337689945528,0.5,0.4202373786825469,0.40207071201588035,0.5,0.5,weak,low,156,sparse,5
gamma_weak__noise_low__T_156__density_sparse__seed_005,hybrid,0.8325933983268131,1,1.01,0.99,463.85051650731697,622.2330618141345,0.5,0.598194409864842,0.5815916877842539,0.5,0.5,weak,low,156,sparse,5
gamma_medium__noise_low__T_156__density_medium__seed_004,pcmci_dag,0.8517939370822363,0,1.01,0.99,619.3072984928586,914.6986362060859,0.5,0.7662374576425487,0.7853374576425488,0.5,0.3333333333333333,medium,low,156,medium,4
gamma_medium__noise_low__T_156__density_medium__seed_004,oracle_hybrid,0.8768263803439449,4,1.0,0.99,300.9927012763497,396.8098167933232,0.8333333333333334,0.3665794297967351,0.42277942979673505,0.8333333333333334,0.8333333333333334,medium,low,156,medium,4
gamma_medium__noise_low__T_156__density_medium__seed_004,hybrid,0.87731661309626,4,1.01,0.99,313.9157987470712,412.7476529946093,0.8333333333333334,0.3829812447756194,0.4391812447756194,0.8333333333333334,0.8333333333333334,medium,low,156,medium,4
gamma_weak__noise_high__T_80__density_medium__seed_003,pcmci_dag,0.4251498292060601,0,1.01,0.99,375.205,447.4537177742521,0.0,1.40585,1.3583833333333333,0.0,0.0,weak,high,80,medium,3
gamma_weak__noise_high__T_80__density_medium__seed_003,oracle_hybrid,0.6967920514723804,0,1.0,0.99,343.87408739934136,381.6299186971389,0.6666666666666666,1.0072428833031184,0.9665428833031182,0.6666666666666666,0.8333333333333334,weak,high,80,medium,3
gamma_weak__noise_high__T_80__density_medium__seed_003,hybrid,0.6976473118301929,0,1.0,0.99,500.6221255063858,684.2503943497686,0.8333333333333334,1.3545951333717892,1.3689951333717894,0.8333333333333334,0.8333333333333334,weak,high,80,medium,3
gamma_medium__noise_low__T_300__density_dense__seed_003,pcmci_dag,0.8715965910429441,0,1.01,0.99,1317.193453294285,1519.8692407989788,0.16666666666666666,0.9759598181018659,0.8623098181018659,0.16666666666666666,0.0,medium,low,300,dense,3
gamma_medium__noise_low__T_300__density_dense__seed_003,oracle_hybrid,0.8730261582116572,0,1.0,0.99,610.9774694204252,707.0176255359027,0.6666666666666666,0.47445330693838333,0.36080330693838336,0.6666666666666666,0.6666666666666666,medium,low,300,dense,3
gamma_medium__noise_low__T_300__density_dense__seed_003,hybrid,0.873199391686324,1,1.01,0.99,952.9808183024467,1111.8102047137452,0.3333333333333333,0.718674435921045,0.6050244359210449,0.3333333333333333,0.3333333333333333,medium,low,300,dense,3
gamma_medium__noise_low__T_80__density_dense__seed_005,pcmci_dag,0.8886926063138824,0,1.0,0.99,424.07947295532176,532.2183097146996,0.0,1.178903452058135,1.084253452058135,0.0,0.0,medium,low,80,dense,5
gamma_medium__noise_low__T_80__density_dense__seed_005,oracle_hybrid,0.9036829439541829,1,1.0,0.99,234.01904317317545,296.8219313030533,0.6666666666666666,0.6809479064609286,0.6350979064609288,0.6666666666666666,0.6666666666666666,medium,low,80,dense,5
gamma_medium__noise_low__T_80__density_dense__seed_005,hybrid,0.9020547549955577,0,1.0,0.99,250.97583205764747,286.8451080002184,0.6666666666666666,0.7206779854179975,0.6748279854179972,0.6666666666666666,0.8333333333333334,medium,low,80,dense,5
gamma_medium__noise_high__T_300__density_medium__seed_002,pcmci_dag,0.625801378166735,0,1.0,0.99,1740.3516666666667,2008.8696479737057,0.0,1.3021999999999998,1.2290833333333333,0.0,0.0,medium,high,300,medium,2
gamma_medium__noise_high__T_300__density_medium__seed_002,oracle_hybrid,0.7045753695202092,0,1.0,0.99,1363.767899621135,1813.154134874011,0.6666666666666666,0.9129303191264779,0.8757469857931447,0.6666666666666666,0.8333333333333334,medium,high,300,medium,2
gamma_medium__noise_high__T_300__density_medium__seed_002,hybrid,0.7034808382226204,1,1.01,0.99,1399.042658290475,1843.3668757399403,0.6666666666666666,0.9422063266664283,0.9050229933330952,0.6666666666666666,0.8333333333333334,medium,high,300,medium,2
gamma_weak__noise_low__T_300__density_medium__seed_004,pcmci_dag,0.8677455142486464,0,1.0,0.99,1269.1212929719875,1731.8800295531983,0.16666666666666666,0.8896626640048627,0.8907373359951373,0.16666666666666666,0.16666666666666666,weak,low,300,medium,4
gamma_weak__noise_low__T_300__density_medium__seed_004,oracle_hybrid,0.897067641038465,15,1.01,0.99,395.85927267540654,447.73699975610873,0.8333333333333334,0.3367023046087076,0.3077356379420409,0.8333333333333334,0.8333333333333334,weak,low,300,medium,4
gamma_weak__noise_low__T_300__density_medium__seed_004,hybrid,0.8971729136726451,4,1.01,0.99,464.4870340324516,508.4318058431858,0.6666666666666666,0.392253748056429,0.36328708138976235,0.6666666666666666,0.8333333333333334,weak,low,300,medium,4
gamma_medium__noise_low__T_80__density_medium__seed_002,pcmci_dag,0.761929839543799,0,1.0,0.99,334.2093488829107,391.02272458891554,0.0,0.9924762421542382,0.9734595754875714,0.0,0.0,medium,low,80,medium,2
gamma_medium__noise_low__T_80__density_medium__seed_002,oracle_hybrid,0.8469763666181889,0,1.0,0.99,191.4679121049468,284.52555822625885,0.8333333333333334,0.48154912603203953,0.5225814460052388,0.8333333333333334,0.8333333333333334,medium,low,80,medium,2
gamma_medium__noise_low__T_80__density_medium__seed_002,hybrid,0.8468876736005713,1,1.0,0.99,179.47933587592198,261.77157208767323,1.0,0.45556642383525164,0.5013650235523789,1.0,0.8333333333333334,medium,low,80,medium,2
gamma_strong__noise_low__T_156__density_dense__seed_001,pcmci_dag,0.5983197612483675,0,1.0,0.99,862.4200000000001,910.3764764462375,0.0,1.228,0.9689666666666668,0.0,0.0,strong,low,156,dense,1
gamma_strong__noise_low__T_156__density_dense__seed_001,oracle_hybrid,0.8898413571558751,3,1.0,0.99,271.1613539594841,325.274905331529,0.6666666666666666,0.39532339257381915,0.46542284414908,0.6666666666666666,0.5,strong,low,156,dense,1
gamma_strong__noise_low__T_156__density_dense__seed_001,hybrid,0.8901276765401167,4,1.0,0.99,460.7689520741958,641.7613899688963,0.8333333333333334,0.6627705800154978,0.7530800673872887,0.8333333333333334,0.3333333333333333,strong,low,156,dense,1
gamma_strong__noise_medium__T_156__density_medium__seed_005,pcmci_dag,0.7219384396205869,0,1.0,0.99,496.3468063934918,775.8979552633701,0.6666666666666666,0.622576743379597,0.5781434100462636,0.6666666666666666,0.6666666666666666,strong,medium,156,medium,5
gamma_strong__noise_medium__T_156__density_medium__seed_005,oracle_hybrid,0.7288954788722968,3,1.0,0.99,368.5094515339833,441.86526618378343,0.6666666666666666,0.4984562685925753,0.45402293525924203,0.6666666666666666,0.8333333333333334,strong,medium,156,medium,5
gamma_strong__noise_medium__T_156__density_medium__seed_005,hybrid,0.7279608418252015,1,1.0,0.99,360.10390997618975,423.6255248055264,0.8333333333333334,0.49043088382226824,0.4459975504889349,0.8333333333333334,0.8333333333333334,strong,medium,156,medium,5
gamma_weak__noise_medium__T_156__density_medium__seed_004,pcmci_dag,0.7689204639822224,0,1.01,0.99,447.5216505221674,550.2250412918198,0.6666666666666666,0.6116818233580673,0.6106818233580672,0.6666666666666666,0.6666666666666666,weak,medium,156,medium,4
gamma_weak__noise_medium__T_156__density_medium__seed_004,oracle_hybrid,0.7991763744456707,2,1.0,0.99,242.7230896438714,282.97095962526686,0.8333333333333334,0.31013254777238225,0.3278325477723823,0.8333333333333334,0.8333333333333334,weak,medium,156,medium,4
gamma_weak__noise_medium__T_156__density_medium__seed_004,hybrid,0.7997164083248008,2,1.0,0.99,221.63803326597755,262.5960414455985,1.0,0.2847171982248144,0.30241719822481444,1.0,1.0,weak,medium,156,medium,4
gamma_strong__noise_high__T_80__density_dense__seed_002,pcmci_dag,0.568341639695612,0,1.0,0.99,360.64189882744876,382.8895471511645,0.0,1.0573646126629288,0.910397945996262,0.0,0.0,strong,high,80,dense,2
gamma_strong__noise_high__T_80__density_dense__seed_002,oracle_hybrid,0.6786360173653717,0,1.0,0.99,237.79594310246748,327.2444812915399,0.8333333333333334,0.6314472481757504,0.8408805815090837,0.8333333333333334,0.8333333333333334,strong,high,80,dense,2
gamma_strong__noise_high__T_80__density_dense__seed_002,hybrid,0.6813902149856099,0,1.0,0.99,253.79667605966645,342.35989121967043,0.8333333333333334,0.6738460557904585,0.8832793891237918,0.8333333333333334,0.8333333333333334,strong,high,80,dense,2
gamma_weak__noise_low__T_80__density_sparse__seed_005,pcmci_dag,0.885694100926519,0,1.01,0.99,268.00356286090926,330.0461679076081,0.3333333333333333,0.7623478013506625,0.7691144680173293,0.3333333333333333,0.3333333333333333,weak,low,80,sparse,5
gamma_weak__noise_low__T_80__density_sparse__seed_005,oracle_hybrid,0.9011578196772534,1,1.0,0.99,247.90692530067994,303.5903931961759,0.6666666666666666,0.7307386220805832,0.7239719554139162,0.6666666666666666,0.6666666666666666,weak,low,80,sparse,5
gamma_weak__noise_low__T_80__density_sparse__seed_005,hybrid,0.9004336178831751,0,1.0,0.99,239.94078236141868,303.5888272778499,0.6666666666666666,0.7089343506403466,0.70216768397368,0.6666666666666666,0.6666666666666666,weak,low,80,sparse,5
gamma_strong__noise_high__T_80__density_medium__seed_004,pcmci_dag,0.6406400386960045,0,1.01,0.99,355.0514168859216,501.73068914492893,0.5,0.9797441780252267,0.9346275113585601,0.5,0.5,strong,high,80,medium,4
gamma_strong__noise_high__T_80__density_medium__seed_004,oracle_hybrid,0.6368914580195734,0,1.0,0.99,246.4913717436402,307.00409511573514,1.0,0.6893100061475059,0.663967917157668,1.0,1.0,strong,high,80,medium,4
gamma_strong__noise_high__T_80__density_medium__seed_004,hybrid,0.6394475302363917,0,1.01,0.99,269.29173276673606,317.1310039860363,0.8333333333333334,0.771613986536503,0.7264973198698362,0.8333333333333334,0.8333333333333334,strong,high,80,medium,4
gamma_strong__noise_high__T_300__density_sparse__seed_004,pcmci_dag,0.7023787467796868,2,1.0,0.99,1678.7678903401868,1851.646807030541,0.16666666666666666,1.178722625706186,1.0693559590395194,0.16666666666666666,0.16666666666666666,strong,high,300,sparse,4
gamma_strong__noise_high__T_300__density_sparse__seed_004,oracle_hybrid,0.7229600032634302,0,1.01,0.99,671.667119180472,730.284389915338,0.6666666666666666,0.5569462672382767,0.5044129339049434,0.6666666666666666,0.8333333333333334,strong,high,300,sparse,4
gamma_strong__noise_high__T_300__density_sparse__seed_004,hybrid,0.7241667347060815,0,1.0,0.99,673.4668206698072,723.1720566088442,0.6666666666666666,0.5537610637686551,0.5012277304353218,0.6666666666666666,0.8333333333333334,strong,high,300,sparse,4
gamma_strong__noise_high__T_80__density_dense__seed_005,pcmci_dag,0.666373374153054,0,1.0,0.99,357.11666666666673,379.5794244072423,0.0,1.04275,0.8480833333333333,0.0,0.0,strong,high,80,dense,5
gamma_strong__noise_high__T_80__density_dense__seed_005,oracle_hybrid,0.7623878286671539,1,1.0,0.99,302.16332040649513,420.25454201022904,0.8333333333333334,0.8420686913392141,0.7819353580058808,0.8333333333333334,0.6666666666666666,strong,high,80,dense,5
gamma_strong__noise_high__T_80__density_dense__seed_005,hybrid,0.7602735846323848,0,1.0,0.99,249.6555571840985,310.35876381296856,0.6666666666666666,0.7227494552174515,0.6626161218841181,0.6666666666666666,0.6666666666666666,strong,high,80,dense,5
gamma_strong__noise_medium__T_156__density_sparse__seed_004,pcmci_dag,0.753065195418002,0,1.0,0.99,596.2294378312703,720.551593690682,0.16666666666666666,0.7765880654144403,0.7997380654144401,0.16666666666666666,0.16666666666666666,strong,medium,156,sparse,4
gamma_strong__noise_medium__T_156__density_sparse__seed_004,oracle_hybrid,0.800441135835841,0,1.01,0.99,209.44414259798634,234.94845792130698,0.8333333333333334,0.27590092469484767,0.345384258028181,0.8333333333333334,0.8333333333333334,strong,medium,156,sparse,4
gamma_strong__noise_medium__T_156__density_sparse__seed_004,hybrid,0.8001531447085318,4,1.0,0.99,209.10116496217154,238.78089225472425,0.8333333333333334,0.2763780271752075,0.3458613605085408,0.8333333333333334,0.8333333333333334,strong,medium,156,sparse,4
gamma_weak__noise_medium__T_156__density_dense__seed_004,pcmci_dag,0.7701389864707088,0,1.01,0.99,477.56135552918295,541.5544873705471,0.3333333333333333,0.6484976915940195,0.6528810249273528,0.3333333333333333,0.3333333333333333,weak,medium,156,dense,4
gamma_weak__noise_medium__T_156__density_dense__seed_004,oracle_hybrid,0.7994135475872001,0,1.0,0.99,247.95376199682198,278.409417212664,1.0,0.3218557588507572,0.3506390921840905,1.0,1.0,weak,medium,156,dense,4
gamma_weak__noise_medium__T_156__density_dense__seed_004,hybrid,0.7991782787293228,3,1.0,0.99,184.66670261246577,236.03907678674895,1.0,0.2370167916315732,0.2658001249649065,1.0,1.0,weak,medium,156,dense,4
gamma_weak__noise_medium__T_80__density_sparse__seed_002,pcmci_dag,0.6961313325770545,0,1.01,0.99,329.41588953431256,399.8651952853931,0.16666666666666666,0.9803718004483701,0.9702051337817034,0.16666666666666666,0.16666666666666666,weak,medium,80,sparse,2
gamma_weak__noise_medium__T_80__density_sparse__seed_002,oracle_hybrid,0.7779253422801246,0,1.0,0.99,204.9443158726201,294.8913298393142,0.8333333333333334,0.5329190093545558,0.5430856760212225,0.8333333333333334,0.8333333333333334,weak,medium,80,sparse,2
gamma_weak__noise_medium__T_80__density_sparse__seed_002,hybrid,0.7798401539809765,2,1.0,0.99,218.27090694439312,311.5488706218044,0.8333333333333334,0.5670170551890924,0.5726170551890924,0.8333333333333334,0.8333333333333334,weak,medium,80,sparse,2
gamma_weak__noise_medium__T_156__density_sparse__seed_003,pcmci_dag,0.7250614800988512,0,1.0,0.99,805.2979305063287,976.6775450098357,0.3333333333333333,1.507343394080487,1.4740600607471537,0.3333333333333333,0.3333333333333333,weak,medium,156,sparse,3
gamma_weak__noise_medium__T_156__density_sparse__seed_003,oracle_hybrid,0.8156382777599744,0,1.0,0.99,281.4397192646347,344.5732558160942,0.8333333333333334,0.3984252959916887,0.36514196265835536,0.8333333333333334,0.8333333333333334,weak,medium,156,sparse,3
gamma_weak__noise_medium__T_156__density_sparse__seed_003,hybrid,0.8155371343003242,1,1.01,0.99,245.58657968059003,300.4167531550345,0.8333333333333334,0.3560810510016839,0.3227977176683506,0.8333333333333334,0.8333333333333334,weak,medium,156,sparse,3
gamma_weak__noise_low__T_80__density_medium__seed_001,pcmci_dag,0.8175419941899722,0,1.0,0.99,216.22205027063396,267.45336486389675,0.0,0.5568484665313387,0.5554484665313387,0.0,0.0,weak,low,80,medium,1
gamma_weak__noise_low__T_80__density_medium__seed_001,oracle_hybrid,0.8485703083832578,0,1.0,0.99,162.9792295824631,207.62941648114304,0.8333333333333334,0.41324538311243697,0.41524538311243697,0.8333333333333334,0.8333333333333334,weak,low,80,medium,1
gamma_weak__noise_low__T_80__density_medium__seed_001,hybrid,0.8489998140108543,0,1.0,0.99,154.30909420923876,201.95153456197525,0.6666666666666666,0.3981707642482773,0.40017076424827724,0.6666666666666666,0.6666666666666666,weak,low,80,medium,1
gamma_weak__noise_low__T_300__density_sparse__seed_003,pcmci_dag,0.8655124449620611,0,1.0,0.99,965.7181610796101,1138.7654167893306,0.3333333333333333,0.7479814891599815,0.7263148224933148,0.3333333333333333,0.3333333333333333,weak,low,300,sparse,3
gamma_weak__noise_low__T_300__density_sparse__seed_003,oracle_hybrid,0.867607255786091,2,1.0,0.99,449.3086750193754,548.38043126177,0.5,0.39467368937516273,0.373007022708496,0.5,0.5,weak,low,300,sparse,3
gamma_weak__noise_low__T_300__density_sparse__seed_003,hybrid,0.8678519713803466,4,1.0,0.99,700.9439907850978,811.9747983948433,0.3333333333333333,0.5438380220499403,0.5221713553832735,0.3333333333333333,0.5,weak,low,300,sparse,3
gamma_weak__noise_medium__T_80__density_dense__seed_005,pcmci_dag,0.7370408034508918,0,1.0,0.99,323.7166666666667,380.34492911040627,0.0,0.9587166666666667,0.9294666666666666,0.0,0.0,weak,medium,80,dense,5
gamma_weak__noise_medium__T_80__density_dense__seed_005,oracle_hybrid,0.8440534359286813,0,1.0,0.99,276.6947358925309,365.3556209751612,0.6666666666666666,0.7914214713613105,0.771338138027977,0.6666666666666666,0.6666666666666666,weak,medium,80,dense,5
gamma_weak__noise_medium__T_80__density_dense__seed_005,hybrid,0.8451901054568762,0,1.0,0.99,268.345845790059,348.90308312617407,0.6666666666666666,0.7881166542042713,0.7680333208709381,0.6666666666666666,0.6666666666666666,weak,medium,80,dense,5
gamma_weak__noise_medium__T_300__density_medium__seed_003,pcmci_dag,0.7863606606657751,0,1.01,0.99,1018.3420222421038,1177.6989586453237,0.16666666666666666,0.7884227248963257,0.7529227248963258,0.16666666666666666,0.16666666666666666,weak,medium,300,medium,3
gamma_weak__noise_medium__T_300__density_medium__seed_003,oracle_hybrid,0.7875307207577876,1,1.0,0.99,503.4890140471118,625.0690122744288,0.6666666666666666,0.4346914215236721,0.4001914215236721,0.6666666666666666,0.6666666666666666,weak,medium,300,medium,3
gamma_weak__noise_medium__T_300__density_medium__seed_003,hybrid,0.787930229533904,0,1.0,0.99,758.2055349440294,863.3627328848645,0.5,0.5919890569344094,0.5574890569344094,0.5,0.5,weak,medium,300,medium,3
gamma_strong__noise_medium__T_80__density_dense__seed_002,pcmci_dag,0.673118956558898,0,1.0,0.99,367.74393914793944,392.78561489090936,0.0,1.081334831709697,0.9343681650430301,0.0,0.0,strong,medium,80,dense,2
gamma_strong__noise_medium__T_80__density_dense__seed_002,oracle_hybrid,0.7792236382106175,0,1.0,0.99,218.1314371491328,309.9606010085703,0.8333333333333334,0.5650463682968117,0.774479701630145,0.8333333333333334,0.8333333333333334,strong,medium,80,dense,2
gamma_strong__noise_medium__T_80__density_dense__seed_002,hybrid,0.7788997366791057,1,1.0,0.99,218.78448769889485,303.56193939559375,0.8333333333333334,0.5741225647679778,0.783555898101311,0.8333333333333334,0.6666666666666666,strong,medium,80,dense,2
gamma_weak__noise_medium__T_156__density_dense__seed_003,pcmci_dag,0.7254257808314124,0,1.0,0.99,763.0275375200832,943.7800273840885,0.3333333333333333,1.4688989509993933,1.3888822843327266,0.3333333333333333,0.3333333333333333,weak,medium,156,dense,3
gamma_weak__noise_medium__T_156__density_dense__seed_003,oracle_hybrid,0.8142198397231988,1,1.01,0.99,251.851895395892,306.4594431365331,1.0,0.3598901003709139,0.316540100370914,1.0,1.0,weak,medium,156,dense,3
gamma_weak__noise_medium__T_156__density_dense__seed_003,hybrid,0.8156199982855914,1,1.0,0.99,278.4937520997956,323.58099782411614,1.0,0.39325397827097675,0.32787064493764345,1.0,1.0,weak,medium,156,dense,3
gamma_weak__noise_high__T_80__density_sparse__seed_005,pcmci_dag,0.6718081736192717,0,1.0,0.99,315.15333333333336,379.27393121594844,0.16666666666666666,0.9361999999999999,0.9243666666666667,0.16666666666666666,0.16666666666666666,weak,high,80,sparse,5
gamma_weak__noise_high__T_80__density_sparse__seed_005,oracle_hybrid,0.7507944929358255,0,1.0,0.99,311.5365937513858,412.62866229231224,0.6666666666666666,0.8923392062035665,0.8855725395369,0.6666666666666666,0.6666666666666666,weak,high,80,sparse,5
gamma_weak__noise_high__T_80__density_sparse__seed_005,hybrid,0.7542368944729567,0,1.0,0.99,303.99971504912804,416.46424174847965,0.6666666666666666,0.8707115118067374,0.8639448451400705,0.6666666666666666,0.6666666666666666,weak,high,80,sparse,5
gamma_strong__noise_low__T_300__density_medium__seed_005,pcmci_dag,0.8917954030515364,0,1.01,0.99,903.36362884347,1174.4636406496447,0.5,0.5808299008828409,0.6131182344312117,0.5,0.3333333333333333,strong,low,300,medium,5
gamma_strong__noise_low__T_300__density_medium__seed_005,oracle_hybrid,0.8928066742442148,1,1.0,0.99,612.2194366430866,769.3259009909807,0.8333333333333334,0.4166728186884845,0.39888500770835716,0.8333333333333334,0.6666666666666666,strong,low,300,medium,5
gamma_strong__noise_low__T_300__density_medium__seed_005,hybrid,0.8925798943364682,2,1.01,0.99,922.7236439089852,1123.239509581727,0.5,0.6142043860287331,0.606485416727765,0.5,0.5,strong,low,300,medium,5
gamma_medium__noise_high__T_300__density_medium__seed_001,pcmci_dag,0.7052114732926539,0,1.0,0.99,829.5078307411568,1023.2271353618122,0.6666666666666666,0.5712699582529146,0.5800323708956064,0.6666666666666666,0.6666666666666666,medium,high,300,medium,1
gamma_medium__noise_high__T_300__density_medium__seed_001,oracle_hybrid,0.7074004979830537,5,1.0,0.99,625.5518381846854,728.188849187525,0.8333333333333334,0.4330094104345932,0.4494427437679265,0.8333333333333334,0.8333333333333334,medium,high,300,medium,1
gamma_medium__noise_high__T_300__density_medium__seed_001,hybrid,0.7068014840160574,1,1.0,0.99,620.9882143942754,715.2489634276486,0.8333333333333334,0.43375097977075194,0.45018431310408524,0.8333333333333334,0.8333333333333334,medium,high,300,medium,1
gamma_weak__noise_high__T_156__density_sparse__seed_001,pcmci_dag,0.5710463300359906,0,1.0,0.99,1038.4127018728643,1378.255780300465,0.5,1.4183050994549273,1.4037217661215944,0.5,0.5,weak,high,156,sparse,1
gamma_weak__noise_high__T_156__density_sparse__seed_001,oracle_hybrid,0.7424869026497716,0,1.0,0.99,410.39039655233665,454.8003506364264,0.5,0.5733004722066961,0.5648171388733627,0.5,0.5,weak,high,156,sparse,1
gamma_weak__noise_high__T_156__density_sparse__seed_001,hybrid,0.7404995331960934,0,1.0,0.99,781.8606081227755,1043.3804296806447,0.3333333333333333,1.0991348955981166,1.0906515622647834,0.3333333333333333,0.3333333333333333,weak,high,156,sparse,1
gamma_weak__noise_high__T_300__density_dense__seed_001,pcmci_dag,0.6986257272265529,0,1.01,0.99,999.1162322272868,1217.8624960731531,0.3333333333333333,0.6761745363387646,0.6495146801479863,0.3333333333333333,0.3333333333333333,weak,high,300,dense,1
gamma_weak__noise_high__T_300__density_dense__seed_001,oracle_hybrid,0.7048680530638547,0,1.0,0.99,541.7163264373831,653.7370005140863,0.8333333333333334,0.3948701350883294,0.4109701350883293,0.8333333333333334,0.8333333333333334,weak,high,300,dense,1
gamma_weak__noise_high__T_300__density_dense__seed_001,hybrid,0.7034702654518314,0,1.01,0.99,471.9917407089468,621.1655870545902,0.8333333333333334,0.3528510900680682,0.34987365337758863,0.8333333333333334,0.8333333333333334,weak,high,300,dense,1
gamma_weak__noise_high__T_156__density_dense__seed_002,pcmci_dag,0.621598455626389,0,1.0,0.99,725.7329816165212,936.8197139844392,0.16666666666666666,1.1539426350141992,1.0982926350141993,0.16666666666666666,0.16666666666666666,weak,high,156,dense,2
gamma_weak__noise_high__T_156__density_dense__seed_002,oracle_hybrid,0.6305942761644889,0,1.0,0.99,273.2071431088434,331.10738086523247,1.0,0.47631749029640985,0.4360008236297432,1.0,1.0,weak,high,156,dense,2
gamma_weak__noise_high__T_156__density_dense__seed_002,hybrid,0.6319939849074259,1,1.0,0.99,249.0974675015575,291.3815922800632,1.0,0.4535196790838887,0.40656967908388864,1.0,1.0,weak,high,156,dense,2
gamma_strong__noise_high__T_300__density_medium__seed_002,pcmci_dag,0.6927569456981435,0,1.0,0.99,2069.729548918273,3113.040217147094,0.16666666666666666,1.3526648848416436,1.302098218174977,0.16666666666666666,0.16666666666666666,strong,high,300,medium,2
gamma_strong__noise_high__T_300__density_medium__seed_002,oracle_hybrid,0.7042498526071603,5,1.01,0.99,1147.991711562393,1351.4825493261687,0.5,0.7794757189441764,0.7289090522775098,0.5,0.8333333333333334,strong,high,300,medium,2
gamma_strong__noise_high__T_300__density_medium__seed_002,hybrid,0.7031703011811806,1,1.0,0.99,1093.5372390187097,1287.0310596631818,0.8333333333333334,0.7445602633746967,0.6939935967080301,0.8333333333333334,0.6666666666666666,strong,high,300,medium,2
gamma_weak__noise_low__T_300__density_dense__seed_004,pcmci_dag,0.8679238880247965,0,1.0,0.99,1292.950747390586,1721.1808902983914,0.16666666666666666,0.9034064585430714,0.9149935414569285,0.16666666666666666,0.16666666666666666,weak,low,300,dense,4
gamma_weak__noise_low__T_300__density_dense__seed_004,oracle_hybrid,0.8971068422983309,3,1.01,0.99,410.30773509795745,457.0658301407918,0.6666666666666666,0.3473650728786169,0.30679840621195026,0.6666666666666666,0.8333333333333334,weak,low,300,dense,4
gamma_weak__noise_low__T_300__density_dense__seed_004,hybrid,0.8972942409632794,8,1.0,0.99,418.2874408056944,490.0964630908811,0.6666666666666666,0.3647411873983451,0.32417452073167846,0.6666666666666666,0.6666666666666666,weak,low,300,dense,4
gamma_strong__noise_low__T_80__density_medium__seed_001,pcmci_dag,0.8114591759778119,0,1.0,0.99,230.85907507135357,257.9139784884622,0.0,0.5932231014485877,0.5687564347819211,0.0,0.0,strong,low,80,medium,1
gamma_strong__noise_low__T_80__density_medium__seed_001,oracle_hybrid,0.852069723067073,3,1.0,0.99,163.93477681116465,212.7867952822242,0.8333333333333334,0.41386323500826444,0.44056323500826444,0.8333333333333334,0.8333333333333334,strong,low,80,medium,1
gamma_strong__noise_low__T_80__density_medium__seed_001,hybrid,0.8501647691319,0,1.0,0.99,192.04287475044796,248.1053985499235,0.6666666666666666,0.48698638804685007,0.51368638804685,0.6666666666666666,0.5,strong,low,80,medium,1
gamma_medium__noise_high__T_80__density_medium__seed_005,pcmci_dag,0.6680292449744483,0,1.0,0.99,324.8566666666666,375.83137779239956,0.0,0.9628666666666668,0.9051833333333333,0.0,0.0,medium,high,80,medium,5
gamma_medium__noise_high__T_80__density_medium__seed_005,oracle_hybrid,0.7562685360449901,2,1.0,0.99,334.34637326224214,435.8847895354749,0.6666666666666666,0.9433109840558555,0.9098609840558556,0.6666666666666666,0.6666666666666666,medium,high,80,medium,5
gamma_medium__noise_high__T_80__density_medium__seed_005,hybrid,0.7534163242179587,0,1.0,0.99,319.21843589214694,377.23841840890594,0.8333333333333334,0.8925940279676644,0.8591440279676643,0.8333333333333334,0.8333333333333334,medium,high,80,medium,5
gamma_weak__noise_low__T_300__density_medium__seed_005,pcmci_dag,0.8893095378630423,0,1.01,0.99,968.9500994450988,1249.5830876551981,0.5,0.676274074970825,0.6722907416374918,0.5,0.5,weak,low,300,medium,5
gamma_weak__noise_low__T_300__density_medium__seed_005,oracle_hybrid,0.8913752615629873,2,1.0,0.99,469.20857880431396,519.5834364672484,0.8333333333333334,0.35596906480274965,0.338752398136083,0.8333333333333334,0.8333333333333334,weak,low,300,medium,5
gamma_weak__noise_low__T_300__density_medium__seed_005,hybrid,0.8915055016695029,2,1.01,0.99,712.138808485655,1030.033265890516,0.6666666666666666,0.49827520642398904,0.4810585397573224,0.6666666666666666,0.6666666666666666,weak,low,300,medium,5
gamma_weak__noise_low__T_156__density_dense__seed_001,pcmci_dag,0.8224742184950583,1,1.01,0.99,390.8891774089475,497.0772264223386,0.5,0.5796353723793056,0.5887020390459722,0.5,0.5,weak,low,156,dense,1
gamma_weak__noise_low__T_156__density_dense__seed_001,oracle_hybrid,0.8887256445424062,1,1.0,0.99,255.99334719192538,296.9289840121193,0.6666666666666666,0.3723572837010886,0.36329061703442206,0.6666666666666666,0.6666666666666666,weak,low,156,dense,1
gamma_weak__noise_low__T_156__density_dense__seed_001,hybrid,0.8889850649987391,7,1.0,0.99,482.176645101189,739.6459509183202,0.6666666666666666,0.7025056506471863,0.6934389839805197,0.6666666666666666,0.6666666666666666,weak,low,156,dense,1
gamma_weak__noise_high__T_80__density_medium__seed_004,pcmci_dag,0.6161098736725154,0,1.01,0.99,327.441256227696,425.82214430266555,0.16666666666666666,0.9302343746928324,0.9112677080261656,0.16666666666666666,0.16666666666666666,weak,high,80,medium,4
gamma_weak__noise_high__T_80__density_medium__seed_004,oracle_hybrid,0.6305644211050712,0,1.0,0.99,262.4851247158019,320.31139206657167,0.8333333333333334,0.7350464136608773,0.7213797469942107,0.8333333333333334,0.8333333333333334,weak,high,80,medium,4
gamma_weak__noise_high__T_80__density_medium__seed_004,hybrid,0.6295713455021079,0,1.0,0.99,248.65339219136868,298.25823206968295,1.0,0.710941761075336,0.6972750944086695,1.0,1.0,weak,high,80,medium,4
gamma_medium__noise_low__T_80__density_dense__seed_003,pcmci_dag,0.5723108517768531,0,1.0,0.99,392.34833333333336,436.79359662202006,0.0,1.4451166666666666,1.2533333333333334,0.0,0.0,medium,low,80,dense,3
gamma_medium__noise_low__T_80__density_dense__seed_003,oracle_hybrid,0.8769907447393979,0,1.0,0.99,229.53710933548965,256.9292844421075,0.6666666666666666,0.7154357620159751,0.5842190953493084,0.6666666666666666,0.8333333333333334,medium,low,80,dense,3
gamma_medium__noise_low__T_80__density_dense__seed_003,hybrid,0.8769538705910115,1,1.0,0.99,294.9671806073042,319.0484746378417,0.6666666666666666,0.9536995180980347,0.8224828514313679,0.6666666666666666,0.8333333333333334,medium,low,80,dense,3
gamma_weak__noise_low__T_80__density_sparse__seed_002,pcmci_dag,0.5989439631318532,0,1.0,0.99,276.83666666666664,333.18090591549014,0.16666666666666666,0.8029000000000001,0.7927333333333332,0.16666666666666666,0.16666666666666666,weak,low,80,sparse,2
gamma_weak__noise_low__T_80__density_sparse__seed_002,oracle_hybrid,0.8501105201673286,2,1.0,0.99,204.55205131150242,305.8120406660553,0.8333333333333334,0.5168217320365083,0.526988398703175,0.8333333333333334,0.8333333333333334,weak,low,80,sparse,2
gamma_weak__noise_low__T_80__density_sparse__seed_002,hybrid,0.8490210212923177,1,1.0,0.99,212.77699840062292,306.0066236515348,0.8333333333333334,0.5439671595187549,0.5495671595187549,0.8333333333333334,0.8333333333333334,weak,low,80,sparse,2
gamma_medium__noise_low__T_156__density_dense__seed_001,pcmci_dag,0.818353930192514,0,1.01,0.99,672.6395228772093,764.7391813884124,0.3333333333333333,0.8941118562832022,0.8962118562832022,0.3333333333333333,0.16666666666666666,medium,low,156,dense,1
gamma_medium__noise_low__T_156__density_dense__seed_001,oracle_hybrid,0.8887266042532036,2,1.01,0.99,229.99749675159606,278.51391172272724,0.8333333333333334,0.3397354206654845,0.3376354206654845,0.8333333333333334,0.5,medium,low,156,dense,1
gamma_medium__noise_low__T_156__density_dense__seed_001,hybrid,0.8890451804736403,0,1.01,0.99,488.6017295654223,705.3325830002594,0.6666666666666666,0.7119254159873822,0.7098254159873822,0.6666666666666666,0.6666666666666666,medium,low,156,dense,1
gamma_medium__noise_high__T_300__density_sparse__seed_002,pcmci_dag,0.6255046663780083,0,1.0,0.99,1722.1683333333333,2038.3480347861762,0.16666666666666666,1.2902833333333332,1.2454,0.16666666666666666,0.16666666666666666,medium,high,300,sparse,2
gamma_medium__noise_high__T_300__density_sparse__seed_002,oracle_hybrid,0.704678601783437,1,1.0,0.99,1276.514563981103,1497.440737365613,0.5,0.8872548707667133,0.8701048707667134,0.5,0.5,medium,high,300,sparse,2
gamma_medium__noise_high__T_300__density_sparse__seed_002,hybrid,0.703249474882831,1,1.0,0.99,1285.039877094582,1536.089085429659,0.5,0.8933506861379584,0.8762006861379584,0.5,0.5,medium,high,300,sparse,2
gamma_medium__noise_low__T_300__density_dense__seed_002,pcmci_dag,0.8598798785286089,0,1.0,0.99,2556.6584710990132,3682.7495026523084,0.0,1.7035899585485996,1.6593566252152663,0.0,0.0,medium,low,300,dense,2
gamma_medium__noise_low__T_300__density_dense__seed_002,oracle_hybrid,0.8848182113758846,1,1.0,0.99,998.94097247715,1359.0202875568277,0.6666666666666666,0.6709765721456805,0.6267432388123472,0.6666666666666666,0.5,medium,low,300,dense,2
gamma_medium__noise_low__T_300__density_dense__seed_002,hybrid,0.885100099176258,5,1.0,0.99,1008.5558407597682,1339.4978504732012,0.6666666666666666,0.684770787611893,0.6405374542785598,0.6666666666666666,0.5,medium,low,300,dense,2
gamma_medium__noise_medium__T_80__density_medium__seed_002,pcmci_dag,0.6920741243075244,0,1.0,0.99,334.40979015738554,391.3337063649013,0.0,0.9931527549644109,0.9741360882977442,0.0,0.0,medium,medium,80,medium,2
gamma_medium__noise_medium__T_80__density_medium__seed_002,oracle_hybrid,0.7777404739324622,1,1.01,0.99,190.9793258436748,270.0675209123332,0.8333333333333334,0.4999997600481694,0.5359375741845663,0.8333333333333334,0.8333333333333334,medium,medium,80,medium,2
gamma_medium__noise_high__T_80__density_dense__seed_005,pcmci_dag,0.738063302006092,0,1.0,0.99,417.4538198629727,518.8058006362879,0.0,1.1648703624514487,1.0702203624514486,0.0,0.0,medium,high,80,dense,5
gamma_medium__noise_high__T_80__density_dense__seed_005,oracle_hybrid,0.7589677611496487,0,1.0,0.99,298.0171038405806,406.7161818524749,0.6666666666666666,0.8366258053114608,0.7907758053114607,0.6666666666666666,0.8333333333333334,medium,high,80,dense,5
gamma_medium__noise_high__T_80__density_dense__seed_005,hybrid,0.7561843113505133,0,1.0,0.99,285.58697905277967,340.4772551416552,0.6666666666666666,0.8066806256419238,0.7608306256419238,0.6666666666666666,0.8333333333333334,medium,high,80,dense,5
gamma_weak__noise_medium__T_80__density_sparse__seed_005,pcmci_dag,0.8295829806909988,0,1.0,0.99,261.49351412835347,325.8914241319553,0.3333333333333333,0.7383438164514683,0.7451104831181351,0.3333333333333333,0.3333333333333333,weak,medium,80,sparse,5
gamma_weak__noise_medium__T_80__density_sparse__seed_005,oracle_hybrid,0.8423314840444424,0,1.0,0.99,261.49589983048867,341.6932467154675,0.6666666666666666,0.7650671196214187,0.7583004529547521,0.6666666666666666,0.6666666666666666,weak,medium,80,sparse,5
gamma_weak__noise_medium__T_80__density_sparse__seed_005,hybrid,0.8434067323815191,0,1.0,0.99,272.0284904326844,350.2643887127222,0.6666666666666666,0.7919966714732897,0.785230004806623,0.6666666666666666,0.6666666666666666,weak,medium,80,sparse,5
gamma_medium__noise_medium__T_300__density_dense__seed_003,pcmci_dag,0.7919217635883077,0,1.0,0.99,1303.7818618503861,1484.3891172119143,0.16666666666666666,0.9764136865329119,0.8627636865329119,0.16666666666666666,0.3333333333333333,medium,medium,300,dense,3
gamma_medium__noise_medium__T_300__density_dense__seed_003,oracle_hybrid,0.7925137110442146,1,1.0,0.99,612.7240139787165,714.9092070904378,0.6666666666666666,0.48521687866701685,0.37156687866701693,0.6666666666666666,0.6666666666666666,medium,medium,300,dense,3
gamma_medium__noise_medium__T_300__density_dense__seed_003,hybrid,0.7932809642863387,1,1.01,0.99,901.0444778867818,1019.5181808976438,0.3333333333333333,0.6957848605567638,0.5821348605567639,0.3333333333333333,0.5,medium,medium,300,dense,3
gamma_medium__noise_medium__T_300__density_dense__seed_001,pcmci_dag,0.8129749171543097,0,1.0,0.99,902.8873745138012,1283.9899366222576,0.6666666666666666,0.5909823544216146,0.6162436988870081,0.6666666666666666,0.6666666666666666,medium,medium,300,dense,1
gamma_medium__noise_medium__T_300__density_dense__seed_001,oracle_hybrid,0.8161507097450744,4,1.0,0.99,462.95054381271206,545.6209580881316,0.8333333333333334,0.3301349470324611,0.39406828036579444,0.8333333333333334,0.6666666666666666,medium,medium,300,dense,1
gamma_medium__noise_medium__T_300__density_dense__seed_001,hybrid,0.81657092609112,1,1.0,0.99,433.8353814442112,519.1039927445138,0.8333333333333334,0.3096901465221226,0.3736234798554559,0.8333333333333334,0.6666666666666666,medium,medium,300,dense,1
gamma_weak__noise_high__T_156__density_dense__seed_004,pcmci_dag,0.5302739030673396,0,1.0,0.99,1057.1062962861943,1528.3750141366338,0.0,1.3235552907084427,1.2947719573751095,0.0,0.0,weak,high,156,dense,4
gamma_weak__noise_high__T_156__density_dense__seed_004,oracle_hybrid,0.6734140495136901,2,1.0,0.99,194.12888334972115,242.08353134254918,1.0,0.26283188131871627,0.2867370562996238,1.0,1.0,weak,high,156,dense,4
gamma_weak__noise_high__T_156__density_dense__seed_004,hybrid,0.6734825484659158,0,1.0,0.99,145.27856604351948,188.9810108391617,1.0,0.198806003495968,0.22557289419830226,1.0,1.0,weak,high,156,dense,4
gamma_strong__noise_low__T_156__density_medium__seed_002,pcmci_dag,0.7613863264037567,0,1.01,0.99,743.2258201825906,889.7395886299827,0.16666666666666666,1.1867876538908482,1.0168456794424852,0.16666666666666666,0.16666666666666666,strong,low,156,medium,2
gamma_strong__noise_low__T_156__density_medium__seed_002,oracle_hybrid,0.8316327049735969,3,1.0,0.99,394.4279924706529,544.3999680130627,0.8333333333333334,0.5613387432418385,0.43443874324183857,0.8333333333333334,1.0,strong,low,156,medium,2
gamma_strong__noise_low__T_156__density_medium__seed_002,hybrid,0.8323832657378076,3,1.0,0.99,370.973075693069,500.36053139745576,0.8333333333333334,0.5331060727427483,0.40620607274274834,0.8333333333333334,1.0,strong,low,156,medium,2
gamma_strong__noise_low__T_300__density_sparse__seed_004,pcmci_dag,0.8860052274399444,0,1.0,0.99,1027.033280456227,1282.4636726177077,0.6666666666666666,0.8043654642637289,0.7032919215120833,0.6666666666666666,0.8333333333333334,strong,low,300,sparse,4
gamma_strong__noise_low__T_300__density_sparse__seed_004,oracle_hybrid,0.8976772227904364,4,1.01,0.99,431.5092975018685,498.9484242818798,0.5,0.34827566113874786,0.2957423278054145,0.5,0.6666666666666666,strong,low,300,sparse,4
gamma_strong__noise_low__T_300__density_sparse__seed_004,hybrid,0.8975063744164076,4,1.01,0.99,440.0267386481484,521.913468973547,0.6666666666666666,0.3504291452693214,0.2978958119359881,0.6666666666666666,0.8333333333333334,strong,low,300,sparse,4
gamma_weak__noise_medium__T_300__density_medium__seed_002,pcmci_dag,0.7817268304504367,0,1.02,0.99,1413.4171049897723,1775.434982495868,0.0,0.9960524210028593,0.9724524210028593,0.0,0.0,weak,medium,300,medium,2
gamma_weak__noise_medium__T_300__density_medium__seed_002,oracle_hybrid,0.8168790598231394,1,1.0,0.99,1240.3767125494712,1789.3555105628134,0.3333333333333333,0.8246407091819853,0.8093073758486521,0.3333333333333333,0.5,weak,medium,300,medium,2
gamma_weak__noise_medium__T_300__density_medium__seed_002,hybrid,0.81663319334619,1,1.01,0.99,1168.9291589087095,1802.1391585303088,0.6666666666666666,0.7722242720047708,0.7568909386714374,0.6666666666666666,0.6666666666666666,weak,medium,300,medium,2
gamma_medium__noise_low__T_300__density_sparse__seed_002,pcmci_dag,0.8657048274884551,0,1.01,0.99,1879.8917077952544,2721.353940847323,0.3333333333333333,1.292708051833066,1.275558051833066,0.3333333333333333,0.3333333333333333,medium,low,300,sparse,2
gamma_medium__noise_low__T_300__density_sparse__seed_002,oracle_hybrid,0.885058170225624,5,1.01,0.99,1052.3620021026431,1446.2882474960365,0.3333333333333333,0.7115315883203911,0.6943815883203911,0.3333333333333333,0.3333333333333333,medium,low,300,sparse,2
gamma_medium__noise_low__T_300__density_sparse__seed_002,hybrid,0.8853117400966231,4,1.0,0.99,1020.947045148724,1385.1658065223264,0.5,0.6999824098792219,0.6828324098792219,0.5,0.5,medium,low,300,sparse,2
gamma_medium__noise_low__T_80__density_dense__seed_001,pcmci_dag,0.819623869040314,0,1.0,0.99,237.7173677902431,265.82007187706,0.0,0.6107158508525746,0.5966991841859081,0.0,0.0,medium,low,80,dense,1
gamma_medium__noise_low__T_80__density_dense__seed_001,oracle_hybrid,0.8510890634082248,5,1.0,0.99,166.8325832550922,203.50632762092616,0.6666666666666666,0.4206323424868887,0.4595490091535553,0.6666666666666666,0.6666666666666666,medium,low,80,dense,1
gamma_medium__noise_low__T_80__density_dense__seed_001,hybrid,0.8530183146831298,3,1.0,0.99,147.7374233930802,176.95924840468092,0.8333333333333334,0.37069630228481865,0.4096129689514853,0.8333333333333334,0.8333333333333334,medium,low,80,dense,1
gamma_medium__noise_high__T_156__density_dense__seed_001,pcmci_dag,0.6231630633250327,0,1.0,0.99,1514.692769507826,2026.2726529885203,0.0,1.9425936577421927,1.8873936577421926,0.0,0.0,medium,high,156,dense,1
gamma_medium__noise_high__T_156__density_dense__seed_001,oracle_hybrid,0.7401829801402707,1,1.0,0.99,413.2477561338892,496.77814081898237,0.8333333333333334,0.5901187311672434,0.5880187311672435,0.8333333333333334,0.5,medium,high,156,dense,1
gamma_medium__noise_high__T_156__density_dense__seed_001,hybrid,0.7384991298820813,0,1.0,0.99,742.1023373107524,1028.4152296391844,0.6666666666666666,1.0675159897498168,1.0654159897498168,0.6666666666666666,0.6666666666666666,medium,high,156,dense,1
gamma_strong__noise_low__T_156__density_dense__seed_004,pcmci_dag,0.8108965701515388,0,1.0,0.99,669.917939136769,721.7355643784258,0.0,0.8713166057481841,0.8337832724148507,0.0,0.0,strong,low,156,dense,4
gamma_strong__noise_low__T_156__density_dense__seed_004,oracle_hybrid,0.8776961321975345,2,1.0,0.99,312.44128497644954,368.9729978387913,1.0,0.3866419607050686,0.5902086273717352,1.0,0.5,strong,low,156,dense,4
gamma_strong__noise_low__T_156__density_dense__seed_004,hybrid,0.8783898126938713,7,1.01,0.99,260.35120357994265,319.3602537118175,0.8333333333333334,0.31647364572908887,0.5200403123957557,0.8333333333333334,0.5,strong,low,156,dense,4
gamma_medium__noise_high__T_80__density_dense__seed_002,pcmci_dag,0.5853947329224709,0,1.0,0.99,353.032095775915,394.81498893932786,0.0,1.0436270157075087,0.9797270157075086,0.0,0.0,medium,high,80,dense,2
gamma_medium__noise_high__T_80__density_dense__seed_002,oracle_hybrid,0.6724148918630545,2,1.0,0.99,212.41657068977892,292.4678131260002,1.0,0.5692914345763672,0.6672914345763673,1.0,0.8333333333333334,medium,high,80,dense,2
gamma_medium__noise_high__T_80__density_dense__seed_002,hybrid,0.676980446556924,0,1.0,0.99,182.57266277992528,263.1102629543625,1.0,0.4915296799075084,0.5891153070761623,1.0,1.0,medium,high,80,dense,2
gamma_medium__noise_high__T_80__density_sparse__seed_003,pcmci_dag,0.41649910195990747,0,1.0,0.99,368.8933333333334,436.96396666849625,0.16666666666666666,1.3786500000000002,1.3209499999999998,0.16666666666666666,0.16666666666666666,medium,high,80,sparse,3
gamma_medium__noise_high__T_80__density_sparse__seed_003,oracle_hybrid,0.700875591092268,1,1.0,0.99,384.62888012630975,466.7676995111518,0.6666666666666666,1.0907777457573213,1.0548777457573213,0.6666666666666666,0.8333333333333334,medium,high,80,sparse,3
gamma_medium__noise_high__T_80__density_sparse__seed_003,hybrid,0.6969276797976914,0,1.0,0.99,376.65113491327514,440.03612433692695,0.8333333333333334,1.0892186066267582,1.053318606626758,0.8333333333333334,0.8333333333333334,medium,high,80,sparse,3
gamma_medium__noise_high__T_300__density_dense__seed_001,pcmci_dag,0.7019796555344381,0,1.0,0.99,796.6385244867657,1042.6401476625806,0.6666666666666666,0.5462991468787134,0.5727708589335497,0.6666666666666666,0.6666666666666666,medium,high,300,dense,1
gamma_medium__noise_high__T_300__density_dense__seed_001,oracle_hybrid,0.7071513151825439,0,1.01,0.99,486.32300152699327,625.3221518277356,0.8333333333333334,0.36465995675418394,0.4285932900875172,0.8333333333333334,0.8333333333333334,medium,high,300,dense,1
gamma_medium__noise_high__T_300__density_dense__seed_001,hybrid,0.7080478886277977,0,1.0,0.99,485.36661667818345,642.0217555969726,0.8333333333333334,0.35595333776221266,0.41988667109554595,0.8333333333333334,0.8333333333333334,medium,high,300,dense,1
gamma_strong__noise_low__T_80__density_dense__seed_002,pcmci_dag,0.7388657521455412,0,1.0,0.99,366.87363183908036,391.54481161687954,0.0,1.0783974424680212,0.9314307758013545,0.0,0.0,strong,low,80,dense,2
gamma_strong__noise_low__T_80__density_dense__seed_002,oracle_hybrid,0.8501895041206914,1,1.01,0.99,200.91149674845383,281.9919032483093,0.8333333333333334,0.5165935190680683,0.7169838579838322,0.8333333333333334,0.6666666666666666,strong,low,80,dense,2
gamma_strong__noise_low__T_80__density_dense__seed_002,hybrid,0.8510329459115371,1,1.0,0.99,203.28848728011894,287.44213010941263,0.8333333333333334,0.5203824328163702,0.7272470607387519,0.8333333333333334,0.6666666666666666,strong,low,80,dense,2
gamma_weak__noise_medium__T_80__density_sparse__seed_003,pcmci_dag,0.5068317472341518,0,1.01,0.99,371.7716666666667,446.50908645103,0.16666666666666666,1.3906833333333335,1.3710333333333333,0.16666666666666666,0.16666666666666666,weak,medium,80,sparse,3
gamma_weak__noise_medium__T_80__density_sparse__seed_003,oracle_hybrid,0.8102142698515469,0,1.0,0.99,297.69179971193256,329.72179100182393,0.6666666666666666,0.9171276407887538,0.9035443074554204,0.6666666666666666,0.6666666666666666,weak,medium,80,sparse,3
gamma_weak__noise_medium__T_80__density_sparse__seed_003,hybrid,0.8096176814964695,0,1.0,0.99,432.9217899666218,617.5283303793079,0.6666666666666666,1.1462535707383628,1.1326702374050293,0.6666666666666666,0.6666666666666666,weak,medium,80,sparse,3
gamma_strong__noise_medium__T_300__density_dense__seed_004,pcmci_dag,0.8107880237053071,0,1.0,0.99,1839.1208561123867,2075.123102488698,0.0,1.3418998691288369,1.0884561628531173,0.0,0.16666666666666666,strong,medium,300,dense,4
gamma_strong__noise_medium__T_300__density_dense__seed_004,oracle_hybrid,0.8370209868340684,2,1.0,0.99,775.2708029680595,910.5278827459892,0.6666666666666666,0.5515322953013023,0.4513474898446878,0.6666666666666666,0.8333333333333334,strong,medium,300,dense,4
gamma_strong__noise_medium__T_300__density_dense__seed_004,hybrid,0.8363710848528411,3,1.0,0.99,801.3735759314487,928.0455058404406,0.8333333333333334,0.5795201022972883,0.47773676896395506,0.8333333333333334,0.8333333333333334,strong,medium,300,dense,4
gamma_weak__noise_low__T_80__density_dense__seed_005,pcmci_dag,0.8832750222350837,0,1.0,0.99,273.71348003873896,329.4145069794465,0.16666666666666666,0.7743447770721462,0.7814281104054795,0.16666666666666666,0.16666666666666666,weak,low,80,dense,5
gamma_weak__noise_low__T_80__density_dense__seed_005,oracle_hybrid,0.9022239324827778,1,1.0,0.99,243.6422267648571,307.80233022900035,0.6666666666666666,0.7080963423507395,0.6880130090174061,0.6666666666666666,0.6666666666666666,weak,low,80,dense,5
gamma_weak__noise_low__T_80__density_dense__seed_005,hybrid,0.9018408153682528,0,1.0,0.99,228.92812309485961,283.0220653649248,0.8333333333333334,0.6871071148569735,0.6670237815236401,0.8333333333333334,0.8333333333333334,weak,low,80,dense,5
gamma_weak__noise_medium__T_300__density_sparse__seed_002,pcmci_dag,0.7986186062453323,0,1.0,0.99,2010.6466235814999,2848.1947950795793,0.16666666666666666,1.371106087058333,1.3565560870583326,0.16666666666666666,0.16666666666666666,weak,medium,300,sparse,2
gamma_weak__noise_medium__T_300__density_sparse__seed_002,oracle_hybrid,0.8174751540147842,2,1.0,0.99,1187.038097007893,1652.1100091297171,0.5,0.7990048188385016,0.7919214855051683,0.5,0.5,weak,medium,300,sparse,2
gamma_weak__noise_medium__T_300__density_sparse__seed_002,hybrid,0.8158745782184675,1,1.0,0.99,1171.8657887363433,1678.7803881436478,0.5,0.7901683174819237,0.7830849841485904,0.5,0.5,weak,medium,300,sparse,2
gamma_medium__noise_high__T_300__density_medium__seed_005,pcmci_dag,0.7031586187586665,0,1.01,0.99,813.2017586454268,1074.0190070826043,0.6666666666666666,0.5747665449238069,0.5465291973556257,0.6666666666666666,0.6666666666666666,medium,high,300,medium,5
gamma_medium__noise_high__T_300__density_medium__seed_005,oracle_hybrid,0.7046728825913343,3,1.01,0.99,632.7829197824793,736.6205229809609,0.8333333333333334,0.47945172388915225,0.4484880548277453,0.8333333333333334,0.8333333333333334,medium,high,300,medium,5
gamma_medium__noise_high__T_300__density_medium__seed_005,hybrid,0.7046848347088546,0,1.01,0.99,1032.045830702016,1256.7818802488234,0.6666666666666666,0.7322602301384024,0.690876896805069,0.6666666666666666,0.8333333333333334,medium,high,300,medium,5
gamma_weak__noise_high__T_300__density_sparse__seed_003,pcmci_dag,0.6609346756180997,0,1.01,0.99,949.3027231547898,1102.0404213149704,0.3333333333333333,0.7583857713249532,0.7367191046582864,0.3333333333333333,0.5,weak,high,300,sparse,3
gamma_weak__noise_high__T_300__density_sparse__seed_003,oracle_hybrid,0.6608846260402478,2,1.0,0.99,638.7400970391594,804.4932757045153,0.5,0.5380178539966368,0.5163511873299701,0.5,0.5,weak,high,300,sparse,3
gamma_weak__noise_high__T_300__density_sparse__seed_003,hybrid,0.6616553485438262,0,1.0,0.99,744.6516497286475,882.5731563934218,0.5,0.6010575491699975,0.5793908825033308,0.5,0.5,weak,high,300,sparse,3
gamma_strong__noise_medium__T_156__density_medium__seed_004,pcmci_dag,0.5887708050013615,0,1.0,0.99,824.6316248433831,879.012617378818,0.3333333333333333,1.1193857029500396,1.0787523696167063,0.3333333333333333,0.3333333333333333,strong,medium,156,medium,4
gamma_strong__noise_medium__T_156__density_medium__seed_004,oracle_hybrid,0.7988499363064376,1,1.0,0.99,241.72130174542477,280.58186079249333,0.8333333333333334,0.3072910935881229,0.4246910935881229,0.8333333333333334,0.8333333333333334,strong,medium,156,medium,4
gamma_strong__noise_medium__T_156__density_medium__seed_004,hybrid,0.7988122667500047,4,1.0,0.99,257.8959589032043,312.6052021082766,1.0,0.3186372957520737,0.4360372957520737,1.0,1.0,strong,medium,156,medium,4
gamma_strong__noise_medium__T_80__density_medium__seed_004,pcmci_dag,0.7709440928635384,0,1.0,0.99,385.74121203681403,554.4819334443957,0.3333333333333333,1.047896092292507,1.0027794256258404,0.3333333333333333,0.3333333333333333,strong,medium,80,medium,4
gamma_strong__noise_medium__T_80__density_medium__seed_004,oracle_hybrid,0.7692056852029688,1,1.01,0.99,235.42354676643325,286.6691509796258,1.0,0.6488920899936055,0.6037754233269389,1.0,0.8333333333333334,strong,medium,80,medium,4
gamma_strong__noise_medium__T_80__density_medium__seed_004,hybrid,0.7691761210998147,1,1.0,0.99,250.3734507850614,285.30790088354416,0.8333333333333334,0.7155098516137133,0.6703931849470465,0.8333333333333334,0.8333333333333334,strong,medium,80,medium,4
gamma_strong__noise_medium__T_156__density_dense__seed_002,pcmci_dag,0.6946082734568008,0,1.01,0.99,827.6334203021801,929.8876514686513,0.16666666666666666,1.2982230895206193,1.0812102438127142,0.16666666666666666,0.16666666666666666,strong,medium,156,dense,2
gamma_strong__noise_medium__T_156__density_dense__seed_002,oracle_hybrid,0.7463243214949074,2,1.0,0.99,321.75853016136244,353.7026045835241,1.0,0.48914924285411604,0.48268354790045115,1.0,0.8333333333333334,strong,medium,156,dense,2
gamma_strong__noise_medium__T_156__density_dense__seed_002,hybrid,0.7460705978312357,2,1.0,0.99,368.2844580986877,401.1597369687676,0.6666666666666666,0.6117844298028364,0.49235109646950304,0.6666666666666666,0.8333333333333334,strong,medium,156,dense,2
gamma_strong__noise_medium__T_156__density_dense__seed_001,pcmci_dag,0.548217145890625,0,1.0,0.99,862.4200000000001,910.3764764462375,0.0,1.228,0.9689666666666668,0.0,0.0,strong,medium,156,dense,1
gamma_strong__noise_medium__T_156__density_dense__seed_001,oracle_hybrid,0.8310070920471739,2,1.0,0.99,323.1044510425213,407.1286902734781,0.6666666666666666,0.46249808686472554,0.5601649358076459,0.6666666666666666,0.5,strong,medium,156,dense,1
gamma_strong__noise_medium__T_156__density_dense__seed_001,hybrid,0.830400247208355,2,1.0,0.99,566.5639210442719,753.3009243009259,0.6666666666666666,0.7978089254026157,0.9206412242786725,0.6666666666666666,0.5,strong,medium,156,dense,1
gamma_strong__noise_low__T_300__density_dense__seed_005,pcmci_dag,0.8914566527507148,0,1.01,0.99,686.4538027327304,911.5327159071014,0.5,0.44892657905433464,0.5547277311135727,0.5,0.3333333333333333,strong,low,300,dense,5
gamma_strong__noise_low__T_300__density_dense__seed_005,oracle_hybrid,0.8931860684533658,2,1.01,0.99,601.4754953577509,681.1470633576989,0.8333333333333334,0.4155873121277316,0.39907259571128434,0.8333333333333334,0.6666666666666666,strong,low,300,dense,5
gamma_strong__noise_low__T_300__density_dense__seed_005,hybrid,0.8930875336421453,6,1.0,0.99,672.9204719452027,729.3612203416529,0.8333333333333334,0.471031017548375,0.5063262297750439,0.8333333333333334,0.6666666666666666,strong,low,300,dense,5
gamma_medium__noise_low__T_80__density_sparse__seed_003,pcmci_dag,0.5587208030001611,0,1.0,0.99,368.8933333333334,436.96396666849625,0.16666666666666666,1.3786500000000002,1.3209499999999998,0.16666666666666666,0.16666666666666666,medium,low,80,sparse,3
gamma_medium__noise_low__T_80__density_sparse__seed_003,oracle_hybrid,0.8787985079891247,2,1.01,0.99,322.6086483167947,402.10154009109374,0.6666666666666666,0.9647097660854324,0.9288097660854323,0.6666666666666666,0.6666666666666666,medium,low,80,sparse,3
gamma_medium__noise_low__T_80__density_sparse__seed_003,hybrid,0.8809718304827294,1,1.01,0.99,319.06348263279136,435.50263569448015,0.8333333333333334,0.8530863946749898,0.8171863946749897,0.8333333333333334,0.8333333333333334,medium,low,80,sparse,3
gamma_weak__noise_low__T_300__density_dense__seed_003,pcmci_dag,0.8668304240318174,0,1.01,0.99,1046.1620245146316,1239.5313983757685,0.3333333333333333,0.7952429260332242,0.7474429260332242,0.3333333333333333,0.3333333333333333,weak,low,300,dense,3
gamma_weak__noise_low__T_300__density_dense__seed_003,oracle_hybrid,0.8694334776915044,4,1.01,0.99,499.0328699932711,567.3396183774678,0.6666666666666666,0.4180565298790066,0.37025652987900665,0.6666666666666666,0.6666666666666666,weak,low,300,dense,3
gamma_weak__noise_low__T_300__density_dense__seed_003,hybrid,0.8690638371835482,2,1.01,0.99,788.1565899974324,942.2080564660791,0.5,0.5989096237859518,0.5511096237859519,0.5,0.5,weak,low,300,dense,3
gamma_medium__noise_low__T_80__density_dense__seed_004,pcmci_dag,0.8429786325866875,0,1.0,0.99,449.0703927468567,667.0280968496602,0.16666666666666666,1.1867031301673394,1.1052364635006728,0.16666666666666666,0.16666666666666666,medium,low,80,dense,4
gamma_medium__noise_low__T_80__density_dense__seed_004,oracle_hybrid,0.8545296831889369,0,1.0,0.99,237.48851644029605,286.68922600134215,1.0,0.6520409673062834,0.6249743006396166,1.0,1.0,medium,low,80,dense,4
gamma_medium__noise_low__T_80__density_dense__seed_004,hybrid,0.8535822280061783,0,1.0,0.99,201.54212402754047,227.4580972025423,1.0,0.5599051774985019,0.5328385108318351,1.0,1.0,medium,low,80,dense,4
gamma_strong__noise_low__T_300__density_sparse__seed_002,pcmci_dag,0.8614181272485151,0,1.0,0.99,2239.725273049032,3253.449604655544,0.16666666666666666,1.5018749400674365,1.4771416067341032,0.16666666666666666,0.16666666666666666,strong,low,300,sparse,2
gamma_strong__noise_low__T_300__density_sparse__seed_002,oracle_hybrid,0.88481446089994,3,1.0,0.99,921.8770073602627,1119.484041989223,0.3333333333333333,0.6419746636824178,0.6172413303490846,0.3333333333333333,0.16666666666666666,strong,low,300,sparse,2
gamma_strong__noise_low__T_300__density_sparse__seed_002,hybrid,0.8845740810683447,1,1.01,0.99,861.7818728599888,1064.8972008061755,0.6666666666666666,0.5954932196241867,0.5707598862908534,0.6666666666666666,0.5,strong,low,300,sparse,2
gamma_weak__noise_low__T_156__density_sparse__seed_004,pcmci_dag,0.8388126734874146,10,1.02,0.99,338.832883550188,450.8230046159738,0.6666666666666666,0.5019298299534799,0.5129464966201465,0.6666666666666666,0.5,weak,low,156,sparse,4
gamma_weak__noise_low__T_156__density_sparse__seed_004,oracle_hybrid,0.8755478792681106,5,1.01,0.99,283.46199846220014,365.2441762351599,0.8333333333333334,0.3502757232801584,0.36129238994682505,0.8333333333333334,0.8333333333333334,weak,low,156,sparse,4
gamma_weak__noise_low__T_156__density_sparse__seed_004,hybrid,0.875275815005406,4,1.01,0.99,273.6421854840408,358.563626701328,0.6666666666666666,0.3364325977457378,0.3474492644124045,0.6666666666666666,0.6666666666666666,weak,low,156,sparse,4
gamma_weak__noise_medium__T_156__density_medium__seed_001,pcmci_dag,0.7603103720229868,0,1.01,0.99,458.86159890901195,574.8548514407153,0.6666666666666666,0.6692123166970468,0.6713956500303805,0.6666666666666666,0.6666666666666666,weak,medium,156,medium,1
gamma_weak__noise_medium__T_156__density_medium__seed_001,oracle_hybrid,0.830638945631653,3,1.0,0.99,309.5087453237059,339.2642762517443,0.8333333333333334,0.4413884898128046,0.4392051564794713,0.8333333333333334,0.8333333333333334,weak,medium,156,medium,1
gamma_weak__noise_medium__T_156__density_medium__seed_001,hybrid,0.8308873741619697,0,1.0,0.99,633.4162506152542,888.127113653775,0.5,0.9021161473968728,0.8999328140635395,0.5,0.5,weak,medium,156,medium,1
gamma_strong__noise_high__T_300__density_dense__seed_003,pcmci_dag,0.6713040856681348,0,1.0,0.99,1322.6960275654617,1517.6946277254792,0.3333333333333333,0.9906106080138769,0.8777439413472102,0.3333333333333333,0.3333333333333333,strong,high,300,dense,3
gamma_strong__noise_high__T_300__density_dense__seed_003,oracle_hybrid,0.672561969901552,1,1.0,0.99,732.6773065878415,904.6269687813897,0.6666666666666666,0.5720472211662435,0.5389296806281737,0.6666666666666666,0.8333333333333334,strong,high,300,dense,3
gamma_strong__noise_high__T_300__density_dense__seed_003,hybrid,0.6708476652866057,0,1.0,0.99,777.0175669144509,920.886193017076,0.6666666666666666,0.630017902377269,0.5171512357106024,0.6666666666666666,0.6666666666666666,strong,high,300,dense,3
gamma_medium__noise_high__T_300__density_sparse__seed_004,pcmci_dag,0.7044607265053369,3,1.01,0.99,1662.4498130953755,1878.505604854057,0.16666666666666666,1.1673081886107788,1.1109248552774453,0.16666666666666666,0.16666666666666666,medium,high,300,sparse,4
gamma_medium__noise_high__T_300__density_sparse__seed_004,oracle_hybrid,0.724816859888367,0,1.0,0.99,681.6116139469817,747.3285220230308,0.6666666666666666,0.5588191219651081,0.5266691219651082,0.6666666666666666,0.6666666666666666,medium,high,300,sparse,4
gamma_medium__noise_high__T_300__density_sparse__seed_004,hybrid,0.7251463678416644,0,1.01,0.99,669.0426678679258,736.2512656626064,0.6666666666666666,0.5524840974798696,0.5203340974798696,0.6666666666666666,0.8333333333333334,medium,high,300,sparse,4
gamma_strong__noise_low__T_80__density_sparse__seed_004,pcmci_dag,0.8431335733874668,0,1.0,0.99,362.3274545822956,517.7448296296844,0.3333333333333333,0.968441256313653,0.9583579229803197,0.3333333333333333,0.16666666666666666,strong,low,80,sparse,4
gamma_strong__noise_low__T_80__density_sparse__seed_004,oracle_hybrid,0.8551222236622641,0,1.0,0.99,240.25662229115986,294.3974152057286,0.8333333333333334,0.6478461984601661,0.6377628651268328,0.8333333333333334,0.6666666666666666,strong,low,80,sparse,4
gamma_strong__noise_low__T_80__density_sparse__seed_004,hybrid,0.8538239225497444,0,1.0,0.99,226.93250843060613,275.20147843551683,0.8333333333333334,0.6171630861575603,0.607079752824227,0.8333333333333334,0.6666666666666666,strong,low,80,sparse,4
gamma_weak__noise_medium__T_80__density_sparse__seed_001,pcmci_dag,0.7417588915804955,0,1.0,0.99,215.75810896324515,268.42339927026615,0.16666666666666666,0.5556203774080123,0.5584037107413456,0.16666666666666666,0.16666666666666666,weak,medium,80,sparse,1
gamma_weak__noise_medium__T_80__density_sparse__seed_001,oracle_hybrid,0.7738308241043224,0,1.0,0.99,170.90771320452825,210.8406767713959,0.6666666666666666,0.43835441521742197,0.44393774855075546,0.6666666666666666,0.6666666666666666,weak,medium,80,sparse,1
gamma_weak__noise_medium__T_80__density_sparse__seed_001,hybrid,0.7712102341354572,0,1.0,0.99,175.17950027110908,232.57126728608728,0.6666666666666666,0.4501968460366386,0.455780179369972,0.6666666666666666,0.6666666666666666,weak,medium,80,sparse,1
gamma_weak__noise_medium__T_80__density_dense__seed_004,pcmci_dag,0.7650823718836609,0,1.0,0.99,240.3792010688791,315.7602113754462,0.3333333333333333,0.6837764003400282,0.6777597336733615,0.3333333333333333,0.3333333333333333,weak,medium,80,dense,4
gamma_weak__noise_medium__T_80__density_dense__seed_004,oracle_hybrid,0.765222597402505,0,1.0,0.99,229.79418573674636,282.2165571242188,0.8333333333333334,0.6532814932432317,0.6375981599098983,0.8333333333333334,0.8333333333333334,weak,medium,80,dense,4
gamma_weak__noise_medium__T_80__density_dense__seed_004,hybrid,0.7624250936040011,0,1.0,0.99,208.33396212873527,241.19973575232424,1.0,0.604282676433876,0.5885993431005426,1.0,1.0,weak,medium,80,dense,4
gamma_strong__noise_high__T_300__density_medium__seed_003,pcmci_dag,0.6343682294602339,0,1.0,0.99,2409.2582753770234,3361.550755132622,0.0,1.7372349614947176,1.6301682948280505,0.0,0.0,strong,high,300,medium,3
gamma_strong__noise_high__T_300__density_medium__seed_003,oracle_hybrid,0.6677236573736747,0,1.0,0.99,651.5930245969871,809.4080006660004,0.6666666666666666,0.5240679006932237,0.3992265453057109,0.6666666666666666,0.8333333333333334,strong,high,300,medium,3
gamma_strong__noise_high__T_300__density_medium__seed_003,hybrid,0.6653158462542118,0,1.0,0.99,704.0732505389324,858.8986574815917,0.6666666666666666,0.5857795723842454,0.4582624657951868,0.6666666666666666,0.8333333333333334,strong,high,300,medium,3
gamma_weak__noise_high__T_300__density_sparse__seed_005,pcmci_dag,0.6988331353060396,0,1.0,0.99,1591.5925606059975,1973.1510164855395,0.3333333333333333,1.042037245247761,1.0260539119144279,0.3333333333333333,0.3333333333333333,weak,high,300,sparse,5
gamma_weak__noise_high__T_300__density_sparse__seed_005,oracle_hybrid,0.7043027307057077,0,1.0,0.99,892.7977635447828,1045.993694971094,0.6666666666666666,0.6352117749242492,0.6287284415909159,0.6666666666666666,0.6666666666666666,weak,high,300,sparse,5
gamma_weak__noise_high__T_300__density_sparse__seed_005,hybrid,0.704345995028774,2,1.01,0.99,1179.3883609672205,1447.1860126212873,0.6666666666666666,0.8066772744476922,0.8001939411143587,0.6666666666666666,0.6666666666666666,weak,high,300,sparse,5
gamma_strong__noise_high__T_80__density_sparse__seed_005,pcmci_dag,0.7253308534174163,0,1.0,0.99,313.40160020894,388.88059857325453,0.5,0.8905329102974745,0.8639662436308079,0.5,0.5,strong,high,80,sparse,5
gamma_strong__noise_high__T_80__density_sparse__seed_005,oracle_hybrid,0.7496891457319929,0,1.0,0.99,311.5199954134754,406.03976268989163,0.6666666666666666,0.8826034795533592,0.8560368128866925,0.6666666666666666,0.6666666666666666,strong,high,80,sparse,5
gamma_strong__noise_high__T_80__density_sparse__seed_005,hybrid,0.7495345709466942,0,1.0,0.99,309.2688785274675,417.58353738666597,0.6666666666666666,0.8756114202631274,0.8490447535964606,0.6666666666666666,0.6666666666666666,strong,high,80,sparse,5
gamma_weak__noise_high__T_300__density_medium__seed_003,pcmci_dag,0.653185571661663,0,1.01,0.99,1377.4198636333822,1637.6219213294144,0.16666666666666666,1.0860581196568622,1.050558119656862,0.16666666666666666,0.16666666666666666,weak,high,300,medium,3
gamma_weak__noise_high__T_300__density_medium__seed_003,oracle_hybrid,0.6622013114423791,0,1.01,0.99,653.944111430505,817.368171006365,0.6666666666666666,0.542823006837433,0.508323006837433,0.6666666666666666,0.6666666666666666,weak,high,300,medium,3
gamma_weak__noise_high__T_300__density_medium__seed_003,hybrid,0.6605905912381673,1,1.0,0.99,820.6975231397547,958.714607756254,0.6666666666666666,0.650513295695428,0.6160132956954281,0.6666666666666666,0.6666666666666666,weak,high,300,medium,3
gamma_strong__noise_low__T_80__density_medium__seed_002,pcmci_dag,0.7534809793109325,0,1.0,0.99,336.0125987786776,374.68605910651235,0.0,0.9934143617271064,0.9437810283937731,0.0,0.0,strong,low,80,medium,2
gamma_strong__noise_low__T_80__density_medium__seed_002,oracle_hybrid,0.8468314498517545,3,1.0,0.99,192.12343113572993,275.20839210280377,0.8333333333333334,0.48705435096897864,0.5960613837435292,0.8333333333333334,0.6666666666666666,strong,low,80,medium,2
gamma_strong__noise_low__T_80__density_medium__seed_002,hybrid,0.8485841006682676,1,1.0,0.99,197.30999419775563,280.9633555042641,0.8333333333333334,0.5036168834494898,0.6116427312792226,0.8333333333333334,0.8333333333333334,strong,low,80,medium,2
gamma_weak__noise_high__T_156__density_sparse__seed_005,pcmci_dag,0.5440760508649876,0,1.01,0.99,607.2845453549826,818.5937865746663,0.5,0.7866835581764967,0.7685168915098303,0.5,0.5,weak,high,156,sparse,5
gamma_weak__noise_high__T_156__density_sparse__seed_005,oracle_hybrid,0.5875097659060263,0,1.01,0.99,328.935486536012,440.21822566546876,0.6666666666666666,0.47587302493822675,0.4672730249382269,0.6666666666666666,0.6666666666666666,weak,high,156,sparse,5
gamma_weak__noise_high__T_156__density_sparse__seed_005,hybrid,0.5862958770934588,1,1.0,0.99,621.3775081030955,856.6700402633109,0.6666666666666666,0.7851434660566428,0.7765434660566427,0.6666666666666666,0.6666666666666666,weak,high,156,sparse,5
gamma_weak__noise_medium__T_80__density_dense__seed_001,pcmci_dag,0.743696058869923,0,1.0,0.99,223.60571754227843,268.24008043764013,0.0,0.5759278626580526,0.5757278626580526,0.0,0.0,weak,medium,80,dense,1
gamma_weak__noise_medium__T_80__density_dense__seed_001,oracle_hybrid,0.7695422060658412,0,1.01,0.99,179.59610177105844,237.58833035685447,0.6666666666666666,0.4612369153559173,0.4701369153559172,0.6666666666666666,0.6666666666666666,weak,medium,80,dense,1
gamma_weak__noise_medium__T_80__density_dense__seed_001,hybrid,0.7740490339149446,0,1.0,0.99,170.73198909545647,221.41911145236816,0.6666666666666666,0.43942122212147255,0.4483212221214725,0.6666666666666666,0.6666666666666666,weak,medium,80,dense,1
gamma_medium__noise_low__T_300__density_medium__seed_005,pcmci_dag,0.8907370477406118,0,1.0,0.99,947.7059165453029,1192.1451656957324,0.5,0.6352342027605825,0.5706161088528418,0.5,0.6666666666666666,medium,low,300,medium,5
gamma_medium__noise_low__T_300__density_medium__seed_005,oracle_hybrid,0.8917154012525393,5,1.01,0.99,446.4244716619011,499.3445184367246,0.8333333333333334,0.33123702068595845,0.29673834818524353,0.8333333333333334,0.8333333333333334,medium,low,300,medium,5
gamma_medium__noise_low__T_300__density_medium__seed_005,hybrid,0.891663069536783,14,1.01,0.99,801.7565522548348,1019.4247527084419,0.6666666666666666,0.5639545606042791,0.5225712272709456,0.6666666666666666,0.8333333333333334,medium,low,300,medium,5
gamma_strong__noise_high__T_80__density_sparse__seed_003,pcmci_dag,0.4204615765820644,0,1.0,0.99,364.0900000000001,424.5346984248363,0.16666666666666666,1.3592333333333333,1.25005,0.16666666666666666,0.16666666666666666,strong,high,80,sparse,3
gamma_strong__noise_high__T_80__density_sparse__seed_003,oracle_hybrid,0.6995237380606514,0,1.0,0.99,390.0511909157372,471.89594979311244,0.8333333333333334,1.1025674889641353,1.043417488964135,0.8333333333333334,0.8333333333333334,strong,high,80,sparse,3
gamma_strong__noise_high__T_80__density_sparse__seed_003,hybrid,0.6989361514425669,0,1.0,0.99,420.19275791776795,483.79242847049045,0.8333333333333334,1.242643335172713,1.1965386346764113,0.8333333333333334,0.8333333333333334,strong,high,80,sparse,3
gamma_medium__noise_low__T_300__density_medium__seed_001,pcmci_dag,0.8825757002705359,0,1.0,0.99,1027.6191374315954,1526.680972605013,0.3333333333333333,0.6573445027436939,0.5945565252969938,0.3333333333333333,0.5,medium,low,300,medium,1
gamma_medium__noise_low__T_300__density_medium__seed_001,oracle_hybrid,0.8843753662866489,3,1.0,0.99,659.3312437544014,825.1832659255887,0.8333333333333334,0.43608734853026204,0.4006540151969287,0.8333333333333334,0.8333333333333334,medium,low,300,medium,1
gamma_medium__noise_low__T_300__density_medium__seed_001,hybrid,0.8849842512611998,6,1.0,0.99,685.8192436406813,869.9904585299718,0.8333333333333334,0.45053882728710026,0.41510549395376706,0.8333333333333334,0.6666666666666666,medium,low,300,medium,1
gamma_weak__noise_medium__T_80__density_medium__seed_002,pcmci_dag,0.6941344020484393,0,1.0,0.99,329.2542507131809,397.226127212113,0.0,0.9792245109337402,0.9744745109337402,0.0,0.0,weak,medium,80,medium,2
gamma_weak__noise_medium__T_80__density_medium__seed_002,oracle_hybrid,0.7783642258972613,1,1.01,0.99,218.9485202221381,318.05693625902416,0.8333333333333334,0.5652826011964485,0.5724260759327389,0.8333333333333334,0.8333333333333334,weak,medium,80,medium,2
gamma_weak__noise_medium__T_80__density_medium__seed_002,hybrid,0.7794735430230892,0,1.01,0.99,212.6874795685725,309.03205191309445,1.0,0.5445160708345672,0.5564994041679004,1.0,0.8333333333333334,weak,medium,80,medium,2
gamma_medium__noise_medium__T_80__density_medium__seed_003,pcmci_dag,0.5157783227917228,0,1.0,0.99,378.88000000000005,438.64690473470046,0.0,1.4200833333333334,1.2851333333333332,0.0,0.0,medium,medium,80,medium,3
gamma_medium__noise_medium__T_80__density_medium__seed_003,oracle_hybrid,0.8074332561929852,2,1.0,0.99,318.9541982653155,361.74695229314983,0.8333333333333334,0.9341822071781897,0.8274322071781898,0.8333333333333334,0.8333333333333334,medium,medium,80,medium,3
gamma_medium__noise_medium__T_80__density_medium__seed_003,hybrid,0.8086539480318811,1,1.0,0.99,369.9350828476718,504.95227760835314,0.8333333333333334,1.062530610422061,0.9557806104220611,0.8333333333333334,0.8333333333333334,medium,medium,80,medium,3
gamma_strong__noise_medium__T_156__density_sparse__seed_002,pcmci_dag,0.7114456197039932,0,1.02,0.99,669.4304748338072,859.8616522207262,0.3333333333333333,1.0520309732913826,1.0408690267086171,0.3333333333333333,0.3333333333333333,strong,medium,156,sparse,2
gamma_strong__noise_medium__T_156__density_sparse__seed_002,oracle_hybrid,0.7440704143206128,1,1.01,0.99,296.3154125609448,314.6737581545568,0.8333333333333334,0.46349208234154005,0.4245587490082066,0.8333333333333334,0.8333333333333334,strong,medium,156,sparse,2
gamma_strong__noise_medium__T_156__density_sparse__seed_002,hybrid,0.7445337263103327,1,1.0,0.99,319.6655044097641,349.2629263585515,0.8333333333333334,0.48440492124009293,0.4454715879067595,0.8333333333333334,0.8333333333333334,strong,medium,156,sparse,2
gamma_medium__noise_medium__T_80__density_dense__seed_003,pcmci_dag,0.5168099107013302,0,1.0,0.99,392.34833333333336,436.79359662202006,0.0,1.4451166666666666,1.2533333333333334,0.0,0.0,medium,medium,80,dense,3
gamma_medium__noise_medium__T_80__density_dense__seed_003,oracle_hybrid,0.8080443785519693,0,1.0,0.99,234.41937063979722,284.5255651251072,1.0,0.7056510862877139,0.618889781962855,1.0,1.0,medium,medium,80,dense,3
gamma_medium__noise_medium__T_80__density_dense__seed_003,hybrid,0.8075122612977662,0,1.0,0.99,337.04533780192884,386.61439404513584,0.6666666666666666,1.0235504345744284,0.8923337679077615,0.6666666666666666,0.6666666666666666,medium,medium,80,dense,3
gamma_strong__noise_high__T_80__density_medium__seed_003,pcmci_dag,0.4314738319151229,0,1.0,0.99,384.80333333333334,427.9349816268822,0.0,1.4378166666666665,1.1880666666666666,0.0,0.0,strong,high,80,medium,3
gamma_strong__noise_high__T_80__density_medium__seed_003,oracle_hybrid,0.7018759514139373,0,1.0,0.99,329.93206582540523,387.8783850029697,0.8333333333333334,0.9444957092843632,1.0314790426176967,0.8333333333333334,0.8333333333333334,strong,high,80,medium,3
gamma_strong__noise_high__T_80__density_medium__seed_003,hybrid,0.6980823545036371,0,1.0,0.99,337.79588819992904,388.0570261850581,1.0,0.9905782303044522,0.9303814348774072,1.0,0.8333333333333334,strong,high,80,medium,3
gamma_medium__noise_medium__T_80__density_sparse__seed_002,pcmci_dag,0.6894006379746219,0,1.0,0.99,335.975539289796,402.9358512969157,0.16666666666666666,1.0014054922939184,0.9694388256272516,0.16666666666666666,0.16666666666666666,medium,medium,80,sparse,2
gamma_medium__noise_medium__T_80__density_sparse__seed_002,oracle_hybrid,0.7749757827329974,0,1.0,0.99,170.6090889732629,250.08397042523814,0.8333333333333334,0.4556105183185903,0.4875771849852569,0.8333333333333334,0.8333333333333334,medium,medium,80,sparse,2
gamma_medium__noise_medium__T_80__density_sparse__seed_002,hybrid,0.7781662786077578,1,1.01,0.99,188.36971130827467,257.2566990727474,0.8333333333333334,0.5008848905902225,0.5328515572568893,0.8333333333333334,0.8333333333333334,medium,medium,80,sparse,2
gamma_weak__noise_high__T_80__density_dense__seed_003,pcmci_dag,0.5813351855443327,0,1.0,0.99,631.2352604957513,970.0641321151579,0.16666666666666666,1.9166752363163713,1.8566585696497044,0.16666666666666666,0.16666666666666666,weak,high,80,dense,3
gamma_weak__noise_high__T_80__density_dense__seed_003,oracle_hybrid,0.6988247045643877,0,1.0,0.99,316.0091617277175,370.616331712343,0.8333333333333334,0.9137020060728444,0.8595520060728443,0.8333333333333334,0.8333333333333334,weak,high,80,dense,3
gamma_weak__noise_high__T_80__density_dense__seed_003,hybrid,0.6981775115395356,0,1.0,0.99,400.8951429980586,521.6730943458476,1.0,1.0749786277026356,1.0208286277026355,1.0,1.0,weak,high,80,dense,3
gamma_medium__noise_high__T_80__density_medium__seed_002,pcmci_dag,0.5863522857545078,0,1.01,0.99,331.0240564624687,386.1309664671623,0.0,0.9817255066471876,0.9627088399805208,0.0,0.0,medium,high,80,medium,2
gamma_medium__noise_high__T_80__density_medium__seed_002,oracle_hybrid,0.6752601195399808,0,1.0,0.99,205.58705960185287,294.4613289532104,0.8333333333333334,0.5476890935707323,0.6009724269040656,0.8333333333333334,0.8333333333333334,medium,high,80,medium,2
gamma_medium__noise_high__T_80__density_medium__seed_002,hybrid,0.6740458083472927,0,1.0,0.99,199.30153133893444,268.81022159023587,1.0,0.5347230732733466,0.58800640660668,1.0,1.0,medium,high,80,medium,2
gamma_strong__noise_low__T_80__density_medium__seed_005,pcmci_dag,0.8695475374368458,0,1.01,0.99,304.70181407008295,335.4857499436978,0.16666666666666666,0.876703211212897,0.8536698778795636,0.16666666666666666,0.0,strong,low,80,medium,5
gamma_strong__noise_low__T_80__density_medium__seed_005,oracle_hybrid,0.9028369126004369,0,1.0,0.99,252.84609462389844,328.69387731176,0.6666666666666666,0.7376367104099981,0.6868700437433314,0.6666666666666666,0.6666666666666666,strong,low,80,medium,5
gamma_strong__noise_low__T_80__density_medium__seed_005,hybrid,0.9023559261234543,0,1.0,0.99,218.68385686451563,250.13602546830614,0.6666666666666666,0.6492072023766424,0.5984405357099758,0.6666666666666666,0.8333333333333334,strong,low,80,medium,5
gamma_strong__noise_low__T_156__density_dense__seed_003,pcmci_dag,0.817676048798896,0,1.0,0.99,1123.3617896011992,1346.6313041391234,0.3333333333333333,1.8333375064855668,1.6789041731522338,0.3333333333333333,0.0,strong,low,156,dense,3
gamma_strong__noise_low__T_156__density_dense__seed_003,oracle_hybrid,0.8803283034576249,6,1.01,0.99,303.15785791484063,385.97885941338666,1.0,0.4187631682721715,0.7337461517567273,1.0,0.8333333333333334,strong,low,156,dense,3
gamma_strong__noise_low__T_156__density_dense__seed_003,hybrid,0.880329341694675,3,1.01,0.99,332.0130521300413,404.8485716346302,0.8333333333333334,0.5393926995420556,0.47925124837339855,0.8333333333333334,0.8333333333333334,strong,low,156,dense,3
gamma_strong__noise_medium__T_300__density_medium__seed_004,pcmci_dag,0.8303302290998597,0,1.0,0.99,1483.5733771529003,2257.7508754009327,0.3333333333333333,0.9909553068680416,0.9024053068680414,0.3333333333333333,0.3333333333333333,strong,medium,300,medium,4
gamma_strong__noise_medium__T_300__density_medium__seed_004,oracle_hybrid,0.8349950724853658,1,1.0,0.99,728.1448156860716,928.8655151109152,0.6666666666666666,0.5202390014073951,0.4316890014073951,0.6666666666666666,1.0,strong,medium,300,medium,4
gamma_strong__noise_medium__T_300__density_medium__seed_004,hybrid,0.8355002405674276,1,1.0,0.99,692.6198507386795,856.6339664968153,0.8333333333333334,0.5005420017090674,0.41199200170906725,0.8333333333333334,0.8333333333333334,strong,medium,300,medium,4
gamma_weak__noise_high__T_156__density_medium__seed_004,pcmci_dag,0.5293549624084342,0,1.0,0.99,1096.0567382892452,1614.0428775443,0.0,1.3707849151700093,1.353084915170009,0.0,0.0,weak,high,156,medium,4
gamma_weak__noise_high__T_156__density_medium__seed_004,oracle_hybrid,0.6763503661510003,2,1.0,0.99,193.2919870012702,241.40249991420194,0.8333333333333334,0.2631472027186877,0.2808472027186877,0.8333333333333334,0.8333333333333334,weak,high,156,medium,4
gamma_weak__noise_high__T_156__density_medium__seed_004,hybrid,0.6747037730437646,0,1.0,0.99,174.2989208962019,217.81687443207318,1.0,0.23669232718767896,0.24169232718767897,1.0,1.0,weak,high,156,medium,4
gamma_strong__noise_low__T_156__density_sparse__seed_001,pcmci_dag,0.832672233743808,0,1.01,0.99,372.2415983853355,469.5966895168102,0.8333333333333334,0.5416153534518723,0.5764820201185388,0.8333333333333334,0.8333333333333334,strong,low,156,sparse,1
gamma_strong__noise_low__T_156__density_sparse__seed_001,oracle_hybrid,0.8914995692739475,5,1.01,0.99,273.59571075366205,307.4492125136844,0.5,0.38245672563237565,0.347590058965709,0.5,0.5,strong,low,156,sparse,1
gamma_strong__noise_low__T_156__density_sparse__seed_001,hybrid,0.8916003245554953,4,1.0,0.99,532.9954178956027,708.0094773658948,0.3333333333333333,0.751845634565235,0.7169789678985682,0.3333333333333333,0.3333333333333333,strong,low,156,sparse,1
gamma_weak__noise_low__T_156__density_medium__seed_002,pcmci_dag,0.785173685888987,0,1.0,0.99,715.8120034033103,936.6630845633904,0.16666666666666666,1.1467392276750543,1.1071892276750543,0.16666666666666666,0.16666666666666666,weak,low,156,medium,2
gamma_weak__noise_low__T_156__density_medium__seed_002,oracle_hybrid,0.8271848703608903,4,1.01,0.99,322.5391256178509,389.713968425601,0.8333333333333334,0.48448654802198227,0.4520236659311892,0.8333333333333334,0.8333333333333334,weak,low,156,medium,2
gamma_weak__noise_low__T_156__density_medium__seed_002,hybrid,0.8265145156079662,0,1.0,0.99,372.03851621583385,428.2570918704937,0.8333333333333334,0.561675917066052,0.5231925837327187,0.8333333333333334,0.8333333333333334,weak,low,156,medium,2
gamma_weak__noise_medium__T_300__density_medium__seed_001,pcmci_dag,0.8102155384347026,0,1.0,0.99,1031.2613055005077,1324.3278033589404,0.3333333333333333,0.6854510488405877,0.6632677155072543,0.3333333333333333,0.3333333333333333,weak,medium,300,medium,1
gamma_weak__noise_medium__T_300__density_medium__seed_001,oracle_hybrid,0.814950321136348,4,1.0,0.99,572.984634855312,630.3862869827904,0.8333333333333334,0.40009007335237023,0.38564007335237016,0.8333333333333334,0.8333333333333334,weak,medium,300,medium,1
gamma_weak__noise_medium__T_300__density_medium__seed_001,hybrid,0.8138705413052574,5,1.0,0.99,540.3961375839507,592.5229462724151,0.8333333333333334,0.38260811833179487,0.36815811833179485,0.8333333333333334,0.8333333333333334,weak,medium,300,medium,1
gamma_medium__noise_low__T_80__density_medium__seed_003,pcmci_dag,0.5770664088314009,0,1.0,0.99,378.88000000000005,438.64690473470046,0.0,1.4200833333333334,1.2851333333333332,0.0,0.0,medium,low,80,medium,3
gamma_medium__noise_low__T_80__density_medium__seed_003,oracle_hybrid,0.8784304164791578,1,1.0,0.99,306.0802597266184,362.0971111605605,0.8333333333333334,0.9039941639466608,0.7972441639466609,0.8333333333333334,0.8333333333333334,medium,low,80,medium,3
gamma_medium__noise_low__T_80__density_medium__seed_003,hybrid,0.8779958880429866,0,1.0,0.99,372.6183333116799,534.5227010948474,0.6666666666666666,1.093081929533007,0.9863319295330069,0.6666666666666666,0.6666666666666666,medium,low,80,medium,3
gamma_strong__noise_low__T_156__density_medium__seed_003,pcmci_dag,0.8066817618990105,0,1.0,0.99,971.9604617870622,1256.7220528836356,0.3333333333333333,1.6169535158365527,1.4750035158365524,0.3333333333333333,0.3333333333333333,strong,low,156,medium,3
gamma_strong__noise_low__T_156__density_medium__seed_003,oracle_hybrid,0.8762815184047077,2,1.01,0.99,240.86109906994412,300.79305308981156,1.0,0.3504439017679268,0.4402787000395724,1.0,1.0,strong,low,156,medium,3
gamma_strong__noise_low__T_156__density_medium__seed_003,hybrid,0.8766438019338915,3,1.01,0.99,264.7368565357865,310.41431026506405,1.0,0.41690427757940157,0.35785463872930773,1.0,1.0,strong,low,156,medium,3
gamma_weak__noise_medium__T_300__density_dense__seed_005,pcmci_dag,0.8169671694473961,0,1.01,0.99,1232.7388788649353,1692.549779354034,0.3333333333333333,0.8185071686843058,0.7994238353509724,0.3333333333333333,0.3333333333333333,weak,medium,300,dense,5
gamma_weak__noise_medium__T_300__density_dense__seed_005,oracle_hybrid,0.8228868259580033,2,1.01,0.99,690.4533052758234,790.3359011497951,0.8333333333333334,0.49742539774520694,0.4727087310785403,0.8333333333333334,0.8333333333333334,weak,medium,300,dense,5
gamma_weak__noise_medium__T_300__density_dense__seed_005,hybrid,0.8232208776220068,1,1.01,0.99,567.117031957031,671.4034896388672,0.8333333333333334,0.40776076237894526,0.38304409571227865,0.8333333333333334,0.8333333333333334,weak,medium,300,dense,5
gamma_strong__noise_medium__T_80__density_medium__seed_001,pcmci_dag,0.739235665108004,0,1.01,0.99,231.5332428840079,258.3971202753127,0.0,0.5951492401664937,0.5706825734998271,0.0,0.0,strong,medium,80,medium,1
gamma_strong__noise_medium__T_80__density_medium__seed_001,oracle_hybrid,0.7733379023108069,1,1.0,0.99,158.74783648030385,228.66819294180834,0.8333333333333334,0.4150354247934917,0.44173542479349176,0.8333333333333334,0.8333333333333334,strong,medium,80,medium,1
gamma_strong__noise_medium__T_80__density_medium__seed_001,hybrid,0.7748716759202576,1,1.0,0.99,196.9648918102587,280.02635120056874,0.6666666666666666,0.5119011712211585,0.5386011712211586,0.6666666666666666,0.6666666666666666,strong,medium,80,medium,1
gamma_strong__noise_medium__T_300__density_sparse__seed_005,pcmci_dag,0.8201737571376143,0,1.0,0.99,812.3212277064072,1053.4357344706748,0.5,0.5517400355749946,0.498373647685772,0.5,0.6666666666666666,strong,medium,300,sparse,5
gamma_strong__noise_medium__T_300__density_sparse__seed_005,oracle_hybrid,0.8208830587726341,4,1.0,0.99,464.7720388284195,543.1330880329325,0.6666666666666666,0.3603434548468234,0.3399934548468235,0.6666666666666666,0.6666666666666666,strong,medium,300,sparse,5
gamma_strong__noise_medium__T_300__density_sparse__seed_005,hybrid,0.8208383063302478,1,1.0,0.99,859.9442277450421,1133.6954126462458,0.6666666666666666,0.6164420189850871,0.5960920189850872,0.6666666666666666,0.8333333333333334,strong,medium,300,sparse,5
gamma_medium__noise_medium__T_156__density_dense__seed_003,pcmci_dag,0.7265309429219963,0,1.0,0.99,926.318423630004,1084.1185814312703,0.3333333333333333,1.63537879235282,1.4843787923528202,0.3333333333333333,0.3333333333333333,medium,medium,156,dense,3
gamma_medium__noise_medium__T_156__density_dense__seed_003,oracle_hybrid,0.8154904576471751,0,1.0,0.99,212.05080716741213,248.4105712649689,1.0,0.3137698058868337,0.3789464212573222,1.0,1.0,medium,medium,156,dense,3
gamma_medium__noise_medium__T_156__density_dense__seed_003,hybrid,0.815982210407507,0,1.0,0.99,233.4664606539444,247.76180232234202,1.0,0.3566328568245571,0.32446486004864267,1.0,1.0,medium,medium,156,dense,3
gamma_weak__noise_medium__T_156__density_sparse__seed_002,pcmci_dag,0.7222001669490232,0,1.0,0.99,700.1757471330097,931.8302530084401,0.3333333333333333,1.115091738031754,1.0988750713650874,0.3333333333333333,0.3333333333333333,weak,medium,156,sparse,2
gamma_weak__noise_medium__T_156__density_sparse__seed_002,oracle_hybrid,0.7455608719303933,5,1.0,0.99,297.2897401101655,329.07691008896217,0.8333333333333334,0.4750044188553884,0.4619793593150115,0.8333333333333334,0.8333333333333334,weak,medium,156,sparse,2
gamma_weak__noise_medium__T_156__density_sparse__seed_002,hybrid,0.7445211684562223,2,1.0,0.99,289.48749558475856,309.670215768647,0.8333333333333334,0.4627010986041398,0.44648443193747306,0.8333333333333334,0.8333333333333334,weak,medium,156,sparse,2
gamma_strong__noise_high__T_300__density_sparse__seed_001,pcmci_dag,0.7034602184908798,0,1.0,0.99,826.2390893199095,1316.2033972488184,0.8333333333333334,0.5287983583080913,0.6091483583080913,0.8333333333333334,0.8333333333333334,strong,high,300,sparse,1
gamma_strong__noise_high__T_300__density_sparse__seed_001,oracle_hybrid,0.7059849810173076,1,1.0,0.99,652.6250505850397,772.0293256560315,0.6666666666666666,0.46134167831504486,0.5416916783150448,0.6666666666666666,0.5,strong,high,300,sparse,1
gamma_strong__noise_high__T_300__density_sparse__seed_001,hybrid,0.7046755969682567,0,1.0,0.99,707.3524170379287,809.2597987157544,0.6666666666666666,0.4923816705146799,0.5727316705146799,0.6666666666666666,0.5,strong,high,300,sparse,1
gamma_strong__noise_medium__T_80__density_dense__seed_003,pcmci_dag,0.5244564702759458,0,1.0,0.99,403.6583333333333,430.5662873279019,0.0,1.4671666666666665,1.1113333333333335,0.0,0.0,strong,medium,80,dense,3
gamma_strong__noise_medium__T_80__density_dense__seed_003,oracle_hybrid,0.8075705237165559,0,1.0,0.99,210.4395532668518,297.7683130062334,1.0,0.6220107387249016,0.7886692424259191,1.0,0.8333333333333334,strong,medium,80,dense,3
gamma_strong__noise_medium__T_80__density_dense__seed_003,hybrid,0.806702740239105,0,1.0,0.99,225.69318755716617,309.30913618314236,1.0,0.6921793305419005,0.749730611523904,1.0,0.8333333333333334,strong,medium,80,dense,3
gamma_medium__noise_medium__T_156__density_dense__seed_001,pcmci_dag,0.532221590332428,0,1.0,0.99,827.2466666666666,913.3877619061907,0.0,1.1806333333333334,1.0570666666666668,0.0,0.0,medium,medium,156,dense,1
gamma_medium__noise_medium__T_156__density_dense__seed_001,oracle_hybrid,0.8309546482775235,0,1.0,0.99,319.114688914061,360.2014980472794,0.8333333333333334,0.44844803751730994,0.44634803751730995,0.8333333333333334,0.6666666666666666,medium,medium,156,dense,1
gamma_medium__noise_medium__T_156__density_dense__seed_001,hybrid,0.8301207548936415,0,1.0,0.99,586.1503182541448,814.3522161851276,0.6666666666666666,0.8380285442860288,0.835928544286029,0.6666666666666666,0.5,medium,medium,156,dense,1
gamma_strong__noise_low__T_300__density_dense__seed_004,pcmci_dag,0.8607621235693163,0,1.0,0.99,1373.0586559665778,1594.2054821123093,0.16666666666666666,0.949482721487024,0.9482660548203573,0.16666666666666666,0.0,strong,low,300,dense,4
gamma_strong__noise_low__T_300__density_dense__seed_004,oracle_hybrid,0.9015322789447684,927,1.59,0.99,607.2823092040627,779.7391724330885,0.3333333333333333,0.4350877415276923,0.34720099855749154,0.3333333333333333,0.6666666666666666,strong,low,300,dense,4
gamma_strong__noise_low__T_300__density_dense__seed_004,hybrid,0.9006698909473577,4,1.01,0.99,687.1533267325349,885.2293028154147,0.5,0.4846854842618414,0.3829893382205674,0.5,0.6666666666666666,strong,low,300,dense,4
gamma_medium__noise_low__T_300__density_medium__seed_004,pcmci_dag,0.8647487277064412,0,1.0,0.99,1281.9466034526347,1668.7636260209165,0.16666666666666666,0.902514798918868,0.9000981322522011,0.16666666666666666,0.16666666666666666,medium,low,300,medium,4
gamma_medium__noise_low__T_300__density_medium__seed_004,oracle_hybrid,0.8980606386594474,2,1.01,0.99,459.83471526492826,570.1218601719534,0.8333333333333334,0.35883082243287046,0.2943719339025773,0.8333333333333334,0.8333333333333334,medium,low,300,medium,4
gamma_medium__noise_low__T_300__density_medium__seed_004,hybrid,0.8979962168582876,9,1.01,0.99,523.6442856460649,639.1642368023471,0.6666666666666666,0.40875358139384427,0.3377098766868197,0.6666666666666666,0.6666666666666666,medium,low,300,medium,4
gamma_medium__noise_low__T_300__density_dense__seed_001,pcmci_dag,0.8826330863732403,0,1.01,0.99,882.5475852896374,1244.502108431708,0.5,0.5756172102890975,0.5701177160406662,0.5,0.5,medium,low,300,dense,1
gamma_medium__noise_low__T_300__density_dense__seed_001,oracle_hybrid,0.8846340250107761,3,1.0,0.99,530.9445665530089,608.3051289245748,0.8333333333333334,0.3603483872659312,0.39117647519684323,0.8333333333333334,0.6666666666666666,medium,low,300,dense,1
gamma_medium__noise_low__T_300__density_dense__seed_001,hybrid,0.8847266382160099,3,1.0,0.99,502.5197056102209,573.386256597184,0.6666666666666666,0.3446837303391448,0.3846707906581419,0.6666666666666666,0.6666666666666666,medium,low,300,dense,1
gamma_weak__noise_medium__T_156__density_sparse__seed_001,pcmci_dag,0.7597034285213449,1,1.01,0.99,440.6306896961086,552.4034095755874,0.6666666666666666,0.6562325698925987,0.664715903225932,0.6666666666666666,0.6666666666666666,weak,medium,156,sparse,1
gamma_weak__noise_medium__T_156__density_sparse__seed_001,oracle_hybrid,0.8310607022353496,0,1.0,0.99,306.08413075920043,340.864771045388,0.6666666666666666,0.4355387337601872,0.4270554004268539,0.6666666666666666,0.6666666666666666,weak,medium,156,sparse,1
gamma_weak__noise_medium__T_156__density_sparse__seed_001,hybrid,0.8313083099352226,0,1.0,0.99,618.0478853455852,881.8091313293548,0.3333333333333333,0.8825866704229594,0.874103337089626,0.3333333333333333,0.3333333333333333,weak,medium,156,sparse,1
gamma_medium__noise_medium__T_80__density_sparse__seed_005,pcmci_dag,0.8189267231728936,0,1.0,0.99,330.9388172485371,398.7530217688799,0.3333333333333333,0.9695150928877861,0.9337150928877862,0.3333333333333333,0.3333333333333333,medium,medium,80,sparse,5
gamma_medium__noise_medium__T_80__density_sparse__seed_005,oracle_hybrid,0.8428372652532676,0,1.0,0.99,291.9909250427683,374.51873578932344,0.6666666666666666,0.8382454181579413,0.8212454181579415,0.6666666666666666,0.6666666666666666,medium,medium,80,sparse,5
gamma_medium__noise_medium__T_80__density_sparse__seed_005,hybrid,0.8438941628588866,0,1.0,0.99,318.22513474313087,389.5689199255857,0.6666666666666666,0.880551317714161,0.863551317714161,0.6666666666666666,0.6666666666666666,medium,medium,80,sparse,5
gamma_medium__noise_high__T_156__density_sparse__seed_005,pcmci_dag,0.5786695913075467,0,1.0,0.99,804.6911581342448,1208.4355584855023,0.3333333333333333,1.0314384458376114,1.0108217791709448,0.3333333333333333,0.5,medium,high,156,sparse,5
gamma_medium__noise_high__T_156__density_sparse__seed_005,oracle_hybrid,0.5845915951091666,0,1.01,0.99,339.73635601910314,458.9758407091033,0.6666666666666666,0.4919872234044944,0.4713705567378277,0.6666666666666666,0.6666666666666666,medium,high,156,sparse,5
gamma_medium__noise_high__T_156__density_sparse__seed_005,hybrid,0.5853909592847382,0,1.0,0.99,691.9311937324273,906.4566454434505,0.5,0.8860013067103772,0.8653846400437103,0.5,0.5,medium,high,156,sparse,5
gamma_medium__noise_low__T_300__density_sparse__seed_001,pcmci_dag,0.8811092523715919,1,1.01,0.99,775.6284050998111,1222.8875788190608,0.6666666666666666,0.49324574599376253,0.4537124126604291,0.6666666666666666,0.6666666666666666,medium,low,300,sparse,1
gamma_medium__noise_low__T_300__density_sparse__seed_001,oracle_hybrid,0.8830737814172069,6,1.01,0.99,591.2798823299455,654.0065840189645,0.6666666666666666,0.40472518022367393,0.3907251802236739,0.6666666666666666,0.5,medium,low,300,sparse,1
gamma_medium__noise_low__T_300__density_sparse__seed_001,hybrid,0.8829745111924645,4,1.0,0.99,593.7433736592099,651.6668071170391,0.6666666666666666,0.40393287917668147,0.38993287917668146,0.6666666666666666,0.5,medium,low,300,sparse,1
gamma_medium__noise_high__T_300__density_dense__seed_002,pcmci_dag,0.6296308639509175,0,1.01,0.99,1805.0883333333334,1999.2262118754845,0.0,1.3413333333333333,1.2183666666666666,0.0,0.0,medium,high,300,dense,2
gamma_medium__noise_high__T_300__density_dense__seed_002,oracle_hybrid,0.7030154213558016,1,1.01,0.99,1093.435770789577,1250.1619140980981,0.6666666666666666,0.7622158443433257,0.7179825110099922,0.6666666666666666,0.6666666666666666,medium,high,300,dense,2
gamma_medium__noise_high__T_300__density_dense__seed_002,hybrid,0.7042073039202507,1,1.0,0.99,1093.8248817586673,1199.5181359829248,0.6666666666666666,0.7767639642378456,0.7325306309045123,0.6666666666666666,0.8333333333333334,medium,high,300,dense,2
gamma_medium__noise_medium__T_156__density_sparse__seed_004,pcmci_dag,0.7493738568113961,0,1.0,0.99,597.133781306688,739.9317073474572,0.16666666666666666,0.7778702465181274,0.7928869131847942,0.16666666666666666,0.16666666666666666,medium,medium,156,sparse,4
gamma_medium__noise_medium__T_156__density_sparse__seed_004,oracle_hybrid,0.8003565272203614,1,1.0,0.99,205.67186128070662,235.1326992792331,0.8333333333333334,0.2727313473465874,0.30744801401325406,0.8333333333333334,0.8333333333333334,medium,medium,156,sparse,4
gamma_medium__noise_medium__T_156__density_sparse__seed_004,hybrid,0.7993048618979836,1,1.0,0.99,209.6623634952061,241.34778757327913,0.6666666666666666,0.2761633075089418,0.3108799741756085,0.6666666666666666,0.6666666666666666,medium,medium,156,sparse,4
gamma_weak__noise_low__T_156__density_sparse__seed_003,pcmci_dag,0.7870039164924348,0,1.0,0.99,810.4734745778666,980.7033939680495,0.3333333333333333,1.5127430058412614,1.479459672507928,0.3333333333333333,0.3333333333333333,weak,low,156,sparse,3
gamma_weak__noise_low__T_156__density_sparse__seed_003,oracle_hybrid,0.8786916162597822,0,1.01,0.99,203.82590045631477,277.29768981481806,0.8333333333333334,0.314327689284446,0.2810443559511127,0.8333333333333334,0.8333333333333334,weak,low,156,sparse,3
gamma_weak__noise_low__T_156__density_sparse__seed_003,hybrid,0.8788595123759338,1,1.01,0.99,217.89540976021,279.9607352284355,0.6666666666666666,0.336432710913396,0.30314937758006266,0.6666666666666666,0.6666666666666666,weak,low,156,sparse,3
gamma_strong__noise_low__T_156__density_dense__seed_005,pcmci_dag,0.828563938777117,0,1.0,0.99,800.0236443177522,1112.1405001168923,0.16666666666666666,1.0005727262585615,0.9474060595918948,0.16666666666666666,0.3333333333333333,strong,low,156,dense,5
gamma_strong__noise_low__T_156__density_dense__seed_005,oracle_hybrid,0.8334955244238095,2,1.0,0.99,293.9920268860297,378.5525687313074,0.8333333333333334,0.4026236204508664,0.43076574966647224,0.8333333333333334,0.8333333333333334,strong,low,156,dense,5
gamma_strong__noise_low__T_156__density_dense__seed_005,hybrid,0.8360754955442009,4,1.01,0.99,551.5671944076738,712.8914394605786,0.6666666666666666,0.7036407207834644,0.6504740541167978,0.6666666666666666,0.5,strong,low,156,dense,5
gamma_medium__noise_medium__T_80__density_medium__seed_004,pcmci_dag,0.7657772547391553,0,1.0,0.99,392.6190608095962,597.7747127524942,0.3333333333333333,1.058099561812229,1.0244328951455626,0.3333333333333333,0.3333333333333333,medium,medium,80,medium,4
gamma_medium__noise_medium__T_80__density_medium__seed_004,oracle_hybrid,0.7685627091780073,0,1.0,0.99,240.85598296448856,287.41648475840583,1.0,0.6749732974555473,0.6413066307888807,1.0,1.0,medium,medium,80,medium,4
gamma_medium__noise_medium__T_80__density_medium__seed_004,hybrid,0.7660919098283876,0,1.0,0.99,249.30010114649073,292.7397751038143,0.8333333333333334,0.7077754117825847,0.6741087451159181,0.8333333333333334,0.8333333333333334,medium,medium,80,medium,4
gamma_strong__noise_high__T_300__density_dense__seed_002,pcmci_dag,0.6297479710614403,0,1.0,0.99,1842.3616666666665,1944.089993548824,0.0,1.35935,1.1065333333333334,0.0,0.0,strong,high,300,dense,2
gamma_strong__noise_high__T_300__density_dense__seed_002,oracle_hybrid,0.7008779531982715,3,1.0,0.99,852.0828807111776,874.2456643262092,0.6666666666666666,0.6203092957022681,0.5774259623689347,0.6666666666666666,0.8333333333333334,strong,high,300,dense,2
gamma_strong__noise_high__T_300__density_dense__seed_002,hybrid,0.7024147111790678,2,1.0,0.99,839.9706194327579,862.9626202276509,0.8333333333333334,0.6068074971624553,0.5639241638291219,0.8333333333333334,0.8333333333333334,strong,high,300,dense,2
gamma_strong__noise_medium__T_156__density_dense__seed_005,pcmci_dag,0.729821935519733,0,1.0,0.99,792.1581823304472,1085.5320157511562,0.16666666666666666,0.9928023653158848,0.9396356986492181,0.16666666666666666,0.3333333333333333,strong,medium,156,dense,5
gamma_strong__noise_medium__T_156__density_dense__seed_005,oracle_hybrid,0.7307401115194574,0,1.0,0.99,306.08604397066375,406.15972601017285,0.8333333333333334,0.4248063686531876,0.4392386816077975,0.8333333333333334,0.8333333333333334,strong,medium,156,dense,5
gamma_strong__noise_medium__T_156__density_dense__seed_005,hybrid,0.7340204716354202,1,1.0,0.99,597.9231380478446,754.8018362794039,0.6666666666666666,0.7749878204804705,0.7218211538138041,0.6666666666666666,0.6666666666666666,strong,medium,156,dense,5
gamma_weak__noise_low__T_300__density_sparse__seed_002,pcmci_dag,0.8631006522975301,0,1.01,0.99,1963.7419557322864,2740.674078906834,0.16666666666666666,1.3466333765524985,1.3320833765524989,0.16666666666666666,0.16666666666666666,weak,low,300,sparse,2
gamma_weak__noise_low__T_300__density_sparse__seed_002,oracle_hybrid,0.885007220657515,5,1.0,0.99,1084.9718218235666,1564.534781746289,0.3333333333333333,0.7299963612910809,0.7229130279577477,0.3333333333333333,0.3333333333333333,weak,low,300,sparse,2
gamma_weak__noise_low__T_300__density_sparse__seed_002,hybrid,0.8849719045253569,2,1.01,0.99,1049.9775254483438,1558.0621654949439,0.5,0.7038953337970563,0.6893453337970562,0.5,0.5,weak,low,300,sparse,2
gamma_weak__noise_high__T_156__density_sparse__seed_003,pcmci_dag,0.6268125783300728,0,1.0,0.99,790.8382331655375,966.2228863615812,0.3333333333333333,1.4922576850730123,1.458974351739679,0.3333333333333333,0.3333333333333333,weak,high,156,sparse,3
gamma_weak__noise_high__T_156__density_sparse__seed_003,oracle_hybrid,0.7124355149520831,0,1.0,0.99,283.63496652144755,381.9735542799798,0.8333333333333334,0.37039595853464835,0.33711262520131496,0.8333333333333334,0.8333333333333334,weak,high,156,sparse,3
gamma_weak__noise_high__T_156__density_sparse__seed_003,hybrid,0.7128716408055266,0,1.0,0.99,271.2751897878427,354.9867865962526,0.8333333333333334,0.36363932736145904,0.33035599402812565,0.8333333333333334,0.8333333333333334,weak,high,156,sparse,3
gamma_weak__noise_low__T_156__density_sparse__seed_002,pcmci_dag,0.7886053000275295,0,1.0,0.99,703.9006064188751,932.4091667038721,0.3333333333333333,1.1222184729758198,1.106001806309153,0.3333333333333333,0.3333333333333333,weak,low,156,sparse,2
gamma_weak__noise_low__T_156__density_sparse__seed_002,oracle_hybrid,0.8251331780240493,5,1.0,0.99,331.06334950174215,402.79604991377005,0.6666666666666666,0.4861678501819607,0.4728542783212557,0.6666666666666666,0.8333333333333334,weak,low,156,sparse,2
gamma_weak__noise_low__T_156__density_sparse__seed_002,hybrid,0.8255578259502054,6,1.0,0.99,353.43358375961293,415.261534303975,0.6666666666666666,0.5148413100401357,0.49862464337346907,0.6666666666666666,0.8333333333333334,weak,low,156,sparse,2
gamma_strong__noise_medium__T_80__density_sparse__seed_004,pcmci_dag,0.7656743530369158,0,1.0,0.99,370.04023536692716,534.6853111733686,0.3333333333333333,0.9844491292799326,0.9743657959465993,0.3333333333333333,0.3333333333333333,strong,medium,80,sparse,4
gamma_strong__noise_medium__T_80__density_sparse__seed_004,oracle_hybrid,0.7677987120751025,0,1.0,0.99,268.2929251163187,320.7904319663675,0.8333333333333334,0.7257053810227564,0.715622047689423,0.8333333333333334,0.8333333333333334,strong,medium,80,sparse,4
gamma_strong__noise_medium__T_80__density_sparse__seed_004,hybrid,0.7677619116205386,1,1.01,0.99,250.08775672297966,299.07126425502884,0.8333333333333334,0.685662475920742,0.6755791425874086,0.8333333333333334,0.8333333333333334,strong,medium,80,sparse,4
gamma_strong__noise_high__T_80__density_dense__seed_004,pcmci_dag,0.640519295839144,0,1.0,0.99,450.2067030705129,582.5640850515764,0.5,1.2072301215417787,1.1922967882084454,0.5,0.6666666666666666,strong,high,80,dense,4
gamma_strong__noise_high__T_80__density_dense__seed_004,oracle_hybrid,0.6365768523136676,0,1.0,0.99,281.711137244673,356.0766508388815,1.0,0.7805491990936204,0.7674533832255716,1.0,0.8333333333333334,strong,high,80,dense,4
gamma_strong__noise_high__T_80__density_dense__seed_004,hybrid,0.6318922986191102,0,1.0,0.99,288.09867997132267,345.44385106000703,1.0,0.8106668579178811,0.7957335245845476,1.0,0.8333333333333334,strong,high,80,dense,4
gamma_strong__noise_low__T_300__density_medium__seed_002,pcmci_dag,0.8701238698929535,0,1.0,0.99,2088.6694816641707,3150.713164791521,0.16666666666666666,1.3623421568678449,1.3117754902011782,0.16666666666666666,0.16666666666666666,strong,low,300,medium,2
gamma_strong__noise_low__T_300__density_medium__seed_002,oracle_hybrid,0.8847190606176607,5,1.0,0.99,1059.4265307368614,1457.228511887466,0.3333333333333333,0.7022404311232545,0.651673764456588,0.3333333333333333,0.3333333333333333,strong,low,300,medium,2
gamma_strong__noise_low__T_300__density_medium__seed_002,hybrid,0.885137916641971,0,1.0,0.99,1022.5701703262994,1457.7001850790157,0.6666666666666666,0.6692253873346107,0.6370654575553387,0.6666666666666666,0.3333333333333333,strong,low,300,medium,2
gamma_weak__noise_low__T_156__density_dense__seed_005,pcmci_dag,0.8122569101411827,1,1.0,0.99,652.9889128188297,1018.9590656785319,0.3333333333333333,0.814157832947629,0.7738911662809623,0.3333333333333333,0.3333333333333333,weak,low,156,dense,5
gamma_weak__noise_low__T_156__density_dense__seed_005,oracle_hybrid,0.8329667138336353,2,1.01,0.99,284.46435647998936,329.26755704222353,0.8333333333333334,0.41618920795129455,0.38262254128462797,0.8333333333333334,0.8333333333333334,weak,low,156,dense,5
gamma_weak__noise_low__T_156__density_dense__seed_005,hybrid,0.8328320161376372,0,1.01,0.99,458.9703400408823,627.3051369615557,0.6666666666666666,0.5921914153873667,0.5586247487207,0.6666666666666666,0.8333333333333334,weak,low,156,dense,5
gamma_weak__noise_high__T_156__density_dense__seed_003,pcmci_dag,0.6246273205971142,0,1.0,0.99,743.4831982195747,937.3979286599977,0.3333333333333333,1.4483592170158774,1.3683425503492108,0.3333333333333333,0.3333333333333333,weak,high,156,dense,3
gamma_weak__noise_high__T_156__density_dense__seed_003,oracle_hybrid,0.7107792591928941,0,1.01,0.99,277.79556463452,374.33522634209965,1.0,0.36051366886501107,0.3594983407715928,1.0,1.0,weak,high,156,dense,3
gamma_weak__noise_high__T_156__density_dense__seed_003,hybrid,0.7105960855028497,0,1.0,0.99,288.66998153444496,365.9853463303627,1.0,0.38008057699317116,0.34917671384413135,1.0,1.0,weak,high,156,dense,3
gamma_weak__noise_medium__T_300__density_sparse__seed_004,pcmci_dag,0.818670412395783,0,1.0,0.99,1691.6505755685776,2169.6893687948855,0.3333333333333333,1.2480832674305808,1.2292999340972475,0.3333333333333333,0.3333333333333333,weak,medium,300,sparse,4
gamma_weak__noise_medium__T_300__density_sparse__seed_004,oracle_hybrid,0.8326425206232458,3,1.0,0.99,458.0722288396728,546.5378054885133,0.5,0.3953530844673063,0.3832030844673063,0.5,0.5,weak,medium,300,sparse,4
gamma_weak__noise_medium__T_300__density_sparse__seed_004,hybrid,0.8326937472884246,3,1.0,0.99,472.7753979901698,559.6698501041398,0.6666666666666666,0.4121549475331707,0.39337161419983735,0.6666666666666666,0.6666666666666666,weak,medium,300,sparse,4
gamma_strong__noise_low__T_300__density_medium__seed_003,pcmci_dag,0.868547257567213,0,1.0,0.99,1485.1722259331661,1976.156455688777,0.3333333333333333,1.0919084436643465,0.9848417769976797,0.3333333333333333,0.0,strong,low,300,medium,3
gamma_strong__noise_low__T_300__density_medium__seed_003,oracle_hybrid,0.8728251478515223,3,1.0,0.99,637.7668617478322,805.5092617164456,0.6666666666666666,0.48072783002842945,0.3588347112243344,0.6666666666666666,0.8333333333333334,strong,low,300,medium,3
gamma_strong__noise_low__T_300__density_medium__seed_003,hybrid,0.8723438569822671,10,1.0,0.99,716.8410163378012,890.963494557944,0.6666666666666666,0.5637505026153047,0.44506791576219146,0.6666666666666666,0.6666666666666666,strong,low,300,medium,3
gamma_strong__noise_medium__T_300__density_medium__seed_003,pcmci_dag,0.788834522518493,0,1.0,0.99,1354.893286663677,1774.9182340059797,0.3333333333333333,1.0164310515602044,0.9093643848935379,0.3333333333333333,0.3333333333333333,strong,medium,300,medium,3
gamma_strong__noise_medium__T_300__density_medium__seed_003,oracle_hybrid,0.7915502151240171,0,1.0,0.99,645.0229705005745,760.9544960788957,0.6666666666666666,0.5020082988826736,0.3804992177106046,0.6666666666666666,0.8333333333333334,strong,medium,300,medium,3
gamma_strong__noise_medium__T_300__density_medium__seed_003,hybrid,0.7910903064594841,2,1.0,0.99,683.0686808591653,829.2378476466073,0.6666666666666666,0.5504702222260549,0.4362686147280044,0.6666666666666666,0.6666666666666666,strong,medium,300,medium,3
gamma_weak__noise_low__T_80__density_sparse__seed_004,pcmci_dag,0.8563671222942798,2,1.0,0.99,221.08967963921032,258.2599353519968,0.5,0.6687830223864166,0.6720163557197498,0.5,0.5,weak,low,80,sparse,4
gamma_weak__noise_low__T_80__density_sparse__seed_004,oracle_hybrid,0.8529059911886897,0,1.0,0.99,188.3131755200258,236.01737596087742,0.8333333333333334,0.5358816239377595,0.5326482906044262,0.8333333333333334,0.8333333333333334,weak,low,80,sparse,4
gamma_weak__noise_low__T_80__density_sparse__seed_004,hybrid,0.8523311128552437,0,1.0,0.99,172.89441970110101,217.23823912277132,0.8333333333333334,0.5030868316957992,0.49985349836246584,0.8333333333333334,0.8333333333333334,weak,low,80,sparse,4
gamma_weak__noise_low__T_300__density_sparse__seed_001,pcmci_dag,0.877918203874,0,1.0,0.99,1003.1288912807898,1290.0505682605208,0.3333333333333333,0.6665776695101281,0.6539443361767948,0.3333333333333333,0.5,weak,low,300,sparse,1
gamma_weak__noise_low__T_300__density_sparse__seed_001,oracle_hybrid,0.8816193051032629,7,1.0,0.99,524.7734047759886,557.6515725534105,0.6666666666666666,0.36993711814355906,0.3642037848102257,0.6666666666666666,0.6666666666666666,weak,low,300,sparse,1
gamma_weak__noise_low__T_300__density_sparse__seed_001,hybrid,0.881589093966374,5,1.01,0.99,528.4203048873323,564.647369270984,0.6666666666666666,0.370185366575106,0.3644520332417726,0.6666666666666666,0.6666666666666666,weak,low,300,sparse,1
gamma_strong__noise_medium__T_300__density_dense__seed_001,pcmci_dag,0.7700667936136893,0,1.0,0.99,2474.8584736785438,3570.7903085544726,0.0,1.5104837202345764,1.4779003869012428,0.0,0.16666666666666666,strong,medium,300,dense,1
gamma_strong__noise_medium__T_300__density_dense__seed_001,oracle_hybrid,0.8185508963499476,3,1.0,0.99,486.70711347104293,550.8237434856736,0.8333333333333334,0.3408110315812818,0.49092769824794846,0.8333333333333334,0.5,strong,medium,300,dense,1
gamma_strong__noise_medium__T_300__density_dense__seed_001,hybrid,0.8184399417274313,1,1.0,0.99,480.70711130931426,553.9153182938671,0.8333333333333334,0.3366810549962092,0.486797721662876,0.8333333333333334,0.5,strong,medium,300,dense,1
gamma_strong__noise_low__T_80__density_sparse__seed_005,pcmci_dag,0.7792129849819598,0,1.0,0.99,315.6116666666666,367.08281874349103,0.16666666666666666,0.9356499999999999,0.8648166666666666,0.16666666666666666,0.16666666666666666,strong,low,80,sparse,5
gamma_strong__noise_low__T_80__density_sparse__seed_005,oracle_hybrid,0.9003101607662578,0,1.01,0.99,255.11225539461023,327.4135295046733,0.6666666666666666,0.7478801948496678,0.7213135281830012,0.6666666666666666,0.6666666666666666,strong,low,80,sparse,5
gamma_strong__noise_low__T_80__density_sparse__seed_005,hybrid,0.9006093927733264,0,1.0,0.99,252.4976152645484,322.2343133272143,0.6666666666666666,0.7422630657098028,0.7156963990431363,0.6666666666666666,0.6666666666666666,strong,low,80,sparse,5
gamma_strong__noise_low__T_156__density_sparse__seed_003,pcmci_dag,0.7864902068235157,0,1.0,0.99,659.3055930815976,902.5940756694491,0.5,1.3411347217563039,1.160884721756304,0.5,0.5,strong,low,156,sparse,3
gamma_strong__noise_low__T_156__density_sparse__seed_003,oracle_hybrid,0.8797438658419757,0,1.01,0.99,178.7226050754824,253.25648027011124,0.8333333333333334,0.27794671401089516,0.3182905923271395,0.8333333333333334,0.8333333333333334,strong,low,156,sparse,3
gamma_strong__noise_low__T_156__density_sparse__seed_003,hybrid,0.8792513062988102,0,1.01,0.99,213.4858424155268,281.62560511324756,0.8333333333333334,0.36220699581238663,0.2257857289135806,0.8333333333333334,0.8333333333333334,strong,low,156,sparse,3
gamma_strong__noise_medium__T_156__density_medium__seed_002,pcmci_dag,0.6990971091511174,0,1.01,0.99,740.5534786879603,889.448206793086,0.16666666666666666,1.18167469040669,1.0219586429266438,0.16666666666666666,0.16666666666666666,strong,medium,156,medium,2
gamma_strong__noise_medium__T_156__density_medium__seed_002,oracle_hybrid,0.7493294747014094,4,1.0,0.99,330.1775686845805,403.8282259504288,1.0,0.4972943823887311,0.37039438238873107,1.0,1.0,strong,medium,156,medium,2
gamma_strong__noise_medium__T_156__density_medium__seed_002,hybrid,0.7506190863934946,5,1.0,0.99,326.4342496679959,397.42732558011716,0.8333333333333334,0.49017264970760416,0.36327264970760414,0.8333333333333334,1.0,strong,medium,156,medium,2
gamma_strong__noise_low__T_156__density_medium__seed_004,pcmci_dag,0.8065651680011626,0,1.0,0.99,627.6608726876877,714.3204906106763,0.0,0.8202270633874268,0.7911270633874269,0.0,0.0,strong,low,156,medium,4
gamma_strong__noise_low__T_156__density_medium__seed_004,oracle_hybrid,0.8768813172107396,6,1.01,0.99,320.40665559452196,416.4469714510317,1.0,0.3868408904898424,0.5042408904898424,1.0,0.8333333333333334,strong,low,156,medium,4
gamma_strong__noise_low__T_156__density_medium__seed_004,hybrid,0.8769538460376654,0,1.0,0.99,309.9777910373323,395.9648195481662,0.8333333333333334,0.3777482787422453,0.4951482787422454,0.8333333333333334,0.3333333333333333,strong,low,156,medium,4
gamma_strong__noise_high__T_80__density_medium__seed_005,pcmci_dag,0.6682597745851293,0,1.0,0.99,335.545,371.4229586558519,0.0,0.9904333333333334,0.8716,0.0,0.0,strong,high,80,medium,5
gamma_strong__noise_high__T_80__density_medium__seed_005,oracle_hybrid,0.7570045412977797,0,1.0,0.99,343.5095107055909,447.60563540224234,0.5,0.9587380442827306,0.9079713776160637,0.5,0.6666666666666666,strong,high,80,medium,5
gamma_strong__noise_high__T_80__density_medium__seed_005,hybrid,0.7551454515602275,0,1.0,0.99,288.7490706094475,332.63719302872505,0.6666666666666666,0.815021194016354,0.7642545273496874,0.6666666666666666,0.8333333333333334,strong,high,80,medium,5
gamma_weak__noise_high__T_300__density_dense__seed_005,pcmci_dag,0.7000198063823393,0,1.0,0.99,585.202676880108,830.0708969663032,0.5,0.4573133986319942,0.438230065298661,0.5,0.5,weak,high,300,dense,5
gamma_weak__noise_high__T_300__density_dense__seed_005,oracle_hybrid,0.7068992721258115,1,1.0,0.99,848.4053772934197,981.4771817818379,0.8333333333333334,0.60601354092619,0.5812968742595234,0.8333333333333334,0.8333333333333334,weak,high,300,dense,5
gamma_weak__noise_high__T_300__density_dense__seed_005,hybrid,0.704933215520617,0,1.0,0.99,815.3205976036401,1011.2840312937102,0.8333333333333334,0.5807061148113962,0.5559894481447297,0.8333333333333334,0.8333333333333334,weak,high,300,dense,5
gamma_medium__noise_high__T_156__density_medium__seed_005,pcmci_dag,0.5752222936465988,0,1.0,0.99,928.9091595133619,1416.2631313130225,0.3333333333333333,1.1749474399043092,1.1405474399043094,0.3333333333333333,0.5,medium,high,156,medium,5
gamma_medium__noise_high__T_156__density_medium__seed_005,oracle_hybrid,0.5845748622810121,0,1.01,0.99,353.29721310762056,438.374023604553,0.8333333333333334,0.49960516298401764,0.4652051629840177,0.8333333333333334,0.8333333333333334,medium,high,156,medium,5
gamma_medium__noise_high__T_156__density_medium__seed_005,hybrid,0.5845859897724273,0,1.0,0.99,752.0199636370459,1011.816863871426,0.6666666666666666,0.9504567444059807,0.9160567444059806,0.6666666666666666,0.5,medium,high,156,medium,5
gamma_strong__noise_medium__T_80__density_medium__seed_002,pcmci_dag,0.5507936321911961,0,1.0,0.99,298.82166666666666,327.35200786004043,0.0,0.8679,0.7543666666666667,0.0,0.0,strong,medium,80,medium,2
gamma_strong__noise_medium__T_80__density_medium__seed_002,oracle_hybrid,0.77886451373727,0,1.0,0.99,222.0242582255579,305.4278391490201,0.8333333333333334,0.57172990018104,0.6852632335143732,0.8333333333333334,0.8333333333333334,strong,medium,80,medium,2
gamma_strong__noise_medium__T_80__density_medium__seed_002,hybrid,0.7779811476182296,0,1.01,0.99,231.55739432764474,320.7624799235683,0.8333333333333334,0.5916886253315995,0.7052219586649328,0.8333333333333334,0.8333333333333334,strong,medium,80,medium,2
gamma_medium__noise_high__T_80__density_medium__seed_001,pcmci_dag,0.6287804295506843,2,1.0,0.99,203.18831100109023,246.2156995684798,0.3333333333333333,0.5140756629076929,0.5064089962410262,0.3333333333333333,0.3333333333333333,medium,high,80,medium,1
gamma_medium__noise_high__T_80__density_medium__seed_001,oracle_hybrid,0.6533143181530586,0,1.01,0.99,190.57132776743163,275.2173716939228,0.8333333333333334,0.4920968855083528,0.5010968855083529,0.8333333333333334,0.8333333333333334,medium,high,80,medium,1
gamma_medium__noise_high__T_80__density_medium__seed_001,hybrid,0.6529883567344217,1,1.0,0.99,176.49228738745532,272.0028936830857,0.8333333333333334,0.46057268099069626,0.4695726809906963,0.8333333333333334,0.8333333333333334,medium,high,80,medium,1
gamma_strong__noise_medium__T_300__density_medium__seed_001,pcmci_dag,0.7683424139740079,0,1.0,0.99,2422.51856479119,4017.2117464228777,0.3333333333333333,1.4599545749411391,1.416878041784888,0.3333333333333333,0.3333333333333333,strong,medium,300,medium,1
gamma_strong__noise_medium__T_300__density_medium__seed_001,oracle_hybrid,0.8188317998355785,2,1.0,0.99,748.2702791284919,953.6152834048924,0.6666666666666666,0.4877329036924786,0.5139485736985258,0.6666666666666666,0.6666666666666666,strong,medium,300,medium,1
gamma_strong__noise_medium__T_300__density_medium__seed_001,hybrid,0.8193442743240139,5,1.0,0.99,744.1261595003662,988.6671235077213,0.8333333333333334,0.48060466324388057,0.5133538131895596,0.8333333333333334,0.6666666666666666,strong,medium,300,medium,1
gamma_weak__noise_low__T_80__density_sparse__seed_003,pcmci_dag,0.5678477695715574,0,1.0,0.99,371.7716666666667,446.50908645103,0.16666666666666666,1.3906833333333335,1.3710333333333333,0.16666666666666666,0.16666666666666666,weak,low,80,sparse,3
gamma_weak__noise_low__T_80__density_sparse__seed_003,oracle_hybrid,0.8809908305230774,1,1.0,0.99,281.9865532550587,330.6094965744241,0.6666666666666666,0.8703881588437965,0.8568048255104631,0.6666666666666666,0.6666666666666666,weak,low,80,sparse,3
gamma_weak__noise_low__T_80__density_sparse__seed_003,hybrid,0.879990657045364,2,1.0,0.99,374.17744309180785,564.8240070383373,0.5,0.9819649260719195,0.9683815927385861,0.5,0.5,weak,low,80,sparse,3
gamma_medium__noise_low__T_156__density_dense__seed_003,pcmci_dag,0.7931782702182191,0,1.0,0.99,977.5654596309486,1141.047928660638,0.16666666666666666,1.690951647738207,1.5399516477382071,0.16666666666666666,0.16666666666666666,medium,low,156,dense,3
gamma_medium__noise_low__T_156__density_dense__seed_003,oracle_hybrid,0.8787357355127443,4,1.01,0.99,234.49404909336909,281.1318436939696,1.0,0.3616151479439214,0.3648909787209209,1.0,1.0,medium,low,156,dense,3
gamma_medium__noise_low__T_156__density_dense__seed_003,hybrid,0.8788650259819186,2,1.0,0.99,293.10708092923034,314.26890479303177,0.8333333333333334,0.46423125769855056,0.32141696935826586,0.8333333333333334,1.0,medium,low,156,dense,3
gamma_strong__noise_medium__T_156__density_sparse__seed_001,pcmci_dag,0.7677896453747579,0,1.01,0.99,412.11071366716334,531.214477363333,0.6666666666666666,0.6491582155186056,0.6840248821852724,0.6666666666666666,0.5,strong,medium,156,sparse,1
gamma_strong__noise_medium__T_156__density_sparse__seed_001,oracle_hybrid,0.8339142069311822,3,1.0,0.99,314.67635839601525,361.15950755727465,0.5,0.44308114545098326,0.40821447878431655,0.5,0.5,strong,medium,156,sparse,1
gamma_strong__noise_medium__T_156__density_sparse__seed_001,hybrid,0.8343805686148394,1,1.01,0.99,617.4869355602559,845.6472183173502,0.3333333333333333,0.8698485151498229,0.8349818484831562,0.3333333333333333,0.3333333333333333,strong,medium,156,sparse,1
gamma_strong__noise_high__T_300__density_sparse__seed_005,pcmci_dag,0.6978514452590044,0,1.0,0.99,846.2637981534521,1102.408063004839,0.6666666666666666,0.6029104591584376,0.5125800559617707,0.6666666666666666,0.6666666666666666,strong,high,300,sparse,5
gamma_strong__noise_high__T_300__density_sparse__seed_005,oracle_hybrid,0.7012010561371863,1,1.0,0.99,654.6227377291194,743.5461611562984,0.6666666666666666,0.4819823377263314,0.46163233772633144,0.6666666666666666,0.6666666666666666,strong,high,300,sparse,5
gamma_strong__noise_high__T_300__density_sparse__seed_005,hybrid,0.7016093857677557,2,1.0,0.99,889.6227230574276,1086.5872059051317,0.6666666666666666,0.6269829005359927,0.6066329005359927,0.6666666666666666,0.8333333333333334,strong,high,300,sparse,5
gamma_weak__noise_high__T_300__density_medium__seed_002,pcmci_dag,0.6706648795706771,0,1.02,0.99,1421.2528267094679,1779.1557797308428,0.0,1.003474903435595,0.9798749034355949,0.0,0.0,weak,high,300,medium,2
gamma_weak__noise_high__T_300__density_medium__seed_002,oracle_hybrid,0.7054402565818341,1,1.0,0.99,1435.0881052372658,1993.1006289479699,0.6666666666666666,0.956019312487241,0.9406859791539078,0.6666666666666666,0.6666666666666666,weak,high,300,medium,2
gamma_weak__noise_high__T_300__density_medium__seed_002,hybrid,0.7053999638836931,0,1.0,0.99,1310.563764134139,1860.1790436621827,0.6666666666666666,0.8761363039867206,0.8608029706533874,0.6666666666666666,0.8333333333333334,weak,high,300,medium,2
gamma_medium__noise_low__T_300__density_medium__seed_002,pcmci_dag,0.8611859677709657,0,1.0,0.99,2574.7029214792788,4124.944955929394,0.16666666666666666,1.7006349152030251,1.6634515818696916,0.16666666666666666,0.16666666666666666,medium,low,300,medium,2
gamma_medium__noise_low__T_300__density_medium__seed_002,oracle_hybrid,0.8854010093344361,5,1.0,0.99,1156.6552388517541,1781.896366951797,0.6666666666666666,0.7533850528731136,0.7162017195397804,0.6666666666666666,0.6666666666666666,medium,low,300,medium,2
gamma_medium__noise_low__T_300__density_medium__seed_002,hybrid,0.8858249076023469,6,1.0,0.99,1182.7526919496747,1781.26023104376,0.6666666666666666,0.7827984094925494,0.7456150761592162,0.6666666666666666,0.5,medium,low,300,medium,2
gamma_strong__noise_low__T_80__density_medium__seed_003,pcmci_dag,0.5846090470125704,0,1.0,0.99,384.80333333333334,427.9349816268822,0.0,1.4378166666666665,1.1880666666666666,0.0,0.0,strong,low,80,medium,3
gamma_strong__noise_low__T_80__density_medium__seed_003,oracle_hybrid,0.8770269212987296,0,1.0,0.99,296.6505495073682,348.1393957577658,0.6666666666666666,0.8585629646641667,0.8138814131048836,0.6666666666666666,0.8333333333333334,strong,low,80,medium,3
gamma_strong__noise_low__T_80__density_medium__seed_003,hybrid,0.8763290882969333,0,1.0,0.99,319.6653765396684,353.4623559411957,0.8333333333333334,0.992966821895239,0.819316821895239,0.8333333333333334,0.8333333333333334,strong,low,80,medium,3
gamma_strong__noise_high__T_80__density_dense__seed_003,pcmci_dag,0.4367736852307231,0,1.0,0.99,403.6583333333333,430.5662873279019,0.0,1.4671666666666665,1.1113333333333335,0.0,0.0,strong,high,80,dense,3
gamma_strong__noise_high__T_80__density_dense__seed_003,oracle_hybrid,0.6962933772285436,0,1.01,0.99,261.4426594437924,364.42838337795195,1.0,0.7657648235397826,0.9562095865502592,1.0,0.8333333333333334,strong,high,80,dense,3
gamma_strong__noise_high__T_80__density_dense__seed_003,hybrid,0.6945269931559618,0,1.0,0.99,260.0464131655271,357.64932661076244,1.0,0.7708445713158408,0.8861449510370898,1.0,0.8333333333333334,strong,high,80,dense,3
gamma_strong__noise_high__T_156__density_sparse__seed_004,pcmci_dag,0.44414498225573706,0,1.0,0.99,734.265,857.358622854715,0.16666666666666666,1.0034500000000002,0.9339666666666666,0.16666666666666666,0.16666666666666666,strong,high,156,sparse,4
gamma_strong__noise_high__T_156__density_sparse__seed_004,oracle_hybrid,0.6783802021591813,0,1.0,0.99,185.06635533536897,216.9047423960231,0.8333333333333334,0.2490399610115652,0.3185232943448985,0.8333333333333334,0.8333333333333334,strong,high,156,sparse,4
gamma_strong__noise_high__T_156__density_sparse__seed_004,hybrid,0.6790035509169754,0,1.0,0.99,203.54487968788075,232.04659111578331,0.8333333333333334,0.2729306917426681,0.34241402507600144,0.8333333333333334,0.8333333333333334,strong,high,156,sparse,4
gamma_medium__noise_low__T_156__density_sparse__seed_005,pcmci_dag,0.8156804819940469,0,1.01,0.99,559.169296529165,897.7651895649102,0.6666666666666666,0.7045177256560767,0.68390105898941,0.6666666666666666,0.6666666666666666,medium,low,156,sparse,5
gamma_medium__noise_low__T_156__density_sparse__seed_005,oracle_hybrid,0.8324797332038492,0,1.01,0.99,272.81772566911127,323.2182004266759,0.6666666666666666,0.39673216808544015,0.34828630457678283,0.6666666666666666,0.6666666666666666,medium,low,156,sparse,5
gamma_medium__noise_low__T_156__density_sparse__seed_005,hybrid,0.8331068657146478,1,1.01,0.99,522.3818121171419,690.7864523151821,0.5,0.6716672743181552,0.6510506076514886,0.5,0.6666666666666666,medium,low,156,sparse,5
gamma_strong__noise_low__T_300__density_sparse__seed_001,pcmci_dag,0.8825856916671747,2,1.0,0.99,770.0718625970549,1228.555910496641,0.6666666666666666,0.48521500559662606,0.5082544098563392,0.6666666666666666,0.5,strong,low,300,sparse,1
gamma_strong__noise_low__T_300__density_sparse__seed_001,oracle_hybrid,0.8833780291424747,7,1.0,0.99,713.7005473269028,853.5690370561485,0.5,0.47358206197513114,0.50868375359641,0.5,0.5,strong,low,300,sparse,1
gamma_strong__noise_low__T_300__density_sparse__seed_001,hybrid,0.883685829988047,5,1.0,0.99,682.238375320975,802.4276298932293,0.5,0.45188116652745536,0.48900489183106205,0.5,0.5,strong,low,300,sparse,1
gamma_strong__noise_high__T_156__density_dense__seed_002,pcmci_dag,0.5966203809043458,0,1.02,0.99,823.4588154826403,929.1653162739784,0.16666666666666666,1.2902358610747087,1.0891974722586248,0.16666666666666666,0.16666666666666666,strong,high,156,dense,2
gamma_strong__noise_high__T_156__density_dense__seed_002,oracle_hybrid,0.6311143658632634,0,1.0,0.99,315.9438215780371,346.7688322692478,1.0,0.5065156731233568,0.4595228049608719,1.0,0.8333333333333334,strong,high,156,dense,2
gamma_strong__noise_high__T_156__density_dense__seed_002,hybrid,0.6331580866291739,0,1.01,0.99,324.9682689143693,359.63960396916406,0.8333333333333334,0.5693173873191574,0.449884053985824,0.8333333333333334,1.0,strong,high,156,dense,2
gamma_weak__noise_high__T_80__density_sparse__seed_003,pcmci_dag,0.41893128997145823,0,1.01,0.99,371.7716666666667,446.50908645103,0.16666666666666666,1.3906833333333335,1.3710333333333333,0.16666666666666666,0.16666666666666666,weak,high,80,sparse,3
gamma_weak__noise_high__T_80__density_sparse__seed_003,oracle_hybrid,0.6979509311423729,1,1.0,0.99,351.2870827365942,398.8786765664486,0.6666666666666666,1.0433535022085232,1.02977016887519,0.6666666666666666,0.8333333333333334,weak,high,80,sparse,3
gamma_weak__noise_high__T_80__density_sparse__seed_003,hybrid,0.6966659701322041,0,1.01,0.99,506.11749459979507,684.5227954262803,0.6666666666666666,1.377876260398266,1.3642929270649329,0.6666666666666666,0.6666666666666666,weak,high,80,sparse,3
gamma_medium__noise_low__T_80__density_medium__seed_005,pcmci_dag,0.7762640082062146,0,1.0,0.99,324.8566666666666,375.83137779239956,0.0,0.9628666666666668,0.9051833333333333,0.0,0.0,medium,low,80,medium,5
gamma_medium__noise_low__T_80__density_medium__seed_005,oracle_hybrid,0.9031013787795081,0,1.0,0.99,255.69131839378613,317.5646917496355,0.6666666666666666,0.743342094827142,0.709892094827142,0.6666666666666666,0.6666666666666666,medium,low,80,medium,5
gamma_medium__noise_low__T_80__density_medium__seed_005,hybrid,0.9031524738645073,0,1.0,0.99,275.4463247491654,316.6765002318078,0.8333333333333334,0.7677492572961317,0.7342992572961319,0.8333333333333334,0.8333333333333334,medium,low,80,medium,5
gamma_medium__noise_medium__T_80__density_sparse__seed_003,pcmci_dag,0.7577586824736816,0,1.0,0.99,759.1990222849507,1357.8236375469842,0.16666666666666666,2.0281252951263466,1.9922252951263468,0.16666666666666666,0.16666666666666666,medium,medium,80,sparse,3
gamma_medium__noise_medium__T_80__density_sparse__seed_003,oracle_hybrid,0.8078358643536513,0,1.0,0.99,354.66842767608085,425.5054435680173,0.6666666666666666,1.041335781303588,1.0054357813035881,0.6666666666666666,0.8333333333333334,medium,medium,80,sparse,3
gamma_medium__noise_medium__T_80__density_sparse__seed_003,hybrid,0.8090144778984341,0,1.0,0.99,356.7409051016086,439.0365587003698,0.8333333333333334,1.0087959472395143,0.9728959472395143,0.8333333333333334,0.8333333333333334,medium,medium,80,sparse,3
gamma_weak__noise_medium__T_80__density_medium__seed_003,pcmci_dag,0.5115895934707437,0,1.0,0.99,375.205,447.4537177742521,0.0,1.40585,1.3583833333333333,0.0,0.0,weak,medium,80,medium,3
gamma_weak__noise_medium__T_80__density_medium__seed_003,oracle_hybrid,0.8091433751705049,0,1.01,0.99,302.29069101329355,333.64018361509494,0.6666666666666666,0.9041652177295899,0.86346521772959,0.6666666666666666,0.6666666666666666,weak,medium,80,medium,3
gamma_weak__noise_medium__T_80__density_medium__seed_003,hybrid,0.810233379060076,0,1.0,0.99,419.9395617377186,617.8847756474382,0.5,1.1042524170128682,1.1186524170128682,0.5,0.5,weak,medium,80,medium,3
gamma_medium__noise_high__T_300__density_sparse__seed_003,pcmci_dag,0.6612002160794643,0,1.0,0.99,942.7965967967029,1102.633234312584,0.3333333333333333,0.7573828189940883,0.6924161523274218,0.3333333333333333,0.5,medium,high,300,sparse,3
gamma_medium__noise_high__T_300__density_sparse__seed_003,oracle_hybrid,0.6628512021023103,2,1.0,0.99,660.5155366876673,821.3419326369249,0.5,0.5502925439936384,0.4853258773269717,0.5,0.6666666666666666,medium,high,300,sparse,3
gamma_medium__noise_high__T_300__density_sparse__seed_003,hybrid,0.6621153022826566,0,1.0,0.99,718.3611752403535,868.8787262448724,0.5,0.5874054101082073,0.5232430379556184,0.5,0.6666666666666666,medium,high,300,sparse,3
gamma_weak__noise_medium__T_80__density_medium__seed_004,pcmci_dag,0.7517349402776087,0,1.0,0.99,333.3444652071153,437.78388117946747,0.16666666666666666,0.9427206979242694,0.9237540312576025,0.16666666666666666,0.16666666666666666,weak,medium,80,medium,4
gamma_weak__noise_medium__T_80__density_medium__seed_004,oracle_hybrid,0.7661871489931156,0,1.0,0.99,231.59703095829573,283.4608000303106,1.0,0.6608923893411315,0.6472257226744647,1.0,1.0,weak,medium,80,medium,4
gamma_weak__noise_medium__T_80__density_medium__seed_004,hybrid,0.7648382463308804,0,1.0,0.99,221.46154701752872,259.72665145046903,1.0,0.6348200814821702,0.6211534148155033,1.0,1.0,weak,medium,80,medium,4
gamma_strong__noise_high__T_156__density_medium__seed_005,pcmci_dag,0.577839870356931,0,1.0,0.99,642.792882332178,879.9126479721145,0.5,0.8351142201200363,0.7906808867867029,0.5,0.5,strong,high,156,medium,5
gamma_strong__noise_high__T_156__density_medium__seed_005,oracle_hybrid,0.5815513789041719,0,1.01,0.99,384.22051922157533,464.4621201421292,0.8333333333333334,0.5270135571634796,0.48258022383014637,0.8333333333333334,0.8333333333333334,strong,high,156,medium,5
gamma_strong__noise_high__T_156__density_medium__seed_005,hybrid,0.582674650219827,0,1.01,0.99,370.50807184566406,458.28926010736143,0.8333333333333334,0.5127285309803197,0.4682951976469863,0.8333333333333334,0.8333333333333334,strong,high,156,medium,5
gamma_strong__noise_low__T_80__density_sparse__seed_003,pcmci_dag,0.8538690291693494,0,1.0,0.99,585.3779616513699,969.9336320419095,0.0,1.5713184062746823,1.5121684062746823,0.0,0.0,strong,low,80,sparse,3
gamma_strong__noise_low__T_80__density_sparse__seed_003,oracle_hybrid,0.8775023994286558,0,1.0,0.99,383.36450649951433,501.9037827633203,0.3333333333333333,1.1138986466413343,1.0547486466413345,0.3333333333333333,0.3333333333333333,strong,low,80,sparse,3
gamma_strong__noise_low__T_80__density_sparse__seed_003,hybrid,0.8776589609683998,5,1.0,0.99,363.29271998505146,496.32060934268725,0.6666666666666666,0.9866728613063667,0.9275228613063667,0.6666666666666666,0.6666666666666666,strong,low,80,sparse,3
gamma_medium__noise_medium__T_80__density_sparse__seed_001,pcmci_dag,0.7365406263798212,0,1.0,0.99,216.03898020876235,263.24129017662085,0.3333333333333333,0.5547704042991978,0.5617537376325311,0.3333333333333333,0.3333333333333333,medium,medium,80,sparse,1
gamma_medium__noise_medium__T_80__density_sparse__seed_001,oracle_hybrid,0.7683861981271127,0,1.0,0.99,164.09853319768493,198.58145963811936,0.6666666666666666,0.4222501131361847,0.4398334464695181,0.6666666666666666,0.6666666666666666,medium,medium,80,sparse,1
gamma_medium__noise_medium__T_80__density_sparse__seed_001,hybrid,0.7681839445373462,0,1.0,0.99,181.19728082018594,237.78661459843335,0.6666666666666666,0.4661793277452089,0.48376266107854216,0.6666666666666666,0.6666666666666666,medium,medium,80,sparse,1
gamma_medium__noise_medium__T_80__density_dense__seed_002,pcmci_dag,0.6853383479690026,0,1.0,0.99,354.15167140186236,396.5232638815602,0.0,1.0474057147548728,0.9835057147548728,0.0,0.0,medium,medium,80,dense,2
gamma_medium__noise_medium__T_80__density_dense__seed_002,oracle_hybrid,0.7763489343782182,1,1.0,0.99,192.92237190204366,273.45792567878556,1.0,0.5059873363272062,0.5854177554035713,1.0,0.8333333333333334,medium,medium,80,dense,2
gamma_medium__noise_medium__T_80__density_dense__seed_002,hybrid,0.7769938374498198,0,1.0,0.99,185.46910368362163,259.2924597965394,1.0,0.4863644914303818,0.5685311580970486,1.0,0.8333333333333334,medium,medium,80,dense,2
gamma_medium__noise_low__T_300__density_sparse__seed_003,pcmci_dag,0.8668537462671289,0,1.0,0.99,1005.1537126500692,1233.7111127678952,0.3333333333333333,0.7697253281832239,0.7047586615165571,0.3333333333333333,0.3333333333333333,medium,low,300,sparse,3
gamma_medium__noise_low__T_300__density_sparse__seed_003,oracle_hybrid,0.8685525082658259,11,1.0,0.99,510.3982501990124,583.2660174452917,0.5,0.4257031584516659,0.36073649178499917,0.5,0.5,medium,low,300,sparse,3
gamma_medium__noise_low__T_300__density_sparse__seed_003,hybrid,0.8683351822502077,5,1.0,0.99,702.398060433387,871.6474029261359,0.5,0.5451848811148676,0.48021821444820095,0.5,0.5,medium,low,300,sparse,3
gamma_weak__noise_medium__T_156__density_dense__seed_005,pcmci_dag,0.717373160049409,1,1.0,0.99,674.4546651018799,1062.1643254264031,0.5,0.8363109391144503,0.8027442724477835,0.5,0.5,weak,medium,156,dense,5
gamma_weak__noise_medium__T_156__density_dense__seed_005,oracle_hybrid,0.7305179973865656,1,1.0,0.99,296.9494287126951,402.78366751553085,0.6666666666666666,0.43274572892658486,0.40837906225991816,0.6666666666666666,0.6666666666666666,weak,medium,156,dense,5
gamma_weak__noise_medium__T_156__density_dense__seed_005,hybrid,0.7310186351712791,1,1.0,0.99,595.2094046931485,809.279362255292,0.5,0.751960770935025,0.7183941042683584,0.5,0.6666666666666666,weak,medium,156,dense,5
gamma_medium__noise_high__T_156__density_medium__seed_003,pcmci_dag,0.6228261781266867,0,1.0,0.99,837.2217448380537,976.3106390689311,0.16666666666666666,1.549438427180153,1.413238427180153,0.16666666666666666,0.16666666666666666,medium,high,156,medium,3
gamma_medium__noise_high__T_156__density_medium__seed_003,oracle_hybrid,0.7082950444545073,0,1.0,0.99,281.16134138599756,364.06133654920353,1.0,0.37247543884417134,0.36556392290776113,1.0,1.0,medium,high,156,medium,3
gamma_medium__noise_high__T_156__density_medium__seed_003,hybrid,0.7127700844785005,1,1.0,0.99,306.45269711769066,378.6707218504711,1.0,0.39917583918093974,0.3902297992180063,1.0,1.0,medium,high,156,medium,3
gamma_strong__noise_low__T_156__density_sparse__seed_005,pcmci_dag,0.8168072892483383,0,1.0,0.99,262.3347596551932,381.19233425881805,0.8333333333333334,0.38371882264903556,0.32959590319000537,0.8333333333333334,0.8333333333333334,strong,low,156,sparse,5
gamma_strong__noise_low__T_156__density_sparse__seed_005,oracle_hybrid,0.8331023810162572,2,1.01,0.99,233.67210123425295,307.3563986583973,0.6666666666666666,0.34362926480115535,0.3098090432914165,0.6666666666666666,0.6666666666666666,strong,low,156,sparse,5
gamma_strong__noise_low__T_156__density_sparse__seed_005,hybrid,0.8336411935008927,1,1.01,0.99,235.27360847471812,300.9046579332452,0.6666666666666666,0.3500855560395572,0.32075222270622383,0.6666666666666666,0.6666666666666666,strong,low,156,sparse,5
gamma_weak__noise_low__T_80__density_dense__seed_004,pcmci_dag,0.8552154577682313,0,1.01,0.99,237.34618435530243,274.9476443510386,0.3333333333333333,0.7068193172822839,0.7008026506156172,0.3333333333333333,0.3333333333333333,weak,low,80,dense,4
gamma_weak__noise_low__T_80__density_dense__seed_004,oracle_hybrid,0.8533093663529314,1,1.0,0.99,182.07839529833404,229.6230229643617,0.8333333333333334,0.5290251933688707,0.5133418600355374,0.8333333333333334,0.8333333333333334,weak,low,80,dense,4
gamma_weak__noise_low__T_80__density_dense__seed_004,hybrid,0.8513157753042314,1,1.0,0.99,179.38212617853853,211.12199739960138,1.0,0.5173286330953898,0.5016452997620564,1.0,1.0,weak,low,80,dense,4
gamma_medium__noise_medium__T_300__density_dense__seed_002,pcmci_dag,0.7939780203574075,0,1.0,0.99,2515.808764335931,3611.0019564757868,0.0,1.6808664501759616,1.6366331168426285,0.0,0.0,medium,medium,300,dense,2
gamma_medium__noise_medium__T_300__density_dense__seed_002,oracle_hybrid,0.8158146985648691,1,1.0,0.99,1022.4070907974204,1277.5836322215025,0.8333333333333334,0.697528076367341,0.6532947430340078,0.8333333333333334,0.6666666666666666,medium,medium,300,dense,2
gamma_medium__noise_medium__T_300__density_dense__seed_002,hybrid,0.8158522928977858,4,1.0,0.99,1099.56488858505,1359.0444129056393,0.6666666666666666,0.7564586390139117,0.7122253056805783,0.6666666666666666,0.6666666666666666,medium,medium,300,dense,2
gamma_weak__noise_medium__T_300__density_dense__seed_001,pcmci_dag,0.8101792840871421,0,1.0,0.99,1020.6844186226889,1245.5370736290738,0.3333333333333333,0.6826356592405372,0.6480356592405371,0.3333333333333333,0.3333333333333333,weak,medium,300,dense,1
gamma_weak__noise_medium__T_300__density_dense__seed_001,oracle_hybrid,0.8148378229758461,1,1.0,0.99,472.64842651562884,549.8223447583392,0.8333333333333334,0.3373730005052915,0.3482148636428077,0.8333333333333334,0.8333333333333334,weak,medium,300,dense,1
gamma_weak__noise_medium__T_300__density_dense__seed_001,hybrid,0.8137155695983891,2,1.01,0.99,432.764627727217,517.3646328951139,0.8333333333333334,0.32178067975361857,0.3016473464202852,0.8333333333333334,0.8333333333333334,weak,medium,300,dense,1
gamma_medium__noise_low__T_156__density_dense__seed_002,pcmci_dag,0.7767846872821592,0,1.0,0.99,780.1614303455905,927.0463399557016,0.16666666666666666,1.2351275437421216,1.0860891229245448,0.16666666666666666,0.16666666666666666,medium,low,156,dense,2
gamma_medium__noise_low__T_156__density_dense__seed_002,oracle_hybrid,0.8263217046295924,1,1.0,0.99,340.7903206514378,399.8741786025348,1.0,0.5064436995635634,0.42126957546032706,1.0,0.8333333333333334,medium,low,156,dense,2
gamma_medium__noise_low__T_156__density_dense__seed_002,hybrid,0.8253236371649306,3,1.0,0.99,357.10045291584856,421.71500402737934,0.8333333333333334,0.5616370027377612,0.4058536694044279,0.8333333333333334,1.0,medium,low,156,dense,2
gamma_weak__noise_medium__T_300__density_dense__seed_004,pcmci_dag,0.8171035231762894,0,1.01,0.99,1698.898249624979,2119.101936755469,0.16666666666666666,1.2495435762894405,1.2028435762894405,0.16666666666666666,0.16666666666666666,weak,medium,300,dense,4
gamma_weak__noise_medium__T_300__density_dense__seed_004,oracle_hybrid,0.8326124034923,2,1.0,0.99,438.6687418197561,516.2169144416447,0.8333333333333334,0.37601366747505954,0.34074788280148577,0.8333333333333334,0.8333333333333334,weak,medium,300,dense,4
gamma_weak__noise_medium__T_300__density_dense__seed_004,hybrid,0.8327743974535482,2,1.01,0.99,484.53214639416336,562.6218804923197,0.8333333333333334,0.4180766392206765,0.3775099725540098,0.8333333333333334,0.8333333333333334,weak,medium,300,dense,4
gamma_medium__noise_medium__T_156__density_medium__seed_001,pcmci_dag,0.7710105259313154,0,1.01,0.99,697.3557181063442,872.1522576552209,0.16666666666666666,0.9049276576160298,0.9037776576160299,0.16666666666666666,0.16666666666666666,medium,medium,156,medium,1
gamma_medium__noise_medium__T_156__density_medium__seed_001,oracle_hybrid,0.8305553003873295,3,1.0,0.99,320.84164866546956,349.7388123405215,0.6666666666666666,0.4543246938801097,0.4554746938801097,0.6666666666666666,0.6666666666666666,medium,medium,156,medium,1
gamma_medium__noise_medium__T_156__density_medium__seed_001,hybrid,0.8292844986051674,1,1.0,0.99,534.4873556108272,777.3883309017677,0.6666666666666666,0.769132256821529,0.770282256821529,0.6666666666666666,0.6666666666666666,medium,medium,156,medium,1
gamma_weak__noise_high__T_300__density_medium__seed_005,pcmci_dag,0.6975190371211923,0,1.0,0.99,1584.9035037476945,1957.8326894032507,0.3333333333333333,1.0391674989866655,1.0351841656533323,0.3333333333333333,0.3333333333333333,weak,high,300,medium,5
gamma_weak__noise_high__T_300__density_medium__seed_005,oracle_hybrid,0.7057607679312063,3,1.0,0.99,834.1275112069853,963.5254742034392,0.8333333333333334,0.5992412370561321,0.5820245703894654,0.8333333333333334,0.8333333333333334,weak,high,300,medium,5
gamma_weak__noise_high__T_300__density_medium__seed_005,hybrid,0.7061172455157568,1,1.01,0.99,1086.185630089438,1338.198578543833,0.6666666666666666,0.748907822243028,0.7316911555763616,0.6666666666666666,0.6666666666666666,weak,high,300,medium,5
gamma_medium__noise_medium__T_300__density_medium__seed_005,pcmci_dag,0.8215980852964716,0,1.0,0.99,882.8037730701611,1107.134491491485,0.5,0.6026882961589973,0.5341063756485177,0.5,0.6666666666666666,medium,medium,300,medium,5
gamma_medium__noise_medium__T_300__density_medium__seed_005,oracle_hybrid,0.8224530063541028,0,1.0,0.99,435.6924206768471,540.3744012579895,0.8333333333333334,0.34514721237832124,0.3178970246291621,0.8333333333333334,0.8333333333333334,medium,medium,300,medium,5
gamma_medium__noise_medium__T_300__density_medium__seed_005,hybrid,0.82213654430753,5,1.0,0.99,843.4826788902906,1114.377952477362,0.6666666666666666,0.6099851518843294,0.568601818550996,0.6666666666666666,0.6666666666666666,medium,medium,300,medium,5
gamma_strong__noise_high__T_300__density_dense__seed_004,pcmci_dag,0.6986225324219201,0,1.01,0.99,1370.8492378894646,1594.1852842395476,0.16666666666666666,0.9470458621471781,0.9429374711861552,0.16666666666666666,0.16666666666666666,strong,high,300,dense,4
gamma_strong__noise_high__T_300__density_dense__seed_004,oracle_hybrid,0.7285189585587785,0,1.0,0.99,1010.6603771782546,1119.9439973752328,0.6666666666666666,0.7274369143620074,0.625653581028674,0.6666666666666666,0.8333333333333334,strong,high,300,dense,4
gamma_strong__noise_high__T_300__density_dense__seed_004,hybrid,0.7279596128878567,0,1.0,0.99,1059.5130225902415,1171.6804182134927,0.8333333333333334,0.7692749454800772,0.667491612146744,0.8333333333333334,0.8333333333333334,strong,high,300,dense,4
gamma_medium__noise_low__T_156__density_sparse__seed_002,pcmci_dag,0.7839347652995182,0,1.0,0.99,693.335707752838,901.0457228327524,0.3333333333333333,1.099562382975876,1.0504457163092094,0.3333333333333333,0.3333333333333333,medium,low,156,sparse,2
gamma_medium__noise_low__T_156__density_sparse__seed_002,oracle_hybrid,0.8277075903805651,1,1.0,0.99,321.52106545894,390.4890090053706,0.6666666666666666,0.46936887926865706,0.4448522126019905,0.6666666666666666,0.8333333333333334,medium,low,156,sparse,2
gamma_medium__noise_low__T_156__density_sparse__seed_002,hybrid,0.8274119258035754,0,1.0,0.99,335.362196186848,414.22452383573915,0.8333333333333334,0.48454602803963726,0.4600293613729706,0.8333333333333334,0.8333333333333334,medium,low,156,sparse,2
gamma_weak__noise_high__T_300__density_medium__seed_004,pcmci_dag,0.7076839797145881,0,1.0,0.99,1289.8534401346615,1732.6252271774533,0.16666666666666666,0.9124030312617742,0.9135030312617741,0.16666666666666666,0.16666666666666666,weak,high,300,medium,4
gamma_weak__noise_high__T_300__density_medium__seed_004,oracle_hybrid,0.724533867639279,0,1.01,0.99,664.7364564614134,734.6674796380855,0.8333333333333334,0.5470462621199538,0.5246462621199539,0.8333333333333334,0.8333333333333334,weak,high,300,medium,4
gamma_weak__noise_high__T_300__density_medium__seed_004,hybrid,0.7248552879787974,0,1.01,0.99,657.8586619146682,761.1752630723498,0.8333333333333334,0.5585945892351591,0.5361945892351591,0.8333333333333334,0.8333333333333334,weak,high,300,medium,4
gamma_weak__noise_high__T_300__density_sparse__seed_002,pcmci_dag,0.6936887168415151,0,1.0,0.99,2027.9468597701664,2906.25460625799,0.16666666666666666,1.3758084175688532,1.3612584175688534,0.16666666666666666,0.16666666666666666,weak,high,300,sparse,2
gamma_weak__noise_high__T_300__density_sparse__seed_002,oracle_hybrid,0.7063408489839863,1,1.01,0.99,1352.5707305021485,1719.4205575487042,0.5,0.9247881335571567,0.9177048002238233,0.5,0.5,weak,high,300,sparse,2
gamma_weak__noise_high__T_300__density_sparse__seed_002,hybrid,0.7056135485719408,1,1.0,0.99,1310.3809720717811,1747.4846984531107,0.5,0.8899232043821604,0.882839871048827,0.5,0.5,weak,high,300,sparse,2
gamma_medium__noise_medium__T_80__density_dense__seed_005,pcmci_dag,0.7417853002476953,0,1.0,0.99,340.41833333333335,379.37645580170977,0.0,1.0017166666666666,0.9070666666666666,0.0,0.0,medium,medium,80,dense,5
gamma_medium__noise_medium__T_80__density_dense__seed_005,oracle_hybrid,0.8473103369172532,0,1.0,0.99,269.608904610602,351.2214158274775,0.6666666666666666,0.7711455459824684,0.7252955459824685,0.6666666666666666,0.6666666666666666,medium,medium,80,dense,5
gamma_medium__noise_medium__T_80__density_dense__seed_005,hybrid,0.8458241555129509,0,1.0,0.99,264.87131434225057,304.3244532422748,0.6666666666666666,0.761682862851595,0.7158328628515952,0.6666666666666666,0.6666666666666666,medium,medium,80,dense,5
gamma_strong__noise_medium__T_80__density_dense__seed_004,pcmci_dag,0.7748576224960776,0,1.0,0.99,474.3075272981235,622.5033368099733,0.16666666666666666,1.2618571505416514,1.246923817208318,0.16666666666666666,0.16666666666666666,strong,medium,80,dense,4
gamma_strong__noise_medium__T_80__density_dense__seed_004,oracle_hybrid,0.7731698058352415,0,1.01,0.99,286.7800303970278,362.4838648230293,1.0,0.7764042348862347,0.7614709015529014,1.0,0.8333333333333334,strong,medium,80,dense,4
gamma_strong__noise_medium__T_80__density_dense__seed_004,hybrid,0.7735435950808675,0,1.0,0.99,288.64945918651216,351.35818192337376,1.0,0.7998034819847623,0.784870148651429,1.0,0.6666666666666666,strong,medium,80,dense,4
gamma_medium__noise_high__T_156__density_sparse__seed_003,pcmci_dag,0.6242490480292657,0,1.0,0.99,773.4471062613917,950.757520821526,0.3333333333333333,1.4758034839971648,1.3795868173304981,0.3333333333333333,0.3333333333333333,medium,high,156,sparse,3
gamma_medium__noise_high__T_156__density_sparse__seed_003,oracle_hybrid,0.7151804073532865,1,1.0,0.99,312.05731872466976,441.983256207861,0.8333333333333334,0.3868965899946608,0.42128576539182233,0.8333333333333334,0.8333333333333334,medium,high,156,sparse,3
gamma_medium__noise_high__T_156__density_sparse__seed_003,hybrid,0.7137213556747743,0,1.0,0.99,290.8720572440792,372.715555754781,0.8333333333333334,0.3803592211486438,0.3662556915470394,0.8333333333333334,0.8333333333333334,medium,high,156,sparse,3
gamma_medium__noise_high__T_80__density_dense__seed_001,pcmci_dag,0.6269031748559664,0,1.01,0.99,236.74248823712222,265.1699211967867,0.16666666666666666,0.6079305602805314,0.5939138936138648,0.16666666666666666,0.16666666666666666,medium,high,80,dense,1
gamma_medium__noise_high__T_80__density_dense__seed_001,oracle_hybrid,0.6526261253613541,0,1.01,0.99,194.01561568769088,266.35607087461443,0.8333333333333334,0.4987495095372199,0.5376661762038867,0.8333333333333334,0.8333333333333334,medium,high,80,dense,1
gamma_medium__noise_high__T_80__density_dense__seed_001,hybrid,0.6528481760012065,0,1.0,0.99,159.43496777504103,219.36604405941344,1.0,0.4100147065071127,0.4489313731737794,1.0,0.8333333333333334,medium,high,80,dense,1
gamma_medium__noise_medium__T_300__density_medium__seed_001,pcmci_dag,0.816319117603729,0,1.01,0.99,852.7227743793547,1088.8109472130916,0.6666666666666666,0.5702246887453039,0.5600966205376183,0.6666666666666666,0.5,medium,medium,300,medium,1
gamma_medium__noise_medium__T_300__density_medium__seed_001,oracle_hybrid,0.8158770139991067,2,1.0,0.99,642.4411919617204,757.0452170334032,0.8333333333333334,0.4359050609229261,0.4242106946425484,0.8333333333333334,0.8333333333333334,medium,medium,300,medium,1
gamma_medium__noise_medium__T_300__density_medium__seed_001,hybrid,0.8155018137695098,1,1.0,0.99,622.6271260426347,733.7424155863017,0.8333333333333334,0.4206890533535074,0.41175368037044374,0.8333333333333334,0.6666666666666666,medium,medium,300,medium,1
gamma_medium__noise_high__T_156__density_medium__seed_002,pcmci_dag,0.6158084321349224,0,1.02,0.99,720.3565235528434,914.3673109521143,0.16666666666666666,1.1520798713367075,1.0352701286632924,0.16666666666666666,0.16666666666666666,medium,high,156,medium,2
gamma_medium__noise_high__T_156__density_medium__seed_002,oracle_hybrid,0.6322504424454153,0,1.0,0.99,290.0173709653786,325.4987071942522,1.0,0.48622683800729205,0.40314350467395865,1.0,1.0,medium,high,156,medium,2
gamma_medium__noise_high__T_156__density_medium__seed_002,hybrid,0.6330163636060947,2,1.0,0.99,298.02617732936966,346.9558887290189,1.0,0.5135382277305779,0.43045489439724455,1.0,1.0,medium,high,156,medium,2
gamma_weak__noise_low__T_156__density_medium__seed_001,pcmci_dag,0.822218239958374,0,1.01,0.99,395.9901465852293,511.57009621154896,0.6666666666666666,0.5815642428101562,0.5837475761434895,0.6666666666666666,0.6666666666666666,weak,low,156,medium,1
gamma_weak__noise_low__T_156__density_medium__seed_001,oracle_hybrid,0.8886035601400467,0,1.0,0.99,247.81474706769578,272.81943471501035,0.6666666666666666,0.3619728324256642,0.3597894990923309,0.6666666666666666,0.6666666666666666,weak,low,156,medium,1
gamma_weak__noise_low__T_156__density_medium__seed_001,hybrid,0.8885179825727264,4,1.0,0.99,532.9124862378277,753.1132023770795,0.5,0.7699859346281865,0.7678026012948532,0.5,0.5,weak,low,156,medium,1
gamma_medium__noise_high__T_156__density_dense__seed_002,pcmci_dag,0.6155367846547932,0,1.02,0.99,771.1947005997871,925.5954294420826,0.16666666666666666,1.2179715919841845,1.103245074682482,0.16666666666666666,0.16666666666666666,medium,high,156,dense,2
gamma_medium__noise_high__T_156__density_dense__seed_002,oracle_hybrid,0.6321895974791601,1,1.0,0.99,229.57236399832084,287.0120298883079,1.0,0.40518982103551143,0.31313982103551147,1.0,0.8333333333333334,medium,high,156,dense,2
gamma_medium__noise_high__T_156__density_dense__seed_002,hybrid,0.6311755151649097,0,1.0,0.99,222.3716492165739,279.94225008233104,1.0,0.4293790809656927,0.33732908096569264,1.0,1.0,medium,high,156,dense,2
gamma_medium__noise_low__T_156__density_medium__seed_002,pcmci_dag,0.776835290927083,0,1.0,0.99,725.5267048181872,915.0782408520408,0.16666666666666666,1.1619719259522203,1.042488592618887,0.16666666666666666,0.16666666666666666,medium,low,156,medium,2
gamma_medium__noise_low__T_156__density_medium__seed_002,oracle_hybrid,0.8280947146339153,3,1.0,0.99,370.38773874670875,495.33715343999705,0.8333333333333334,0.5367894888044402,0.4537061554711069,0.8333333333333334,1.0,medium,low,156,medium,2
gamma_medium__noise_low__T_156__density_medium__seed_002,hybrid,0.8284784387260258,3,1.01,0.99,385.0941338856424,497.438273338177,0.6666666666666666,0.5910353894304464,0.507952056097113,0.6666666666666666,1.0,medium,low,156,medium,2
gamma_weak__noise_medium__T_80__density_sparse__seed_004,pcmci_dag,0.7480083502106961,0,1.0,0.99,313.61336237269535,402.70368568300785,0.3333333333333333,0.8973239898246254,0.889690656491292,0.3333333333333333,0.3333333333333333,weak,medium,80,sparse,4
gamma_weak__noise_medium__T_80__density_sparse__seed_004,oracle_hybrid,0.7667098089210892,0,1.0,0.99,228.34886620484772,275.3462843167086,0.8333333333333334,0.6457423274438333,0.6425089941105,0.8333333333333334,0.8333333333333334,weak,medium,80,sparse,4
gamma_weak__noise_medium__T_80__density_sparse__seed_004,hybrid,0.7634144059513015,0,1.01,0.99,210.4988595039068,251.1071866766699,0.8333333333333334,0.6059223004292487,0.6026889670959154,0.8333333333333334,0.8333333333333334,weak,medium,80,sparse,4
gamma_weak__noise_high__T_156__density_medium__seed_001,pcmci_dag,0.5776974345393733,0,1.0,0.99,1182.6715493574686,1842.9223263791935,0.3333333333333333,1.5182852069781656,1.5048352069781654,0.3333333333333333,0.3333333333333333,weak,high,156,medium,1
gamma_weak__noise_high__T_156__density_medium__seed_001,oracle_hybrid,0.7375922301560229,1,1.0,0.99,435.3730940571338,475.43935079009105,0.8333333333333334,0.6131300437113432,0.6109467103780097,0.8333333333333334,0.8333333333333334,weak,high,156,medium,1
gamma_weak__noise_high__T_156__density_medium__seed_001,hybrid,0.7380919707456024,0,1.0,0.99,795.6006814037095,1058.7593047522405,0.5,1.1238163162380852,1.121632982904752,0.5,0.3333333333333333,weak,high,156,medium,1
gamma_strong__noise_low__T_300__density_dense__seed_003,pcmci_dag,0.8731435270530604,0,1.0,0.99,1521.7219442275934,1776.5274815152493,0.0,1.1049844560887052,0.9921177894220387,0.0,0.16666666666666666,strong,low,300,dense,3
gamma_strong__noise_low__T_300__density_dense__seed_003,oracle_hybrid,0.8765244139772786,1,1.0,0.99,653.0308879296625,802.0436714846253,0.6666666666666666,0.4873328465181501,0.4567647496649312,0.6666666666666666,0.8333333333333334,strong,low,300,dense,3
gamma_strong__noise_low__T_300__density_dense__seed_003,hybrid,0.8759801679546773,6,1.0,0.99,718.475115083098,848.039548009097,0.5,0.5566311449162854,0.44376447824961884,0.5,0.8333333333333334,strong,low,300,dense,3
gamma_weak__noise_medium__T_156__density_sparse__seed_005,pcmci_dag,0.717186835259728,0,1.0,0.99,561.4332042509437,853.3203343158509,0.6666666666666666,0.7194055159241315,0.7012388492574648,0.6666666666666666,0.6666666666666666,weak,medium,156,sparse,5
gamma_weak__noise_medium__T_156__density_sparse__seed_005,oracle_hybrid,0.7317694460183266,0,1.0,0.99,279.9800333518419,374.7795284536252,0.6666666666666666,0.4168517980037743,0.3995806301710177,0.6666666666666666,0.6666666666666666,weak,medium,156,sparse,5
gamma_weak__noise_medium__T_156__density_sparse__seed_005,hybrid,0.7291709076004659,3,1.01,0.99,540.9050500958402,734.271408719884,0.5,0.6896295611911908,0.6810295611911906,0.5,0.5,weak,medium,156,sparse,5
gamma_medium__noise_high__T_156__density_dense__seed_003,pcmci_dag,0.6236945664514146,0,1.0,0.99,866.2457534573006,1012.9397775838715,0.3333333333333333,1.574459421844436,1.3993170583491787,0.3333333333333333,0.3333333333333333,medium,high,156,dense,3
gamma_medium__noise_high__T_156__density_dense__seed_003,oracle_hybrid,0.7151995698192498,0,1.0,0.99,251.57631738475615,339.2838116386553,1.0,0.32682795892117933,0.4638511948267587,1.0,1.0,medium,high,156,dense,3
gamma_medium__noise_high__T_156__density_dense__seed_003,hybrid,0.7139101937529613,0,1.0,0.99,288.130852198632,359.61533188750917,1.0,0.38395224081395146,0.45766636724287174,1.0,1.0,medium,high,156,dense,3
gamma_weak__noise_medium__T_156__density_dense__seed_002,pcmci_dag,0.7213615414615351,0,1.0,0.99,731.0051520127753,937.5774315626902,0.16666666666666666,1.1640298243844474,1.1083798243844474,0.16666666666666666,0.16666666666666666,weak,medium,156,dense,2
gamma_weak__noise_medium__T_156__density_dense__seed_002,oracle_hybrid,0.746439654946366,1,1.0,0.99,313.3926776502039,352.998169561749,0.8333333333333334,0.4865920023541675,0.44627533568750083,0.8333333333333334,0.8333333333333334,weak,medium,156,dense,2
gamma_weak__noise_medium__T_156__density_dense__seed_002,hybrid,0.7454740422643418,0,1.0,0.99,263.54835689800296,279.38167722945764,1.0,0.4440658343941359,0.3971158343941359,1.0,1.0,weak,medium,156,dense,2
gamma_strong__noise_medium__T_300__density_dense__seed_005,pcmci_dag,0.8052731708908532,0,1.01,0.99,1341.7247975912762,1567.1755715861711,0.16666666666666666,0.8943772770018134,0.8270540462293411,0.16666666666666666,0.16666666666666666,strong,medium,300,dense,5
gamma_strong__noise_medium__T_300__density_dense__seed_005,oracle_hybrid,0.8221690495482394,10,1.0,0.99,594.9196307108369,622.1732750973405,0.8333333333333334,0.43689116545561424,0.41251707547372546,0.8333333333333334,0.8333333333333334,strong,medium,300,dense,5
gamma_strong__noise_medium__T_300__density_dense__seed_005,hybrid,0.8223252718036745,4,1.0,0.99,630.3194413762133,690.8191684220108,0.8333333333333334,0.463226860723192,0.47253500376501617,0.8333333333333334,0.6666666666666666,strong,medium,300,dense,5
gamma_medium__noise_medium__T_156__density_medium__seed_002,pcmci_dag,0.7149615052980137,0,1.01,0.99,724.0881334455872,914.8628813376114,0.16666666666666666,1.1592195221474524,1.0397361888141188,0.16666666666666666,0.16666666666666666,medium,medium,156,medium,2
gamma_medium__noise_medium__T_156__density_medium__seed_002,oracle_hybrid,0.7494162595977042,1,1.0,0.99,309.38079480781556,356.39332115778706,1.0,0.4796006547588261,0.3965173214254927,1.0,1.0,medium,medium,156,medium,2
gamma_medium__noise_medium__T_156__density_medium__seed_002,hybrid,0.7484113376143309,2,1.01,0.99,299.8021330317766,343.32996878947813,0.8333333333333334,0.49700087822942773,0.413008395635768,0.8333333333333334,1.0,medium,medium,156,medium,2
gamma_medium__noise_high__T_156__density_dense__seed_004,pcmci_dag,0.45141357729893705,0,1.0,0.99,772.0116666666667,856.8875929101397,0.0,1.0497333333333334,0.9529166666666667,0.0,0.0,medium,high,156,dense,4
gamma_medium__noise_high__T_156__density_dense__seed_004,oracle_hybrid,0.6798800772056104,2,1.0,0.99,171.04483483058596,211.16477219092766,1.0,0.23705176079539061,0.3338684274620573,1.0,1.0,medium,high,156,dense,4
gamma_medium__noise_high__T_156__density_dense__seed_004,hybrid,0.6773724548620731,1,1.0,0.99,139.49412778911733,197.14430531119945,1.0,0.19691271782335487,0.2931211894302835,1.0,1.0,medium,high,156,dense,4
gamma_weak__noise_medium__T_80__density_medium__seed_001,pcmci_dag,0.7440500917007671,0,1.01,0.99,218.07862103133357,268.66666705539984,0.0,0.5621528028665853,0.5607528028665854,0.0,0.0,weak,medium,80,medium,1
gamma_weak__noise_medium__T_80__density_medium__seed_001,oracle_hybrid,0.7706020570192749,1,1.0,0.99,164.27914145953537,225.00428533325177,0.8333333333333334,0.4238334352187598,0.42583343521875977,0.8333333333333334,0.8333333333333334,weak,medium,80,medium,1
gamma_weak__noise_medium__T_80__density_medium__seed_001,hybrid,0.7729057556870189,0,1.01,0.99,173.92275590492736,226.82256485673736,0.6666666666666666,0.44905689443672353,0.4510568944367235,0.6666666666666666,0.6666666666666666,weak,medium,80,medium,1
gamma_medium__noise_medium__T_300__density_medium__seed_003,pcmci_dag,0.788196463101543,0,1.0,0.99,940.3398672315911,1095.525048312939,0.3333333333333333,0.739520849624149,0.6339541829574823,0.3333333333333333,0.5,medium,medium,300,medium,3
gamma_medium__noise_medium__T_300__density_medium__seed_003,oracle_hybrid,0.7885292942609975,0,1.0,0.99,563.7678606284678,661.518086063856,0.6666666666666666,0.4663488907018721,0.3712488907018721,0.6666666666666666,0.8333333333333334,medium,medium,300,medium,3
gamma_medium__noise_medium__T_300__density_medium__seed_003,hybrid,0.7890599680762868,0,1.0,0.99,599.8063522019944,699.3285302353667,0.6666666666666666,0.5002976936781797,0.40519769367817976,0.6666666666666666,0.8333333333333334,medium,medium,300,medium,3
gamma_strong__noise_high__T_300__density_medium__seed_004,pcmci_dag,0.7098571792169808,0,1.0,0.99,1440.6188832127657,1670.241281003141,0.3333333333333333,1.0326790902199765,0.9676490491294114,0.3333333333333333,0.3333333333333333,strong,high,300,medium,4
gamma_strong__noise_high__T_300__density_medium__seed_004,oracle_hybrid,0.7265228437864947,0,1.0,0.99,888.5083555045159,1014.6660844842672,0.8333333333333334,0.6471394619194836,0.5585894619194836,0.8333333333333334,0.8333333333333334,strong,high,300,medium,4
gamma_strong__noise_high__T_300__density_medium__seed_004,hybrid,0.7272126217118455,0,1.0,0.99,872.6752614908627,984.3233407235763,0.8333333333333334,0.6371143462786467,0.5485643462786467,0.8333333333333334,1.0,strong,high,300,medium,4
gamma_weak__noise_high__T_80__density_dense__seed_001,pcmci_dag,0.6257598587183254,0,1.0,0.99,223.82860149927401,268.38884140258233,0.16666666666666666,0.5765646557696654,0.5763646557696654,0.16666666666666666,0.16666666666666666,weak,high,80,dense,1
gamma_weak__noise_high__T_80__density_dense__seed_001,oracle_hybrid,0.6532656168981522,0,1.01,0.99,201.88090791167232,280.2706963633471,0.8333333333333334,0.5135102038708756,0.5224102038708757,0.8333333333333334,0.8333333333333334,weak,high,80,dense,1
gamma_weak__noise_high__T_80__density_dense__seed_001,hybrid,0.6516495417509927,1,1.01,0.99,181.81752943678362,255.06197202170893,0.8333333333333334,0.4579496804263847,0.46684968042638464,0.8333333333333334,0.8333333333333334,weak,high,80,dense,1
gamma_strong__noise_low__T_80__density_medium__seed_004,pcmci_dag,0.8530532733419943,0,1.0,0.99,401.51644282559204,583.1502649386335,0.3333333333333333,1.0825856565701093,1.0374689899034426,0.3333333333333333,0.3333333333333333,strong,low,80,medium,4
gamma_strong__noise_low__T_80__density_medium__seed_004,oracle_hybrid,0.8568916278913029,2,1.0,0.99,244.26049750491816,298.7065107710619,0.8333333333333334,0.6645019102897826,0.6193852436231158,0.8333333333333334,0.6666666666666666,strong,low,80,medium,4
gamma_strong__noise_low__T_80__density_medium__seed_004,hybrid,0.8552629906207293,0,1.0,0.99,249.65698986847892,291.7191201738959,1.0,0.7061091944060887,0.6609925277394221,1.0,0.8333333333333334,strong,low,80,medium,4
gamma_weak__noise_low__T_80__density_medium__seed_004,pcmci_dag,0.8559550699850852,0,1.0,0.99,226.24226264386212,265.9712740770127,0.3333333333333333,0.6798777014539854,0.6718110347873186,0.3333333333333333,0.3333333333333333,weak,low,80,medium,4
gamma_weak__noise_low__T_80__density_medium__seed_004,oracle_hybrid,0.8534796945882568,0,1.01,0.99,176.03734175785564,228.08190150653073,0.8333333333333334,0.5102836440966371,0.4966169774299704,0.8333333333333334,0.8333333333333334,weak,low,80,medium,4
gamma_weak__noise_low__T_80__density_medium__seed_004,hybrid,0.8535461194803686,0,1.01,0.99,180.36839030230496,218.8234310436381,1.0,0.5195938623431466,0.50592719567648,1.0,1.0,weak,low,80,medium,4
gamma_weak__noise_low__T_156__density_medium__seed_003,pcmci_dag,0.7842413234720628,0,1.0,0.99,747.24142988393,940.6233301224639,0.16666666666666666,1.4487964421528086,1.4039797754861423,0.16666666666666666,0.16666666666666666,weak,low,156,medium,3
gamma_weak__noise_low__T_156__density_medium__seed_003,oracle_hybrid,0.8778829794554626,0,1.01,0.99,218.7588031744975,293.52640254313894,0.8333333333333334,0.3451139823999372,0.3221745557369812,0.8333333333333334,0.8333333333333334,weak,low,156,medium,3
gamma_weak__noise_low__T_156__density_medium__seed_003,hybrid,0.8782350773433836,1,1.01,0.99,232.32710964576776,272.6825115632303,1.0,0.3537842636796224,0.31070093034628904,1.0,1.0,weak,low,156,medium,3
gamma_medium__noise_medium__T_300__density_dense__seed_004,pcmci_dag,0.8142798563275737,0,1.01,0.99,1810.705503775174,2148.6942420235077,0.16666666666666666,1.3319515002445528,1.1879015002445528,0.16666666666666666,0.16666666666666666,medium,medium,300,dense,4
gamma_medium__noise_medium__T_300__density_dense__seed_004,oracle_hybrid,0.8344197879431956,5,1.0,0.99,568.0733679857427,639.1400362143343,0.8333333333333334,0.4397424754380977,0.3619924754380977,0.8333333333333334,0.8333333333333334,medium,medium,300,dense,4
gamma_medium__noise_medium__T_300__density_dense__seed_004,hybrid,0.8343912551415732,3,1.01,0.99,622.1186788366202,680.4364925578818,0.6666666666666666,0.49349984469786196,0.4157498446978621,0.6666666666666666,0.8333333333333334,medium,medium,300,dense,4
gamma_weak__noise_high__T_80__density_sparse__seed_002,pcmci_dag,0.5924632241077388,0,1.01,0.99,331.4409959217581,403.03645470617107,0.16666666666666666,0.9872067720212608,0.9770401053545942,0.16666666666666666,0.16666666666666666,weak,high,80,sparse,2
gamma_weak__noise_high__T_80__density_sparse__seed_002,oracle_hybrid,0.6785175712298449,2,1.0,0.99,236.00444520564113,328.45936505134284,0.8333333333333334,0.6263871091412144,0.6365537758078811,0.8333333333333334,0.8333333333333334,weak,high,80,sparse,2
gamma_weak__noise_high__T_80__density_sparse__seed_002,hybrid,0.6730786238408238,3,1.01,0.99,218.99760059106347,299.7573928416269,0.8333333333333334,0.5920164010855696,0.6021830677522363,0.8333333333333334,0.8333333333333334,weak,high,80,sparse,2
gamma_strong__noise_medium__T_300__density_sparse__seed_002,pcmci_dag,0.7239997812677259,0,1.0,0.99,1706.533333333333,1982.348400912413,0.16666666666666666,1.2781333333333336,1.1881333333333333,0.16666666666666666,0.16666666666666666,strong,medium,300,sparse,2
gamma_strong__noise_medium__T_300__density_sparse__seed_002,oracle_hybrid,0.8145799905799133,2,1.0,0.99,993.9427649473431,1136.2201511558821,0.5,0.6992809587885441,0.6745476254552109,0.5,0.3333333333333333,strong,medium,300,sparse,2
gamma_strong__noise_medium__T_300__density_sparse__seed_002,hybrid,0.8145797112613028,2,1.0,0.99,953.6523697623546,1103.6951364281358,0.6666666666666666,0.6675261735215102,0.642792840188177,0.6666666666666666,0.5,strong,medium,300,sparse,2
gamma_strong__noise_high__T_156__density_medium__seed_004,pcmci_dag,0.44958903621895036,0,1.0,0.99,758.3116666666666,839.1968057911088,0.0,1.0349666666666668,0.9175666666666668,0.0,0.0,strong,high,156,medium,4
gamma_strong__noise_high__T_156__density_medium__seed_004,oracle_hybrid,0.6768809061408708,4,1.0,0.99,231.9372912170933,258.2432741278363,1.0,0.2992087224330638,0.40236906254833554,1.0,1.0,strong,high,156,medium,4
gamma_strong__noise_high__T_156__density_medium__seed_004,hybrid,0.6756759204618041,0,1.0,0.99,202.423166270319,233.2237757783841,1.0,0.2683551630264343,0.37659170740944936,1.0,1.0,strong,high,156,medium,4
gamma_strong__noise_low__T_156__density_sparse__seed_004,pcmci_dag,0.8415808483396975,0,1.0,0.99,553.861335433979,689.4653943471207,0.3333333333333333,0.71581371939729,0.7389637193972899,0.3333333333333333,0.3333333333333333,strong,low,156,sparse,4
gamma_strong__noise_low__T_156__density_sparse__seed_004,oracle_hybrid,0.8773936936190692,0,1.01,0.99,252.42102512997977,302.4717626675917,0.8333333333333334,0.31669372991813605,0.3861770632514694,0.8333333333333334,0.8333333333333334,strong,low,156,sparse,4
gamma_strong__noise_low__T_156__density_sparse__seed_004,hybrid,0.8779252868780888,9,1.01,0.99,260.86882691006355,306.22553996978684,0.6666666666666666,0.32810140520025144,0.39758473853358484,0.6666666666666666,0.5,strong,low,156,sparse,4
gamma_weak__noise_medium__T_156__density_medium__seed_005,pcmci_dag,0.7161299275026275,1,1.0,0.99,646.1550140319258,1032.7041905898316,0.5,0.8072032200893614,0.7823865534226946,0.5,0.5,weak,medium,156,medium,5
gamma_weak__noise_medium__T_156__density_medium__seed_005,oracle_hybrid,0.7301214301715335,1,1.0,0.99,301.3830284826154,384.74925776472503,0.8333333333333334,0.43917890565626366,0.4231677377377256,0.8333333333333334,0.6666666666666666,weak,medium,156,medium,5
gamma_weak__noise_medium__T_156__density_medium__seed_005,hybrid,0.7298817120903728,0,1.01,0.99,565.1371039345564,789.7132584882853,0.8333333333333334,0.7137902652715491,0.6992069319382158,0.8333333333333334,0.8333333333333334,weak,medium,156,medium,5
gamma_weak__noise_medium__T_156__density_medium__seed_002,pcmci_dag,0.7197278073385674,0,1.0,0.99,712.2767339643659,936.0487017109094,0.16666666666666666,1.139975233034285,1.100425233034285,0.16666666666666666,0.16666666666666666,weak,medium,156,medium,2
gamma_weak__noise_medium__T_156__density_medium__seed_002,oracle_hybrid,0.74873372518553,2,1.0,0.99,298.14686883709635,330.7493741614245,0.8333333333333334,0.47664347673277535,0.44489347673277546,0.8333333333333334,0.8333333333333334,weak,medium,156,medium,2
gamma_weak__noise_medium__T_156__density_medium__seed_002,hybrid,0.7469435028600424,1,1.0,0.99,337.4056817466289,361.4469911309225,0.8333333333333334,0.5395572022749185,0.5010738689415853,0.8333333333333334,1.0,weak,medium,156,medium,2
gamma_medium__noise_high__T_156__density_medium__seed_004,pcmci_dag,0.44191754346026507,0,1.0,0.99,744.6783333333333,862.0745239150344,0.0,1.01735,0.9611500000000001,0.0,0.0,medium,high,156,medium,4
gamma_medium__noise_high__T_156__density_medium__seed_004,oracle_hybrid,0.6771863512972381,1,1.0,0.99,185.99048407992632,219.63630735494877,1.0,0.24922332661908256,0.30542332661908256,1.0,1.0,medium,high,156,medium,4
gamma_medium__noise_high__T_156__density_medium__seed_004,hybrid,0.6781228694086974,1,1.01,0.99,198.19713667618058,241.47609771805506,1.0,0.26821769109737253,0.3207318763349447,1.0,1.0,medium,high,156,medium,4
gamma_strong__noise_high__T_156__density_sparse__seed_002,pcmci_dag,0.6080420549974291,0,1.01,0.99,665.2748083344303,859.5423968085216,0.3333333333333333,1.0440799793385704,1.0488200206614293,0.3333333333333333,0.3333333333333333,strong,high,156,sparse,2
gamma_strong__noise_high__T_156__density_sparse__seed_002,oracle_hybrid,0.6252599731711412,0,1.0,0.99,291.63368055191285,323.68261486506924,0.8333333333333334,0.48212487509858487,0.4431915417652515,0.8333333333333334,0.8333333333333334,strong,high,156,sparse,2
gamma_strong__noise_high__T_156__density_sparse__seed_002,hybrid,0.6243722719311938,0,1.0,0.99,281.0494199112596,317.77037092529,0.8333333333333334,0.46203184035700184,0.4230985070236685,0.8333333333333334,0.8333333333333334,strong,high,156,sparse,2
gamma_medium__noise_low__T_80__density_sparse__seed_005,pcmci_dag,0.778447581041045,0,1.0,0.99,316.0416666666667,374.1843601532984,0.16666666666666666,0.9380166666666666,0.9022166666666668,0.16666666666666666,0.16666666666666666,medium,low,80,sparse,5
gamma_medium__noise_low__T_80__density_sparse__seed_005,oracle_hybrid,0.9003153503630068,0,1.0,0.99,244.03612429329982,315.5107216418517,0.6666666666666666,0.7194634448922747,0.7024634448922747,0.6666666666666666,0.6666666666666666,medium,low,80,sparse,5
gamma_medium__noise_low__T_80__density_sparse__seed_005,hybrid,0.9000574968736296,0,1.0,0.99,284.4280305041481,343.82565018825215,0.6666666666666666,0.7927675021345163,0.7757675021345164,0.6666666666666666,0.6666666666666666,medium,low,80,sparse,5
gamma_weak__noise_high__T_156__density_medium__seed_003,pcmci_dag,0.6220038590238748,0,1.0,0.99,729.3488767893605,935.1664260832526,0.16666666666666666,1.4301233734599463,1.3853067067932798,0.16666666666666666,0.16666666666666666,weak,high,156,medium,3
gamma_weak__noise_high__T_156__density_medium__seed_003,oracle_hybrid,0.7127928155718924,1,1.0,0.99,279.55417645763083,390.7699641050904,1.0,0.3621064526022422,0.3349317810469398,1.0,1.0,weak,high,156,medium,3
gamma_weak__noise_high__T_156__density_medium__seed_003,hybrid,0.7114106254584333,0,1.0,0.99,239.08433068102158,309.07038866383976,1.0,0.3183796717661976,0.28911592063071934,1.0,1.0,weak,high,156,medium,3
gamma_strong__noise_medium__T_156__density_medium__seed_003,pcmci_dag,0.7380411497990493,0,1.01,0.99,916.5085018031646,1179.2639263830242,0.3333333333333333,1.5590832735076503,1.4171332735076507,0.3333333333333333,0.3333333333333333,strong,medium,156,medium,3
gamma_strong__noise_medium__T_156__density_medium__seed_003,oracle_hybrid,0.8107684706405855,0,1.01,0.99,198.16363541006731,239.5022385826942,1.0,0.29838793146219117,0.374380326927574,1.0,1.0,strong,medium,156,medium,3
gamma_strong__noise_medium__T_156__density_medium__seed_003,hybrid,0.8121720267528647,1,1.01,0.99,193.18455851939143,241.0685253595855,1.0,0.31912504869951847,0.3135096599406164,1.0,1.0,strong,medium,156,medium,3
gamma_weak__noise_medium__T_300__density_medium__seed_004,pcmci_dag,0.8171904899673851,0,1.0,0.99,1689.4386123324566,2145.8943266937376,0.16666666666666666,1.2483631937151163,1.218629860381783,0.16666666666666666,0.16666666666666666,weak,medium,300,medium,4
gamma_weak__noise_medium__T_300__density_medium__seed_004,oracle_hybrid,0.8333394124624766,2,1.01,0.99,443.8633536227969,530.6916321708892,0.5,0.38370956506384174,0.3613095650638418,0.5,0.6666666666666666,weak,medium,300,medium,4
gamma_weak__noise_medium__T_300__density_medium__seed_004,hybrid,0.8327414175635885,0,1.0,0.99,481.7719519158445,568.0520450497253,0.8333333333333334,0.4186005520839191,0.38963388541725247,0.8333333333333334,0.8333333333333334,weak,medium,300,medium,4
gamma_medium__noise_low__T_80__density_sparse__seed_004,pcmci_dag,0.8305124452354995,0,1.01,0.99,306.54985130948165,425.8536170403419,0.3333333333333333,0.8606839977657459,0.852983997765746,0.3333333333333333,0.3333333333333333,medium,low,80,sparse,4
gamma_medium__noise_low__T_80__density_sparse__seed_004,oracle_hybrid,0.8539030199201215,4,1.0,0.99,200.97685817680306,246.9941928082071,0.8333333333333334,0.5609369460922381,0.5532369460922381,0.8333333333333334,0.8333333333333334,medium,low,80,sparse,4
gamma_medium__noise_low__T_80__density_sparse__seed_004,hybrid,0.854694213417367,0,1.01,0.99,194.3262151215096,245.0045019206819,0.8333333333333334,0.5414770068168985,0.5337770068168984,0.8333333333333334,0.8333333333333334,medium,low,80,sparse,4
gamma_strong__noise_high__T_300__density_dense__seed_005,pcmci_dag,0.7034038370543717,0,1.0,0.99,569.7706200537722,745.1873751689449,0.6666666666666666,0.39188828214157717,0.4362462046779816,0.6666666666666666,0.8333333333333334,strong,high,300,dense,5
gamma_strong__noise_high__T_300__density_dense__seed_005,oracle_hybrid,0.7042369423969459,6,1.0,0.99,593.5159006870895,700.4611260540518,0.8333333333333334,0.46121894210227304,0.4563216391748098,0.8333333333333334,0.8333333333333334,strong,high,300,dense,5
gamma_strong__noise_high__T_300__density_dense__seed_005,hybrid,0.7030881313431759,4,1.0,0.99,634.0849825168656,801.8699546994371,0.8333333333333334,0.491129773727891,0.4826707777980463,0.8333333333333334,0.8333333333333334,strong,high,300,dense,5
gamma_strong__noise_medium__T_300__density_sparse__seed_001,pcmci_dag,0.813038056088734,1,1.0,0.99,793.1243867546392,1271.5285384032113,0.6666666666666666,0.5016715655586875,0.5677844230982417,0.6666666666666666,0.6666666666666666,strong,medium,300,sparse,1
gamma_strong__noise_medium__T_300__density_sparse__seed_001,oracle_hybrid,0.8154701054047974,1,1.01,0.99,667.2872602667312,766.8905771834357,0.5,0.45356992643818744,0.5201030728804668,0.5,0.5,strong,medium,300,sparse,1
gamma_strong__noise_medium__T_300__density_sparse__seed_001,hybrid,0.8148212678439366,0,1.0,0.99,708.2182899859353,814.971226554598,0.5,0.47520841863572577,0.5325349367615909,0.5,0.5,strong,medium,300,sparse,1
gamma_strong__noise_high__T_156__density_sparse__seed_001,pcmci_dag,0.6171857672913007,0,1.0,0.99,1056.3826343758274,1512.4333195934576,0.16666666666666666,1.3418136931460036,1.306947026479337,0.16666666666666666,0.16666666666666666,strong,high,156,sparse,1
gamma_strong__noise_high__T_156__density_sparse__seed_001,oracle_hybrid,0.7445205728267478,2,1.0,0.99,440.4779448830811,492.71749699674615,0.5,0.6065284642622948,0.5716617975956281,0.5,0.5,strong,high,156,sparse,1
gamma_strong__noise_high__T_156__density_sparse__seed_001,hybrid,0.7437660504325759,0,1.0,0.99,749.1355301551949,996.0373273522838,0.3333333333333333,1.050807054059687,1.0159403873930204,0.3333333333333333,0.3333333333333333,strong,high,156,sparse,1
gamma_weak__noise_medium__T_300__density_sparse__seed_003,pcmci_dag,0.785646590792017,0,1.0,0.99,959.4946955987816,1120.403543746478,0.3333333333333333,0.7518309191821991,0.7301642525155324,0.3333333333333333,0.3333333333333333,weak,medium,300,sparse,3
gamma_weak__noise_medium__T_300__density_sparse__seed_003,oracle_hybrid,0.7872815170157019,4,1.0,0.99,515.8456529173899,651.084644994719,0.5,0.4509334826797969,0.4292668160131301,0.5,0.5,weak,medium,300,sparse,3
gamma_weak__noise_medium__T_300__density_sparse__seed_003,hybrid,0.7870317526422395,2,1.01,0.99,702.4292136671396,785.594982099219,0.5,0.5550093748053921,0.5333427081387253,0.5,0.5,weak,medium,300,sparse,3
gamma_strong__noise_medium__T_80__density_medium__seed_003,pcmci_dag,0.5246205420560841,0,1.0,0.99,384.80333333333334,427.9349816268822,0.0,1.4378166666666665,1.1880666666666666,0.0,0.0,strong,medium,80,medium,3
gamma_strong__noise_medium__T_80__density_medium__seed_003,oracle_hybrid,0.8067652496166187,1,1.0,0.99,298.11136440354875,349.75399950224426,0.8333333333333334,0.8509014379546794,0.890437206375001,0.8333333333333334,0.8333333333333334,strong,medium,80,medium,3
gamma_strong__noise_medium__T_80__density_medium__seed_003,hybrid,0.8074812176627597,0,1.01,0.99,319.9887938068382,359.164756579339,1.0,0.9770765506397513,0.8034265506397515,1.0,1.0,strong,medium,80,medium,3
gamma_strong__noise_medium__T_80__density_dense__seed_001,pcmci_dag,0.7857771433732236,0,1.0,0.99,220.2067883451756,273.54516101523893,0.5,0.5376733435435584,0.6337566768768917,0.5,0.3333333333333333,strong,medium,80,dense,1
gamma_strong__noise_medium__T_80__density_dense__seed_001,oracle_hybrid,0.7770898259808102,0,1.0,0.99,186.37533864568366,244.76700031189384,0.8333333333333334,0.46871946226262295,0.5648027955959564,0.8333333333333334,0.6666666666666666,strong,medium,80,dense,1
gamma_strong__noise_medium__T_80__density_dense__seed_001,hybrid,0.7777913341729357,1,1.0,0.99,161.3248999097704,209.38231816482667,0.6666666666666666,0.4070460528289665,0.5031293861622999,0.6666666666666666,0.6666666666666666,strong,medium,80,dense,1
gamma_weak__noise_medium__T_300__density_dense__seed_003,pcmci_dag,0.7877082218322333,0,1.0,0.99,1032.8073891016127,1207.3251904368365,0.3333333333333333,0.7936809762016878,0.7458809762016877,0.3333333333333333,0.3333333333333333,weak,medium,300,dense,3
gamma_weak__noise_medium__T_300__density_dense__seed_003,oracle_hybrid,0.7888663593469903,0,1.01,0.99,552.6516375653688,652.8740204160155,0.6666666666666666,0.46185280990415195,0.414052809904152,0.6666666666666666,0.6666666666666666,weak,medium,300,dense,3
gamma_weak__noise_medium__T_300__density_dense__seed_003,hybrid,0.7887965992651707,1,1.01,0.99,753.5781169363314,846.3634757843238,0.5,0.590478637264015,0.542678637264015,0.5,0.6666666666666666,weak,medium,300,dense,3
gamma_strong__noise_high__T_300__density_sparse__seed_003,pcmci_dag,0.6573857096770589,0,1.0,0.99,1161.2280001754013,1411.0747817621407,0.5,0.9549551510465806,0.8406837067664767,0.5,0.6666666666666666,strong,high,300,sparse,3
gamma_strong__noise_high__T_300__density_sparse__seed_003,oracle_hybrid,0.6629611985162849,0,1.01,0.99,643.2841431614974,812.52207320454,0.5,0.5330024317230613,0.4299485382833926,0.5,0.6666666666666666,strong,high,300,sparse,3
gamma_strong__noise_high__T_300__density_sparse__seed_003,hybrid,0.6620927332803169,0,1.0,0.99,683.6817440165886,850.6781115415772,0.5,0.5796100308842124,0.5002396510026811,0.5,0.6666666666666666,strong,high,300,sparse,3
gamma_weak__noise_high__T_156__density_dense__seed_001,pcmci_dag,0.5756935511977708,0,1.0,0.99,1146.861313100477,1745.0042871327187,0.16666666666666666,1.4810824527186617,1.451115786051995,0.16666666666666666,0.3333333333333333,weak,high,156,dense,1
gamma_weak__noise_high__T_156__density_dense__seed_001,oracle_hybrid,0.741780054644553,0,1.01,0.99,423.9614950666915,493.26557589597223,0.6666666666666666,0.5952899208128782,0.5862232541462117,0.6666666666666666,0.6666666666666666,weak,high,156,dense,1
gamma_weak__noise_high__T_156__density_dense__seed_001,hybrid,0.7395313412725497,1,1.0,0.99,720.6569943933581,1021.8782908516165,0.5,1.0276214213890837,1.018554754722417,0.5,0.5,weak,high,156,dense,1
gamma_weak__noise_high__T_300__density_dense__seed_002,pcmci_dag,0.6725843162459534,0,1.01,0.99,1445.476177254223,1770.329079037775,0.0,1.0173249148451353,0.9800415815118022,0.0,0.0,weak,high,300,dense,2
gamma_weak__noise_high__T_300__density_dense__seed_002,oracle_hybrid,0.7049959549145437,1,1.0,0.99,1309.121788930777,1677.6130285492084,0.6666666666666666,0.8903857362537327,0.8678357362537327,0.6666666666666666,0.6666666666666666,weak,high,300,dense,2
gamma_weak__noise_high__T_300__density_dense__seed_002,hybrid,0.7025799952893432,1,1.0,0.99,1139.3369349737711,1529.7423459113602,0.8333333333333334,0.7787848612105835,0.7562348612105837,0.8333333333333334,0.8333333333333334,weak,high,300,dense,2
gamma_strong__noise_low__T_300__density_dense__seed_002,pcmci_dag,0.8674246694913381,0,1.0,0.99,2059.489387902457,2671.9189761057833,0.0,1.3638621532706436,1.3209788199373105,0.0,0.0,strong,low,300,dense,2
gamma_strong__noise_low__T_300__density_dense__seed_002,oracle_hybrid,0.8844124066112787,2,1.0,0.99,832.5444522446461,978.9543301276279,0.6666666666666666,0.5716027644141831,0.5287194310808498,0.6666666666666666,0.6666666666666666,strong,low,300,dense,2
gamma_strong__noise_low__T_300__density_dense__seed_002,hybrid,0.8835090314816528,7,1.01,0.99,792.2428206888629,946.1496092788976,0.6666666666666666,0.5421512188253058,0.509401089612946,0.6666666666666666,0.6666666666666666,strong,low,300,dense,2
gamma_strong__noise_high__T_156__density_medium__seed_001,pcmci_dag,0.4619822048702806,0,1.0,0.99,804.31,885.3243681461238,0.0,1.1491,1.0089166666666667,0.0,0.0,strong,high,156,medium,1
gamma_strong__noise_high__T_156__density_medium__seed_001,oracle_hybrid,0.7413021133047655,0,1.01,0.99,509.1261646276289,553.5356826620102,0.6666666666666666,0.6911367863115275,0.7142867863115274,0.6666666666666666,0.5,strong,high,156,medium,1
gamma_strong__noise_high__T_156__density_medium__seed_001,hybrid,0.7388677744503296,1,1.0,0.99,802.2534884395978,1030.96453309982,0.6666666666666666,1.1189502899101207,1.1421002899101207,0.6666666666666666,0.3333333333333333,strong,high,156,medium,1
gamma_medium__noise_high__T_80__density_sparse__seed_004,pcmci_dag,0.6239906194807588,1,1.0,0.99,337.2494689741268,487.97851963675043,0.5,0.9254079969522917,0.9177079969522919,0.5,0.5,medium,high,80,sparse,4
gamma_medium__noise_high__T_80__density_sparse__seed_004,oracle_hybrid,0.6279861718178974,1,1.0,0.99,267.281075473851,324.7699773385457,0.8333333333333334,0.7487773394657741,0.741077339465774,0.8333333333333334,0.8333333333333334,medium,high,80,sparse,4
gamma_medium__noise_high__T_80__density_sparse__seed_004,hybrid,0.6333276406875867,0,1.0,0.99,282.67607588386824,336.4982878587267,0.8333333333333334,0.7839929721006768,0.7762929721006767,0.8333333333333334,0.8333333333333334,medium,high,80,sparse,4
gamma_strong__noise_low__T_156__density_sparse__seed_002,pcmci_dag,0.7784975808884523,0,1.02,0.99,670.1236971326774,859.9266236243906,0.3333333333333333,1.0533573083827807,1.0395426916172192,0.3333333333333333,0.3333333333333333,strong,low,156,sparse,2
gamma_strong__noise_low__T_156__density_sparse__seed_002,oracle_hybrid,0.8263659551533346,3,1.0,0.99,348.2813879519926,426.7822609743723,0.8333333333333334,0.4929652808989653,0.454031947565632,0.8333333333333334,0.8333333333333334,strong,low,156,sparse,2
gamma_strong__noise_low__T_156__density_sparse__seed_002,hybrid,0.8270019620813374,5,1.0,0.99,371.564427053246,456.4590634113325,0.6666666666666666,0.5243687354172647,0.4854354020839313,0.6666666666666666,0.8333333333333334,strong,low,156,sparse,2
gamma_medium__noise_medium__T_300__density_dense__seed_005,pcmci_dag,0.8137578192162398,0,1.01,0.99,1294.0787625649948,1619.6400800263605,0.3333333333333333,0.863194358167057,0.7902943581670571,0.3333333333333333,0.16666666666666666,medium,medium,300,dense,5
gamma_medium__noise_medium__T_300__density_dense__seed_005,oracle_hybrid,0.8232083267326229,8,1.0,0.99,466.8387909021765,535.0103713618198,0.8333333333333334,0.35769321627596157,0.32344884743647656,0.8333333333333334,0.8333333333333334,medium,medium,300,dense,5
gamma_medium__noise_medium__T_300__density_dense__seed_005,hybrid,0.823483844864211,3,1.0,0.99,609.5955068882222,708.3452532455797,0.8333333333333334,0.46895509283589476,0.4194217595025615,0.8333333333333334,1.0,medium,medium,300,dense,5
gamma_medium__noise_low__T_156__density_medium__seed_005,pcmci_dag,0.8148511511630518,2,1.0,0.99,764.245893121015,1280.2260844211414,0.5,0.9379564880225391,0.903556488022539,0.5,0.6666666666666666,medium,low,156,medium,5
gamma_medium__noise_low__T_156__density_medium__seed_005,oracle_hybrid,0.8305569496495429,1,1.0,0.99,281.08653031057423,323.7612373055984,0.6666666666666666,0.4011838099452909,0.3500824468550266,0.6666666666666666,0.8333333333333334,medium,low,156,medium,5
gamma_medium__noise_low__T_156__density_medium__seed_005,hybrid,0.830344767948849,1,1.0,0.99,624.7816819838675,851.3319027855805,0.3333333333333333,0.790989863348297,0.7565898633482971,0.3333333333333333,0.5,medium,low,156,medium,5
gamma_strong__noise_high__T_80__density_medium__seed_001,pcmci_dag,0.6304449547846122,0,1.0,0.99,233.22270352748714,259.65006305553356,0.16666666666666666,0.5999761326652203,0.5755094659985537,0.16666666666666666,0.16666666666666666,strong,high,80,medium,1
gamma_strong__noise_high__T_80__density_medium__seed_001,oracle_hybrid,0.6538349787753485,0,1.01,0.99,175.20954717264786,282.64974136737624,0.8333333333333334,0.4574874984040342,0.4841874984040342,0.8333333333333334,0.8333333333333334,strong,high,80,medium,1
gamma_strong__noise_high__T_80__density_medium__seed_001,hybrid,0.6560762155448745,0,1.01,0.99,214.18809189200545,326.86680964188923,0.8333333333333334,0.5586500683402037,0.5853500683402036,0.8333333333333334,0.8333333333333334,strong,high,80,medium,1
gamma_strong__noise_high__T_80__density_sparse__seed_004,pcmci_dag,0.635646707934297,0,1.0,0.99,376.0974282914813,545.5671089803777,0.3333333333333333,0.9975418980305294,0.9874585646971958,0.3333333333333333,0.3333333333333333,strong,high,80,sparse,4
gamma_strong__noise_high__T_80__density_sparse__seed_004,oracle_hybrid,0.633025313527327,0,1.0,0.99,273.0819850990132,317.19926492857996,0.8333333333333334,0.7547449835466508,0.7446616502133173,0.8333333333333334,0.8333333333333334,strong,high,80,sparse,4
gamma_strong__noise_high__T_80__density_sparse__seed_004,hybrid,0.6302593460474794,0,1.0,0.99,264.4986624642318,308.34656375145005,0.8333333333333334,0.7387169242893213,0.7286335909559881,0.8333333333333334,0.8333333333333334,strong,high,80,sparse,4
gamma_medium__noise_high__T_300__density_dense__seed_005,pcmci_dag,0.7009935050178175,0,1.0,0.99,734.9268591980257,886.5276328173668,0.5,0.552118777170384,0.4505745010244199,0.5,0.6666666666666666,medium,high,300,dense,5
gamma_medium__noise_high__T_300__density_dense__seed_005,oracle_hybrid,0.7051158940456026,0,1.0,0.99,653.2754152683472,742.8503053757416,0.8333333333333334,0.4902159755214391,0.44279711159773544,0.8333333333333334,0.8333333333333334,medium,high,300,dense,5
gamma_medium__noise_high__T_300__density_dense__seed_005,hybrid,0.7049153010073816,0,1.0,0.99,612.0444058005302,742.5807774559747,0.8333333333333334,0.4615526616194683,0.3953818540898613,0.8333333333333334,1.0,medium,high,300,dense,5
gamma_strong__noise_high__T_300__density_medium__seed_005,pcmci_dag,0.6940892290012861,0,1.0,0.99,1341.1954140612058,1620.649267233754,0.5,0.8861816403119045,0.8753816403119045,0.5,0.5,strong,high,300,medium,5
gamma_strong__noise_high__T_300__density_medium__seed_005,oracle_hybrid,0.7047295808322332,2,1.0,0.99,593.2396163626585,660.7908504707083,0.8333333333333334,0.4466112399309116,0.44352701608304274,0.8333333333333334,0.8333333333333334,strong,high,300,medium,5
gamma_strong__noise_high__T_300__density_medium__seed_005,hybrid,0.7037992508237173,5,1.0,0.99,919.7194731880609,1163.7410827662688,0.6666666666666666,0.6557157987353555,0.6525808307144193,0.6666666666666666,0.8333333333333334,strong,high,300,medium,5
gamma_weak__noise_low__T_300__density_medium__seed_001,pcmci_dag,0.8790181094770678,0,1.0,0.99,1050.3063337246974,1359.9581028398159,0.16666666666666666,0.6930324388539396,0.6708491055206062,0.16666666666666666,0.16666666666666666,weak,low,300,medium,1
gamma_weak__noise_low__T_300__density_medium__seed_001,oracle_hybrid,0.8822122575535303,7,1.01,0.99,537.2615665850391,576.6009073952889,0.8333333333333334,0.37612453604420154,0.36167453604420147,0.8333333333333334,0.8333333333333334,weak,low,300,medium,1
gamma_weak__noise_low__T_300__density_medium__seed_001,hybrid,0.8827241458705966,4,1.01,0.99,522.2206384931873,582.8428993365574,0.8333333333333334,0.36268750451910475,0.3482375045191047,0.8333333333333334,0.8333333333333334,weak,low,300,medium,1
gamma_weak__noise_high__T_80__density_dense__seed_004,pcmci_dag,0.622865273175033,0,1.01,0.99,357.5235130529402,474.0001967616719,0.16666666666666666,0.9994184165977908,0.9717017499311241,0.16666666666666666,0.16666666666666666,weak,high,80,dense,4
gamma_weak__noise_high__T_80__density_dense__seed_004,oracle_hybrid,0.630310914032244,0,1.01,0.99,275.3917942712954,329.634806104452,0.8333333333333334,0.77220385705222,0.7565205237188866,0.8333333333333334,0.8333333333333334,weak,high,80,dense,4
gamma_weak__noise_high__T_80__density_dense__seed_004,hybrid,0.6311635039065736,0,1.0,0.99,242.8592460708577,283.5690411500172,1.0,0.6873573413942017,0.6716740080608683,1.0,1.0,weak,high,80,dense,4
gamma_strong__noise_medium__T_80__density_medium__seed_005,pcmci_dag,0.7398956865343536,0,1.0,0.99,335.545,371.4229586558519,0.0,0.9904333333333334,0.8716,0.0,0.0,strong,medium,80,medium,5
gamma_strong__noise_medium__T_80__density_medium__seed_005,oracle_hybrid,0.8467829677134037,0,1.0,0.99,303.1730646249602,388.31308611698677,0.6666666666666666,0.861058824745463,0.8102921580787963,0.6666666666666666,0.6666666666666666,strong,medium,80,medium,5
gamma_strong__noise_medium__T_80__density_medium__seed_005,hybrid,0.846862812931712,1,1.0,0.99,260.433506064121,298.65991388983105,0.5,0.7547155336641828,0.7039488669975161,0.5,0.6666666666666666,strong,medium,80,medium,5
gamma_medium__noise_low__T_156__density_dense__seed_005,pcmci_dag,0.8221427649013432,1,1.0,0.99,805.4525271196773,1273.780703386091,0.3333333333333333,0.978281991912184,0.8980153252455173,0.3333333333333333,0.3333333333333333,medium,low,156,dense,5
gamma_medium__noise_low__T_156__density_dense__seed_005,oracle_hybrid,0.8349754072995786,2,1.01,0.99,235.3260983993703,321.8061077365484,0.8333333333333334,0.3467414948029168,0.2906387623134105,0.8333333333333334,0.8333333333333334,medium,low,156,dense,5
gamma_weak__noise_low__T_80__density_dense__seed_001,pcmci_dag,0.8192691493240263,0,1.0,0.99,221.99669826166982,267.19680068684346,0.0,0.5713307960582165,0.5711307960582165,0.0,0.0,weak,low,80,dense,1
gamma_weak__noise_low__T_80__density_dense__seed_001,oracle_hybrid,0.8486016397710611,0,1.01,0.99,175.5876253901597,213.9672424147468,0.6666666666666666,0.4465080602958839,0.4554080602958839,0.6666666666666666,0.6666666666666666,weak,low,80,dense,1
gamma_weak__noise_low__T_80__density_dense__seed_001,hybrid,0.8505616557554065,0,1.0,0.99,157.86199552332104,201.50295659275486,0.8333333333333334,0.39503313999457723,0.4039331399945772,0.8333333333333334,0.8333333333333334,weak,low,80,dense,1
gamma_weak__noise_high__T_80__density_medium__seed_002,pcmci_dag,0.5912741311791085,0,1.0,0.99,328.92219088347235,396.70899225062846,0.0,0.9781037700627286,0.9733537700627286,0.0,0.0,weak,high,80,medium,2
gamma_weak__noise_high__T_80__density_medium__seed_002,oracle_hybrid,0.6749337948345574,0,1.0,0.99,231.6843038077261,324.483570066732,0.8333333333333334,0.6141372641750049,0.6306539308416715,0.8333333333333334,0.8333333333333334,weak,high,80,medium,2
gamma_weak__noise_high__T_80__density_medium__seed_002,hybrid,0.6752063568038391,1,1.01,0.99,220.22596947487978,303.3462443834302,0.8333333333333334,0.5859793617075052,0.6024960283741717,0.8333333333333334,0.8333333333333334,weak,high,80,medium,2
gamma_strong__noise_low__T_80__density_dense__seed_003,pcmci_dag,0.5813176023442569,0,1.01,0.99,403.6583333333333,430.5662873279019,0.0,1.4671666666666665,1.1113333333333335,0.0,0.0,strong,low,80,dense,3
gamma_strong__noise_low__T_80__density_dense__seed_003,oracle_hybrid,0.8753236880671932,0,1.0,0.99,194.23525882596823,263.04574019371137,0.8333333333333334,0.5985639492157407,0.6835626280246293,0.8333333333333334,0.8333333333333334,strong,low,80,dense,3
gamma_strong__noise_low__T_80__density_dense__seed_003,hybrid,0.8752985687922558,1,1.01,0.99,207.14327175445624,263.14898713022893,0.8333333333333334,0.6622897215574265,0.6200936403355056,0.8333333333333334,0.6666666666666666,strong,low,80,dense,3
gamma_weak__noise_low__T_300__density_sparse__seed_004,pcmci_dag,0.8780068610678842,0,1.0,0.99,1642.6954348955387,2090.2344772547144,0.16666666666666666,1.2115332795813223,1.192749946247989,0.16666666666666666,0.3333333333333333,weak,low,300,sparse,4
gamma_weak__noise_low__T_300__density_sparse__seed_004,oracle_hybrid,0.8964551246036734,2,1.0,0.99,388.00830891784204,455.723209675379,0.5,0.34060268106281805,0.3218193477294848,0.5,0.5,weak,low,300,sparse,4
gamma_weak__noise_low__T_300__density_sparse__seed_004,hybrid,0.8968216460868123,5,1.01,0.99,433.65756692947156,495.2149870880545,0.6666666666666666,0.3768114134139528,0.3580280800806195,0.6666666666666666,0.6666666666666666,weak,low,300,sparse,4
gamma_weak__noise_low__T_156__density_dense__seed_003,pcmci_dag,0.8570101374150326,0,1.0,0.99,473.13791276676034,613.403267025108,0.5,0.775984384929092,0.8127677182624254,0.5,0.3333333333333333,weak,low,156,dense,3
gamma_weak__noise_low__T_156__density_dense__seed_003,oracle_hybrid,0.8784348397698091,2,1.01,0.99,205.89180671304356,278.7768480093732,1.0,0.32113751209969493,0.26985860590658545,1.0,1.0,weak,low,156,dense,3
gamma_weak__noise_low__T_156__density_dense__seed_003,hybrid,0.878507570640887,0,1.0,0.99,205.05525019091684,256.86318998942903,1.0,0.3230656049205472,0.2602541523085858,1.0,1.0,weak,low,156,dense,3
gamma_medium__noise_low__T_156__density_medium__seed_003,pcmci_dag,0.7891039374993383,0,1.0,0.99,937.35342923474,1069.7621366985172,0.16666666666666666,1.6535649246523605,1.5173649246523606,0.16666666666666666,0.16666666666666666,medium,low,156,medium,3
gamma_medium__noise_low__T_156__density_medium__seed_003,oracle_hybrid,0.877455108356166,1,1.02,0.99,226.4505285658845,283.24523567000153,0.8333333333333334,0.3520049877762648,0.28652845983880143,0.8333333333333334,0.8333333333333334,medium,low,156,medium,3
gamma_medium__noise_low__T_156__density_medium__seed_003,hybrid,0.8777136452084996,0,1.01,0.99,253.3552377469631,282.312087019965,1.0,0.4045821526236444,0.28999419365049633,1.0,1.0,medium,low,156,medium,3
gamma_weak__noise_high__T_300__density_dense__seed_003,pcmci_dag,0.6551997714564299,0,1.0,0.99,1405.6314204106102,1677.470591625002,0.3333333333333333,1.0972424397259573,1.0494424397259572,0.3333333333333333,0.5,weak,high,300,dense,3
gamma_weak__noise_high__T_300__density_dense__seed_003,oracle_hybrid,0.6647599222988856,1,1.0,0.99,637.5699122585356,834.4579206460855,0.6666666666666666,0.5314969595772948,0.4836969595772948,0.6666666666666666,0.5,weak,high,300,dense,3
gamma_weak__noise_high__T_300__density_dense__seed_003,hybrid,0.6648514591879866,0,1.0,0.99,788.9377683533695,937.3758137561864,0.6666666666666666,0.6290168684432592,0.5812168684432594,0.6666666666666666,0.8333333333333334,weak,high,300,dense,3
gamma_weak__noise_medium__T_156__density_medium__seed_003,pcmci_dag,0.7218112042302095,0,1.0,0.99,762.9319054331141,947.0533709526427,0.16666666666666666,1.4651713734555145,1.4203547067888482,0.16666666666666666,0.16666666666666666,weak,medium,156,medium,3
gamma_weak__noise_medium__T_156__density_medium__seed_003,oracle_hybrid,0.8146084863200899,0,1.0,0.99,251.6370940428911,315.3216674024706,1.0,0.361056606470515,0.3374240660108893,1.0,1.0,weak,medium,156,medium,3
gamma_weak__noise_medium__T_156__density_medium__seed_003,hybrid,0.8144375387154066,0,1.0,0.99,227.01773463864882,267.1921962072113,1.0,0.32960577481112385,0.2865224414777905,1.0,1.0,weak,medium,156,medium,3
gamma_weak__noise_low__T_300__density_dense__seed_002,pcmci_dag,0.8677279299281268,0,1.0,0.99,2129.169023590917,3197.1354432836906,0.16666666666666666,1.414883550944505,1.3850668842778386,0.16666666666666666,0.16666666666666666,weak,low,300,dense,2
gamma_weak__noise_low__T_300__density_dense__seed_002,oracle_hybrid,0.8849410367311696,2,1.01,0.99,1044.5379518452294,1531.145813924846,0.6666666666666666,0.6985676299737805,0.6760176299737806,0.6666666666666666,0.6666666666666666,weak,low,300,dense,2
gamma_weak__noise_low__T_300__density_dense__seed_002,hybrid,0.8851054864841607,5,1.01,0.99,1022.9999992831312,1578.552442948059,0.6666666666666666,0.6774282580613248,0.6476115913946582,0.6666666666666666,0.6666666666666666,weak,low,300,dense,2
gamma_strong__noise_medium__T_300__density_medium__seed_002,pcmci_dag,0.8022082083293296,0,1.0,0.99,2077.7197334337657,3130.0268279024494,0.16666666666666666,1.3562553696407296,1.3056887029740631,0.16666666666666666,0.16666666666666666,strong,medium,300,medium,2
gamma_strong__noise_medium__T_300__density_medium__seed_002,oracle_hybrid,0.8148994406135006,0,1.01,0.99,1106.3361741905348,1438.3305447266562,0.6666666666666666,0.7402090541009293,0.6896423874342629,0.6666666666666666,0.3333333333333333,strong,medium,300,medium,2
gamma_strong__noise_medium__T_300__density_medium__seed_002,hybrid,0.8151372919640475,1,1.01,0.99,1076.6482895848678,1396.43700381731,0.6666666666666666,0.7191901943081067,0.6686235276414402,0.6666666666666666,0.3333333333333333,strong,medium,300,medium,2
gamma_medium__noise_high__T_156__density_sparse__seed_004,pcmci_dag,0.4396061526080378,0,1.0,0.99,733.83,871.6036021227386,0.16666666666666666,1.0025333333333333,0.9678166666666668,0.16666666666666666,0.16666666666666666,medium,high,156,sparse,4
gamma_medium__noise_high__T_156__density_sparse__seed_004,oracle_hybrid,0.6794319348545255,0,1.0,0.99,197.1778688820747,239.98015806838524,0.8333333333333334,0.26936310198846575,0.30407976865513237,0.8333333333333334,0.8333333333333334,medium,high,156,sparse,4
gamma_medium__noise_high__T_156__density_sparse__seed_004,hybrid,0.6775413223822221,0,1.0,0.99,191.75019981445166,226.17338951179508,0.8333333333333334,0.2617532536259906,0.2964699202926573,0.8333333333333334,0.8333333333333334,medium,high,156,sparse,4
gamma_strong__noise_medium__T_156__density_sparse__seed_005,pcmci_dag,0.720839046515802,0,1.0,0.99,282.6661256991467,416.98141334024706,0.8333333333333334,0.4006311013874024,0.3481103210908579,0.8333333333333334,0.8333333333333334,strong,medium,156,sparse,5
gamma_strong__noise_medium__T_156__density_sparse__seed_005,oracle_hybrid,0.7303180695769765,1,1.01,0.99,276.88154396870124,370.996579270138,0.6666666666666666,0.39986758068995015,0.37053424735661694,0.6666666666666666,0.6666666666666666,strong,medium,156,sparse,5
gamma_strong__noise_medium__T_156__density_sparse__seed_005,hybrid,0.7320469611447616,0,1.0,0.99,284.6537774638654,355.22158677919725,0.6666666666666666,0.41347677538181465,0.38414344204848133,0.6666666666666666,0.6666666666666666,strong,medium,156,sparse,5
gamma_medium__noise_medium__T_80__density_dense__seed_001,pcmci_dag,0.7448808843517911,0,1.01,0.99,239.33127225011967,266.9398684466106,0.0,0.6153268747086833,0.6013102080420166,0.0,0.0,medium,medium,80,dense,1
gamma_medium__noise_medium__T_80__density_dense__seed_001,oracle_hybrid,0.7728754475134618,0,1.01,0.99,175.8067731944321,230.6429549176303,1.0,0.44934219656084995,0.48825886322751666,1.0,0.8333333333333334,medium,medium,80,dense,1
gamma_medium__noise_medium__T_80__density_dense__seed_001,hybrid,0.7781443269836908,0,1.0,0.99,159.0829708110425,194.40129895425042,0.8333333333333334,0.40320305151925423,0.4421197181859209,0.8333333333333334,0.8333333333333334,medium,medium,80,dense,1
gamma_strong__noise_high__T_156__density_medium__seed_002,pcmci_dag,0.601042029425265,0,1.01,0.99,740.2645890627546,889.419587151717,0.16666666666666666,1.181121960859363,1.0225113724739703,0.16666666666666666,0.16666666666666666,strong,high,156,medium,2
gamma_strong__noise_high__T_156__density_medium__seed_002,oracle_hybrid,0.637132870680538,0,1.0,0.99,288.448665618388,335.19821272463935,1.0,0.452384766589238,0.325484766589238,1.0,1.0,strong,high,156,medium,2
gamma_strong__noise_high__T_300__density_dense__seed_001,pcmci_dag,0.6593402864908426,0,1.0,0.99,2432.944333774191,3492.0305159206473,0.0,1.488412298849582,1.4558289655162486,0.0,0.16666666666666666,strong,high,300,dense,1
gamma_strong__noise_high__T_300__density_dense__seed_001,oracle_hybrid,0.7089523466633251,5,1.0,0.99,475.3183329188226,601.3097706481535,0.8333333333333334,0.35050280522992594,0.5006194718965926,0.8333333333333334,0.5,strong,high,300,dense,1
gamma_strong__noise_high__T_300__density_dense__seed_001,hybrid,0.7072441923188497,3,1.0,0.99,450.42471549439324,573.1542428489062,0.8333333333333334,0.3350965032284489,0.4852131698951155,0.8333333333333334,0.5,strong,high,300,dense,1
gamma_strong__noise_high__T_156__density_medium__seed_003,pcmci_dag,0.6297201631094418,0,1.01,0.99,844.845921945322,1075.427706874445,0.5,1.4867977901505893,1.3376130428271977,0.5,0.5,strong,high,156,medium,3
gamma_strong__noise_high__T_156__density_medium__seed_003,oracle_hybrid,0.7089034508525892,0,1.01,0.99,257.31707649636934,334.85545247531553,1.0,0.3342971456284949,0.4623319654447516,1.0,1.0,strong,high,156,medium,3
gamma_strong__noise_high__T_156__density_medium__seed_003,hybrid,0.7098801814487847,0,1.01,0.99,251.85986688832273,320.96132721056307,1.0,0.3326616110320854,0.4394617122007247,1.0,1.0,strong,high,156,medium,3
gamma_weak__noise_medium__T_80__density_dense__seed_002,pcmci_dag,0.6941335249676768,0,1.01,0.99,335.9885024489408,396.88637142655523,0.0,0.9970900050928515,0.9811233384261849,0.0,0.0,weak,medium,80,dense,2
gamma_weak__noise_medium__T_80__density_dense__seed_002,oracle_hybrid,0.7772488458110394,0,1.01,0.99,212.695720629005,305.65146181233877,0.8333333333333334,0.5506500051227402,0.5752710577621749,0.8333333333333334,0.8333333333333334,weak,medium,80,dense,2
gamma_weak__noise_medium__T_80__density_dense__seed_002,hybrid,0.7807484134891658,0,1.0,0.99,192.6811097441508,277.74496532839083,1.0,0.4994585575965959,0.5109252242632626,1.0,1.0,weak,medium,80,dense,2
gamma_strong__noise_high__T_156__density_dense__seed_003,pcmci_dag,0.6372201429983245,0,1.0,0.99,991.629982474271,1187.9635622285416,0.3333333333333333,1.6863181797288413,1.531884846395508,0.3333333333333333,0.16666666666666666,strong,high,156,dense,3
gamma_strong__noise_high__T_156__density_dense__seed_003,oracle_hybrid,0.711253672219426,3,1.01,0.99,184.8967801977947,228.69634353663298,1.0,0.24952731041443532,0.6065405047071669,1.0,1.0,strong,high,156,dense,3
gamma_strong__noise_high__T_156__density_dense__seed_003,hybrid,0.7089210134564009,0,1.01,0.99,196.3879513090391,232.62507151112493,1.0,0.3054466665735908,0.4421835655402034,1.0,1.0,strong,high,156,dense,3
gamma_weak__noise_medium__T_300__density_sparse__seed_001,pcmci_dag,0.809206968486998,0,1.0,0.99,1028.8795737040841,1335.9928375814136,0.5,0.6841061505424237,0.6714728172090902,0.5,0.5,weak,medium,300,sparse,1
gamma_weak__noise_medium__T_300__density_sparse__seed_001,oracle_hybrid,0.8136171236234614,3,1.0,0.99,573.673734742733,629.8087577418148,0.6666666666666666,0.4060863341964284,0.40035300086309505,0.6666666666666666,0.6666666666666666,weak,medium,300,sparse,1
gamma_weak__noise_medium__T_300__density_sparse__seed_001,hybrid,0.8133284511035815,1,1.0,0.99,542.2463554833852,586.7129879617453,0.6666666666666666,0.3853688178133143,0.3796354844799809,0.6666666666666666,0.6666666666666666,weak,medium,300,sparse,1
gamma_medium__noise_medium__T_156__density_medium__seed_004,pcmci_dag,0.7445720410626763,0,1.0,0.99,614.6427088012233,737.8499999649374,0.0,0.8036128828529089,0.7956462161862423,0.0,0.0,medium,medium,156,medium,4
gamma_medium__noise_medium__T_156__density_medium__seed_004,oracle_hybrid,0.801717545426587,2,1.01,0.99,240.2832469222766,277.51661917955187,1.0,0.3062746054446659,0.36247460544466586,1.0,1.0,medium,medium,156,medium,4
gamma_medium__noise_medium__T_156__density_medium__seed_004,hybrid,0.800628240907536,2,1.0,0.99,233.1691150710951,268.6845925600782,1.0,0.3003030793316916,0.3565030793316916,1.0,1.0,medium,medium,156,medium,4
gamma_weak__noise_low__T_156__density_sparse__seed_001,pcmci_dag,0.8203456379485764,3,1.0,0.99,432.656730909004,514.8761690106033,0.6666666666666666,0.6229364919232951,0.6314198252566284,0.6666666666666666,0.6666666666666666,weak,low,156,sparse,1
gamma_weak__noise_low__T_156__density_sparse__seed_001,oracle_hybrid,0.8891534257417447,2,1.01,0.99,243.1568219602134,269.4486300937123,0.6666666666666666,0.35324987310135,0.3447665397680167,0.6666666666666666,0.6666666666666666,weak,low,156,sparse,1
gamma_weak__noise_low__T_156__density_sparse__seed_001,hybrid,0.888825642264936,1,1.0,0.99,544.3128907892193,773.211815576511,0.3333333333333333,0.7839459777659393,0.775462644432606,0.3333333333333333,0.3333333333333333,weak,low,156,sparse,1
gamma_medium__noise_high__T_156__density_sparse__seed_002,pcmci_dag,0.6178014420060535,0,1.01,0.99,684.1974833448926,899.8934906061529,0.3333333333333333,1.0820783122454867,1.051671687754513,0.3333333333333333,0.3333333333333333,medium,high,156,sparse,2
gamma_medium__noise_high__T_156__density_sparse__seed_002,oracle_hybrid,0.6300030326782597,0,1.0,0.99,271.99452919654726,316.09208514954884,0.8333333333333334,0.4568198742841299,0.43230320761746327,0.8333333333333334,0.8333333333333334,medium,high,156,sparse,2
gamma_medium__noise_high__T_156__density_sparse__seed_002,hybrid,0.6294566813604728,1,1.0,0.99,295.47314682989946,326.0935083319553,0.8333333333333334,0.4924588948016933,0.46794222813502667,0.8333333333333334,0.8333333333333334,medium,high,156,sparse,2
gamma_strong__noise_low__T_300__density_medium__seed_004,pcmci_dag,0.8938654887820705,0,1.0,0.99,1434.6474176569318,2189.4399653724113,0.16666666666666666,0.9541346128546381,0.8655846128546382,0.16666666666666666,0.3333333333333333,strong,low,300,medium,4
gamma_strong__noise_low__T_300__density_medium__seed_004,oracle_hybrid,0.8995167796955033,7,1.01,0.99,603.1884297574395,886.581808842181,0.6666666666666666,0.4218370434386718,0.3332870434386717,0.6666666666666666,0.8333333333333334,strong,low,300,medium,4
gamma_strong__noise_low__T_300__density_medium__seed_004,hybrid,0.8996544786286029,2,1.0,0.99,603.7582479151948,880.6423359477071,0.6666666666666666,0.4249713135339077,0.33642131353390764,0.6666666666666666,0.8333333333333334,strong,low,300,medium,4
gamma_weak__noise_high__T_156__density_dense__seed_005,pcmci_dag,0.5764572937558992,0,1.0,0.99,909.1969801644581,1263.8177740766334,0.3333333333333333,1.1615736271592945,1.128006960492628,0.3333333333333333,0.3333333333333333,weak,high,156,dense,5
gamma_weak__noise_high__T_156__density_dense__seed_005,oracle_hybrid,0.5860826525548132,0,1.0,0.99,368.8596439986624,474.19560345699705,0.6666666666666666,0.5223566473215498,0.49798998065488326,0.6666666666666666,0.6666666666666666,weak,high,156,dense,5
gamma_weak__noise_high__T_156__density_dense__seed_005,hybrid,0.5848858959630667,0,1.0,0.99,651.068746547356,883.3750829765211,0.6666666666666666,0.8231672322110635,0.7988005655443967,0.6666666666666666,0.6666666666666666,weak,high,156,dense,5
gamma_medium__noise_high__T_300__density_medium__seed_003,pcmci_dag,0.6584055380790979,0,1.0,0.99,1337.862138699255,1670.9881550266564,0.5,1.0302182659577397,0.925213940687105,0.5,0.5,medium,high,300,medium,3
gamma_medium__noise_high__T_300__density_medium__seed_003,oracle_hybrid,0.6642477657268826,0,1.0,0.99,570.6023175759586,773.5632396145666,0.6666666666666666,0.48693562738026674,0.3918356273802668,0.6666666666666666,1.0,medium,high,300,medium,3
gamma_medium__noise_high__T_300__density_medium__seed_003,hybrid,0.6646567389981561,0,1.01,0.99,629.8978514296829,820.6220023309938,0.6666666666666666,0.5387812897506205,0.44368128975062043,0.6666666666666666,0.8333333333333334,medium,high,300,medium,3
gamma_weak__noise_high__T_156__density_medium__seed_002,pcmci_dag,0.6221492823430983,0,1.0,0.99,706.1642552519835,935.1746793465971,0.16666666666666666,1.1282802904092852,1.0887302904092853,0.16666666666666666,0.16666666666666666,weak,high,156,medium,2
gamma_weak__noise_high__T_156__density_medium__seed_002,oracle_hybrid,0.631620907372986,0,1.01,0.99,305.83667034346325,339.2840379331392,1.0,0.5148155181637337,0.4830655181637337,1.0,1.0,weak,high,156,medium,2
gamma_weak__noise_high__T_156__density_medium__seed_002,hybrid,0.632170324656074,0,1.0,0.99,327.97292601745704,360.10750044739757,1.0,0.5532587880808583,0.514775454747525,1.0,1.0,weak,high,156,medium,2
gamma_strong__noise_medium__T_156__density_medium__seed_001,pcmci_dag,0.7682789055568957,0,1.0,0.99,1120.4259021462694,1866.3751217903716,0.16666666666666666,1.333494939028517,1.2926449390285166,0.16666666666666666,0.16666666666666666,strong,medium,156,medium,1
gamma_strong__noise_medium__T_156__density_medium__seed_001,oracle_hybrid,0.8309811559677399,1,1.0,0.99,389.89450261359724,425.8646562860762,0.6666666666666666,0.531299957199005,0.554449957199005,0.6666666666666666,0.5,strong,medium,156,medium,1
gamma_strong__noise_medium__T_156__density_medium__seed_001,hybrid,0.8318934708144397,2,1.0,0.99,672.978820617613,857.2535101416231,0.6666666666666666,0.9379243579780642,0.9610743579780641,0.6666666666666666,0.3333333333333333,strong,medium,156,medium,1
gamma_strong__noise_medium__T_300__density_dense__seed_003,pcmci_dag,0.7947129440667746,0,1.0,0.99,1451.23343928085,1680.0187246204205,0.16666666666666666,1.0649691932153396,0.952102526548673,0.16666666666666666,0.16666666666666666,strong,medium,300,dense,3
gamma_strong__noise_medium__T_300__density_dense__seed_003,oracle_hybrid,0.79622612758451,4,1.0,0.99,698.5835163549067,873.6544414706003,0.6666666666666666,0.526334831285505,0.5030060439761036,0.6666666666666666,0.6666666666666666,strong,medium,300,dense,3
gamma_strong__noise_medium__T_300__density_dense__seed_003,hybrid,0.7965705608796998,1,1.0,0.99,749.350696570812,884.2064390778486,0.6666666666666666,0.5895247535064779,0.4766580868398112,0.6666666666666666,0.8333333333333334,strong,medium,300,dense,3
gamma_medium__noise_medium__T_156__density_sparse__seed_003,pcmci_dag,0.7261991849015086,0,1.0,0.99,781.4631295577027,954.926717811924,0.3333333333333333,1.4841382885637333,1.3879216218970665,0.3333333333333333,0.3333333333333333,medium,medium,156,sparse,3
gamma_medium__noise_medium__T_156__density_sparse__seed_003,oracle_hybrid,0.8168383921059995,2,1.01,0.99,280.8266074005206,357.89957773741327,0.8333333333333334,0.3835359934725269,0.3113935453264867,0.8333333333333334,0.8333333333333334,medium,medium,156,sparse,3
gamma_medium__noise_medium__T_156__density_sparse__seed_003,hybrid,0.8160979027147819,0,1.0,0.99,281.4699256577975,323.0993693609392,0.8333333333333334,0.4045310640110671,0.3083143973444003,0.8333333333333334,0.8333333333333334,medium,medium,156,sparse,3
gamma_medium__noise_medium__T_300__density_sparse__seed_002,pcmci_dag,0.7817026429143745,0,1.0,0.99,1396.0438494014252,1732.4817783957437,0.16666666666666666,0.9813579606028237,0.9364746272694903,0.16666666666666666,0.16666666666666666,medium,medium,300,sparse,2
gamma_medium__noise_medium__T_300__density_sparse__seed_002,oracle_hybrid,0.815739256499825,2,1.0,0.99,1118.0329024508471,1419.980398764383,0.5,0.7676770993943044,0.7505270993943046,0.5,0.5,medium,medium,300,sparse,2
gamma_medium__noise_medium__T_300__density_sparse__seed_002,hybrid,0.8165898270161569,6,1.0,0.99,1150.5072370718713,1477.4633857453377,0.6666666666666666,0.7913435471664014,0.7741935471664014,0.6666666666666666,0.6666666666666666,medium,medium,300,sparse,2
gamma_medium__noise_low__T_80__density_sparse__seed_001,pcmci_dag,0.810185051817447,0,1.0,0.99,214.3633862338979,262.13045834680054,0.16666666666666666,0.549983129721716,0.5569664630550494,0.16666666666666666,0.16666666666666666,medium,low,80,sparse,1
gamma_medium__noise_low__T_80__density_sparse__seed_001,oracle_hybrid,0.8463133837908422,0,1.01,0.99,154.79519677990004,182.73400814682816,0.6666666666666666,0.39371584767466733,0.41129918100800067,0.6666666666666666,0.5,medium,low,80,sparse,1
gamma_medium__noise_low__T_80__density_sparse__seed_001,hybrid,0.8467148689242038,0,1.0,0.99,179.44936613369268,218.8175020885073,0.6666666666666666,0.4450570894532082,0.46264042278654155,0.6666666666666666,0.6666666666666666,medium,low,80,sparse,1
gamma_strong__noise_high__T_156__density_sparse__seed_003,pcmci_dag,0.627366292146642,0,1.0,0.99,710.3380347006852,915.7750232224508,0.3333333333333333,1.397194090499342,1.216944090499342,0.3333333333333333,0.5,strong,high,156,sparse,3
gamma_strong__noise_high__T_156__density_sparse__seed_003,oracle_hybrid,0.7139034173216107,1,1.01,0.99,332.9036749172987,456.16576417770716,0.8333333333333334,0.4205151831606841,0.46564374859524493,0.8333333333333334,0.8333333333333334,strong,high,156,sparse,3
gamma_strong__noise_high__T_156__density_sparse__seed_003,hybrid,0.7149161133592976,0,1.01,0.99,333.0417660129381,442.5495162331913,0.8333333333333334,0.43653868320063416,0.41889861274269263,0.8333333333333334,0.8333333333333334,strong,high,156,sparse,3
gamma_strong__noise_high__T_300__density_medium__seed_001,pcmci_dag,0.6605984542285377,5,1.0,0.99,2537.050126173438,4012.2441479662452,0.16666666666666666,1.5437015728895653,1.4954182395562317,0.16666666666666666,0.3333333333333333,strong,high,300,medium,1
gamma_strong__noise_high__T_300__density_medium__seed_001,oracle_hybrid,0.7093835786183648,1,1.01,0.99,664.0458858512611,788.781258795885,0.8333333333333334,0.44737557102163167,0.49399223768829836,0.8333333333333334,0.6666666666666666,strong,high,300,medium,1
gamma_strong__noise_high__T_300__density_medium__seed_001,hybrid,0.7084274449674399,2,1.0,0.99,682.3854982534136,818.272064791704,0.8333333333333334,0.4568595613719193,0.5034762280385859,0.8333333333333334,0.6666666666666666,strong,high,300,medium,1
gamma_strong__noise_high__T_80__density_sparse__seed_001,pcmci_dag,0.6185405729829637,0,1.0,0.99,219.19885188770832,259.10174830975393,0.3333333333333333,0.5616910785054948,0.5726910785054948,0.3333333333333333,0.16666666666666666,strong,high,80,sparse,1
gamma_strong__noise_high__T_80__density_sparse__seed_001,oracle_hybrid,0.6475135079366504,0,1.0,0.99,174.20581790357997,227.62421852490866,0.8333333333333334,0.4455439515389488,0.48184395153894893,0.8333333333333334,0.8333333333333334,strong,high,80,sparse,1
gamma_strong__noise_high__T_80__density_sparse__seed_001,hybrid,0.6443861141586393,0,1.0,0.99,195.58564028367638,236.63204064054625,0.8333333333333334,0.49334622428316993,0.5296462242831699,0.8333333333333334,0.8333333333333334,strong,high,80,sparse,1
gamma_weak__noise_high__T_156__density_sparse__seed_002,pcmci_dag,0.6231705785593424,0,1.02,0.99,694.2670973671128,931.0946168489735,0.3333333333333333,1.1037867792327318,1.087570112566065,0.3333333333333333,0.3333333333333333,weak,high,156,sparse,2
gamma_weak__noise_high__T_156__density_sparse__seed_002,oracle_hybrid,0.6295068019231381,0,1.0,0.99,295.9206443673694,325.3800947249349,0.8333333333333334,0.49491908827585407,0.4854357549425208,0.8333333333333334,0.8333333333333334,weak,high,156,sparse,2
gamma_weak__noise_high__T_156__density_sparse__seed_002,hybrid,0.6307411773614575,1,1.0,0.99,296.6545108657746,336.76224562384414,0.8333333333333334,0.4985224730236906,0.482305806357024,0.8333333333333334,0.8333333333333334,weak,high,156,sparse,2
gamma_weak__noise_low__T_300__density_medium__seed_003,pcmci_dag,0.865701986212898,0,1.0,0.99,1028.313253443102,1203.6252921625805,0.16666666666666666,0.7870956647426386,0.7515956647426386,0.16666666666666666,0.16666666666666666,weak,low,300,medium,3
gamma_weak__noise_low__T_300__density_medium__seed_003,oracle_hybrid,0.8677864427755416,5,1.0,0.99,510.4894988030457,588.2776399686072,0.6666666666666666,0.42934987812624215,0.39484987812624217,0.6666666666666666,0.6666666666666666,weak,low,300,medium,3
gamma_weak__noise_low__T_300__density_medium__seed_003,hybrid,0.8677569089522933,1,1.01,0.99,738.2424091679503,875.268000679538,0.5,0.5668783518037835,0.5323783518037836,0.5,0.5,weak,low,300,medium,3
gamma_weak__noise_low__T_156__density_dense__seed_004,pcmci_dag,0.8413621500664363,0,1.0,0.99,497.14265046458104,572.5681145767978,0.3333333333333333,0.6664602510954286,0.670843584428762,0.3333333333333333,0.16666666666666666,weak,low,156,dense,4
gamma_weak__noise_low__T_156__density_dense__seed_004,oracle_hybrid,0.8768170658378256,2,1.01,0.99,286.3695084919214,348.7376512158068,0.8333333333333334,0.3588983945946689,0.3876817279280022,0.8333333333333334,0.8333333333333334,weak,low,156,dense,4
gamma_weak__noise_low__T_156__density_dense__seed_004,hybrid,0.8770410275733992,1,1.01,0.99,212.3236408339653,306.48276550787443,0.8333333333333334,0.2627557772901578,0.2915391106234912,0.8333333333333334,0.8333333333333334,weak,low,156,dense,4
gamma_strong__noise_medium__T_300__density_sparse__seed_003,pcmci_dag,0.7878404974696052,0,1.0,0.99,868.1249483576195,1029.994384115751,0.5,0.7080204909454096,0.5830371576120762,0.5,0.6666666666666666,strong,medium,300,sparse,3
gamma_strong__noise_medium__T_300__density_sparse__seed_003,oracle_hybrid,0.7875523636008145,3,1.0,0.99,502.05488632325233,615.2521542730996,0.5,0.43029999864653784,0.32049446530865094,0.5,0.6666666666666666,strong,medium,300,sparse,3
gamma_strong__noise_medium__T_300__density_sparse__seed_003,hybrid,0.7888029369350107,0,1.0,0.99,591.2317716566967,721.2719030393804,0.5,0.49855800094393965,0.4154615262466108,0.5,0.6666666666666666,strong,medium,300,sparse,3
gamma_weak__noise_medium__T_156__density_dense__seed_001,pcmci_dag,0.7609402148907245,0,1.01,0.99,431.8121545724717,544.1778782100093,0.5,0.643480162504284,0.6525468291709506,0.5,0.5,weak,medium,156,dense,1
gamma_weak__noise_medium__T_156__density_dense__seed_001,oracle_hybrid,0.8301390862984825,1,1.0,0.99,320.4257800665929,381.06461189850467,0.6666666666666666,0.46000091520060044,0.4509342485339339,0.6666666666666666,0.5,weak,medium,156,dense,1
gamma_weak__noise_medium__T_156__density_dense__seed_001,hybrid,0.8291724786919741,0,1.0,0.99,574.2311592161886,848.7074831096996,0.5,0.8253549718927727,0.8162883052261062,0.5,0.5,weak,medium,156,dense,1
gamma_weak__noise_low__T_300__density_medium__seed_002,pcmci_dag,0.8669917095303042,0,1.0,0.99,2153.3946991362495,3269.7556388885873,0.0,1.4276896426080778,1.4040896426080778,0.0,0.0,weak,low,300,medium,2
gamma_weak__noise_low__T_300__density_medium__seed_002,oracle_hybrid,0.885470103431353,8,1.01,0.99,1127.4706425925526,1709.790428414229,0.5,0.7444643176146085,0.7291309842812752,0.5,0.6666666666666666,weak,low,300,medium,2
gamma_weak__noise_low__T_300__density_medium__seed_002,hybrid,0.8847785501453705,3,1.01,0.99,1087.5490451297449,1724.5610283327344,0.6666666666666666,0.7154123006553151,0.6927123006553151,0.6666666666666666,0.6666666666666666,weak,low,300,medium,2
gamma_medium__noise_high__T_156__density_dense__seed_005,pcmci_dag,0.5773208784805015,0,1.0,0.99,974.0514414420198,1361.4461824096286,0.16666666666666666,1.2345312920872569,1.1542646254205902,0.16666666666666666,0.16666666666666666,medium,high,156,dense,5
gamma_medium__noise_high__T_156__density_dense__seed_005,oracle_hybrid,0.5878785860298126,0,1.01,0.99,366.3341589893866,463.3371952316626,0.8333333333333334,0.5116578993256318,0.46169123265896506,0.8333333333333334,0.8333333333333334,medium,high,156,dense,5
gamma_medium__noise_high__T_156__density_dense__seed_005,hybrid,0.5890961977990645,0,1.0,0.99,629.1225384279797,895.3071087163535,0.8333333333333334,0.7854256826758962,0.7275449029718533,0.8333333333333334,0.8333333333333334,medium,high,156,dense,5
gamma_medium__noise_high__T_300__density_medium__seed_004,pcmci_dag,0.7024422796549767,0,1.02,0.99,1294.6864534228487,1669.351357651738,0.16666666666666666,0.9164890350930563,0.9140723684263895,0.16666666666666666,0.16666666666666666,medium,high,300,medium,4
gamma_medium__noise_high__T_300__density_medium__seed_004,oracle_hybrid,0.7242937716494136,0,1.01,0.99,660.021374122252,705.409230238142,1.0,0.539104349702014,0.48158768303534744,1.0,1.0,medium,high,300,medium,4
gamma_medium__noise_high__T_300__density_medium__seed_004,hybrid,0.725130655900288,0,1.01,0.99,725.9263473182837,771.0075770329227,0.6666666666666666,0.589895083250845,0.5323784165841785,0.6666666666666666,1.0,medium,high,300,medium,4
gamma_strong__noise_low__T_80__density_dense__seed_001,pcmci_dag,0.8629716786474624,0,1.0,0.99,230.39525290311428,285.3322716683513,0.5,0.5615713717770011,0.6576547051103344,0.5,0.0,strong,low,80,dense,1
gamma_strong__noise_low__T_80__density_dense__seed_001,oracle_hybrid,0.8545346008038874,0,1.0,0.99,180.6514537875017,226.40851674668934,0.8333333333333334,0.4563028770824357,0.552386210415769,0.8333333333333334,0.5,strong,low,80,dense,1
gamma_strong__noise_low__T_80__density_dense__seed_001,hybrid,0.856378692180029,1,1.0,0.99,155.36379338930777,199.81846554826393,1.0,0.3856992099584349,0.48178254329176823,1.0,0.6666666666666666,strong,low,80,dense,1
