cell,graph_type,n_channels_used,n_channels_skipped_no_downstream,mae_vs_total_buggy_saved,mae_vs_total_buggy_recomputed,mae_vs_total_fixed,rmse_vs_total_fixed,mean_bias_vs_total_fixed,gamma,noise,T,density,seed
gamma_strong__noise_low__T_80__density_dense__seed_001,pcmci_dag,6,0,0.6576547051103344,0.6576547051103344,0.4775161552291538,0.5916317470273836,0.14309826088523822,strong,low,80,dense,1
gamma_strong__noise_low__T_80__density_dense__seed_001,oracle_hybrid,6,0,0.552386210415769,0.552386210415769,0.2491077445888286,0.2802528605311919,0.11960725507001464,strong,low,80,dense,1
gamma_strong__noise_low__T_80__density_dense__seed_001,hybrid,6,0,0.48178254329176823,0.48178254329176823,0.26484750309490557,0.2951742751465979,0.15659420742851904,strong,low,80,dense,1
gamma_medium__noise_high__T_300__density_medium__seed_004,pcmci_dag,6,0,0.9140723684263895,0.9140723684263895,0.8578462578414018,1.0950516790167455,-0.842620408825265,medium,high,300,medium,4
gamma_medium__noise_high__T_300__density_medium__seed_004,oracle_hybrid,6,0,0.48158768303534744,0.48158768303534744,0.5102466071651451,0.5861797826181618,-0.01851356738028942,medium,high,300,medium,4
gamma_medium__noise_high__T_300__density_medium__seed_004,hybrid,6,0,0.5323784165841785,0.5323784165841784,0.541039110769618,0.6097684052338785,-0.02370463917892396,medium,high,300,medium,4
gamma_medium__noise_high__T_156__density_dense__seed_005,pcmci_dag,6,0,1.1542646254205902,1.1542646254205902,0.7207964219746749,0.7626861877007428,-0.34474967702588266,medium,high,156,dense,5
gamma_medium__noise_high__T_156__density_dense__seed_005,oracle_hybrid,6,0,0.46169123265896506,0.46169123265896506,0.43235073768810084,0.5082134053855605,-0.047588895354495044,medium,high,156,dense,5
gamma_medium__noise_high__T_156__density_dense__seed_005,hybrid,6,0,0.7275449029718533,0.7275449029718534,0.3554192932269831,0.4596847030561693,-0.01063936426766445,medium,high,156,dense,5
gamma_weak__noise_low__T_300__density_medium__seed_002,pcmci_dag,6,0,1.4040896426080778,1.4040896426080778,1.4102653179356872,1.9160684412987194,-0.04499773170325028,weak,low,300,medium,2
gamma_weak__noise_low__T_300__density_medium__seed_002,oracle_hybrid,6,0,0.7291309842812752,0.7291309842812752,0.7366230871900267,1.0046465960014301,0.2835156272931854,weak,low,300,medium,2
gamma_weak__noise_low__T_300__density_medium__seed_002,hybrid,6,0,0.6927123006553151,0.6927123006553152,0.7183371396449489,1.0144995921490845,0.2494862976256277,weak,low,300,medium,2
gamma_weak__noise_medium__T_156__density_dense__seed_001,pcmci_dag,6,0,0.6525468291709506,0.6525468291709506,0.38777601048902216,0.55088078336984,-0.134789139212274,weak,medium,156,dense,1
gamma_weak__noise_medium__T_156__density_dense__seed_001,oracle_hybrid,6,0,0.4509342485339339,0.4509342485339339,0.43649619407419094,0.5054090985836124,0.2565472954693561,weak,medium,156,dense,1
gamma_weak__noise_medium__T_156__density_dense__seed_001,hybrid,6,0,0.8162883052261062,0.8162883052261062,0.5070910922577713,0.573119064529444,0.3014272782893262,weak,medium,156,dense,1
gamma_strong__noise_medium__T_300__density_sparse__seed_003,pcmci_dag,6,0,0.5830371576120762,0.5830371576120762,0.5605758385756218,0.7140109477596158,-0.4449684505956368,strong,medium,300,sparse,3
gamma_strong__noise_medium__T_300__density_sparse__seed_003,oracle_hybrid,6,0,0.32049446530865094,0.32049446530865094,0.4040915609640153,0.524742711178039,-0.16547703980851683,strong,medium,300,sparse,3
gamma_strong__noise_medium__T_300__density_sparse__seed_003,hybrid,6,0,0.4154615262466108,0.4154615262466108,0.36248733727263227,0.5002123329446289,-0.15691611695502058,strong,medium,300,sparse,3
gamma_weak__noise_low__T_156__density_dense__seed_004,pcmci_dag,6,0,0.670843584428762,0.6708435844287619,0.671256673237426,0.760957516166982,-0.1884119957421367,weak,low,156,dense,4
gamma_weak__noise_low__T_156__density_dense__seed_004,oracle_hybrid,6,0,0.3876817279280022,0.3876817279280022,0.33512690619978797,0.4039698465953407,0.1258054930128699,weak,low,156,dense,4
gamma_weak__noise_low__T_156__density_dense__seed_004,hybrid,6,0,0.2915391106234912,0.2915391106234912,0.28499108872082785,0.37137786796939753,0.08211212396149652,weak,low,156,dense,4
gamma_weak__noise_low__T_300__density_medium__seed_003,pcmci_dag,6,0,0.7515956647426386,0.7515956647426387,0.6145422914236268,0.7707354108835507,-0.5637733211680961,weak,low,300,medium,3
gamma_weak__noise_low__T_300__density_medium__seed_003,oracle_hybrid,6,0,0.39484987812624217,0.39484987812624217,0.41460490923388127,0.5273729102114989,-0.21847632782387702,weak,low,300,medium,3
gamma_weak__noise_low__T_300__density_medium__seed_003,hybrid,6,0,0.5323783518037836,0.5323783518037836,0.38536090779300497,0.5156906662044285,-0.27074544714974064,weak,low,300,medium,3
gamma_weak__noise_high__T_156__density_sparse__seed_002,pcmci_dag,6,0,1.087570112566065,1.087570112566065,1.1083339437650848,1.5024017419393048,-1.1083339437650848,weak,high,156,sparse,2
gamma_weak__noise_high__T_156__density_sparse__seed_002,oracle_hybrid,6,0,0.4854357549425208,0.4854357549425208,0.5004929145496667,0.5842606583941942,-0.16193469239872207,weak,high,156,sparse,2
gamma_weak__noise_high__T_156__density_sparse__seed_002,hybrid,6,0,0.482305806357024,0.482305806357024,0.4939399689149356,0.5905366106449765,-0.18262148797693675,weak,high,156,sparse,2
gamma_strong__noise_high__T_80__density_sparse__seed_001,pcmci_dag,6,0,0.5726910785054948,0.5726910785054948,0.5170300060963423,0.6071960101501966,-0.389203327236991,strong,high,80,sparse,1
gamma_strong__noise_high__T_80__density_sparse__seed_001,oracle_hybrid,6,0,0.48184395153894893,0.4818439515389488,0.41661729793596364,0.5675222208697737,0.2674002956961962,strong,high,80,sparse,1
gamma_strong__noise_high__T_80__density_sparse__seed_001,hybrid,6,0,0.5296462242831699,0.52964622428317,0.41054501552985156,0.543679933226053,0.2579210146156886,strong,high,80,sparse,1
gamma_strong__noise_high__T_300__density_medium__seed_001,pcmci_dag,6,0,1.4954182395562317,1.4954182395562317,1.454384922876794,2.1630469979080384,0.6311898554221185,strong,high,300,medium,1
gamma_strong__noise_high__T_300__density_medium__seed_001,oracle_hybrid,6,0,0.49399223768829836,0.49399223768829836,0.3961101478078424,0.47015512320920855,0.05921872565717393,strong,high,300,medium,1
gamma_strong__noise_high__T_300__density_medium__seed_001,hybrid,6,0,0.5034762280385859,0.5034762280385858,0.4072099566540938,0.4843251432169198,0.06588819092450587,strong,high,300,medium,1
gamma_strong__noise_high__T_156__density_sparse__seed_003,pcmci_dag,6,0,1.216944090499342,1.216944090499342,1.2305028521008952,1.7796229630376672,-1.2305028521008952,strong,high,156,sparse,3
gamma_strong__noise_high__T_156__density_sparse__seed_003,oracle_hybrid,6,0,0.46564374859524493,0.46564374859524493,0.3920519929985011,0.52630408508474,-0.10697718729427115,strong,high,156,sparse,3
gamma_strong__noise_high__T_156__density_sparse__seed_003,hybrid,6,0,0.41889861274269263,0.41889861274269263,0.43844405258498725,0.5352047665187091,-0.02309224509233221,strong,high,156,sparse,3
gamma_medium__noise_low__T_80__density_sparse__seed_001,pcmci_dag,6,0,0.5569664630550494,0.5569664630550494,0.517010987694821,0.6248591941019715,-0.41128901230517895,medium,low,80,sparse,1
gamma_medium__noise_low__T_80__density_sparse__seed_001,oracle_hybrid,6,0,0.41129918100800067,0.41129918100800067,0.367689990682256,0.4470689289398121,0.19833383623299825,medium,low,80,sparse,1
gamma_medium__noise_low__T_80__density_sparse__seed_001,hybrid,6,0,0.46264042278654155,0.46264042278654155,0.3459524583223186,0.430745749875274,0.1726564480032801,medium,low,80,sparse,1
gamma_medium__noise_medium__T_300__density_sparse__seed_002,pcmci_dag,6,0,0.9364746272694903,0.9364746272694903,0.9364746272694905,1.123109887628954,-0.9364746272694905,medium,medium,300,sparse,2
gamma_medium__noise_medium__T_300__density_sparse__seed_002,oracle_hybrid,6,0,0.7505270993943046,0.7505270993943046,0.746910907945565,0.872881456373764,0.2311330824518906,medium,medium,300,sparse,2
gamma_medium__noise_medium__T_300__density_sparse__seed_002,hybrid,6,0,0.7741935471664014,0.7741935471664014,0.7643468999175621,0.9020775812204168,0.2306157787325098,medium,medium,300,sparse,2
gamma_medium__noise_medium__T_156__density_sparse__seed_003,pcmci_dag,6,0,1.3879216218970665,1.3879216218970665,1.4678667487278136,1.9878731676689319,-1.4678667487278136,medium,medium,156,sparse,3
gamma_medium__noise_medium__T_156__density_sparse__seed_003,oracle_hybrid,6,0,0.3113935453264867,0.3113935453264867,0.36101985792708263,0.438355136929595,-0.1479906578056541,medium,medium,156,sparse,3
gamma_medium__noise_medium__T_156__density_sparse__seed_003,hybrid,6,0,0.3083143973444003,0.3083143973444003,0.3974114275643747,0.5199576940155225,-0.17551694460386277,medium,medium,156,sparse,3
gamma_strong__noise_medium__T_300__density_dense__seed_003,pcmci_dag,6,0,0.952102526548673,0.9521025265486731,0.8464977658374218,0.9974679105196066,-0.12160161695416834,strong,medium,300,dense,3
gamma_strong__noise_medium__T_300__density_dense__seed_003,oracle_hybrid,6,0,0.5030060439761036,0.5030060439761036,0.391435037680691,0.49651104002500956,-0.04342123172753173,strong,medium,300,dense,3
gamma_strong__noise_medium__T_300__density_dense__seed_003,hybrid,6,0,0.4766580868398112,0.4766580868398111,0.3895852548438395,0.48033725053571613,-0.05441256237473787,strong,medium,300,dense,3
gamma_strong__noise_medium__T_156__density_medium__seed_001,pcmci_dag,6,0,1.2926449390285166,1.2926449390285166,1.2937047808659508,1.9439852984822177,0.5973960354917529,strong,medium,156,medium,1
gamma_strong__noise_medium__T_156__density_medium__seed_001,oracle_hybrid,6,0,0.554449957199005,0.554449957199005,0.44702785318657684,0.48650458725555207,0.26988960014096725,strong,medium,156,medium,1
gamma_strong__noise_medium__T_156__density_medium__seed_001,hybrid,6,0,0.9610743579780641,0.9610743579780641,0.5492411647715401,0.5622394745827041,0.3501332608430629,strong,medium,156,medium,1
gamma_weak__noise_high__T_156__density_medium__seed_002,pcmci_dag,6,0,1.0887302904092853,1.0887302904092853,1.0887302904092853,1.481342989067384,-1.0887302904092853,weak,high,156,medium,2
gamma_weak__noise_high__T_156__density_medium__seed_002,oracle_hybrid,6,0,0.4830655181637337,0.4830655181637337,0.4997121381028065,0.5869103237674351,-0.1627213867578083,weak,high,156,medium,2
gamma_weak__noise_high__T_156__density_medium__seed_002,hybrid,6,0,0.514775454747525,0.514775454747525,0.514775454747525,0.600909541540061,-0.1815688630021144,weak,high,156,medium,2
gamma_medium__noise_high__T_300__density_medium__seed_003,pcmci_dag,6,0,0.925213940687105,0.925213940687105,0.9464220321401697,1.1518558362049913,-0.4120994218615732,medium,high,300,medium,3
gamma_medium__noise_high__T_300__density_medium__seed_003,oracle_hybrid,6,0,0.3918356273802668,0.3918356273802668,0.4208110341056078,0.5803777370008298,-0.2234030004866513,medium,high,300,medium,3
gamma_medium__noise_high__T_300__density_medium__seed_003,hybrid,6,0,0.44368128975062043,0.44368128975062043,0.4320556485399374,0.5834943186824594,-0.1999913127867948,medium,high,300,medium,3
gamma_weak__noise_high__T_156__density_dense__seed_005,pcmci_dag,6,0,1.128006960492628,1.128006960492628,0.7658365038866993,0.8539945561301738,-0.444552062520744,weak,high,156,dense,5
gamma_weak__noise_high__T_156__density_dense__seed_005,oracle_hybrid,6,0,0.49798998065488326,0.49798998065488315,0.4923801672292057,0.6058975729101519,-0.0928484840488033,weak,high,156,dense,5
gamma_weak__noise_high__T_156__density_dense__seed_005,hybrid,6,0,0.7988005655443967,0.7988005655443967,0.48619174887938293,0.614996616837362,-0.06077346129028377,weak,high,156,dense,5
gamma_strong__noise_low__T_300__density_medium__seed_004,pcmci_dag,6,0,0.8655846128546382,0.8655846128546382,0.9026736750741904,1.2301702413974658,0.06752965606829446,strong,low,300,medium,4
gamma_strong__noise_low__T_300__density_medium__seed_004,oracle_hybrid,6,0,0.3332870434386717,0.33328704343867166,0.38491465118923845,0.5251402312201969,0.04673327370760216,strong,low,300,medium,4
gamma_strong__noise_low__T_300__density_medium__seed_004,hybrid,6,0,0.33642131353390764,0.33642131353390764,0.38677036934481457,0.5249446561741778,0.04145672522568591,strong,low,300,medium,4
gamma_medium__noise_high__T_156__density_sparse__seed_002,pcmci_dag,6,0,1.051671687754513,1.051671687754513,1.0773725367893618,1.4447210696810495,-1.0773725367893618,medium,high,156,sparse,2
gamma_medium__noise_high__T_156__density_sparse__seed_002,oracle_hybrid,6,0,0.43230320761746327,0.43230320761746327,0.45390204755094904,0.5567750185961504,-0.10769146278262304,medium,high,156,sparse,2
gamma_medium__noise_high__T_156__density_sparse__seed_002,hybrid,6,0,0.46794222813502667,0.46794222813502667,0.48390942364692346,0.5690768430912627,-0.13437361640034332,medium,high,156,sparse,2
gamma_weak__noise_low__T_156__density_sparse__seed_001,pcmci_dag,6,0,0.6314198252566284,0.6314198252566284,0.4445207368828103,0.6045749144267111,-0.20395241472106504,weak,low,156,sparse,1
gamma_weak__noise_low__T_156__density_sparse__seed_001,oracle_hybrid,6,0,0.3447665397680167,0.3447665397680167,0.35002370663330723,0.3972286315152878,0.154686223296544,weak,low,156,sparse,1
gamma_weak__noise_low__T_156__density_sparse__seed_001,hybrid,6,0,0.775462644432606,0.775462644432606,0.4713432466722673,0.5080933778843506,0.23903193937536993,weak,low,156,sparse,1
gamma_medium__noise_medium__T_156__density_medium__seed_004,pcmci_dag,6,0,0.7956462161862423,0.7956462161862423,0.7640561998093626,0.884315967106761,-0.5740438001906374,medium,medium,156,medium,4
gamma_medium__noise_medium__T_156__density_medium__seed_004,oracle_hybrid,6,0,0.36247460544466586,0.3624746054446659,0.2865845412717695,0.3295829632787009,0.10314209208983471,medium,medium,156,medium,4
gamma_medium__noise_medium__T_156__density_medium__seed_004,hybrid,6,0,0.3565030793316916,0.3565030793316916,0.28218174268154655,0.3277659477797747,0.08946008490954384,medium,medium,156,medium,4
gamma_weak__noise_medium__T_300__density_sparse__seed_001,pcmci_dag,6,0,0.6714728172090902,0.6714728172090902,0.5818467070481858,0.7185830936166454,-0.31853314235164204,weak,medium,300,sparse,1
gamma_weak__noise_medium__T_300__density_sparse__seed_001,oracle_hybrid,6,0,0.40035300086309505,0.40035300086309505,0.40303850333681573,0.45744059120067476,-0.05598098100798257,weak,medium,300,sparse,1
gamma_weak__noise_medium__T_300__density_sparse__seed_001,hybrid,6,0,0.3796354844799809,0.3796354844799809,0.3493562134666333,0.4235641574858201,-0.13698004790397159,weak,medium,300,sparse,1
gamma_strong__noise_high__T_156__density_dense__seed_003,pcmci_dag,6,0,1.531884846395508,1.531884846395508,1.3981362502088899,1.6656043561350224,-0.49146374979111007,strong,high,156,dense,3
gamma_strong__noise_high__T_156__density_dense__seed_003,oracle_hybrid,6,0,0.6065405047071669,0.6065405047071668,0.18715959499866283,0.2358247210468562,-0.09692451180536676,strong,high,156,dense,3
gamma_strong__noise_high__T_156__density_dense__seed_003,hybrid,6,0,0.4421835655402034,0.4421835655402034,0.37368050043865764,0.4808816106886481,0.09224897885577686,strong,high,156,dense,3
gamma_weak__noise_medium__T_80__density_dense__seed_002,pcmci_dag,6,0,0.9811233384261849,0.9811233384261849,0.9811233384261852,1.1939637066240674,-0.27854332824048145,weak,medium,80,dense,2
gamma_weak__noise_medium__T_80__density_dense__seed_002,oracle_hybrid,6,0,0.5752710577621749,0.5752710577621749,0.4547341168635768,0.6271681872157256,0.4415901972272069,weak,medium,80,dense,2
gamma_weak__noise_medium__T_80__density_dense__seed_002,hybrid,6,0,0.5109252242632626,0.5109252242632626,0.4524308407015963,0.6574110882376429,0.4208321906971256,weak,medium,80,dense,2
gamma_strong__noise_high__T_156__density_medium__seed_003,pcmci_dag,6,0,1.3376130428271977,1.3376130428271977,1.2884698782736193,1.7679881257223473,-0.6948347539369898,strong,high,156,medium,3
gamma_strong__noise_high__T_156__density_medium__seed_003,oracle_hybrid,6,0,0.4623319654447516,0.46233196544475175,0.2666874606592021,0.33176414235778423,-0.11888127385743578,strong,high,156,medium,3
gamma_strong__noise_high__T_156__density_medium__seed_003,hybrid,6,0,0.4394617122007247,0.4394617122007249,0.34121161111254134,0.39370897032261265,-0.010382493141945115,strong,high,156,medium,3
gamma_strong__noise_high__T_300__density_dense__seed_001,pcmci_dag,6,0,1.4558289655162486,1.4558289655162486,1.3214421150334672,1.8389435553216926,0.6247499608852104,strong,high,300,dense,1
gamma_strong__noise_high__T_300__density_dense__seed_001,oracle_hybrid,6,0,0.5006194718965926,0.5006194718965926,0.27805501191868315,0.38085414627219,-0.05177764339750666,strong,high,300,dense,1
gamma_strong__noise_high__T_300__density_dense__seed_001,hybrid,6,0,0.4852131698951155,0.4852131698951155,0.2709694934436562,0.3722465425144123,-0.06695495719966367,strong,high,300,dense,1
gamma_strong__noise_high__T_156__density_medium__seed_002,pcmci_dag,6,0,1.0225113724739703,1.0225113724739703,1.01369947634874,1.274030872556946,-1.01369947634874,strong,high,156,medium,2
gamma_strong__noise_high__T_156__density_medium__seed_002,oracle_hybrid,6,0,0.325484766589238,0.32548476658923803,0.398931016907162,0.44851622400482116,-0.016094253481211924,strong,high,156,medium,2
gamma_medium__noise_medium__T_80__density_dense__seed_001,pcmci_dag,6,0,0.6013102080420166,0.6013102080420166,0.571911755434817,0.6332956827756623,-0.40292157789851624,medium,medium,80,dense,1
gamma_medium__noise_medium__T_80__density_dense__seed_001,oracle_hybrid,6,0,0.48825886322751666,0.48825886322751666,0.2649686245307968,0.31216789987320825,0.1425055516002822,medium,medium,80,dense,1
gamma_medium__noise_medium__T_80__density_dense__seed_001,hybrid,6,0,0.4421197181859209,0.44211971818592094,0.30579671826077665,0.3308109549281263,0.17451321459955138,medium,medium,80,dense,1
gamma_strong__noise_medium__T_156__density_sparse__seed_005,pcmci_dag,6,0,0.3481103210908579,0.3481103210908579,0.3947395152976958,0.5864062805775777,-0.1950691137982312,strong,medium,156,sparse,5
gamma_strong__noise_medium__T_156__density_sparse__seed_005,oracle_hybrid,6,0,0.37053424735661694,0.37053424735661694,0.38568213629290793,0.5067902345545536,-0.04064050242413717,strong,medium,156,sparse,5
gamma_strong__noise_medium__T_156__density_sparse__seed_005,hybrid,6,0,0.38414344204848133,0.38414344204848133,0.38248622094830376,0.48539783929892716,-0.04895628649435505,strong,medium,156,sparse,5
gamma_medium__noise_high__T_156__density_sparse__seed_004,pcmci_dag,6,0,0.9678166666666668,0.9678166666666668,0.9678166666666668,1.13996110971676,-0.9678166666666668,medium,high,156,sparse,4
gamma_medium__noise_high__T_156__density_sparse__seed_004,oracle_hybrid,6,0,0.30407976865513237,0.3040797686551324,0.2560306908682877,0.31382487886307464,0.060283183645894155,medium,high,156,sparse,4
gamma_medium__noise_high__T_156__density_sparse__seed_004,hybrid,6,0,0.2964699202926573,0.2964699202926573,0.24897595704936792,0.2959155171207152,0.07976090468783083,medium,high,156,sparse,4
gamma_strong__noise_medium__T_300__density_medium__seed_002,pcmci_dag,6,0,1.3056887029740631,1.3056887029740631,1.2778095399904836,1.7759458372073482,0.2667062343447259,strong,medium,300,medium,2
gamma_strong__noise_medium__T_300__density_medium__seed_002,oracle_hybrid,6,0,0.6896423874342629,0.6896423874342629,0.6714813137756878,0.8247619982978321,0.2844531550829259,strong,medium,300,medium,2
gamma_strong__noise_medium__T_300__density_medium__seed_002,hybrid,6,0,0.6686235276414402,0.6686235276414402,0.6620694361356082,0.8054727909551324,0.2852907226416891,strong,medium,300,medium,2
gamma_weak__noise_low__T_300__density_dense__seed_002,pcmci_dag,6,0,1.3850668842778386,1.3850668842778386,1.393658324235579,1.8758315438855555,-0.04002886733311839,weak,low,300,dense,2
gamma_weak__noise_low__T_300__density_dense__seed_002,oracle_hybrid,6,0,0.6760176299737806,0.6760176299737806,0.6897101270586168,0.9132278727975707,0.24336941522260158,weak,low,300,dense,2
gamma_weak__noise_low__T_300__density_dense__seed_002,hybrid,6,0,0.6476115913946582,0.6476115913946582,0.6755574422212735,0.9349583512256936,0.224714847102909,weak,low,300,dense,2
gamma_weak__noise_medium__T_156__density_medium__seed_003,pcmci_dag,6,0,1.4203547067888482,1.4203547067888482,1.5197467813470003,2.0911621039550634,-1.5197467813470003,weak,medium,156,medium,3
gamma_weak__noise_medium__T_156__density_medium__seed_003,oracle_hybrid,6,0,0.3374240660108893,0.3374240660108893,0.33432958233676335,0.40077996795617565,-0.1255203435881835,weak,medium,156,medium,3
gamma_weak__noise_medium__T_156__density_medium__seed_003,hybrid,6,0,0.2865224414777905,0.2865224414777905,0.40090682706431524,0.5064651341747838,-0.20131230402741038,weak,medium,156,medium,3
gamma_weak__noise_high__T_300__density_dense__seed_003,pcmci_dag,6,0,1.0494424397259572,1.0494424397259572,0.9030737119097528,1.1587711452259308,-0.6962115079035485,weak,high,300,dense,3
gamma_weak__noise_high__T_300__density_dense__seed_003,oracle_hybrid,6,0,0.4836969595772948,0.48369695957729486,0.4906981250049858,0.6497831942088587,-0.21267814698833387,weak,high,300,dense,3
gamma_weak__noise_high__T_300__density_dense__seed_003,hybrid,6,0,0.5812168684432594,0.5812168684432594,0.4861367185285941,0.6438231843724322,-0.2638242235973305,weak,high,300,dense,3
gamma_medium__noise_low__T_156__density_medium__seed_003,pcmci_dag,6,0,1.5173649246523606,1.5173649246523606,1.5173649246523606,1.979890041302545,-1.0822684086809724,medium,low,156,medium,3
gamma_medium__noise_low__T_156__density_medium__seed_003,oracle_hybrid,6,0,0.28652845983880143,0.28652845983880143,0.29869681405816256,0.3847429598077974,-0.09632495300983845,medium,low,156,medium,3
gamma_medium__noise_low__T_156__density_medium__seed_003,hybrid,6,0,0.28999419365049633,0.28999419365049633,0.28999419365049633,0.36426226120801364,-0.11423001648615165,medium,low,156,medium,3
gamma_weak__noise_low__T_156__density_dense__seed_003,pcmci_dag,6,0,0.8127677182624254,0.8127677182624254,0.8141891236684119,1.0452080851070829,-0.3963805135823317,weak,low,156,dense,3
gamma_weak__noise_low__T_156__density_dense__seed_003,oracle_hybrid,6,0,0.26985860590658545,0.2698586059065854,0.29354692274140026,0.39261614024467306,-0.12270239242327341,weak,low,156,dense,3
gamma_weak__noise_low__T_156__density_dense__seed_003,hybrid,6,0,0.2602541523085858,0.2602541523085859,0.25267233074263357,0.34627148533917873,-0.09868564757037279,weak,low,156,dense,3
gamma_weak__noise_low__T_300__density_sparse__seed_004,pcmci_dag,6,0,1.192749946247989,1.192749946247989,1.1927499462479896,1.478083136013982,-0.38461470132798103,weak,low,300,sparse,4
gamma_weak__noise_low__T_300__density_sparse__seed_004,oracle_hybrid,6,0,0.3218193477294848,0.32181934772948473,0.33975699259856124,0.44266844065486916,-0.14494646862923508,weak,low,300,sparse,4
gamma_weak__noise_low__T_300__density_sparse__seed_004,hybrid,6,0,0.3580280800806195,0.3580280800806195,0.3580280800806199,0.44950259334646486,-0.1433517162587855,weak,low,300,sparse,4
gamma_strong__noise_low__T_80__density_dense__seed_003,pcmci_dag,6,0,1.1113333333333335,1.1113333333333335,1.1113333333333335,1.2723885072309218,-1.1113333333333335,strong,low,80,dense,3
gamma_strong__noise_low__T_80__density_dense__seed_003,oracle_hybrid,6,0,0.6835626280246293,0.6835626280246293,0.5145614683866753,0.7509250544415872,0.27805705574998624,strong,low,80,dense,3
gamma_strong__noise_low__T_80__density_dense__seed_003,hybrid,6,0,0.6200936403355056,0.6200936403355057,0.5269254925445755,0.7319107648598889,0.29358819918720347,strong,low,80,dense,3
gamma_weak__noise_high__T_80__density_medium__seed_002,pcmci_dag,6,0,0.9733537700627286,0.9733537700627287,0.9241536463453227,1.1202584204143684,-0.31637968698801067,weak,high,80,medium,2
gamma_weak__noise_high__T_80__density_medium__seed_002,oracle_hybrid,6,0,0.6306539308416715,0.6306539308416715,0.540712867124097,0.7149832915764337,0.540712867124097,weak,high,80,medium,2
gamma_weak__noise_high__T_80__density_medium__seed_002,hybrid,6,0,0.6024960283741717,0.6024960283741717,0.5631605993675721,0.768901703841473,0.5631605993675721,weak,high,80,medium,2
gamma_weak__noise_low__T_80__density_dense__seed_001,pcmci_dag,6,0,0.5711307960582165,0.5711307960582165,0.5711307960582166,0.6603443867213449,-0.3939358706084501,weak,low,80,dense,1
gamma_weak__noise_low__T_80__density_dense__seed_001,oracle_hybrid,6,0,0.4554080602958839,0.4554080602958839,0.30429708046857623,0.3561880485973624,0.1405480367017019,weak,low,80,dense,1
gamma_weak__noise_low__T_80__density_dense__seed_001,hybrid,6,0,0.4039331399945772,0.4039331399945772,0.32328484511541783,0.36847646435696596,0.17810323851959517,weak,low,80,dense,1
gamma_medium__noise_low__T_156__density_dense__seed_005,pcmci_dag,6,0,0.8980153252455173,0.8980153252455173,0.4698741332334893,0.5495066637273794,-0.12981707432467507,medium,low,156,dense,5
gamma_medium__noise_low__T_156__density_dense__seed_005,oracle_hybrid,6,0,0.2906387623134105,0.2906387623134105,0.28811496166662026,0.37238532485154197,-0.12002408298218031,medium,low,156,dense,5
gamma_strong__noise_medium__T_80__density_medium__seed_005,pcmci_dag,6,0,0.8716,0.8716,0.8716,0.9880523164286393,-0.8716,strong,medium,80,medium,5
gamma_strong__noise_medium__T_80__density_medium__seed_005,oracle_hybrid,6,0,0.8102921580787963,0.8102921580787963,0.6521681872949451,0.7560135605134437,0.05751524888762349,strong,medium,80,medium,5
gamma_strong__noise_medium__T_80__density_medium__seed_005,hybrid,6,0,0.7039488669975161,0.7039488669975161,0.700177235206093,0.8174377437837465,0.1109465028890065,strong,medium,80,medium,5
gamma_weak__noise_high__T_80__density_dense__seed_004,pcmci_dag,6,0,0.9717017499311241,0.9717017499311241,0.9717017499311239,1.1885493617196687,-0.26799825006887584,weak,high,80,dense,4
gamma_weak__noise_high__T_80__density_dense__seed_004,oracle_hybrid,6,0,0.7565205237188866,0.7565205237188866,0.6845266167429799,0.7644148296266426,0.3135548294943416,weak,high,80,dense,4
gamma_weak__noise_high__T_80__density_dense__seed_004,hybrid,6,0,0.6716740080608683,0.6716740080608683,0.6716740080608683,0.783064650670635,0.2871734526861665,weak,high,80,dense,4
gamma_weak__noise_low__T_300__density_medium__seed_001,pcmci_dag,6,0,0.6708491055206062,0.6708491055206062,0.5882390495616168,0.7008218933312694,-0.296966515225731,weak,low,300,medium,1
gamma_weak__noise_low__T_300__density_medium__seed_001,oracle_hybrid,6,0,0.36167453604420147,0.36167453604420147,0.3714352455666172,0.4037600305130953,-0.07744265784468769,weak,low,300,medium,1
gamma_weak__noise_low__T_300__density_medium__seed_001,hybrid,6,0,0.3482375045191047,0.3482375045191047,0.2913630901808249,0.3436917038066584,-0.1306927660552326,weak,low,300,medium,1
gamma_strong__noise_high__T_300__density_medium__seed_005,pcmci_dag,6,0,0.8753816403119045,0.8753816403119045,0.6399217521373193,0.7921108007783751,-0.3287360138529006,strong,high,300,medium,5
gamma_strong__noise_high__T_300__density_medium__seed_005,oracle_hybrid,6,0,0.44352701608304274,0.4435270160830427,0.37674479282297074,0.4489326069452637,0.07825681349430047,strong,high,300,medium,5
gamma_strong__noise_high__T_300__density_medium__seed_005,hybrid,6,0,0.6525808307144193,0.6525808307144193,0.3754614526409534,0.4341504435229346,0.0947414943915556,strong,high,300,medium,5
gamma_medium__noise_high__T_300__density_dense__seed_005,pcmci_dag,6,0,0.4505745010244199,0.4505745010244198,0.4893654198377142,0.6394492118003233,-0.3556644584475233,medium,high,300,dense,5
gamma_medium__noise_high__T_300__density_dense__seed_005,oracle_hybrid,6,0,0.44279711159773544,0.44279711159773544,0.4319389827067815,0.5157982052414727,-0.0094987531328485,medium,high,300,dense,5
gamma_medium__noise_high__T_300__density_dense__seed_005,hybrid,6,0,0.3953818540898613,0.3953818540898613,0.3031625026780955,0.380524080025522,-0.10396948968964322,medium,high,300,dense,5
gamma_strong__noise_high__T_80__density_sparse__seed_004,pcmci_dag,6,0,0.9874585646971958,0.9874585646971958,0.956219747390391,1.255806141982194,0.03844404327295148,strong,high,80,sparse,4
gamma_strong__noise_high__T_80__density_sparse__seed_004,oracle_hybrid,6,0,0.7446616502133173,0.7446616502133173,0.7128083879475963,0.8255156303070506,0.37818702137915855,strong,high,80,sparse,4
gamma_strong__noise_high__T_80__density_sparse__seed_004,hybrid,6,0,0.7286335909559881,0.7286335909559881,0.6976992255654526,0.8134964402484991,0.3445383318318893,strong,high,80,sparse,4
gamma_strong__noise_high__T_80__density_medium__seed_001,pcmci_dag,6,0,0.5755094659985537,0.5755094659985537,0.48172462831892204,0.5705386888103097,-0.4361420383477446,strong,high,80,medium,1
gamma_strong__noise_high__T_80__density_medium__seed_001,oracle_hybrid,6,0,0.4841874984040342,0.4841874984040342,0.26292638019915554,0.34342899832314844,0.15673926205048075,strong,high,80,medium,1
gamma_strong__noise_high__T_80__density_medium__seed_001,hybrid,6,0,0.5853500683402036,0.5853500683402036,0.2602976762410585,0.34414719884959677,0.15340479057971215,strong,high,80,medium,1
gamma_medium__noise_low__T_156__density_medium__seed_005,pcmci_dag,6,0,0.903556488022539,0.9035564880225392,0.4719899044039603,0.6558440174756963,-0.2053642664331782,medium,low,156,medium,5
gamma_medium__noise_low__T_156__density_medium__seed_005,oracle_hybrid,6,0,0.3500824468550266,0.3500824468550266,0.36102061229833304,0.4155095588099041,-0.09655584821008246,medium,low,156,medium,5
gamma_medium__noise_low__T_156__density_medium__seed_005,hybrid,6,0,0.7565898633482971,0.7565898633482971,0.3810099817697341,0.439874987684592,-0.09503629488533165,medium,low,156,medium,5
gamma_medium__noise_medium__T_300__density_dense__seed_005,pcmci_dag,6,0,0.7902943581670571,0.7902943581670571,0.8407094435937208,0.9807804565441968,-0.5818731278401557,medium,medium,300,dense,5
gamma_medium__noise_medium__T_300__density_dense__seed_005,oracle_hybrid,6,0,0.32344884743647656,0.32344884743647656,0.3035176382812301,0.3639153135544913,-0.015086824682677469,medium,medium,300,dense,5
gamma_medium__noise_medium__T_300__density_dense__seed_005,hybrid,6,0,0.4194217595025615,0.4194217595025615,0.27331568573968723,0.3210751609803432,-0.03502794492854037,medium,medium,300,dense,5
gamma_strong__noise_low__T_156__density_sparse__seed_002,pcmci_dag,6,0,1.0395426916172192,1.0395426916172192,1.0277199880267498,1.3650040393780052,-1.0277199880267498,strong,low,156,sparse,2
gamma_strong__noise_low__T_156__density_sparse__seed_002,oracle_hybrid,6,0,0.454031947565632,0.4540319475656318,0.4804329943886431,0.5341632567423181,-0.0016656375550155866,strong,low,156,sparse,2
gamma_strong__noise_low__T_156__density_sparse__seed_002,hybrid,6,0,0.4854354020839313,0.48543540208393116,0.507063061431737,0.5659847309090131,0.003223071143306444,strong,low,156,sparse,2
gamma_medium__noise_high__T_80__density_sparse__seed_004,pcmci_dag,6,0,0.9177079969522919,0.9177079969522919,0.909232312500685,1.1886521162389385,-0.1314094114569985,medium,high,80,sparse,4
gamma_medium__noise_high__T_80__density_sparse__seed_004,oracle_hybrid,6,0,0.741077339465774,0.741077339465774,0.7239427148386892,0.8769965956105646,0.35694371597174007,medium,high,80,sparse,4
gamma_medium__noise_high__T_80__density_sparse__seed_004,hybrid,6,0,0.7762929721006767,0.7762929721006767,0.759054596366199,0.8998963362775307,0.4012459786391982,medium,high,80,sparse,4
gamma_strong__noise_high__T_156__density_medium__seed_001,pcmci_dag,6,0,1.0089166666666667,1.0089166666666667,1.0089166666666667,1.1578895276896382,-1.0089166666666667,strong,high,156,medium,1
gamma_strong__noise_high__T_156__density_medium__seed_001,oracle_hybrid,6,0,0.7142867863115274,0.7142867863115275,0.5758443254035206,0.6178963712786463,0.40535988010064533,strong,high,156,medium,1
gamma_strong__noise_high__T_156__density_medium__seed_001,hybrid,6,0,1.1421002899101207,1.1421002899101207,0.6575312183542983,0.6864098724969022,0.4759400135913429,strong,high,156,medium,1
gamma_strong__noise_low__T_300__density_dense__seed_002,pcmci_dag,6,0,1.3209788199373105,1.3209788199373107,1.1741098972636521,1.4698265214264783,0.23908332493812845,strong,low,300,dense,2
gamma_strong__noise_low__T_300__density_dense__seed_002,oracle_hybrid,6,0,0.5287194310808498,0.5287194310808497,0.48262037115119133,0.5532999368621928,0.19179635176562884,strong,low,300,dense,2
gamma_strong__noise_low__T_300__density_dense__seed_002,hybrid,6,0,0.509401089612946,0.509401089612946,0.4698613993388548,0.5403798097664195,0.18979887287846595,strong,low,300,dense,2
gamma_weak__noise_high__T_300__density_dense__seed_002,pcmci_dag,6,0,0.9800415815118022,0.9800415815118021,0.9908044535630931,1.158776859172673,-0.9908044535630931,weak,high,300,dense,2
gamma_weak__noise_high__T_300__density_dense__seed_002,oracle_hybrid,6,0,0.8678357362537327,0.8678357362537327,0.8725699916224373,1.024442663760923,0.292819967793672,weak,high,300,dense,2
gamma_weak__noise_high__T_300__density_dense__seed_002,hybrid,6,0,0.7562348612105837,0.7562348612105837,0.7780961812752397,0.9443054571857087,0.2208579905158762,weak,high,300,dense,2
gamma_weak__noise_high__T_156__density_dense__seed_001,pcmci_dag,6,0,1.451115786051995,1.4511157860519954,1.4472733098718509,2.001168174851403,-0.07150523674709475,weak,high,156,dense,1
gamma_weak__noise_high__T_156__density_dense__seed_001,oracle_hybrid,6,0,0.5862232541462117,0.5862232541462117,0.563609383061642,0.6421007998858389,0.3980350717327324,weak,high,156,dense,1
gamma_weak__noise_high__T_156__density_dense__seed_001,hybrid,6,0,1.018554754722417,1.0185547547224172,0.646028966720285,0.7364783725709327,0.48251492429114046,weak,high,156,dense,1
gamma_strong__noise_high__T_300__density_sparse__seed_003,pcmci_dag,6,0,0.8406837067664767,0.8406837067664771,0.7497986560607884,1.0522141807672016,-0.6467127647926297,strong,high,300,sparse,3
gamma_strong__noise_high__T_300__density_sparse__seed_003,oracle_hybrid,6,0,0.4299485382833926,0.4299485382833926,0.5085593369512199,0.6698339307749087,-0.1926946861797402,strong,high,300,sparse,3
gamma_strong__noise_high__T_300__density_sparse__seed_003,hybrid,6,0,0.5002396510026811,0.5002396510026812,0.5067592064863372,0.6495633487514249,-0.20406560063577964,strong,high,300,sparse,3
gamma_weak__noise_medium__T_300__density_dense__seed_003,pcmci_dag,6,0,0.7458809762016877,0.7458809762016879,0.6158611847324497,0.7675095682140715,-0.5350285758869545,weak,medium,300,dense,3
gamma_weak__noise_medium__T_300__density_dense__seed_003,oracle_hybrid,6,0,0.414052809904152,0.4140528099041519,0.4343534363747368,0.550955859169772,-0.22510363376074125,weak,medium,300,dense,3
gamma_weak__noise_medium__T_300__density_dense__seed_003,hybrid,6,0,0.542678637264015,0.542678637264015,0.42166600076051397,0.5373600136200416,-0.264132320421747,weak,medium,300,dense,3
gamma_strong__noise_medium__T_80__density_dense__seed_001,pcmci_dag,6,0,0.6337566768768917,0.6337566768768917,0.46326640095331584,0.5752882537703579,0.1258833005106214,strong,medium,80,dense,1
gamma_strong__noise_medium__T_80__density_dense__seed_001,oracle_hybrid,6,0,0.5648027955959564,0.5648027955959564,0.25022210636544795,0.2858249850214752,0.15637585969341775,strong,medium,80,dense,1
gamma_strong__noise_medium__T_80__density_dense__seed_001,hybrid,6,0,0.5031293861622999,0.5031293861622999,0.2759412497564876,0.29051797805816526,0.17008134011582543,strong,medium,80,dense,1
gamma_strong__noise_medium__T_80__density_medium__seed_003,pcmci_dag,6,0,1.1880666666666666,1.1880666666666666,1.1880666666666666,1.4182002761716461,-1.1880666666666666,strong,medium,80,medium,3
gamma_strong__noise_medium__T_80__density_medium__seed_003,oracle_hybrid,6,0,0.890437206375001,0.890437206375001,0.7363134672896393,0.8933177433069167,0.4821198530228108,strong,medium,80,medium,3
gamma_strong__noise_medium__T_80__density_medium__seed_003,hybrid,6,0,0.8034265506397515,0.8034265506397515,0.7433732293753348,0.9160483242416165,0.45176788640567916,strong,medium,80,medium,3
gamma_weak__noise_medium__T_300__density_sparse__seed_003,pcmci_dag,6,0,0.7301642525155324,0.7301642525155323,0.6055723811692844,0.7911246480392484,-0.6010068242164801,weak,medium,300,sparse,3
gamma_weak__noise_medium__T_300__density_sparse__seed_003,oracle_hybrid,6,0,0.4292668160131301,0.4292668160131301,0.44672916057750617,0.5900314550452261,-0.25938578698352477,weak,medium,300,sparse,3
gamma_weak__noise_medium__T_300__density_sparse__seed_003,hybrid,6,0,0.5333427081387253,0.5333427081387253,0.46950381942521985,0.5796871335369886,-0.28199792039900173,weak,medium,300,sparse,3
gamma_strong__noise_high__T_156__density_sparse__seed_001,pcmci_dag,6,0,1.306947026479337,1.306947026479337,1.2671265223672163,1.6626131980948233,0.10271137893604416,strong,high,156,sparse,1
gamma_strong__noise_high__T_156__density_sparse__seed_001,oracle_hybrid,6,0,0.5716617975956281,0.5716617975956283,0.5541105737985134,0.6050779163733153,0.41515187702892814,strong,high,156,sparse,1
gamma_strong__noise_high__T_156__density_sparse__seed_001,hybrid,6,0,1.0159403873930204,1.0159403873930204,0.6495991101660941,0.7012114532039283,0.5076047815888171,strong,high,156,sparse,1
gamma_strong__noise_medium__T_300__density_sparse__seed_001,pcmci_dag,6,0,0.5677844230982417,0.5677844230982417,0.4977014965838933,0.7435071241798261,0.045974648621267454,strong,medium,300,sparse,1
gamma_strong__noise_medium__T_300__density_sparse__seed_001,oracle_hybrid,6,0,0.5201030728804668,0.5201030728804669,0.42980675681225144,0.4983809621627734,-0.004247013178374078,strong,medium,300,sparse,1
gamma_strong__noise_medium__T_300__density_sparse__seed_001,hybrid,6,0,0.5325349367615909,0.532534936761591,0.45228217219208694,0.5163285177599884,0.034285656257642204,strong,medium,300,sparse,1
gamma_strong__noise_high__T_300__density_dense__seed_005,pcmci_dag,6,0,0.4362462046779816,0.43624620467798175,0.3758731676452433,0.5050156877688282,-0.10357060413771807,strong,high,300,dense,5
gamma_strong__noise_high__T_300__density_dense__seed_005,oracle_hybrid,6,0,0.4563216391748098,0.4563216391748097,0.36305606710597865,0.46024499711126393,0.10505665574163071,strong,high,300,dense,5
gamma_strong__noise_high__T_300__density_dense__seed_005,hybrid,6,0,0.4826707777980463,0.4826707777980463,0.28280996274785625,0.3321477291386218,0.03571433274007696,strong,high,300,dense,5
gamma_medium__noise_low__T_80__density_sparse__seed_004,pcmci_dag,6,0,0.852983997765746,0.8529839977657461,0.8449461535859716,1.0792077712516333,-0.2019877963339268,medium,low,80,sparse,4
gamma_medium__noise_low__T_80__density_sparse__seed_004,oracle_hybrid,6,0,0.5532369460922381,0.5532369460922381,0.5467712467100614,0.6674464918940309,0.3060487572089386,medium,low,80,sparse,4
gamma_medium__noise_low__T_80__density_sparse__seed_004,hybrid,6,0,0.5337770068168984,0.5337770068168984,0.52771261269948,0.6615809305835342,0.2910436257596152,medium,low,80,sparse,4
gamma_weak__noise_medium__T_300__density_medium__seed_004,pcmci_dag,6,0,1.218629860381783,1.218629860381783,1.2186298603817831,1.5178881778632216,-0.35141290481281073,weak,medium,300,medium,4
gamma_weak__noise_medium__T_300__density_medium__seed_004,oracle_hybrid,6,0,0.3613095650638418,0.36130956506384165,0.3829893122685462,0.4915371193614364,-0.09990107938857969,weak,medium,300,medium,4
gamma_weak__noise_medium__T_300__density_medium__seed_004,hybrid,6,0,0.38963388541725247,0.38963388541725247,0.3855221799195228,0.48964188124901264,-0.12389003999182406,weak,medium,300,medium,4
gamma_strong__noise_medium__T_156__density_medium__seed_003,pcmci_dag,6,0,1.4171332735076507,1.4171332735076507,1.3640871226003775,1.8344687131721908,-0.599422297008666,strong,medium,156,medium,3
gamma_strong__noise_medium__T_156__density_medium__seed_003,oracle_hybrid,6,0,0.374380326927574,0.37438032692757406,0.23239896760903553,0.27747782886746764,-0.10896539418808916,strong,medium,156,medium,3
gamma_strong__noise_medium__T_156__density_medium__seed_003,hybrid,6,0,0.3135096599406164,0.31350965994061647,0.1991191337638445,0.25564223100902,-0.011403382610769638,strong,medium,156,medium,3
gamma_weak__noise_high__T_156__density_medium__seed_003,pcmci_dag,6,0,1.3853067067932798,1.3853067067932798,1.4998762501745453,2.08173879054081,-1.4998762501745453,weak,high,156,medium,3
gamma_weak__noise_high__T_156__density_medium__seed_003,oracle_hybrid,6,0,0.3349317810469398,0.3349317810469398,0.3288378916194273,0.43748800005613653,-0.0607829738811676,weak,high,156,medium,3
gamma_weak__noise_high__T_156__density_medium__seed_003,hybrid,6,0,0.28911592063071934,0.2891159206307194,0.39029953891553887,0.5444507759658759,-0.12005140697801724,weak,high,156,medium,3
gamma_medium__noise_low__T_80__density_sparse__seed_005,pcmci_dag,6,0,0.9022166666666668,0.9022166666666668,0.9022166666666668,1.0688766915162229,-0.9022166666666668,medium,low,80,sparse,5
gamma_medium__noise_low__T_80__density_sparse__seed_005,oracle_hybrid,6,0,0.7024634448922747,0.7024634448922747,0.6873631758177384,0.870842474810331,0.12097493707934048,medium,low,80,sparse,5
gamma_medium__noise_low__T_80__density_sparse__seed_005,hybrid,6,0,0.7757675021345164,0.7757675021345164,0.6822572843048098,0.8511072448298272,0.02748206827109843,medium,low,80,sparse,5
gamma_strong__noise_high__T_156__density_sparse__seed_002,pcmci_dag,6,0,1.0488200206614293,1.0488200206614293,1.0194142047872685,1.364084299811173,-1.0194142047872685,strong,high,156,sparse,2
gamma_strong__noise_high__T_156__density_sparse__seed_002,oracle_hybrid,6,0,0.4431915417652515,0.4431915417652515,0.46403035162323253,0.5525041534904622,-0.08798669302436612,strong,high,156,sparse,2
gamma_strong__noise_high__T_156__density_sparse__seed_002,hybrid,6,0,0.4230985070236685,0.42309850702366836,0.439887101627577,0.522659172180907,-0.08239988947162187,strong,high,156,sparse,2
gamma_medium__noise_high__T_156__density_medium__seed_004,pcmci_dag,6,0,0.9611500000000001,0.9611500000000001,0.9611500000000001,1.1134595285265947,-0.9611500000000001,medium,high,156,medium,4
gamma_medium__noise_high__T_156__density_medium__seed_004,oracle_hybrid,6,0,0.30542332661908256,0.30542332661908256,0.22822627593606618,0.2723486356762417,0.06515037804286662,medium,high,156,medium,4
gamma_medium__noise_high__T_156__density_medium__seed_004,hybrid,6,0,0.3207318763349447,0.3207318763349447,0.24175954008918477,0.30124077135809607,0.05832453432340823,medium,high,156,medium,4
gamma_weak__noise_medium__T_156__density_medium__seed_002,pcmci_dag,6,0,1.100425233034285,1.100425233034285,1.100425233034285,1.4827591691658284,-1.100425233034285,weak,medium,156,medium,2
gamma_weak__noise_medium__T_156__density_medium__seed_002,oracle_hybrid,6,0,0.44489347673277546,0.44489347673277546,0.46569049867587303,0.5197684667796194,-0.15023717673272285,weak,medium,156,medium,2
gamma_weak__noise_medium__T_156__density_medium__seed_002,hybrid,6,0,0.5010738689415853,0.5010738689415852,0.5010738689415851,0.5429668441340777,-0.16109110427374437,weak,medium,156,medium,2
gamma_weak__noise_medium__T_156__density_medium__seed_005,pcmci_dag,6,0,0.7823865534226946,0.7823865534226946,0.46830658725174,0.6416212583222659,-0.2840432657679694,weak,medium,156,medium,5
gamma_weak__noise_medium__T_156__density_medium__seed_005,oracle_hybrid,6,0,0.4231677377377256,0.4231677377377256,0.41990134685459984,0.52511025672567,-0.12532954323157514,weak,medium,156,medium,5
gamma_weak__noise_medium__T_156__density_medium__seed_005,hybrid,6,0,0.6992069319382158,0.6992069319382158,0.4179195714540522,0.5193283793759159,-0.12202599969510164,weak,medium,156,medium,5
gamma_strong__noise_low__T_156__density_sparse__seed_004,pcmci_dag,6,0,0.7389637193972899,0.7389637193972899,0.679992902574298,0.8110942390624646,-0.49415857706880684,strong,low,156,sparse,4
gamma_strong__noise_low__T_156__density_sparse__seed_004,oracle_hybrid,6,0,0.3861770632514694,0.3861770632514692,0.29865576447494013,0.34934428184270055,0.1208805997227586,strong,low,156,sparse,4
gamma_strong__noise_low__T_156__density_sparse__seed_004,hybrid,6,0,0.39758473853358484,0.39758473853358484,0.30893867790477325,0.3581996764405431,0.12484499664303432,strong,low,156,sparse,4
gamma_strong__noise_high__T_156__density_medium__seed_004,pcmci_dag,6,0,0.9175666666666668,0.9175666666666668,0.9175666666666668,1.0327243533489465,-0.9175666666666668,strong,high,156,medium,4
gamma_strong__noise_high__T_156__density_medium__seed_004,oracle_hybrid,6,0,0.40236906254833554,0.40236906254833565,0.25355010636676395,0.28713820714399396,0.09319754339805601,strong,high,156,medium,4
gamma_strong__noise_high__T_156__density_medium__seed_004,hybrid,6,0,0.37659170740944936,0.3765917074094494,0.22483864125134204,0.27027489328324006,0.05703949142724777,strong,high,156,medium,4
gamma_strong__noise_medium__T_300__density_sparse__seed_002,pcmci_dag,6,0,1.1881333333333333,1.1881333333333333,1.1881333333333333,1.3880709119734003,-1.1881333333333333,strong,medium,300,sparse,2
gamma_strong__noise_medium__T_300__density_sparse__seed_002,oracle_hybrid,6,0,0.6745476254552109,0.6745476254552111,0.6618836329638825,0.7216900501812494,0.19598500223046622,strong,medium,300,sparse,2
gamma_strong__noise_medium__T_300__density_sparse__seed_002,hybrid,6,0,0.642792840188177,0.6427928401881768,0.6455250826915117,0.705233491926147,0.20714303960960345,strong,medium,300,sparse,2
gamma_weak__noise_high__T_80__density_sparse__seed_002,pcmci_dag,6,0,0.9770401053545942,0.9770401053545942,0.9360905353226227,1.1451533815303159,-0.3038761313440442,weak,high,80,sparse,2
gamma_weak__noise_high__T_80__density_sparse__seed_002,oracle_hybrid,6,0,0.6365537758078811,0.6365537758078811,0.6188966185008917,0.8438474230606262,0.5832401477617126,weak,high,80,sparse,2
gamma_weak__noise_high__T_80__density_sparse__seed_002,hybrid,6,0,0.6021830677522363,0.6021830677522363,0.564478320795737,0.7723921317385143,0.564478320795737,weak,high,80,sparse,2
gamma_medium__noise_medium__T_300__density_dense__seed_004,pcmci_dag,6,0,1.1879015002445528,1.1879015002445528,1.2271752783118768,1.4992320807259862,-0.3136779885298624,medium,medium,300,dense,4
gamma_medium__noise_medium__T_300__density_dense__seed_004,oracle_hybrid,6,0,0.3619924754380977,0.3619924754380978,0.3909782388364416,0.4418592216670539,0.0026096946629670472,medium,medium,300,dense,4
gamma_medium__noise_medium__T_300__density_dense__seed_004,hybrid,6,0,0.4157498446978621,0.415749844697862,0.4061805362024013,0.4510786488640789,-0.009917049033687397,medium,medium,300,dense,4
gamma_weak__noise_low__T_156__density_medium__seed_003,pcmci_dag,6,0,1.4039797754861423,1.4039797754861423,1.5086188178783206,2.0857501459422654,-1.5086188178783206,weak,low,156,medium,3
gamma_weak__noise_low__T_156__density_medium__seed_003,oracle_hybrid,6,0,0.3221745557369812,0.3221745557369813,0.3217844249758747,0.42116767096611346,-0.13914413840162562,weak,low,156,medium,3
gamma_weak__noise_low__T_156__density_medium__seed_003,hybrid,6,0,0.31070093034628904,0.31070093034628904,0.39428206008616123,0.46503156959108055,-0.2277820836222003,weak,low,156,medium,3
gamma_weak__noise_low__T_80__density_medium__seed_004,pcmci_dag,6,0,0.6718110347873186,0.6718110347873186,0.6718110347873187,0.7937102295112495,-0.10555563187934791,weak,low,80,medium,4
gamma_weak__noise_low__T_80__density_medium__seed_004,oracle_hybrid,6,0,0.4966169774299704,0.4966169774299703,0.45578129445179955,0.5531071633149784,0.22049864021761975,weak,low,80,medium,4
gamma_weak__noise_low__T_80__density_medium__seed_004,hybrid,6,0,0.50592719567648,0.5059271956764801,0.5059271956764801,0.6084655172185965,0.2445800204075804,weak,low,80,medium,4
gamma_strong__noise_low__T_80__density_medium__seed_004,pcmci_dag,6,0,1.0374689899034426,1.0374689899034426,0.9928454863213186,1.3170861017943465,0.016012152987985456,strong,low,80,medium,4
gamma_strong__noise_low__T_80__density_medium__seed_004,oracle_hybrid,6,0,0.6193852436231158,0.6193852436231156,0.5085614312076355,0.5768516970098206,0.30012281615514386,strong,low,80,medium,4
gamma_strong__noise_low__T_80__density_medium__seed_004,hybrid,6,0,0.6609925277394221,0.6609925277394221,0.5330146774174902,0.5866864910841433,0.21626486381183221,strong,low,80,medium,4
gamma_weak__noise_high__T_80__density_dense__seed_001,pcmci_dag,6,0,0.5763646557696654,0.5763646557696654,0.5763646557696654,0.6646679991451162,-0.3887020108970012,weak,high,80,dense,1
gamma_weak__noise_high__T_80__density_dense__seed_001,oracle_hybrid,6,0,0.5224102038708757,0.5224102038708757,0.33593738027637743,0.428516725235607,0.20630828655656996,weak,high,80,dense,1
gamma_weak__noise_high__T_80__density_dense__seed_001,hybrid,6,0,0.46684968042638464,0.46684968042638464,0.35805624347892323,0.43014135664513775,0.22722951159347718,weak,high,80,dense,1
gamma_strong__noise_high__T_300__density_medium__seed_004,pcmci_dag,6,0,0.9676490491294114,0.9676490491294114,0.9246835104035435,1.0544304126519763,-0.551943269892116,strong,high,300,medium,4
gamma_strong__noise_high__T_300__density_medium__seed_004,oracle_hybrid,6,0,0.5585894619194836,0.5585894619194836,0.5767177829659244,0.6390189421203458,0.11115513188949187,strong,high,300,medium,4
gamma_strong__noise_high__T_300__density_medium__seed_004,hybrid,6,0,0.5485643462786467,0.5485643462786467,0.5702087669381706,0.6254907093419604,0.11785902056948522,strong,high,300,medium,4
gamma_medium__noise_medium__T_300__density_medium__seed_003,pcmci_dag,6,0,0.6339541829574823,0.6339541829574823,0.6724201301103924,0.7908304333449129,-0.4035847768344128,medium,medium,300,medium,3
gamma_medium__noise_medium__T_300__density_medium__seed_003,oracle_hybrid,6,0,0.3712488907018721,0.37124889070187206,0.41247145281390507,0.5188480167184382,-0.18202497642828017,medium,medium,300,medium,3
gamma_medium__noise_medium__T_300__density_medium__seed_003,hybrid,6,0,0.40519769367817976,0.40519769367817976,0.41148403538687406,0.510708144686986,-0.1687970507909183,medium,medium,300,medium,3
gamma_weak__noise_medium__T_80__density_medium__seed_001,pcmci_dag,6,0,0.5607528028665854,0.5607528028665854,0.5366212707420053,0.6454052915905455,-0.40441206259132806,weak,medium,80,medium,1
gamma_weak__noise_medium__T_80__density_medium__seed_001,oracle_hybrid,6,0,0.42583343521875977,0.42583343521875977,0.316994270760917,0.3858867621629265,0.1755531358192096,weak,medium,80,medium,1
gamma_weak__noise_medium__T_80__density_medium__seed_001,hybrid,6,0,0.4510568944367235,0.4510568944367235,0.33951788915263476,0.4052643250938719,0.16657090857674042,weak,medium,80,medium,1
gamma_medium__noise_high__T_156__density_dense__seed_004,pcmci_dag,6,0,0.9529166666666667,0.9529166666666667,0.9529166666666667,1.0657896751548435,-0.9529166666666667,medium,high,156,dense,4
gamma_medium__noise_high__T_156__density_dense__seed_004,oracle_hybrid,6,0,0.3338684274620573,0.3338684274620573,0.2085267663765854,0.2622597929013688,0.04538877902590874,medium,high,156,dense,4
gamma_medium__noise_high__T_156__density_dense__seed_004,hybrid,6,0,0.2931211894302835,0.2931211894302835,0.19024021857803522,0.26568067632897696,0.006083112022734853,medium,high,156,dense,4
gamma_medium__noise_medium__T_156__density_medium__seed_002,pcmci_dag,6,0,1.0397361888141188,1.0397361888141188,1.0769315108411657,1.3949465042122478,-1.0769315108411657,medium,medium,156,medium,2
gamma_medium__noise_medium__T_156__density_medium__seed_002,oracle_hybrid,6,0,0.3965173214254927,0.3965173214254927,0.44880041790676667,0.496601764802495,-0.09435179977716827,medium,medium,156,medium,2
gamma_medium__noise_medium__T_156__density_medium__seed_002,hybrid,6,0,0.413008395635768,0.413008395635768,0.43509536373186575,0.4910006663235468,-0.1257950789961043,medium,medium,156,medium,2
gamma_strong__noise_medium__T_300__density_dense__seed_005,pcmci_dag,6,0,0.8270540462293411,0.8270540462293411,0.7589827715759526,0.8643226364552424,-0.595037091602344,strong,medium,300,dense,5
gamma_strong__noise_medium__T_300__density_dense__seed_005,oracle_hybrid,6,0,0.41251707547372546,0.41251707547372535,0.3405862102525333,0.36192225275581635,0.10259622187656742,strong,medium,300,dense,5
gamma_strong__noise_medium__T_300__density_dense__seed_005,hybrid,6,0,0.47253500376501617,0.4725350037650163,0.27758289847692746,0.2951333691246873,0.06467226209108536,strong,medium,300,dense,5
gamma_weak__noise_medium__T_156__density_dense__seed_002,pcmci_dag,6,0,1.1083798243844474,1.1083798243844474,1.1257035427415112,1.484841757340957,-1.1257035427415112,weak,medium,156,dense,2
gamma_weak__noise_medium__T_156__density_dense__seed_002,oracle_hybrid,6,0,0.44627533568750083,0.44627533568750083,0.5039301630344816,0.5559046082646991,-0.14288196288142543,weak,medium,156,dense,2
gamma_weak__noise_medium__T_156__density_dense__seed_002,hybrid,6,0,0.3971158343941359,0.3971158343941359,0.4121974860824502,0.46200162727391547,-0.19548086286271224,weak,medium,156,dense,2
gamma_medium__noise_high__T_156__density_dense__seed_003,pcmci_dag,6,0,1.3993170583491787,1.3993170583491787,1.3776975144517019,1.7969725796190712,-1.014669152214965,medium,high,156,dense,3
gamma_medium__noise_high__T_156__density_dense__seed_003,oracle_hybrid,6,0,0.4638511948267587,0.4638511948267587,0.271656696861904,0.3525074561165693,-0.11818973226778977,medium,high,156,dense,3
gamma_medium__noise_high__T_156__density_dense__seed_003,hybrid,6,0,0.45766636724287174,0.45766636724287174,0.41914668911608105,0.4694884472028838,-0.013576261566500528,medium,high,156,dense,3
gamma_weak__noise_medium__T_156__density_sparse__seed_005,pcmci_dag,6,0,0.7012388492574648,0.7012388492574648,0.4364051190021631,0.624725946966003,-0.30685348289752407,weak,medium,156,sparse,5
gamma_weak__noise_medium__T_156__density_sparse__seed_005,oracle_hybrid,6,0,0.3995806301710177,0.3995806301710177,0.416704787259547,0.5463231756746268,-0.1292580927806269,weak,medium,156,sparse,5
gamma_weak__noise_medium__T_156__density_sparse__seed_005,hybrid,6,0,0.6810295611911906,0.6810295611911906,0.43350297292532763,0.5458050473143592,-0.11853552379590897,weak,medium,156,sparse,5
gamma_strong__noise_low__T_300__density_dense__seed_003,pcmci_dag,6,0,0.9921177894220387,0.9921177894220387,0.8792913343238963,1.0364534799901957,-0.0885436050794783,strong,low,300,dense,3
gamma_strong__noise_low__T_300__density_dense__seed_003,oracle_hybrid,6,0,0.4567647496649312,0.45676474966493136,0.3724035242884905,0.4611864346873428,-0.042434714847212174,strong,low,300,dense,3
gamma_strong__noise_low__T_300__density_dense__seed_003,hybrid,6,0,0.44376447824961884,0.44376447824961884,0.38077256775154694,0.46120274187073307,-0.04394048064385062,strong,low,300,dense,3
gamma_weak__noise_high__T_156__density_medium__seed_001,pcmci_dag,6,0,1.5048352069781654,1.5048352069781654,1.4972452099883384,2.109410450090788,-0.023688123344995038,weak,high,156,medium,1
gamma_weak__noise_high__T_156__density_medium__seed_001,oracle_hybrid,6,0,0.6109467103780097,0.6109467103780097,0.5922926275394162,0.6485932542456647,0.4003725254129769,weak,high,156,medium,1
gamma_weak__noise_high__T_156__density_medium__seed_001,hybrid,6,0,1.121632982904752,1.121632982904752,0.7171772021767738,0.7711021539840297,0.5434930784179721,weak,high,156,medium,1
gamma_weak__noise_medium__T_80__density_sparse__seed_004,pcmci_dag,6,0,0.889690656491292,0.889690656491292,0.889690656491292,1.0771565350179846,-0.33294267684204126,weak,medium,80,sparse,4
gamma_weak__noise_medium__T_80__density_sparse__seed_004,oracle_hybrid,6,0,0.6425089941105,0.6425089941105,0.6384855597982025,0.7590692394831892,0.33231715331340445,weak,medium,80,sparse,4
gamma_weak__noise_medium__T_80__density_sparse__seed_004,hybrid,6,0,0.6026889670959154,0.6026889670959154,0.6026889670959155,0.7063890503197578,0.2619680818968148,weak,medium,80,sparse,4
gamma_medium__noise_low__T_156__density_medium__seed_002,pcmci_dag,6,0,1.042488592618887,1.042488592618887,1.080795110688914,1.3956929630336121,-1.080795110688914,medium,low,156,medium,2
gamma_medium__noise_low__T_156__density_medium__seed_002,oracle_hybrid,6,0,0.4537061554711069,0.4537061554711069,0.5086920678180885,0.612513531560691,-0.04972378187768445,medium,low,156,medium,2
gamma_medium__noise_low__T_156__density_medium__seed_002,hybrid,6,0,0.507952056097113,0.507952056097113,0.5290083247096394,0.6274848721902264,-0.08727848297411896,medium,low,156,medium,2
gamma_medium__noise_high__T_156__density_dense__seed_002,pcmci_dag,6,0,1.103245074682482,1.103245074682482,1.1209658956577544,1.3972751116199063,-1.1209658956577544,medium,high,156,dense,2
gamma_medium__noise_high__T_156__density_dense__seed_002,oracle_hybrid,6,0,0.31313982103551147,0.31313982103551147,0.37768204122699084,0.47940405414573783,-0.17140382285231293,medium,high,156,dense,2
gamma_medium__noise_high__T_156__density_dense__seed_002,hybrid,6,0,0.33732908096569264,0.3373290809656926,0.38805338177753823,0.49521081956002844,-0.19945606199251534,medium,high,156,dense,2
gamma_weak__noise_low__T_156__density_medium__seed_001,pcmci_dag,6,0,0.5837475761434895,0.5837475761434895,0.3676338481275257,0.5489986240001583,-0.11561642479063439,weak,low,156,medium,1
gamma_weak__noise_low__T_156__density_medium__seed_001,oracle_hybrid,6,0,0.3597894990923309,0.35978949909233077,0.3525693329463028,0.3987931371035707,0.15766870106420358,weak,low,156,medium,1
gamma_weak__noise_low__T_156__density_medium__seed_001,hybrid,6,0,0.7678026012948532,0.7678026012948534,0.46351674652105074,0.501545805043394,0.22458082483911582,weak,low,156,medium,1
gamma_medium__noise_high__T_156__density_medium__seed_002,pcmci_dag,6,0,1.0352701286632924,1.0352701286632924,1.0713742246319666,1.3939847962038239,-1.0713742246319666,medium,high,156,medium,2
gamma_medium__noise_high__T_156__density_medium__seed_002,oracle_hybrid,6,0,0.40314350467395865,0.40314350467395865,0.44531788169042114,0.519402552774548,-0.11667642929085187,medium,high,156,medium,2
gamma_medium__noise_high__T_156__density_medium__seed_002,hybrid,6,0,0.43045489439724455,0.43045489439724455,0.44998599800708367,0.534952609470612,-0.12956035265012902,medium,high,156,medium,2
gamma_medium__noise_medium__T_300__density_medium__seed_001,pcmci_dag,6,0,0.5600966205376183,0.5600966205376183,0.5476496396108288,0.6935389774997345,-0.0984172338232271,medium,medium,300,medium,1
gamma_medium__noise_medium__T_300__density_medium__seed_001,oracle_hybrid,6,0,0.4242106946425484,0.4242106946425484,0.41604878253635486,0.4831784454586457,-0.014041567293445412,medium,medium,300,medium,1
gamma_medium__noise_medium__T_300__density_medium__seed_001,hybrid,6,0,0.41175368037044374,0.41175368037044374,0.4015045337256584,0.4647363325920145,0.0009398359590086872,medium,medium,300,medium,1
gamma_medium__noise_high__T_80__density_dense__seed_001,pcmci_dag,6,0,0.5939138936138648,0.5939138936138648,0.5651048333288845,0.6280442732026826,-0.4097285000044488,medium,high,80,dense,1
gamma_medium__noise_high__T_80__density_dense__seed_001,oracle_hybrid,6,0,0.5376661762038867,0.5376661762038867,0.29483766463149585,0.3530447888689035,0.1721390324702894,medium,high,80,dense,1
gamma_medium__noise_high__T_80__density_dense__seed_001,hybrid,6,0,0.4489313731737794,0.4489313731737794,0.29556986454296363,0.3402491385274558,0.1772823870871838,medium,high,80,dense,1
gamma_medium__noise_high__T_156__density_sparse__seed_003,pcmci_dag,6,0,1.3795868173304981,1.3795868173304981,1.4630326676980623,1.9854265059965204,-1.4630326676980623,medium,high,156,sparse,3
gamma_medium__noise_high__T_156__density_sparse__seed_003,oracle_hybrid,6,0,0.42128576539182233,0.42128576539182233,0.36898662964852863,0.5120861683897573,-0.0750340851866535,medium,high,156,sparse,3
gamma_medium__noise_high__T_156__density_sparse__seed_003,hybrid,6,0,0.3662556915470394,0.3662556915470394,0.4404895206897173,0.5747666259201084,-0.09110545801171527,medium,high,156,sparse,3
gamma_strong__noise_medium__T_80__density_dense__seed_004,pcmci_dag,6,0,1.246923817208318,1.246923817208318,1.0454328819884566,1.3339525451517762,0.3066662304369652,strong,medium,80,dense,4
gamma_strong__noise_medium__T_80__density_dense__seed_004,oracle_hybrid,6,0,0.7614709015529014,0.7614709015529014,0.5313360749589742,0.6181519453181203,0.3540708736296814,strong,medium,80,dense,4
gamma_strong__noise_medium__T_80__density_dense__seed_004,hybrid,6,0,0.784870148651429,0.784870148651429,0.5438435333231183,0.6068707758597567,0.3248580334580479,strong,medium,80,dense,4
gamma_medium__noise_medium__T_80__density_dense__seed_005,pcmci_dag,6,0,0.9070666666666666,0.9070666666666666,0.9070666666666666,1.0253361286264453,-0.9070666666666666,medium,medium,80,dense,5
gamma_medium__noise_medium__T_80__density_dense__seed_005,oracle_hybrid,6,0,0.7252955459824685,0.7252955459824685,0.6241653608742056,0.7342901495358024,0.10579892976623136,medium,medium,80,dense,5
gamma_medium__noise_medium__T_80__density_dense__seed_005,hybrid,6,0,0.7158328628515952,0.7158328628515952,0.6888650381651199,0.8243811494947801,0.05753876304400943,medium,medium,80,dense,5
gamma_weak__noise_high__T_300__density_sparse__seed_002,pcmci_dag,6,0,1.3612584175688534,1.3612584175688534,1.3612584175688534,1.7587595663046511,-0.1863197167011796,weak,high,300,sparse,2
gamma_weak__noise_high__T_300__density_sparse__seed_002,oracle_hybrid,6,0,0.9177048002238233,0.9177048002238233,0.9161297986204558,1.0639377853379723,0.27887867913663933,weak,high,300,sparse,2
gamma_weak__noise_high__T_300__density_sparse__seed_002,hybrid,6,0,0.882839871048827,0.8828398710488271,0.8922179066197949,1.071736975728017,0.2715550543282193,weak,high,300,sparse,2
gamma_weak__noise_high__T_300__density_medium__seed_004,pcmci_dag,6,0,0.9135030312617741,0.9135030312617741,0.9135030312617739,1.163324740434225,-0.837163635404893,weak,high,300,medium,4
gamma_weak__noise_high__T_300__density_medium__seed_004,oracle_hybrid,6,0,0.5246462621199539,0.5246462621199539,0.5412117779890265,0.6324506808773461,-0.08182732155916257,weak,high,300,medium,4
gamma_weak__noise_high__T_300__density_medium__seed_004,hybrid,6,0,0.5361945892351591,0.5361945892351593,0.530448744076525,0.6395747681275915,-0.07879611883452775,weak,high,300,medium,4
gamma_medium__noise_low__T_156__density_sparse__seed_002,pcmci_dag,6,0,1.0504457163092094,1.0504457163092094,1.0928878115936218,1.4474771601636203,-1.0928878115936218,medium,low,156,sparse,2
gamma_medium__noise_low__T_156__density_sparse__seed_002,oracle_hybrid,6,0,0.4448522126019905,0.4448522126019905,0.4711031472220614,0.5242444756217318,-0.058848906230303734,medium,low,156,sparse,2
gamma_medium__noise_low__T_156__density_sparse__seed_002,hybrid,6,0,0.4600293613729706,0.4600293613729706,0.4831636771094614,0.5439405720695387,-0.0561105127168818,medium,low,156,sparse,2
gamma_strong__noise_high__T_300__density_dense__seed_004,pcmci_dag,6,0,0.9429374711861552,0.9429374711861552,0.8657341003580733,0.9740529666729009,-0.7443658996419268,strong,high,300,dense,4
gamma_strong__noise_high__T_300__density_dense__seed_004,oracle_hybrid,6,0,0.625653581028674,0.6256535810286742,0.58742500409288,0.6269701304208537,0.16579469507323763,strong,high,300,dense,4
gamma_strong__noise_high__T_300__density_dense__seed_004,hybrid,6,0,0.667491612146744,0.667491612146744,0.5972378580614538,0.638896670778336,0.19257866266566548,strong,high,300,dense,4
gamma_medium__noise_medium__T_300__density_medium__seed_005,pcmci_dag,6,0,0.5341063756485177,0.5341063756485177,0.5156832363470012,0.6323323976842044,-0.08629891693890594,medium,medium,300,medium,5
gamma_medium__noise_medium__T_300__density_medium__seed_005,oracle_hybrid,6,0,0.3178970246291621,0.3178970246291621,0.30555636459023866,0.4001881396037319,0.001794137257879654,medium,medium,300,medium,5
gamma_medium__noise_medium__T_300__density_medium__seed_005,hybrid,6,0,0.568601818550996,0.568601818550996,0.355662433022841,0.4517417729190275,0.055717552360364665,medium,medium,300,medium,5
gamma_weak__noise_high__T_300__density_medium__seed_005,pcmci_dag,6,0,1.0351841656533323,1.0351841656533323,0.9740688271586837,1.1012527440696156,-0.49260439839517733,weak,high,300,medium,5
gamma_weak__noise_high__T_300__density_medium__seed_005,oracle_hybrid,6,0,0.5820245703894654,0.5820245703894653,0.5748867265864991,0.6763634642798723,-0.04851207305270585,weak,high,300,medium,5
gamma_weak__noise_high__T_300__density_medium__seed_005,hybrid,6,0,0.7316911555763616,0.7316911555763616,0.5506912038592479,0.64183933463151,-0.02459866269095144,weak,high,300,medium,5
gamma_medium__noise_medium__T_156__density_medium__seed_001,pcmci_dag,6,0,0.9037776576160299,0.9037776576160299,0.8314263717472561,0.9939625812871684,-0.0647069615860772,medium,medium,156,medium,1
gamma_medium__noise_medium__T_156__density_medium__seed_001,oracle_hybrid,6,0,0.4554746938801097,0.4554746938801096,0.41915006440196206,0.4596153719073069,0.25085238484317535,medium,medium,156,medium,1
gamma_medium__noise_medium__T_156__density_medium__seed_001,hybrid,6,0,0.770282256821529,0.7702822568215288,0.4896762785554905,0.5330180698247416,0.2809934015591593,medium,medium,156,medium,1
gamma_weak__noise_medium__T_300__density_dense__seed_004,pcmci_dag,6,0,1.2028435762894405,1.2028435762894405,1.2028435762894407,1.4902724549566333,-0.3531764413033749,weak,medium,300,dense,4
gamma_weak__noise_medium__T_300__density_dense__seed_004,oracle_hybrid,6,0,0.34074788280148577,0.3407478828014858,0.36605031176964414,0.47190424445509155,-0.10314716322455475,weak,medium,300,dense,4
gamma_weak__noise_medium__T_300__density_dense__seed_004,hybrid,6,0,0.3775099725540098,0.3775099725540098,0.40123569097414613,0.4814285687186133,-0.18841733183756404,weak,medium,300,dense,4
gamma_medium__noise_low__T_156__density_dense__seed_002,pcmci_dag,6,0,1.0860891229245448,1.0860891229245448,1.1343707386237616,1.4005341756737146,-1.1343707386237616,medium,low,156,dense,2
gamma_medium__noise_low__T_156__density_dense__seed_002,oracle_hybrid,6,0,0.42126957546032706,0.42126957546032706,0.4945385158641198,0.5428570886914693,-0.08018785395406387,medium,low,156,dense,2
gamma_medium__noise_low__T_156__density_dense__seed_002,hybrid,6,0,0.4058536694044279,0.4058536694044279,0.45995407463069893,0.548947499595942,-0.16272367623811843,medium,low,156,dense,2
gamma_weak__noise_medium__T_300__density_dense__seed_001,pcmci_dag,6,0,0.6480356592405371,0.6480356592405371,0.5616810588351354,0.6764874918129175,-0.3522443776068891,weak,medium,300,dense,1
gamma_weak__noise_medium__T_300__density_dense__seed_001,oracle_hybrid,6,0,0.3482148636428077,0.3482148636428077,0.3574776485548436,0.40893400680829955,-0.0889419130957817,weak,medium,300,dense,1
gamma_weak__noise_medium__T_300__density_dense__seed_001,hybrid,6,0,0.3016473464202852,0.3016473464202851,0.32788667469683724,0.40674848458412366,-0.1808208071336946,weak,medium,300,dense,1
gamma_medium__noise_medium__T_300__density_dense__seed_002,pcmci_dag,6,0,1.6366331168426285,1.6366331168426285,1.5760517641065706,2.097463711621967,0.1977326098930994,medium,medium,300,dense,2
gamma_medium__noise_medium__T_300__density_dense__seed_002,oracle_hybrid,6,0,0.6532947430340078,0.6532947430340078,0.6470975609958699,0.7592337946205033,0.22710157164943356,medium,medium,300,dense,2
gamma_medium__noise_medium__T_300__density_dense__seed_002,hybrid,6,0,0.7122253056805783,0.7122253056805783,0.6949720453998479,0.8104360370523321,0.23608137264414308,medium,medium,300,dense,2
gamma_weak__noise_low__T_80__density_dense__seed_004,pcmci_dag,6,0,0.7008026506156172,0.7008026506156172,0.7008026506156172,0.8111172500974371,-0.10666401605104951,weak,low,80,dense,4
gamma_weak__noise_low__T_80__density_dense__seed_004,oracle_hybrid,6,0,0.5133418600355374,0.5133418600355374,0.4653044319912761,0.5429209291733663,0.2043645845486229,weak,low,80,dense,4
gamma_weak__noise_low__T_80__density_dense__seed_004,hybrid,6,0,0.5016452997620564,0.5016452997620564,0.5016452997620565,0.5908930202500463,0.23163388263098894,weak,low,80,dense,4
gamma_strong__noise_low__T_156__density_sparse__seed_005,pcmci_dag,6,0,0.32959590319000537,0.3295959031900054,0.3774437686783943,0.5594346458587779,-0.1961290428393535,strong,low,156,sparse,5
gamma_strong__noise_low__T_156__density_sparse__seed_005,oracle_hybrid,6,0,0.3098090432914165,0.3098090432914165,0.32940887392216756,0.42911852622736135,-0.10224554994612482,strong,low,156,sparse,5
gamma_strong__noise_low__T_156__density_sparse__seed_005,hybrid,6,0,0.32075222270622383,0.32075222270622383,0.3251469916868584,0.4199409218660273,-0.08491151383844063,strong,low,156,sparse,5
gamma_medium__noise_high__T_156__density_medium__seed_003,pcmci_dag,6,0,1.413238427180153,1.413238427180153,1.413238427180153,1.9269634357924919,-1.1863949061531798,medium,high,156,medium,3
gamma_medium__noise_high__T_156__density_medium__seed_003,oracle_hybrid,6,0,0.36556392290776113,0.3655639229077612,0.3111196373327852,0.3921714341890522,-0.12919456302173757,medium,high,156,medium,3
gamma_medium__noise_high__T_156__density_medium__seed_003,hybrid,6,0,0.3902297992180063,0.3902297992180063,0.3902297992180066,0.4638762655197841,-0.030126599752796506,medium,high,156,medium,3
gamma_weak__noise_medium__T_156__density_dense__seed_005,pcmci_dag,6,0,0.8027442724477835,0.8027442724477835,0.47717262875531913,0.6385240560469939,-0.24031351654531682,weak,medium,156,dense,5
gamma_weak__noise_medium__T_156__density_dense__seed_005,oracle_hybrid,6,0,0.40837906225991816,0.40837906225991816,0.4078764378672819,0.5262252081117956,-0.1306825630339404,weak,medium,156,dense,5
gamma_weak__noise_medium__T_156__density_dense__seed_005,hybrid,6,0,0.7183941042683584,0.7183941042683584,0.4295602085613021,0.5226973720467487,-0.11086598274618835,weak,medium,156,dense,5
gamma_medium__noise_low__T_300__density_sparse__seed_003,pcmci_dag,6,0,0.7047586615165571,0.7047586615165571,0.5755334653877274,0.7362533284802931,-0.48831668307061715,medium,low,300,sparse,3
gamma_medium__noise_low__T_300__density_sparse__seed_003,oracle_hybrid,6,0,0.36073649178499917,0.36073649178499917,0.40939967271789507,0.5085692777942682,-0.19020228066901776,medium,low,300,sparse,3
gamma_medium__noise_low__T_300__density_sparse__seed_003,hybrid,6,0,0.48021821444820095,0.48021821444820095,0.3631364771258869,0.4913398005634368,-0.21310702066265952,medium,low,300,sparse,3
gamma_medium__noise_medium__T_80__density_dense__seed_002,pcmci_dag,6,0,0.9835057147548728,0.9835057147548728,0.9291341886947259,1.0764375730808262,-0.3207991446386075,medium,medium,80,dense,2
gamma_medium__noise_medium__T_80__density_dense__seed_002,oracle_hybrid,6,0,0.5854177554035713,0.5854177554035713,0.3834505366600281,0.5159513458328037,0.3575041566714548,medium,medium,80,dense,2
gamma_medium__noise_medium__T_80__density_dense__seed_002,hybrid,6,0,0.5685311580970486,0.5685311580970486,0.403763814363659,0.5751486987726296,0.38422430267030006,medium,medium,80,dense,2
gamma_medium__noise_medium__T_80__density_sparse__seed_001,pcmci_dag,6,0,0.5617537376325311,0.5617537376325311,0.5286157318140865,0.631362250853888,-0.39968426818591346,medium,medium,80,sparse,1
gamma_medium__noise_medium__T_80__density_sparse__seed_001,oracle_hybrid,6,0,0.4398334464695181,0.4398334464695181,0.39655010819028536,0.4969887829916512,0.22177565939857039,medium,medium,80,sparse,1
gamma_medium__noise_medium__T_80__density_sparse__seed_001,hybrid,6,0,0.48376266107854216,0.48376266107854216,0.3567892906022745,0.4237124805227382,0.20072592444332585,medium,medium,80,sparse,1
gamma_strong__noise_low__T_80__density_sparse__seed_003,pcmci_dag,6,0,1.5121684062746823,1.5121684062746825,1.6536575250778294,2.2707855165594695,0.3802060868966633,strong,low,80,sparse,3
gamma_strong__noise_low__T_80__density_sparse__seed_003,oracle_hybrid,6,0,1.0547486466413345,1.0547486466413345,1.0431076358506195,1.2152395211581604,0.4570923576550005,strong,low,80,sparse,3
gamma_strong__noise_low__T_80__density_sparse__seed_003,hybrid,6,0,0.9275228613063667,0.9275228613063669,1.0576188471593053,1.217243303182404,0.469832264082813,strong,low,80,sparse,3
gamma_strong__noise_high__T_156__density_medium__seed_005,pcmci_dag,6,0,0.7906808867867029,0.7906808867867029,0.7794592596456482,0.98414454395309,-0.057572047315490406,strong,high,156,medium,5
gamma_strong__noise_high__T_156__density_medium__seed_005,oracle_hybrid,6,0,0.48258022383014637,0.48258022383014637,0.4281748516091512,0.49603033732286317,0.014055282463463529,strong,high,156,medium,5
gamma_strong__noise_high__T_156__density_medium__seed_005,hybrid,6,0,0.4682951976469863,0.46829519764698624,0.4101713921608123,0.47762244638113405,-0.0037324210652338228,strong,high,156,medium,5
gamma_weak__noise_medium__T_80__density_medium__seed_004,pcmci_dag,6,0,0.9237540312576025,0.9237540312576025,0.9237540312576025,1.1283978234348315,-0.29437930207573076,weak,medium,80,medium,4
gamma_weak__noise_medium__T_80__density_medium__seed_004,oracle_hybrid,6,0,0.6472257226744647,0.6472257226744647,0.5947425001508293,0.6827709606737808,0.2520440946303098,weak,medium,80,medium,4
gamma_weak__noise_medium__T_80__density_medium__seed_004,hybrid,6,0,0.6211534148155033,0.6211534148155035,0.6211534148155036,0.7202349503313877,0.26193310205254366,weak,medium,80,medium,4
gamma_medium__noise_high__T_300__density_sparse__seed_003,pcmci_dag,6,0,0.6924161523274218,0.6924161523274218,0.5884675342672953,0.7898725466089387,-0.5884675342672953,medium,high,300,sparse,3
gamma_medium__noise_high__T_300__density_sparse__seed_003,oracle_hybrid,6,0,0.4853258773269717,0.4853258773269717,0.5348055083009248,0.69614061031325,-0.24550480122947663,medium,high,300,sparse,3
gamma_medium__noise_high__T_300__density_sparse__seed_003,hybrid,6,0,0.5232430379556184,0.5232430379556184,0.5183681737652811,0.6699550425331695,-0.24393895305631352,medium,high,300,sparse,3
gamma_weak__noise_medium__T_80__density_medium__seed_003,pcmci_dag,6,0,1.3583833333333333,1.3583833333333333,1.3583833333333333,1.7053790170125425,-1.3583833333333333,weak,medium,80,medium,3
gamma_weak__noise_medium__T_80__density_medium__seed_003,oracle_hybrid,6,0,0.86346521772959,0.86346521772959,0.8570641528420867,0.9167489543921356,0.36730283484685716,weak,medium,80,medium,3
gamma_weak__noise_medium__T_80__density_medium__seed_003,hybrid,6,0,1.1186524170128682,1.1186524170128682,0.8549347397075899,0.9022133895140049,0.19273100826084685,weak,medium,80,medium,3
gamma_medium__noise_medium__T_80__density_sparse__seed_003,pcmci_dag,6,0,1.9922252951263468,1.9922252951263468,2.0959155392094417,3.1189008417552477,0.5445490767417628,medium,medium,80,sparse,3
gamma_medium__noise_medium__T_80__density_sparse__seed_003,oracle_hybrid,6,0,1.0054357813035881,1.0054357813035881,1.0076447274991462,1.100370519922745,0.4501432347434408,medium,medium,80,sparse,3
gamma_medium__noise_medium__T_80__density_sparse__seed_003,hybrid,6,0,0.9728959472395143,0.9728959472395143,1.0602033450582729,1.1513449692195334,0.47186656256443743,medium,medium,80,sparse,3
gamma_medium__noise_low__T_80__density_medium__seed_005,pcmci_dag,6,0,0.9051833333333333,0.9051833333333333,0.9051833333333333,1.0570204247474755,-0.9051833333333333,medium,low,80,medium,5
gamma_medium__noise_low__T_80__density_medium__seed_005,oracle_hybrid,6,0,0.709892094827142,0.709892094827142,0.6301573441716103,0.7544906436031749,0.017191653392166235,medium,low,80,medium,5
gamma_medium__noise_low__T_80__density_medium__seed_005,hybrid,6,0,0.7342992572961319,0.7342992572961319,0.6486104301274592,0.7852480758290915,0.034707352296865966,medium,low,80,medium,5
gamma_weak__noise_high__T_80__density_sparse__seed_003,pcmci_dag,6,0,1.3710333333333333,1.3710333333333333,1.3710333333333333,1.7290230420673982,-1.3710333333333333,weak,high,80,sparse,3
gamma_weak__noise_high__T_80__density_sparse__seed_003,oracle_hybrid,6,0,1.02977016887519,1.0297701688751901,1.032884513621191,1.123637358709075,0.5088072026916975,weak,high,80,sparse,3
gamma_weak__noise_high__T_80__density_sparse__seed_003,hybrid,6,0,1.3642929270649329,1.3642929270649329,1.0029704903009065,1.072947622194755,0.41508754803027365,weak,high,80,sparse,3
gamma_strong__noise_high__T_156__density_dense__seed_002,pcmci_dag,6,0,1.0891974722586248,1.0891974722586248,1.0408158792267657,1.2611862285352986,-1.0408158792267657,strong,high,156,dense,2
gamma_strong__noise_high__T_156__density_dense__seed_002,oracle_hybrid,6,0,0.4595228049608719,0.4595228049608718,0.42713582311519266,0.4675576544716854,-0.056686466497852826,strong,high,156,dense,2
gamma_strong__noise_high__T_156__density_dense__seed_002,hybrid,6,0,0.449884053985824,0.449884053985824,0.4232819119937316,0.471225319797367,-0.06068109777643519,strong,high,156,dense,2
gamma_strong__noise_low__T_300__density_sparse__seed_001,pcmci_dag,6,0,0.5082544098563392,0.5082544098563393,0.47900354818965196,0.7028548642239646,0.05533622673458455,strong,low,300,sparse,1
gamma_strong__noise_low__T_300__density_sparse__seed_001,oracle_hybrid,6,0,0.50868375359641,0.50868375359641,0.45253483436664177,0.5244776393044233,0.015028403529528908,strong,low,300,sparse,1
gamma_strong__noise_low__T_300__density_sparse__seed_001,hybrid,6,0,0.48900489183106205,0.48900489183106205,0.433075954836082,0.4924397297415534,0.026085651958226912,strong,low,300,sparse,1
gamma_medium__noise_low__T_156__density_sparse__seed_005,pcmci_dag,6,0,0.68390105898941,0.68390105898941,0.3664398759555982,0.5774195933573869,-0.23012165810937404,medium,low,156,sparse,5
gamma_medium__noise_low__T_156__density_sparse__seed_005,oracle_hybrid,6,0,0.34828630457678283,0.3482863045767828,0.38657031372174666,0.46277883434113715,-0.16090206510308347,medium,low,156,sparse,5
gamma_medium__noise_low__T_156__density_sparse__seed_005,hybrid,6,0,0.6510506076514886,0.6510506076514887,0.35346033485956246,0.437546402570229,-0.07983477922571497,medium,low,156,sparse,5
gamma_strong__noise_high__T_156__density_sparse__seed_004,pcmci_dag,6,0,0.9339666666666666,0.9339666666666666,0.9339666666666666,1.0850879595682554,-0.9339666666666666,strong,high,156,sparse,4
gamma_strong__noise_high__T_156__density_sparse__seed_004,oracle_hybrid,6,0,0.3185232943448985,0.3185232943448985,0.23106920609282788,0.2817863596605248,0.0117229682273259,strong,high,156,sparse,4
gamma_strong__noise_high__T_156__density_sparse__seed_004,hybrid,6,0,0.34241402507600144,0.34241402507600144,0.24950826540045878,0.29040578478790646,0.04723970993656689,strong,high,156,sparse,4
gamma_strong__noise_high__T_80__density_dense__seed_003,pcmci_dag,6,0,1.1113333333333335,1.1113333333333335,1.1113333333333335,1.2723885072309218,-1.1113333333333335,strong,high,80,dense,3
gamma_strong__noise_high__T_80__density_dense__seed_003,oracle_hybrid,6,0,0.9562095865502592,0.9562095865502593,0.7180162539352787,0.9961345649806607,0.4658375166847799,strong,high,80,dense,3
gamma_strong__noise_high__T_80__density_dense__seed_003,hybrid,6,0,0.8861449510370898,0.8861449510370898,0.7523924012400083,0.9861514770168146,0.5144923517629628,strong,high,80,dense,3
gamma_strong__noise_low__T_80__density_medium__seed_003,pcmci_dag,6,0,1.1880666666666666,1.1880666666666666,1.1880666666666666,1.4182002761716461,-1.1880666666666666,strong,low,80,medium,3
gamma_strong__noise_low__T_80__density_medium__seed_003,oracle_hybrid,6,0,0.8138814131048836,0.8138814131048836,0.7237526542802245,0.8662753903777624,0.4160976818615403,strong,low,80,medium,3
gamma_strong__noise_low__T_80__density_medium__seed_003,hybrid,6,0,0.819316821895239,0.8193168218952392,0.7682715675004183,0.8872039141466497,0.38234723313950375,strong,low,80,medium,3
gamma_medium__noise_low__T_300__density_medium__seed_002,pcmci_dag,6,0,1.6634515818696916,1.6634515818696916,1.6568925453408083,2.4001317142591225,0.20206768287590016,medium,low,300,medium,2
gamma_medium__noise_low__T_300__density_medium__seed_002,oracle_hybrid,6,0,0.7162017195397804,0.7162017195397804,0.7270820757083256,1.01936239877096,0.32172094698805365,medium,low,300,medium,2
gamma_medium__noise_low__T_300__density_medium__seed_002,hybrid,6,0,0.7456150761592162,0.7456150761592163,0.7516595889045341,1.0309799995366298,0.29964923516356584,medium,low,300,medium,2
gamma_weak__noise_high__T_300__density_medium__seed_002,pcmci_dag,6,0,0.9798749034355949,0.9798749034355949,0.9798749034355949,1.166125690386186,-0.9798749034355949,weak,high,300,medium,2
gamma_weak__noise_high__T_300__density_medium__seed_002,oracle_hybrid,6,0,0.9406859791539078,0.9406859791539078,0.9408505920023683,1.1795110047143817,0.35592186890236505,weak,high,300,medium,2
gamma_weak__noise_high__T_300__density_medium__seed_002,hybrid,6,0,0.8608029706533874,0.8608029706533875,0.879800761539273,1.1131886787530292,0.30157983569559066,weak,high,300,medium,2
gamma_strong__noise_high__T_300__density_sparse__seed_005,pcmci_dag,6,0,0.5125800559617707,0.5125800559617707,0.5318744128755131,0.6707355632972823,-0.14038838535640297,strong,high,300,sparse,5
gamma_strong__noise_high__T_300__density_sparse__seed_005,oracle_hybrid,6,0,0.46163233772633144,0.46163233772633144,0.43953637991644284,0.5145261422299634,-0.023070493323612922,strong,high,300,sparse,5
gamma_strong__noise_high__T_300__density_sparse__seed_005,hybrid,6,0,0.6066329005359927,0.6066329005359927,0.5355321546370329,0.6102655128034583,0.08533687470576722,strong,high,300,sparse,5
gamma_strong__noise_medium__T_156__density_sparse__seed_001,pcmci_dag,6,0,0.6840248821852724,0.6840248821852724,0.5763302030556475,0.760447444101882,-0.1710547562234009,strong,medium,156,sparse,1
gamma_strong__noise_medium__T_156__density_sparse__seed_001,oracle_hybrid,6,0,0.40821447878431655,0.40821447878431655,0.4014995393116348,0.45585581016612386,0.2476293317199513,strong,medium,156,sparse,1
gamma_strong__noise_medium__T_156__density_sparse__seed_001,hybrid,6,0,0.8349818484831562,0.834981848483156,0.524211044304527,0.5568975692256438,0.3570495020284401,strong,medium,156,sparse,1
gamma_medium__noise_low__T_156__density_dense__seed_003,pcmci_dag,6,0,1.5399516477382071,1.5399516477382071,1.5126333314725053,1.8797959262129962,-0.8797333351941615,medium,low,156,dense,3
gamma_medium__noise_low__T_156__density_dense__seed_003,oracle_hybrid,6,0,0.3648909787209209,0.36489097872092086,0.2845148280890823,0.3630639581345846,-0.08077528712293348,medium,low,156,dense,3
gamma_medium__noise_low__T_156__density_dense__seed_003,hybrid,6,0,0.32141696935826586,0.32141696935826586,0.2896294985231258,0.37173963007814553,-0.0418822811923119,medium,low,156,dense,3
gamma_weak__noise_low__T_80__density_sparse__seed_003,pcmci_dag,6,0,1.3710333333333333,1.3710333333333333,1.3710333333333333,1.7290230420673982,-1.3710333333333333,weak,low,80,sparse,3
gamma_weak__noise_low__T_80__density_sparse__seed_003,oracle_hybrid,6,0,0.8568048255104631,0.8568048255104631,0.8650947500548692,0.9304472852159739,0.22148956019116428,weak,low,80,sparse,3
gamma_weak__noise_low__T_80__density_sparse__seed_003,hybrid,6,0,0.9683815927385861,0.9683815927385861,0.8305491851807689,0.8759192508273393,0.040704508081565484,weak,low,80,sparse,3
gamma_strong__noise_medium__T_300__density_medium__seed_001,pcmci_dag,6,0,1.416878041784888,1.416878041784888,1.3904378378421363,2.1645735766364513,0.6103162627499992,strong,medium,300,medium,1
gamma_strong__noise_medium__T_300__density_medium__seed_001,oracle_hybrid,6,0,0.5139485736985258,0.5139485736985259,0.44707708432027166,0.547065698026543,0.0754677523893985,strong,medium,300,medium,1
gamma_strong__noise_medium__T_300__density_medium__seed_001,hybrid,6,0,0.5133538131895596,0.5133538131895596,0.4412337847915601,0.5606604333417652,0.09929940665228443,strong,medium,300,medium,1
gamma_medium__noise_high__T_80__density_medium__seed_001,pcmci_dag,6,0,0.5064089962410262,0.5064089962410262,0.4808822008874997,0.5664921086461031,-0.34406318845203393,medium,high,80,medium,1
gamma_medium__noise_high__T_80__density_medium__seed_001,oracle_hybrid,6,0,0.5010968855083529,0.501096885508353,0.33673486694299,0.4120024757065349,0.20726971531564017,medium,high,80,medium,1
gamma_medium__noise_high__T_80__density_medium__seed_001,hybrid,6,0,0.4695726809906963,0.4695726809906963,0.3068114871136754,0.4022842104672652,0.17867526097682207,medium,high,80,medium,1
gamma_strong__noise_medium__T_80__density_medium__seed_002,pcmci_dag,6,0,0.7543666666666667,0.7543666666666667,0.7543666666666667,0.8432330697974315,-0.7543666666666667,strong,medium,80,medium,2
gamma_strong__noise_medium__T_80__density_medium__seed_002,oracle_hybrid,6,0,0.6852632335143732,0.6852632335143732,0.4376211701468578,0.5558738734821659,0.4376211701468578,strong,medium,80,medium,2
gamma_strong__noise_medium__T_80__density_medium__seed_002,hybrid,6,0,0.7052219586649328,0.7052219586649326,0.4366125111803522,0.5846298291844152,0.4366125111803522,strong,medium,80,medium,2
gamma_medium__noise_high__T_156__density_medium__seed_005,pcmci_dag,6,0,1.1405474399043094,1.1405474399043094,0.688183826768855,0.8478201707840906,-0.3963393439187642,medium,high,156,medium,5
gamma_medium__noise_high__T_156__density_medium__seed_005,oracle_hybrid,6,0,0.4652051629840177,0.46520516298401765,0.4485525109192669,0.540217070533092,-0.052042681363052644,medium,high,156,medium,5
gamma_medium__noise_high__T_156__density_medium__seed_005,hybrid,6,0,0.9160567444059806,0.9160567444059806,0.49047183891279394,0.5753736083477391,-0.02578505589982973,medium,high,156,medium,5
gamma_weak__noise_high__T_300__density_dense__seed_005,pcmci_dag,6,0,0.438230065298661,0.438230065298661,0.4753459501702961,0.6637956523721098,-0.4307814362202251,weak,high,300,dense,5
gamma_weak__noise_high__T_300__density_dense__seed_005,oracle_hybrid,6,0,0.5812968742595234,0.5812968742595234,0.5761177907447917,0.6796856749781635,-0.04012857737655492,weak,high,300,dense,5
gamma_weak__noise_high__T_300__density_dense__seed_005,hybrid,6,0,0.5559894481447297,0.5559894481447297,0.45650137712360345,0.5478846721674743,-0.12611365285888432,weak,high,300,dense,5
gamma_strong__noise_high__T_80__density_medium__seed_005,pcmci_dag,6,0,0.8716,0.8716,0.8716,0.9880523164286393,-0.8716,strong,high,80,medium,5
gamma_strong__noise_high__T_80__density_medium__seed_005,oracle_hybrid,6,0,0.9079713776160637,0.9079713776160637,0.7155403258555654,0.8179789201122034,0.07885296868341636,strong,high,80,medium,5
gamma_strong__noise_high__T_80__density_medium__seed_005,hybrid,6,0,0.7642545273496874,0.7642545273496874,0.7545607011518363,0.8763324475640288,0.1220490618392986,strong,high,80,medium,5
gamma_strong__noise_low__T_156__density_medium__seed_004,pcmci_dag,6,0,0.7911270633874269,0.7911270633874269,0.7344436042776987,0.8257582119951923,-0.5674897290556347,strong,low,156,medium,4
gamma_strong__noise_low__T_156__density_medium__seed_004,oracle_hybrid,6,0,0.5042408904898424,0.5042408904898424,0.35179114144681684,0.4435354681437125,0.17403641365067832,strong,low,156,medium,4
gamma_strong__noise_low__T_156__density_medium__seed_004,hybrid,6,0,0.4951482787422454,0.4951482787422454,0.344004211384948,0.4291727459195209,0.15613146367931297,strong,low,156,medium,4
gamma_strong__noise_medium__T_156__density_medium__seed_002,pcmci_dag,6,0,1.0219586429266438,1.0219586429266438,1.0141824229155942,1.2740974527883167,-1.0141824229155942,strong,medium,156,medium,2
gamma_strong__noise_medium__T_156__density_medium__seed_002,oracle_hybrid,6,0,0.37039438238873107,0.3703943823887312,0.45064898859918506,0.5078483153717323,-0.025714719991008106,strong,medium,156,medium,2
gamma_strong__noise_medium__T_156__density_medium__seed_002,hybrid,6,0,0.36327264970760414,0.36327264970760414,0.44319669766114983,0.4977440585534518,-0.024520367626141865,strong,medium,156,medium,2
gamma_strong__noise_low__T_156__density_sparse__seed_003,pcmci_dag,6,0,1.160884721756304,1.160884721756304,1.1781516988818188,1.7726262524605414,-1.1434808277428639,strong,low,156,sparse,3
gamma_strong__noise_low__T_156__density_sparse__seed_003,oracle_hybrid,6,0,0.3182905923271395,0.3182905923271395,0.25326845136966364,0.3570268673383934,-0.0728204276619651,strong,low,156,sparse,3
gamma_strong__noise_low__T_156__density_sparse__seed_003,hybrid,6,0,0.2257857289135806,0.2257857289135806,0.22234522610662735,0.3458446346308128,-0.022333033055561724,strong,low,156,sparse,3
gamma_strong__noise_low__T_80__density_sparse__seed_005,pcmci_dag,6,0,0.8648166666666666,0.8648166666666666,0.8648166666666666,1.0094328993713912,-0.8648166666666666,strong,low,80,sparse,5
gamma_strong__noise_low__T_80__density_sparse__seed_005,oracle_hybrid,6,0,0.7213135281830012,0.7213135281830012,0.694740770339401,0.8737482644759348,0.15427209436224174,strong,low,80,sparse,5
gamma_strong__noise_low__T_80__density_sparse__seed_005,hybrid,6,0,0.7156963990431363,0.7156963990431363,0.689978049192491,0.86322221218583,0.1477705236509664,strong,low,80,sparse,5
gamma_strong__noise_medium__T_300__density_dense__seed_001,pcmci_dag,6,0,1.4779003869012428,1.4779003869012428,1.3389452707484353,1.876535162916415,0.6554809059052009,strong,medium,300,dense,1
gamma_strong__noise_medium__T_300__density_dense__seed_001,oracle_hybrid,6,0,0.49092769824794846,0.49092769824794846,0.3128185286770229,0.35219214843522795,-0.029063319922386976,strong,medium,300,dense,1
gamma_strong__noise_medium__T_300__density_dense__seed_001,hybrid,6,0,0.486797721662876,0.486797721662876,0.307266436962864,0.35373232766089235,-0.018602781925180334,strong,medium,300,dense,1
gamma_weak__noise_low__T_300__density_sparse__seed_001,pcmci_dag,6,0,0.6539443361767948,0.6539443361767948,0.5659426048723174,0.6830161296082705,-0.315388166066577,weak,low,300,sparse,1
gamma_weak__noise_low__T_300__density_sparse__seed_001,oracle_hybrid,6,0,0.3642037848102257,0.3642037848102256,0.3675534111305869,0.3984148169168104,-0.07486739104402503,weak,low,300,sparse,1
gamma_weak__noise_low__T_300__density_sparse__seed_001,hybrid,6,0,0.3644520332417726,0.3644520332417725,0.30116132478028074,0.3615487491231519,-0.13622065005275116,weak,low,300,sparse,1
gamma_weak__noise_low__T_80__density_sparse__seed_004,pcmci_dag,6,0,0.6720163557197498,0.6720163557197498,0.6720163557197498,0.7992709406670437,-0.10551697761358347,weak,low,80,sparse,4
gamma_weak__noise_low__T_80__density_sparse__seed_004,oracle_hybrid,6,0,0.5326482906044262,0.5326482906044262,0.5303518180474222,0.6560384934431827,0.2716451150403362,weak,low,80,sparse,4
gamma_weak__noise_low__T_80__density_sparse__seed_004,hybrid,6,0,0.49985349836246584,0.49985349836246584,0.49985349836246584,0.6174951113611578,0.23307873090117184,weak,low,80,sparse,4
gamma_strong__noise_medium__T_300__density_medium__seed_003,pcmci_dag,6,0,0.9093643848935379,0.9093643848935379,0.8771404792146651,1.097655813285362,-0.21486258401007097,strong,medium,300,medium,3
gamma_strong__noise_medium__T_300__density_medium__seed_003,oracle_hybrid,6,0,0.3804992177106046,0.3804992177106045,0.4122342574331989,0.4993255197288357,-0.10757626311807444,strong,medium,300,medium,3
gamma_strong__noise_medium__T_300__density_medium__seed_003,hybrid,6,0,0.4362686147280044,0.4362686147280044,0.39586971573556956,0.49734366494563276,-0.09073491924948351,strong,medium,300,medium,3
gamma_strong__noise_low__T_300__density_medium__seed_003,pcmci_dag,6,0,0.9848417769976797,0.9848417769976797,0.9493388191110669,1.190983370569828,-0.15431551228839893,strong,low,300,medium,3
gamma_strong__noise_low__T_300__density_medium__seed_003,oracle_hybrid,6,0,0.3588347112243344,0.3588347112243344,0.4057948699024044,0.5132236545867086,-0.06031029202157775,strong,low,300,medium,3
gamma_strong__noise_low__T_300__density_medium__seed_003,hybrid,6,0,0.44506791576219146,0.44506791576219157,0.42512509468617027,0.53203756439701,-0.08002975472675966,strong,low,300,medium,3
gamma_weak__noise_medium__T_300__density_sparse__seed_004,pcmci_dag,6,0,1.2292999340972475,1.2292999340972475,1.2292999340972475,1.5426522606982098,-0.3431454814576778,weak,medium,300,sparse,4
gamma_weak__noise_medium__T_300__density_sparse__seed_004,oracle_hybrid,6,0,0.3832030844673063,0.3832030844673063,0.3976528334713092,0.507454063744715,-0.11974587474260474,weak,medium,300,sparse,4
gamma_weak__noise_medium__T_300__density_sparse__seed_004,hybrid,6,0,0.39337161419983735,0.39337161419983735,0.3933716141998375,0.4987601264897949,-0.1320534064495966,weak,medium,300,sparse,4
gamma_weak__noise_high__T_156__density_dense__seed_003,pcmci_dag,6,0,1.3683425503492108,1.3683425503492108,1.369564243066554,1.9906784605331636,-1.369564243066554,weak,high,156,dense,3
gamma_weak__noise_high__T_156__density_dense__seed_003,oracle_hybrid,6,0,0.3594983407715928,0.3594983407715928,0.3401770669142408,0.4116997048615533,-0.11281695820551034,weak,high,156,dense,3
gamma_weak__noise_high__T_156__density_dense__seed_003,hybrid,6,0,0.34917671384413135,0.34917671384413135,0.33917721897956277,0.4321748495055408,-0.0750982418886658,weak,high,156,dense,3
gamma_weak__noise_low__T_156__density_dense__seed_005,pcmci_dag,6,0,0.7738911662809623,0.7738911662809623,0.46427200432791677,0.6266845875008858,-0.29439542742787767,weak,low,156,dense,5
gamma_weak__noise_low__T_156__density_dense__seed_005,oracle_hybrid,6,0,0.38262254128462797,0.38262254128462797,0.39940903226690866,0.4648936289079167,-0.2135469307838129,weak,low,156,dense,5
gamma_weak__noise_low__T_156__density_dense__seed_005,hybrid,6,0,0.5586247487207,0.5586247487207,0.3428688483574199,0.4216501616446367,-0.16340124104723155,weak,low,156,dense,5
gamma_strong__noise_low__T_300__density_medium__seed_002,pcmci_dag,6,0,1.3117754902011782,1.3117754902011782,1.2835227977908767,1.7863105233045664,0.27324773569089095,strong,low,300,medium,2
gamma_strong__noise_low__T_300__density_medium__seed_002,oracle_hybrid,6,0,0.651673764456588,0.651673764456588,0.6441669242522401,0.8313475441618818,0.2884249613185929,strong,low,300,medium,2
gamma_strong__noise_low__T_300__density_medium__seed_002,hybrid,6,0,0.6370654575553387,0.6370654575553387,0.6270866445764405,0.8276526995621841,0.298898601650674,strong,low,300,medium,2
gamma_strong__noise_high__T_80__density_dense__seed_004,pcmci_dag,6,0,1.1922967882084454,1.1922967882084454,0.994404395604552,1.2536307528880581,0.2477861218612446,strong,high,80,dense,4
gamma_strong__noise_high__T_80__density_dense__seed_004,oracle_hybrid,6,0,0.7674533832255716,0.7674533832255716,0.5198262624018298,0.5867649557521571,0.33568958137813537,strong,high,80,dense,4
gamma_strong__noise_high__T_80__density_dense__seed_004,hybrid,6,0,0.7957335245845476,0.7957335245845476,0.5451261569851679,0.5910055643652565,0.31149318568411427,strong,high,80,dense,4
gamma_strong__noise_medium__T_80__density_sparse__seed_004,pcmci_dag,6,0,0.9743657959465993,0.9743657959465993,0.9442908296083292,1.2358330091943805,0.023674986148764027,strong,medium,80,sparse,4
gamma_strong__noise_medium__T_80__density_sparse__seed_004,oracle_hybrid,6,0,0.715622047689423,0.7156220476894232,0.6881820520448668,0.8059212315196158,0.3728734025237121,strong,medium,80,sparse,4
gamma_strong__noise_medium__T_80__density_sparse__seed_004,hybrid,6,0,0.6755791425874086,0.6755791425874086,0.6508160282826085,0.7736282994787183,0.3584500071327023,strong,medium,80,sparse,4
gamma_weak__noise_low__T_156__density_sparse__seed_002,pcmci_dag,6,0,1.106001806309153,1.106001806309153,1.1252328450849507,1.505617460607553,-1.1252328450849507,weak,low,156,sparse,2
gamma_weak__noise_low__T_156__density_sparse__seed_002,oracle_hybrid,6,0,0.4728542783212557,0.4728542783212557,0.4935883506875065,0.5535858817506597,-0.09579680335009795,weak,low,156,sparse,2
gamma_weak__noise_low__T_156__density_sparse__seed_002,hybrid,6,0,0.49862464337346907,0.4986246433734689,0.5138458448477434,0.5594980731518137,-0.10501717809691141,weak,low,156,sparse,2
gamma_weak__noise_high__T_156__density_sparse__seed_003,pcmci_dag,6,0,1.458974351739679,1.458974351739679,1.5389573285859404,2.114197243897717,-1.5389573285859404,weak,high,156,sparse,3
gamma_weak__noise_high__T_156__density_sparse__seed_003,oracle_hybrid,6,0,0.33711262520131496,0.337112625201315,0.3618957496159981,0.4652408956793339,-0.06148637460287267,weak,high,156,sparse,3
gamma_weak__noise_high__T_156__density_sparse__seed_003,hybrid,6,0,0.33035599402812565,0.33035599402812565,0.42643998597424043,0.586358760768087,-0.12491565590548998,weak,high,156,sparse,3
gamma_weak__noise_low__T_300__density_sparse__seed_002,pcmci_dag,6,0,1.3320833765524989,1.3320833765524989,1.332083376552499,1.685323136253896,-0.2431922767686917,weak,low,300,sparse,2
gamma_weak__noise_low__T_300__density_sparse__seed_002,oracle_hybrid,6,0,0.7229130279577477,0.7229130279577475,0.7231916930747412,0.9403896273519115,0.24005121641183505,weak,low,300,sparse,2
gamma_weak__noise_low__T_300__density_sparse__seed_002,hybrid,6,0,0.6893453337970562,0.6893453337970561,0.7030473692045526,0.9370161833095375,0.2235596977779818,weak,low,300,sparse,2
gamma_strong__noise_medium__T_156__density_dense__seed_005,pcmci_dag,6,0,0.9396356986492181,0.9396356986492181,0.44223610330693913,0.497815412450194,0.12092690732088639,strong,medium,156,dense,5
gamma_strong__noise_medium__T_156__density_dense__seed_005,oracle_hybrid,6,0,0.4392386816077975,0.4392386816077975,0.303292234695503,0.3601969852948405,-0.031098520629587106,strong,medium,156,dense,5
gamma_strong__noise_medium__T_156__density_dense__seed_005,hybrid,6,0,0.7218211538138041,0.7218211538138041,0.2778131036746934,0.33561435382026344,0.07669638374985667,strong,medium,156,dense,5
gamma_strong__noise_high__T_300__density_dense__seed_002,pcmci_dag,6,0,1.1065333333333334,1.1065333333333334,1.1065333333333334,1.2026566675489725,-1.1065333333333334,strong,high,300,dense,2
gamma_strong__noise_high__T_300__density_dense__seed_002,oracle_hybrid,6,0,0.5774259623689347,0.5774259623689347,0.5109033597844305,0.5321788957935407,0.1194250065099216,strong,high,300,dense,2
gamma_strong__noise_high__T_300__density_dense__seed_002,hybrid,6,0,0.5639241638291219,0.563924163829122,0.5067216290136497,0.5263161014187445,0.1496122489842706,strong,high,300,dense,2
gamma_medium__noise_medium__T_80__density_medium__seed_004,pcmci_dag,6,0,1.0244328951455626,1.0244328951455623,1.012311167277174,1.3865889933290712,-0.04842216605615929,medium,medium,80,medium,4
gamma_medium__noise_medium__T_80__density_medium__seed_004,oracle_hybrid,6,0,0.6413066307888807,0.6413066307888805,0.5724977377313527,0.6434593693057136,0.28220913415400944,medium,medium,80,medium,4
gamma_medium__noise_medium__T_80__density_medium__seed_004,hybrid,6,0,0.6741087451159181,0.6741087451159181,0.5908787524610112,0.6559180898798047,0.24809526975131005,medium,medium,80,medium,4
gamma_strong__noise_low__T_156__density_dense__seed_005,pcmci_dag,6,0,0.9474060595918948,0.9474060595918948,0.4431458527052723,0.518636773018051,0.10691921393524793,strong,low,156,dense,5
gamma_strong__noise_low__T_156__density_dense__seed_005,oracle_hybrid,6,0,0.43076574966647224,0.43076574966647224,0.29436936982503265,0.34274648390928875,-0.02650764505455024,strong,low,156,dense,5
gamma_strong__noise_low__T_156__density_dense__seed_005,hybrid,6,0,0.6504740541167978,0.6504740541167978,0.2277125659631729,0.28138645241404137,0.08520683253721238,strong,low,156,dense,5
gamma_weak__noise_low__T_156__density_sparse__seed_003,pcmci_dag,6,0,1.479459672507928,1.479459672507928,1.552839969088467,2.1221217595311126,-1.552839969088467,weak,low,156,sparse,3
gamma_weak__noise_low__T_156__density_sparse__seed_003,oracle_hybrid,6,0,0.2810443559511127,0.2810443559511127,0.3054675472576142,0.40561305849918045,-0.0971561977854515,weak,low,156,sparse,3
gamma_weak__noise_low__T_156__density_sparse__seed_003,hybrid,6,0,0.30314937758006266,0.3031493775800627,0.4033537894711927,0.4814507088767907,-0.21413492104798637,weak,low,156,sparse,3
gamma_medium__noise_medium__T_156__density_sparse__seed_004,pcmci_dag,6,0,0.7928869131847942,0.7928869131847942,0.7613380771639365,0.9009896660925457,-0.5741285895027303,medium,medium,156,sparse,4
gamma_medium__noise_medium__T_156__density_sparse__seed_004,oracle_hybrid,6,0,0.30744801401325406,0.30744801401325406,0.2615719357349155,0.3075962736868896,0.06673961938484214,medium,medium,156,sparse,4
gamma_medium__noise_medium__T_156__density_sparse__seed_004,hybrid,6,0,0.3108799741756085,0.3108799741756085,0.2649221810287418,0.3135792231042603,0.06738926180326994,medium,medium,156,sparse,4
gamma_medium__noise_high__T_300__density_dense__seed_002,pcmci_dag,6,0,1.2183666666666666,1.2183666666666666,1.2183666666666666,1.3742407067177131,-1.2183666666666666,medium,high,300,dense,2
gamma_medium__noise_high__T_300__density_dense__seed_002,oracle_hybrid,6,0,0.7179825110099922,0.7179825110099922,0.7037313549139611,0.7707118747347593,0.21416799996517943,medium,high,300,dense,2
gamma_medium__noise_high__T_300__density_dense__seed_002,hybrid,6,0,0.7325306309045123,0.7325306309045122,0.7060943604301818,0.7556804837599674,0.20400377768205172,medium,high,300,dense,2
gamma_medium__noise_low__T_300__density_sparse__seed_001,pcmci_dag,6,0,0.4537124126604291,0.4537124126604291,0.4337533205849306,0.5770235248010906,-0.06770777210058872,medium,low,300,sparse,1
gamma_medium__noise_low__T_300__density_sparse__seed_001,oracle_hybrid,6,0,0.3907251802236739,0.3907251802236739,0.3943667002270949,0.43307606783709357,-0.027262775016458685,medium,low,300,sparse,1
gamma_medium__noise_low__T_300__density_sparse__seed_001,hybrid,6,0,0.38993287917668146,0.38993287917668157,0.3503411623375725,0.3799530354252098,-0.06794702735711605,medium,low,300,sparse,1
gamma_medium__noise_high__T_156__density_sparse__seed_005,pcmci_dag,6,0,1.0108217791709448,1.0108217791709448,0.6438315904630797,0.8085411633829975,-0.4623861759550703,medium,high,156,sparse,5
gamma_medium__noise_high__T_156__density_sparse__seed_005,oracle_hybrid,6,0,0.4713705567378277,0.4713705567378277,0.4846157182044883,0.635508738293217,-0.054251987856560435,medium,high,156,sparse,5
gamma_medium__noise_high__T_156__density_sparse__seed_005,hybrid,6,0,0.8653846400437103,0.8653846400437103,0.5068179755940005,0.6121534780258588,-0.03888036113783603,medium,high,156,sparse,5
gamma_medium__noise_medium__T_80__density_sparse__seed_005,pcmci_dag,6,0,0.9337150928877862,0.9337150928877862,0.6942999517664589,0.93837261934439,-0.6942999517664589,medium,medium,80,sparse,5
gamma_medium__noise_medium__T_80__density_sparse__seed_005,oracle_hybrid,6,0,0.8212454181579415,0.8212454181579415,0.8028362621571157,0.9996857937356831,0.1536615320419964,medium,medium,80,sparse,5
gamma_medium__noise_medium__T_80__density_sparse__seed_005,hybrid,6,0,0.863551317714161,0.863551317714161,0.77872861214753,0.972640813133824,0.07180294150744636,medium,medium,80,sparse,5
gamma_weak__noise_medium__T_156__density_sparse__seed_001,pcmci_dag,6,0,0.664715903225932,0.6647159032259321,0.43945084200871126,0.6200509467703679,-0.11551362190189912,weak,medium,156,sparse,1
gamma_weak__noise_medium__T_156__density_sparse__seed_001,oracle_hybrid,6,0,0.4270554004268539,0.42705540042685386,0.43114846838949705,0.47813831948883473,0.2623507175045445,weak,medium,156,sparse,1
gamma_weak__noise_medium__T_156__density_sparse__seed_001,hybrid,6,0,0.874103337089626,0.874103337089626,0.5394868585949905,0.5853753385102293,0.34442433991178767,weak,medium,156,sparse,1
gamma_medium__noise_low__T_300__density_dense__seed_001,pcmci_dag,6,0,0.5701177160406662,0.5701177160406662,0.5905158640730971,0.7609776776803381,-0.11988775008920248,medium,low,300,dense,1
gamma_medium__noise_low__T_300__density_dense__seed_001,oracle_hybrid,6,0,0.39117647519684323,0.3911764751968432,0.3705961949795525,0.3993825706548523,-0.03546589135266739,medium,low,300,dense,1
gamma_medium__noise_low__T_300__density_dense__seed_001,hybrid,6,0,0.3846707906581419,0.38467079065814197,0.35449853170365087,0.3847994805643402,-0.0501685645957494,medium,low,300,dense,1
gamma_medium__noise_low__T_300__density_medium__seed_004,pcmci_dag,6,0,0.9000981322522011,0.9000981322522011,0.854470759580193,1.0949420873668094,-0.854470759580193,medium,low,300,medium,4
gamma_medium__noise_low__T_300__density_medium__seed_004,oracle_hybrid,6,0,0.2943719339025773,0.2943719339025773,0.3419708939216773,0.4348937538692193,-0.05921471186946999,medium,low,300,medium,4
gamma_medium__noise_low__T_300__density_medium__seed_004,hybrid,6,0,0.3377098766868197,0.3377098766868197,0.36818716150720027,0.4596651675318385,-0.06427220418800379,medium,low,300,medium,4
gamma_strong__noise_low__T_300__density_dense__seed_004,pcmci_dag,6,0,0.9482660548203573,0.9482660548203573,0.8703464664722942,0.9758409669968112,-0.7397535335277059,strong,low,300,dense,4
gamma_strong__noise_low__T_300__density_dense__seed_004,oracle_hybrid,6,0,0.34720099855749154,0.3472009985574915,0.3516945412434416,0.4342835153671705,0.03472823811895801,strong,low,300,dense,4
gamma_strong__noise_low__T_300__density_dense__seed_004,hybrid,6,0,0.3829893382205674,0.3829893382205674,0.3614731404219524,0.4557076456754335,0.12849305489268337,strong,low,300,dense,4
gamma_medium__noise_medium__T_156__density_dense__seed_001,pcmci_dag,6,0,1.0570666666666668,1.0570666666666668,1.0570666666666668,1.2031849940886066,-1.0570666666666668,medium,medium,156,dense,1
gamma_medium__noise_medium__T_156__density_dense__seed_001,oracle_hybrid,6,0,0.44634803751730995,0.44634803751730995,0.3939697821627819,0.44621288072387283,0.18619685586802745,medium,medium,156,dense,1
gamma_medium__noise_medium__T_156__density_dense__seed_001,hybrid,6,0,0.835928544286029,0.835928544286029,0.5020562429467581,0.5448063159304396,0.2888159419701454,medium,medium,156,dense,1
gamma_strong__noise_medium__T_80__density_dense__seed_003,pcmci_dag,6,0,1.1113333333333335,1.1113333333333335,1.1113333333333335,1.2723885072309218,-1.1113333333333335,strong,medium,80,dense,3
gamma_strong__noise_medium__T_80__density_dense__seed_003,oracle_hybrid,6,0,0.7886692424259191,0.7886692424259191,0.5862406780219143,0.8260135768943723,0.3418408987544028,strong,medium,80,dense,3
gamma_strong__noise_medium__T_80__density_dense__seed_003,hybrid,6,0,0.749730611523904,0.749730611523904,0.6411018937310585,0.8754906600386967,0.3922386137968525,strong,medium,80,dense,3
gamma_strong__noise_high__T_300__density_sparse__seed_001,pcmci_dag,6,0,0.6091483583080913,0.6091483583080913,0.5212807641285219,0.7859424482901799,0.046807209209203005,strong,high,300,sparse,1
gamma_strong__noise_high__T_300__density_sparse__seed_001,oracle_hybrid,6,0,0.5416916783150448,0.5416916783150448,0.42915324194658905,0.5298312134629062,-0.005111701632421343,strong,high,300,sparse,1
gamma_strong__noise_high__T_300__density_sparse__seed_001,hybrid,6,0,0.5727316705146799,0.5727316705146799,0.4625910557064685,0.5522532825603363,0.003604436883150893,strong,high,300,sparse,1
gamma_weak__noise_medium__T_156__density_sparse__seed_002,pcmci_dag,6,0,1.0988750713650874,1.0988750713650872,1.1187713962465984,1.5042542182899479,-1.1187713962465984,weak,medium,156,sparse,2
gamma_weak__noise_medium__T_156__density_sparse__seed_002,oracle_hybrid,6,0,0.4619793593150115,0.4619793593150115,0.4822638921557882,0.5426059181717847,-0.16050065553614842,weak,medium,156,sparse,2
gamma_weak__noise_medium__T_156__density_sparse__seed_002,hybrid,6,0,0.44648443193747306,0.44648443193747306,0.4605381627991161,0.5076389088786198,-0.1664569523448041,weak,medium,156,sparse,2
gamma_medium__noise_medium__T_156__density_dense__seed_003,pcmci_dag,6,0,1.4843787923528202,1.4843787923528202,1.4591763994130307,1.8423515044712724,-0.9331902672536363,medium,medium,156,dense,3
gamma_medium__noise_medium__T_156__density_dense__seed_003,oracle_hybrid,6,0,0.3789464212573222,0.37894642125732236,0.23936816064288455,0.29727218508444525,-0.12465091302283543,medium,medium,156,dense,3
gamma_medium__noise_medium__T_156__density_dense__seed_003,hybrid,6,0,0.32446486004864267,0.32446486004864267,0.2945638269199225,0.33139243287499165,-0.06459514294857867,medium,medium,156,dense,3
gamma_strong__noise_medium__T_300__density_sparse__seed_005,pcmci_dag,6,0,0.498373647685772,0.498373647685772,0.507012993952664,0.6157814349594721,-0.03616166446645477,strong,medium,300,sparse,5
gamma_strong__noise_medium__T_300__density_sparse__seed_005,oracle_hybrid,6,0,0.3399934548468235,0.33999345484682336,0.3180863327366581,0.3849334890157835,0.0020810446997572654,strong,medium,300,sparse,5
gamma_strong__noise_medium__T_300__density_sparse__seed_005,hybrid,6,0,0.5960920189850872,0.5960920189850872,0.39081390734318733,0.4838091510841526,0.06973042272427998,strong,medium,300,sparse,5
gamma_strong__noise_medium__T_80__density_medium__seed_001,pcmci_dag,6,0,0.5706825734998271,0.5706825734998271,0.47905877976615124,0.5699367844168228,-0.4388078869005154,strong,medium,80,medium,1
gamma_strong__noise_medium__T_80__density_medium__seed_001,oracle_hybrid,6,0,0.44173542479349176,0.44173542479349176,0.24989061839316787,0.29147087543903977,0.1371907707063759,strong,medium,80,medium,1
gamma_strong__noise_medium__T_80__density_medium__seed_001,hybrid,6,0,0.5386011712211586,0.5386011712211586,0.2425149905272732,0.2959187829387722,0.13430949033604456,strong,medium,80,medium,1
gamma_weak__noise_medium__T_300__density_dense__seed_005,pcmci_dag,6,0,0.7994238353509724,0.7994238353509724,0.837057232514375,1.0272230241980358,-0.6352189828862093,weak,medium,300,dense,5
gamma_weak__noise_medium__T_300__density_dense__seed_005,oracle_hybrid,6,0,0.4727087310785403,0.4727087310785403,0.46968509018357524,0.553310537763455,-0.040215872357752924,weak,medium,300,dense,5
gamma_weak__noise_medium__T_300__density_dense__seed_005,hybrid,6,0,0.38304409571227865,0.38304409571227865,0.4108168603112134,0.49488643416380074,-0.05665462963056408,weak,medium,300,dense,5
gamma_strong__noise_low__T_156__density_medium__seed_003,pcmci_dag,6,0,1.4750035158365524,1.4750035158365524,1.4173130077330394,1.886544229212892,-0.5315989359948027,strong,low,156,medium,3
gamma_strong__noise_low__T_156__density_medium__seed_003,oracle_hybrid,6,0,0.4402787000395724,0.4402787000395724,0.2921793190535457,0.3653899114777211,-0.027715537210644958,strong,low,156,medium,3
gamma_strong__noise_low__T_156__density_medium__seed_003,hybrid,6,0,0.35785463872930773,0.35785463872930773,0.23433435279140127,0.3245126370581701,0.014140735026713128,strong,low,156,medium,3
gamma_medium__noise_low__T_80__density_medium__seed_003,pcmci_dag,6,0,1.2851333333333332,1.2851333333333332,1.2851333333333332,1.5779496918469866,-1.2851333333333332,medium,low,80,medium,3
gamma_medium__noise_low__T_80__density_medium__seed_003,oracle_hybrid,6,0,0.7972441639466609,0.7972441639466609,0.8040037870941191,0.9051238082397758,0.35879113157672515,medium,low,80,medium,3
gamma_medium__noise_low__T_80__density_medium__seed_003,hybrid,6,0,0.9863319295330069,0.9863319295330069,0.5363251544603354,0.674795824352515,-0.018542703959415596,medium,low,80,medium,3
gamma_weak__noise_medium__T_300__density_medium__seed_001,pcmci_dag,6,0,0.6632677155072543,0.6632677155072543,0.5851896927855446,0.712860795859255,-0.3116665105405378,weak,medium,300,medium,1
gamma_weak__noise_medium__T_300__density_medium__seed_001,oracle_hybrid,6,0,0.38564007335237016,0.38564007335237016,0.39349049318716595,0.4432904476753532,-0.03916698360296189,weak,medium,300,medium,1
gamma_weak__noise_medium__T_300__density_medium__seed_001,hybrid,6,0,0.36815811833179485,0.3681581183317948,0.31500340326634074,0.4039882005569113,-0.13450829534854683,weak,medium,300,medium,1
gamma_weak__noise_low__T_156__density_medium__seed_002,pcmci_dag,6,0,1.1071892276750543,1.1071892276750543,1.1071892276750543,1.4838300820854138,-1.1071892276750543,weak,low,156,medium,2
gamma_weak__noise_low__T_156__density_medium__seed_002,oracle_hybrid,6,0,0.4520236659311892,0.4520236659311892,0.47678647121112894,0.5381954823653101,-0.10175898154602249,weak,low,156,medium,2
gamma_weak__noise_low__T_156__density_medium__seed_002,hybrid,6,0,0.5231925837327187,0.5231925837327187,0.5231925837327186,0.5720291768310355,-0.1272630506564313,weak,low,156,medium,2
gamma_strong__noise_low__T_156__density_sparse__seed_001,pcmci_dag,6,0,0.5764820201185388,0.5764820201185388,0.3263587657017896,0.5008562580506332,-0.08667808983760372,strong,low,156,sparse,1
gamma_strong__noise_low__T_156__density_sparse__seed_001,oracle_hybrid,6,0,0.347590058965709,0.347590058965709,0.34725489469971627,0.3883645638917582,0.17817193544824206,strong,low,156,sparse,1
gamma_strong__noise_low__T_156__density_sparse__seed_001,hybrid,6,0,0.7169789678985682,0.7169789678985684,0.4511696416428266,0.46887947623188997,0.2596407452687546,strong,low,156,sparse,1
gamma_weak__noise_high__T_156__density_medium__seed_004,pcmci_dag,6,0,1.353084915170009,1.353084915170009,1.353084915170009,1.8066043970139103,-0.1257150848299909,weak,high,156,medium,4
gamma_weak__noise_high__T_156__density_medium__seed_004,oracle_hybrid,6,0,0.2808472027186877,0.2808472027186877,0.2457609040370815,0.30713804986343096,0.0619480477112326,weak,high,156,medium,4
gamma_weak__noise_high__T_156__density_medium__seed_004,hybrid,6,0,0.24169232718767897,0.24169232718767897,0.23389494594953172,0.2948262208271765,0.0531770813906006,weak,high,156,medium,4
gamma_strong__noise_medium__T_300__density_medium__seed_004,pcmci_dag,6,0,0.9024053068680414,0.9024053068680412,0.9358281270349225,1.269419907008996,0.0680912076146419,strong,medium,300,medium,4
gamma_strong__noise_medium__T_300__density_medium__seed_004,oracle_hybrid,6,0,0.4316890014073951,0.43168900140739513,0.4709300485648784,0.5648318785367222,0.08031402357429923,strong,medium,300,medium,4
gamma_strong__noise_medium__T_300__density_medium__seed_004,hybrid,6,0,0.41199200170906725,0.41199200170906725,0.45182007793528633,0.5328819834439628,0.06953976733696161,strong,medium,300,medium,4
gamma_strong__noise_low__T_156__density_dense__seed_003,pcmci_dag,6,0,1.6789041731522338,1.6789041731522338,1.5314495754048256,1.7927589504372412,-0.35815042459517404,strong,low,156,dense,3
gamma_strong__noise_low__T_156__density_dense__seed_003,oracle_hybrid,6,0,0.7337461517567273,0.7337461517567273,0.3211405903884845,0.4174027645478996,0.048690157843356764,strong,low,156,dense,3
gamma_strong__noise_low__T_156__density_dense__seed_003,hybrid,6,0,0.47925124837339855,0.47925124837339855,0.3659344642868894,0.4479741692292514,0.1270377790537066,strong,low,156,dense,3
gamma_strong__noise_low__T_80__density_medium__seed_005,pcmci_dag,6,0,0.8536698778795636,0.8536698778795636,0.6976067034486051,0.7815049987897796,-0.521493296551395,strong,low,80,medium,5
gamma_strong__noise_low__T_80__density_medium__seed_005,oracle_hybrid,6,0,0.6868700437433314,0.6868700437433315,0.5619572867539447,0.6853036493714151,0.05451675629329899,strong,low,80,medium,5
gamma_strong__noise_low__T_80__density_medium__seed_005,hybrid,6,0,0.5984405357099758,0.5984405357099757,0.5980973517111955,0.7097910855809749,0.07320741331474248,strong,low,80,medium,5
gamma_medium__noise_high__T_80__density_medium__seed_002,pcmci_dag,6,0,0.9627088399805208,0.9627088399805208,0.9051769108107219,1.0722656175708802,-0.3253564225226115,medium,high,80,medium,2
gamma_medium__noise_high__T_80__density_medium__seed_002,oracle_hybrid,6,0,0.6009724269040656,0.6009724269040656,0.4518576086730029,0.6015395993734274,0.4518576086730029,medium,high,80,medium,2
gamma_medium__noise_high__T_80__density_medium__seed_002,hybrid,6,0,0.58800640660668,0.58800640660668,0.5079827178149342,0.6936571223973176,0.5079827178149342,medium,high,80,medium,2
gamma_weak__noise_high__T_80__density_dense__seed_003,pcmci_dag,6,0,1.8566585696497044,1.8566585696497044,1.4843845294935314,1.7876812023078794,-0.5806569074856968,weak,high,80,dense,3
gamma_weak__noise_high__T_80__density_dense__seed_003,oracle_hybrid,6,0,0.8595520060728443,0.8595520060728443,0.9319399942308086,1.0833106142053208,0.5205328297302979,weak,high,80,dense,3
gamma_weak__noise_high__T_80__density_dense__seed_003,hybrid,6,0,1.0208286277026355,1.0208286277026353,0.9083822742673081,1.0513033406551353,0.5110091523918308,weak,high,80,dense,3
gamma_medium__noise_medium__T_80__density_sparse__seed_002,pcmci_dag,6,0,0.9694388256272516,0.9694388256272516,0.9147478684664767,1.1046156586845217,-0.31125213153352316,medium,medium,80,sparse,2
gamma_medium__noise_medium__T_80__density_sparse__seed_002,oracle_hybrid,6,0,0.4875771849852569,0.4875771849852569,0.4492445774604423,0.6555037431580966,0.4492445774604423,medium,medium,80,sparse,2
gamma_medium__noise_medium__T_80__density_sparse__seed_002,hybrid,6,0,0.5328515572568893,0.5328515572568893,0.47979155436051596,0.6646927581686647,0.46749428910551155,medium,medium,80,sparse,2
gamma_strong__noise_high__T_80__density_medium__seed_003,pcmci_dag,6,0,1.1880666666666666,1.1880666666666666,1.1880666666666666,1.4182002761716461,-1.1880666666666666,strong,high,80,medium,3
gamma_strong__noise_high__T_80__density_medium__seed_003,oracle_hybrid,6,0,1.0314790426176967,1.0314790426176967,0.85096012955739,1.0016866109083222,0.5979115627297239,strong,high,80,medium,3
gamma_strong__noise_high__T_80__density_medium__seed_003,hybrid,6,0,0.9303814348774072,0.9303814348774075,0.852517586476245,1.0016745043500488,0.5904547038557814,strong,high,80,medium,3
gamma_medium__noise_medium__T_80__density_dense__seed_003,pcmci_dag,6,0,1.2533333333333334,1.2533333333333334,1.2533333333333334,1.491311287648111,-1.2533333333333334,medium,medium,80,dense,3
gamma_medium__noise_medium__T_80__density_dense__seed_003,oracle_hybrid,6,0,0.618889781962855,0.618889781962855,0.658118509913374,0.8262568171022002,0.334695405567844,medium,medium,80,dense,3
gamma_medium__noise_medium__T_80__density_dense__seed_003,hybrid,6,0,0.8923337679077615,0.8923337679077615,0.7001652789983425,0.85543973151818,0.44560361572027124,medium,medium,80,dense,3
gamma_strong__noise_medium__T_156__density_sparse__seed_002,pcmci_dag,6,0,1.0408690267086171,1.0408690267086174,1.0262694961793657,1.3648216074404445,-1.0262694961793657,strong,medium,156,sparse,2
gamma_strong__noise_medium__T_156__density_sparse__seed_002,oracle_hybrid,6,0,0.4245587490082066,0.4245587490082066,0.44859235269690134,0.4848357817976356,-0.08189324895654095,strong,medium,156,sparse,2
gamma_strong__noise_medium__T_156__density_sparse__seed_002,hybrid,6,0,0.4454715879067595,0.44547158790675945,0.46587808327126273,0.49822599344661156,-0.05710840584904555,strong,medium,156,sparse,2
gamma_medium__noise_medium__T_80__density_medium__seed_003,pcmci_dag,6,0,1.2851333333333332,1.2851333333333332,1.2851333333333332,1.5779496918469866,-1.2851333333333332,medium,medium,80,medium,3
gamma_medium__noise_medium__T_80__density_medium__seed_003,oracle_hybrid,6,0,0.8274322071781898,0.8274322071781898,0.8253975713030561,0.9257219954444149,0.43683022549334133,medium,medium,80,medium,3
gamma_medium__noise_medium__T_80__density_medium__seed_003,hybrid,6,0,0.9557806104220611,0.9557806104220612,0.5573250105522866,0.7411719276799842,0.1346246058260371,medium,medium,80,medium,3
gamma_weak__noise_medium__T_80__density_medium__seed_002,pcmci_dag,6,0,0.9744745109337402,0.9744745109337402,0.9263853519475679,1.1238981479069374,-0.31414798138576555,weak,medium,80,medium,2
gamma_weak__noise_medium__T_80__density_medium__seed_002,oracle_hybrid,6,0,0.5724260759327389,0.5724260759327389,0.5140999027673776,0.7019003961265534,0.4956700667195009,weak,medium,80,medium,2
gamma_weak__noise_medium__T_80__density_medium__seed_002,hybrid,6,0,0.5564994041679004,0.5564994041679004,0.5199857658931344,0.7423277681564716,0.49769086406223617,weak,medium,80,medium,2
gamma_medium__noise_low__T_300__density_medium__seed_001,pcmci_dag,6,0,0.5945565252969938,0.5945565252969938,0.6424911989620664,0.8950807867690361,-0.06166186529549744,medium,low,300,medium,1
gamma_medium__noise_low__T_300__density_medium__seed_001,oracle_hybrid,6,0,0.4006540151969287,0.40065401519692884,0.4207688022600766,0.49713680298580937,0.010041730629592682,medium,low,300,medium,1
gamma_medium__noise_low__T_300__density_medium__seed_001,hybrid,6,0,0.41510549395376706,0.41510549395376706,0.4343606702022655,0.5173347652558862,0.02592602067950872,medium,low,300,medium,1
gamma_strong__noise_high__T_80__density_sparse__seed_003,pcmci_dag,6,0,1.25005,1.25005,1.25005,1.5348834760332786,-1.25005,strong,high,80,sparse,3
gamma_strong__noise_high__T_80__density_sparse__seed_003,oracle_hybrid,6,0,1.043417488964135,1.043417488964135,1.0236212872400645,1.1934810957944388,0.6855277662869576,strong,high,80,sparse,3
gamma_strong__noise_high__T_80__density_sparse__seed_003,hybrid,6,0,1.1965386346764113,1.1965386346764113,1.0724622607264245,1.2024037860278045,0.6781721654828079,strong,high,80,sparse,3
gamma_medium__noise_low__T_300__density_medium__seed_005,pcmci_dag,6,0,0.5706161088528418,0.5706161088528418,0.5439873197740915,0.6623656901088846,-0.04113089632606307,medium,low,300,medium,5
gamma_medium__noise_low__T_300__density_medium__seed_005,oracle_hybrid,6,0,0.29673834818524353,0.29673834818524353,0.292595863126096,0.34018226575501453,0.026162684455936946,medium,low,300,medium,5
gamma_medium__noise_low__T_300__density_medium__seed_005,hybrid,6,0,0.5225712272709456,0.5225712272709456,0.3369734963460449,0.42231498510473997,0.08483854330014952,medium,low,300,medium,5
gamma_weak__noise_medium__T_80__density_dense__seed_001,pcmci_dag,6,0,0.5757278626580526,0.5757278626580528,0.5531029513172304,0.6471770024970184,-0.4119637153494362,weak,medium,80,dense,1
gamma_weak__noise_medium__T_80__density_dense__seed_001,oracle_hybrid,6,0,0.4701369153559172,0.4701369153559172,0.3009390039990669,0.373387223181267,0.14907591419751803,weak,medium,80,dense,1
gamma_weak__noise_medium__T_80__density_dense__seed_001,hybrid,6,0,0.4483212221214725,0.4483212221214726,0.3375932778346525,0.4025573064741881,0.16128079937083695,weak,medium,80,dense,1
gamma_weak__noise_high__T_156__density_sparse__seed_005,pcmci_dag,6,0,0.7685168915098303,0.7685168915098303,0.5222934929420954,0.756714769516947,-0.48026920330595574,weak,high,156,sparse,5
gamma_weak__noise_high__T_156__density_sparse__seed_005,oracle_hybrid,6,0,0.4672730249382269,0.4672730249382269,0.4759368791402599,0.6224503079939588,-0.059239236296828264,weak,high,156,sparse,5
gamma_weak__noise_high__T_156__density_sparse__seed_005,hybrid,6,0,0.7765434660566427,0.7765434660566428,0.506731983643213,0.6462095302838162,-0.046485021575285716,weak,high,156,sparse,5
gamma_strong__noise_low__T_80__density_medium__seed_002,pcmci_dag,6,0,0.9437810283937731,0.9437810283937731,0.8521665450880191,0.9758157812029856,-0.34336678824531425,strong,low,80,medium,2
gamma_strong__noise_low__T_80__density_medium__seed_002,oracle_hybrid,6,0,0.5960613837435292,0.5960613837435292,0.3804572679405056,0.5094376063951521,0.3589811637462827,strong,low,80,medium,2
gamma_strong__noise_low__T_80__density_medium__seed_002,hybrid,6,0,0.6116427312792226,0.6116427312792226,0.368397993564993,0.5082893374937723,0.3561760773915687,strong,low,80,medium,2
gamma_weak__noise_high__T_300__density_medium__seed_003,pcmci_dag,6,0,1.050558119656862,1.050558119656862,0.899118183013058,1.1670426500543072,-0.7686653887876479,weak,high,300,medium,3
gamma_weak__noise_high__T_300__density_medium__seed_003,oracle_hybrid,6,0,0.508323006837433,0.5083230068374333,0.5132564939605612,0.6611090314785928,-0.2481728382290045,weak,high,300,medium,3
gamma_weak__noise_high__T_300__density_medium__seed_003,hybrid,6,0,0.6160132956954281,0.616013295695428,0.5222946317316554,0.6854523048305756,-0.278143887047076,weak,high,300,medium,3
gamma_strong__noise_high__T_80__density_sparse__seed_005,pcmci_dag,6,0,0.8639662436308079,0.8639662436308079,0.8339779037339564,0.9936181935432898,-0.22454582098073392,strong,high,80,sparse,5
gamma_strong__noise_high__T_80__density_sparse__seed_005,oracle_hybrid,6,0,0.8560368128866925,0.8560368128866925,0.8161282813605425,1.0354346819962175,0.19375287471282032,strong,high,80,sparse,5
gamma_strong__noise_high__T_80__density_sparse__seed_005,hybrid,6,0,0.8490447535964606,0.8490447535964606,0.8138992619991144,1.06085245196253,0.2268724611937425,strong,high,80,sparse,5
gamma_weak__noise_high__T_300__density_sparse__seed_005,pcmci_dag,6,0,1.0260539119144279,1.0260539119144279,0.976119029837779,1.114984600852114,-0.5136710088430506,weak,high,300,sparse,5
gamma_weak__noise_high__T_300__density_sparse__seed_005,oracle_hybrid,6,0,0.6287284415909159,0.6287284415909159,0.6172059040335411,0.7248070505671175,-0.054803935218915245,weak,high,300,sparse,5
gamma_weak__noise_high__T_300__density_sparse__seed_005,hybrid,6,0,0.8001939411143587,0.8001939411143587,0.6208411777987414,0.7092281824588069,-0.026812333110860415,weak,high,300,sparse,5
gamma_strong__noise_high__T_300__density_medium__seed_003,pcmci_dag,6,0,1.6301682948280505,1.6301682948280505,1.5801916213519227,2.0657854106375417,-0.07006460068394331,strong,high,300,medium,3
gamma_strong__noise_high__T_300__density_medium__seed_003,oracle_hybrid,6,0,0.3992265453057109,0.3992265453057109,0.4124256726181235,0.52293201158541,-0.12405543563737398,strong,high,300,medium,3
gamma_strong__noise_high__T_300__density_medium__seed_003,hybrid,6,0,0.4582624657951868,0.4582624657951868,0.4071134711063278,0.5121577185836886,-0.12147709060818672,strong,high,300,medium,3
gamma_weak__noise_medium__T_80__density_dense__seed_004,pcmci_dag,6,0,0.6777597336733615,0.6777597336733615,0.6777597336733615,0.8423696287287986,-0.12970693299330524,weak,medium,80,dense,4
gamma_weak__noise_medium__T_80__density_dense__seed_004,oracle_hybrid,6,0,0.6375981599098983,0.6375981599098983,0.5758003327074511,0.6558558019491767,0.23147761343123874,weak,medium,80,dense,4
gamma_weak__noise_medium__T_80__density_dense__seed_004,hybrid,6,0,0.5885993431005426,0.5885993431005426,0.5885993431005427,0.6796773890439997,0.24494555933401507,weak,medium,80,dense,4
gamma_weak__noise_medium__T_80__density_sparse__seed_001,pcmci_dag,6,0,0.5584037107413456,0.5584037107413456,0.5353466797001412,0.6484127565043624,-0.4023866536331922,weak,medium,80,sparse,1
gamma_weak__noise_medium__T_80__density_sparse__seed_001,oracle_hybrid,6,0,0.44393774855075546,0.44393774855075535,0.4162081858371452,0.5279031893259957,0.23708158322564002,weak,medium,80,sparse,1
gamma_weak__noise_medium__T_80__density_sparse__seed_001,hybrid,6,0,0.455780179369972,0.455780179369972,0.3505782331188186,0.42741799740251274,0.18095256507223997,weak,medium,80,sparse,1
gamma_strong__noise_low__T_80__density_sparse__seed_004,pcmci_dag,6,0,0.9583579229803197,0.9583579229803197,0.9281480069344118,1.2042484896550942,0.005806888114502251,strong,low,80,sparse,4
gamma_strong__noise_low__T_80__density_sparse__seed_004,oracle_hybrid,6,0,0.6377628651268328,0.6377628651268328,0.6203598703414915,0.7431029374989246,0.36177168413104344,strong,low,80,sparse,4
gamma_strong__noise_low__T_80__density_sparse__seed_004,hybrid,6,0,0.607079752824227,0.6070797528242271,0.5896335935816667,0.7026552760774368,0.3264785308627906,strong,low,80,sparse,4
gamma_medium__noise_high__T_300__density_sparse__seed_004,pcmci_dag,6,0,1.1109248552774453,1.1109248552774453,1.152099501713076,1.2546062230542536,-0.761768277624003,medium,high,300,sparse,4
gamma_medium__noise_high__T_300__density_sparse__seed_004,oracle_hybrid,6,0,0.5266691219651082,0.5266691219651082,0.5463562101814458,0.6299994298980662,-0.07444201935905792,medium,high,300,sparse,4
gamma_medium__noise_high__T_300__density_sparse__seed_004,hybrid,6,0,0.5203340974798696,0.5203340974798696,0.5397333656929851,0.6247005196532733,-0.07891870588378525,medium,high,300,sparse,4
gamma_strong__noise_high__T_300__density_dense__seed_003,pcmci_dag,6,0,0.8777439413472102,0.8777439413472102,0.7880504403565111,0.9356206287878789,-0.18229510534331791,strong,high,300,dense,3
gamma_strong__noise_high__T_300__density_dense__seed_003,oracle_hybrid,6,0,0.5389296806281737,0.5389296806281737,0.41025044416602224,0.5089939173858098,-0.0735204510034907,strong,high,300,dense,3
gamma_strong__noise_high__T_300__density_dense__seed_003,hybrid,6,0,0.5171512357106024,0.5171512357106023,0.4134360414022054,0.5107454919623784,-0.08891660825483243,strong,high,300,dense,3
gamma_weak__noise_medium__T_156__density_medium__seed_001,pcmci_dag,6,0,0.6713956500303805,0.6713956500303805,0.43511530723200903,0.5917040257814857,-0.04350438386502912,weak,medium,156,medium,1
gamma_weak__noise_medium__T_156__density_medium__seed_001,oracle_hybrid,6,0,0.4392051564794713,0.4392051564794713,0.42909735332994553,0.4734311866812524,0.2523111186212581,weak,medium,156,medium,1
gamma_weak__noise_medium__T_156__density_medium__seed_001,hybrid,6,0,0.8999328140635395,0.8999328140635394,0.5554638434922334,0.5945640494165753,0.3600609419206376,weak,medium,156,medium,1
gamma_weak__noise_low__T_156__density_sparse__seed_004,pcmci_dag,6,0,0.5129464966201465,0.5129464966201465,0.5058841361954362,0.6851798614381333,-0.23164919713789722,weak,low,156,sparse,4
gamma_weak__noise_low__T_156__density_sparse__seed_004,oracle_hybrid,6,0,0.36129238994682505,0.36129238994682505,0.3421058198134053,0.41696731934006487,0.15149830056783262,weak,low,156,sparse,4
gamma_weak__noise_low__T_156__density_sparse__seed_004,hybrid,6,0,0.3474492644124045,0.34744926441240437,0.3392510491704855,0.4189674950543594,0.12725194585440414,weak,low,156,sparse,4
gamma_strong__noise_low__T_300__density_sparse__seed_002,pcmci_dag,6,0,1.4771416067341032,1.4771416067341032,1.4357380568246765,1.898921880850328,0.09165149966729376,strong,low,300,sparse,2
gamma_strong__noise_low__T_300__density_sparse__seed_002,oracle_hybrid,6,0,0.6172413303490846,0.6172413303490846,0.6081508954605167,0.6945721513417028,0.1978404513089187,strong,low,300,sparse,2
gamma_strong__noise_low__T_300__density_sparse__seed_002,hybrid,6,0,0.5707598862908534,0.5707598862908533,0.580984099010155,0.6644497360233829,0.20847210042700723,strong,low,300,sparse,2
gamma_medium__noise_low__T_80__density_dense__seed_004,pcmci_dag,6,0,1.1052364635006728,1.1052364635006728,1.0950895189689642,1.4983838580598055,0.0691502015656567,medium,low,80,dense,4
gamma_medium__noise_low__T_80__density_dense__seed_004,oracle_hybrid,6,0,0.6249743006396166,0.6249743006396168,0.5309966538086254,0.5980574195846594,0.291334714185334,medium,low,80,dense,4
gamma_medium__noise_low__T_80__density_dense__seed_004,hybrid,6,0,0.5328385108318351,0.5328385108318351,0.5265921680217907,0.5853054866035146,0.2723387206905155,medium,low,80,dense,4
gamma_weak__noise_low__T_300__density_dense__seed_003,pcmci_dag,6,0,0.7474429260332242,0.7474429260332242,0.5977543195952256,0.7512652224818513,-0.5276765409239833,weak,low,300,dense,3
gamma_weak__noise_low__T_300__density_dense__seed_003,oracle_hybrid,6,0,0.37025652987900665,0.37025652987900665,0.39808835500708045,0.5011366468691822,-0.22526655880072533,weak,low,300,dense,3
gamma_weak__noise_low__T_300__density_dense__seed_003,hybrid,6,0,0.5511096237859519,0.5511096237859519,0.38490018907328755,0.5012958547212931,-0.24813510871241592,weak,low,300,dense,3
gamma_medium__noise_low__T_80__density_sparse__seed_003,pcmci_dag,6,0,1.3209499999999998,1.3209499999999998,1.3209499999999998,1.6449455527970118,-1.3209499999999998,medium,low,80,sparse,3
gamma_medium__noise_low__T_80__density_sparse__seed_003,oracle_hybrid,6,0,0.9288097660854323,0.9288097660854322,0.9340312574610743,1.0391730604741614,0.319843065621523,medium,low,80,sparse,3
gamma_medium__noise_low__T_80__density_sparse__seed_003,hybrid,6,0,0.8171863946749897,0.8171863946749897,1.0315442308300662,1.144785868713234,0.36155054026645933,medium,low,80,sparse,3
gamma_strong__noise_low__T_300__density_dense__seed_005,pcmci_dag,6,0,0.5547277311135727,0.5547277311135725,0.4266116696232268,0.5595062506416254,-0.0028223653555596493,strong,low,300,dense,5
gamma_strong__noise_low__T_300__density_dense__seed_005,oracle_hybrid,6,0,0.39907259571128434,0.39907259571128434,0.3225529048607893,0.35667558926691495,0.12088191866509436,strong,low,300,dense,5
gamma_strong__noise_low__T_300__density_dense__seed_005,hybrid,6,0,0.5063262297750439,0.5063262297750439,0.2952652210126965,0.3334626829123547,0.09827187608171807,strong,low,300,dense,5
gamma_strong__noise_medium__T_156__density_dense__seed_001,pcmci_dag,6,0,0.9689666666666668,0.9689666666666668,0.9689666666666668,1.0588797948775868,-0.9689666666666668,strong,medium,156,dense,1
gamma_strong__noise_medium__T_156__density_dense__seed_001,oracle_hybrid,6,0,0.5601649358076459,0.5601649358076459,0.3368220938985175,0.4235614202982036,0.19759975325789533,strong,medium,156,dense,1
gamma_strong__noise_medium__T_156__density_dense__seed_001,hybrid,6,0,0.9206412242786725,0.9206412242786725,0.47888424243275507,0.5220472944772324,0.286277072869638,strong,medium,156,dense,1
gamma_strong__noise_medium__T_156__density_dense__seed_002,pcmci_dag,6,0,1.0812102438127142,1.0812102438127142,1.047074874992519,1.2622094982546386,-1.047074874992519,strong,medium,156,dense,2
gamma_strong__noise_medium__T_156__density_dense__seed_002,oracle_hybrid,6,0,0.48268354790045115,0.48268354790045104,0.4295225089135098,0.4543988975806303,-0.02557819725586859,strong,medium,156,dense,2
gamma_strong__noise_medium__T_156__density_dense__seed_002,hybrid,6,0,0.49235109646950304,0.49235109646950304,0.47086744395320196,0.5003130567271807,-0.043650298867808135,strong,medium,156,dense,2
gamma_strong__noise_medium__T_80__density_medium__seed_004,pcmci_dag,6,0,1.0027794256258404,1.0027794256258404,0.9593252754265826,1.2621493037413585,-0.017508057906750474,strong,medium,80,medium,4
gamma_strong__noise_medium__T_80__density_medium__seed_004,oracle_hybrid,6,0,0.6037754233269389,0.6037754233269389,0.4894147931274866,0.5513269359118009,0.26605725879630665,strong,medium,80,medium,4
gamma_strong__noise_medium__T_80__density_medium__seed_004,hybrid,6,0,0.6703931849470465,0.6703931849470465,0.5439190762631542,0.5837331361703747,0.20798072200382975,strong,medium,80,medium,4
gamma_strong__noise_medium__T_156__density_medium__seed_004,pcmci_dag,6,0,1.0787523696167063,1.078752369616706,0.980073459030108,1.0628445429308495,-0.6354265409698922,strong,medium,156,medium,4
gamma_strong__noise_medium__T_156__density_medium__seed_004,oracle_hybrid,6,0,0.4246910935881229,0.4246910935881228,0.27219438770880156,0.3213581169162313,0.0833731856851508,strong,medium,156,medium,4
gamma_strong__noise_medium__T_156__density_medium__seed_004,hybrid,6,0,0.4360372957520737,0.4360372957520737,0.28607744235459787,0.34418448305886584,0.1108983263011298,strong,medium,156,medium,4
gamma_weak__noise_high__T_300__density_sparse__seed_003,pcmci_dag,6,0,0.7367191046582864,0.7367191046582864,0.6468236948003618,0.8282019014017308,-0.6468236948003618,weak,high,300,sparse,3
gamma_weak__noise_high__T_300__density_sparse__seed_003,oracle_hybrid,6,0,0.5163511873299701,0.5163511873299701,0.5346338565532329,0.6998508478137196,-0.254053700686434,weak,high,300,sparse,3
gamma_weak__noise_high__T_300__density_sparse__seed_003,hybrid,6,0,0.5793908825033308,0.5793908825033308,0.56672493825593,0.7108320010777057,-0.273963840213644,weak,high,300,sparse,3
gamma_medium__noise_high__T_300__density_medium__seed_005,pcmci_dag,6,0,0.5465291973556257,0.5465291973556257,0.5161555539954258,0.6305687558294514,-0.1598301182373533,medium,high,300,medium,5
gamma_medium__noise_high__T_300__density_medium__seed_005,oracle_hybrid,6,0,0.4484880548277453,0.4484880548277453,0.4364485074206266,0.5417562720022523,0.010573045374969114,medium,high,300,medium,5
gamma_medium__noise_high__T_300__density_medium__seed_005,hybrid,6,0,0.690876896805069,0.6908768968050691,0.4573603780344859,0.535352387323873,0.025008343128677574,medium,high,300,medium,5
gamma_weak__noise_medium__T_300__density_sparse__seed_002,pcmci_dag,6,0,1.3565560870583326,1.3565560870583326,1.356556087058333,1.7361707281632925,-0.21339329824433764,weak,medium,300,sparse,2
gamma_weak__noise_medium__T_300__density_sparse__seed_002,oracle_hybrid,6,0,0.7919214855051683,0.7919214855051683,0.7912574528750752,0.992622196365224,0.2581377416689211,weak,medium,300,sparse,2
gamma_weak__noise_medium__T_300__density_sparse__seed_002,hybrid,6,0,0.7830849841485904,0.7830849841485903,0.7948680264035785,1.0169071447909699,0.24538006270198723,weak,medium,300,sparse,2
gamma_weak__noise_low__T_80__density_dense__seed_005,pcmci_dag,6,0,0.7814281104054795,0.7814281104054795,0.7814281104054794,0.8958078906393414,-0.48520522292785384,weak,low,80,dense,5
gamma_weak__noise_low__T_80__density_dense__seed_005,oracle_hybrid,6,0,0.6880130090174061,0.6880130090174061,0.640694713395061,0.7753725912687413,0.04902676113852062,weak,low,80,dense,5
gamma_weak__noise_low__T_80__density_dense__seed_005,hybrid,6,0,0.6670237815236401,0.6670237815236401,0.66702378152364,0.8263481306145615,0.028490802161964552,weak,low,80,dense,5
gamma_strong__noise_medium__T_300__density_dense__seed_004,pcmci_dag,6,0,1.0884561628531173,1.0884561628531173,1.118391356031465,1.384300785731089,-0.24465199071617713,strong,medium,300,dense,4
gamma_strong__noise_medium__T_300__density_dense__seed_004,oracle_hybrid,6,0,0.4513474898446878,0.4513474898446878,0.44663282358203354,0.5019926164220538,0.11928716239823052,strong,medium,300,dense,4
gamma_strong__noise_medium__T_300__density_dense__seed_004,hybrid,6,0,0.47773676896395506,0.47773676896395495,0.4400325637863724,0.49284403905570207,0.14826989416185657,strong,medium,300,dense,4
gamma_weak__noise_medium__T_80__density_sparse__seed_003,pcmci_dag,6,0,1.3710333333333333,1.3710333333333333,1.3710333333333333,1.7290230420673982,-1.3710333333333333,weak,medium,80,sparse,3
gamma_weak__noise_medium__T_80__density_sparse__seed_003,oracle_hybrid,6,0,0.9035443074554204,0.9035443074554204,0.9088592140099235,0.9538872687649086,0.301116680581991,weak,medium,80,sparse,3
gamma_weak__noise_medium__T_80__density_sparse__seed_003,hybrid,6,0,1.1326702374050293,1.1326702374050295,0.922985699753053,0.9666183421627232,0.22512543176971836,weak,medium,80,sparse,3
gamma_strong__noise_low__T_80__density_dense__seed_002,pcmci_dag,6,0,0.9314307758013545,0.9314307758013545,0.8425856697874496,0.937922091682057,-0.33171433021255037,strong,low,80,dense,2
gamma_strong__noise_low__T_80__density_dense__seed_002,oracle_hybrid,6,0,0.7169838579838322,0.7169838579838322,0.3490802705333873,0.47580032786955195,0.3376560239167714,strong,low,80,dense,2
gamma_strong__noise_low__T_80__density_dense__seed_002,hybrid,6,0,0.7272470607387519,0.727247060738752,0.3564159195394305,0.4862477768439663,0.34160425287497365,strong,low,80,dense,2
gamma_medium__noise_high__T_300__density_dense__seed_001,pcmci_dag,6,0,0.5727708589335497,0.5727708589335498,0.5326649720075509,0.6936695688189826,-0.2439335584115635,medium,high,300,dense,1
gamma_medium__noise_high__T_300__density_dense__seed_001,oracle_hybrid,6,0,0.4285932900875172,0.42859329008751734,0.3237339532998018,0.4435933360415929,-0.0979222656315986,medium,high,300,dense,1
gamma_medium__noise_high__T_300__density_dense__seed_001,hybrid,6,0,0.41988667109554595,0.41988667109554595,0.3234308485149808,0.4450518023269214,-0.0757395669116564,medium,high,300,dense,1
gamma_medium__noise_high__T_80__density_sparse__seed_003,pcmci_dag,6,0,1.3209499999999998,1.3209499999999998,1.3209499999999998,1.6449455527970118,-1.3209499999999998,medium,high,80,sparse,3
gamma_medium__noise_high__T_80__density_sparse__seed_003,oracle_hybrid,6,0,1.0548777457573213,1.0548777457573213,1.0528417847507976,1.209068462051633,0.6513340957038884,medium,high,80,sparse,3
gamma_medium__noise_high__T_80__density_sparse__seed_003,hybrid,6,0,1.053318606626758,1.0533186066267581,1.0621765379195691,1.1486628699104884,0.5490274633414359,medium,high,80,sparse,3
gamma_medium__noise_high__T_80__density_dense__seed_002,pcmci_dag,6,0,0.9797270157075086,0.9797270157075086,0.9243752300998821,1.0684023058487147,-0.32555810323345125,medium,high,80,dense,2
gamma_medium__noise_high__T_80__density_dense__seed_002,oracle_hybrid,6,0,0.6672914345763673,0.6672914345763673,0.4208967408846351,0.5368824256762265,0.4208967408846351,medium,high,80,dense,2
gamma_medium__noise_high__T_80__density_dense__seed_002,hybrid,6,0,0.5891153070761623,0.5891153070761623,0.41478602197684705,0.5930001622263887,0.41478602197684705,medium,high,80,dense,2
gamma_strong__noise_low__T_156__density_dense__seed_004,pcmci_dag,6,0,0.8337832724148507,0.8337832724148507,0.7316853353620454,0.79182655858725,-0.5679146646379548,strong,low,156,dense,4
gamma_strong__noise_low__T_156__density_dense__seed_004,oracle_hybrid,6,0,0.5902086273717352,0.5902086273717352,0.32794912312643887,0.38153305687222966,0.15212848989907668,strong,low,156,dense,4
gamma_strong__noise_low__T_156__density_dense__seed_004,hybrid,6,0,0.5200403123957557,0.5200403123957557,0.29191585529489467,0.3353024170519724,0.16503726553129253,strong,low,156,dense,4
gamma_medium__noise_high__T_156__density_dense__seed_001,pcmci_dag,6,0,1.8873936577421926,1.8873936577421926,1.710108618532016,2.16912218603121,0.19437528519868283,medium,high,156,dense,1
gamma_medium__noise_high__T_156__density_dense__seed_001,oracle_hybrid,6,0,0.5880187311672435,0.5880187311672435,0.5105620287327939,0.6075869456409722,0.3525021902885374,medium,high,156,dense,1
gamma_medium__noise_high__T_156__density_dense__seed_001,hybrid,6,0,1.0654159897498168,1.0654159897498168,0.6408466685100995,0.7298723872521173,0.461763651386817,medium,high,156,dense,1
gamma_medium__noise_low__T_80__density_dense__seed_001,pcmci_dag,6,0,0.5966991841859081,0.5966991841859081,0.5674553004511088,0.6298126698115456,-0.4073780328822245,medium,low,80,dense,1
gamma_medium__noise_low__T_80__density_dense__seed_001,oracle_hybrid,6,0,0.4595490091535553,0.4595490091535553,0.2613404609400484,0.30878413082092104,0.13516384680774562,medium,low,80,dense,1
gamma_medium__noise_low__T_80__density_dense__seed_001,hybrid,6,0,0.4096129689514853,0.4096129689514853,0.2886585508372724,0.3237124290146338,0.15232954374526828,medium,low,80,dense,1
gamma_medium__noise_low__T_300__density_sparse__seed_002,pcmci_dag,6,0,1.275558051833066,1.275558051833066,1.2601669037776884,1.659303394758523,-0.14723500616166432,medium,low,300,sparse,2
gamma_medium__noise_low__T_300__density_sparse__seed_002,oracle_hybrid,6,0,0.6943815883203911,0.6943815883203911,0.6930539282404432,0.8661448846640246,0.2424097116881693,medium,low,300,sparse,2
gamma_medium__noise_low__T_300__density_sparse__seed_002,hybrid,6,0,0.6828324098792219,0.6828324098792219,0.6767058637274119,0.8387876950811721,0.2064533308598774,medium,low,300,sparse,2
gamma_weak__noise_medium__T_300__density_medium__seed_002,pcmci_dag,6,0,0.9724524210028593,0.9724524210028593,0.9724524210028593,1.1614361328624914,-0.9724524210028593,weak,medium,300,medium,2
gamma_weak__noise_medium__T_300__density_medium__seed_002,oracle_hybrid,6,0,0.8093073758486521,0.8093073758486519,0.8142723842555482,1.058046721102839,0.3056134321370365,weak,medium,300,medium,2
gamma_weak__noise_medium__T_300__density_medium__seed_002,hybrid,6,0,0.7568909386714374,0.7568909386714374,0.7800308278159124,1.0638773726651503,0.2849382238724639,weak,medium,300,medium,2
gamma_strong__noise_low__T_300__density_sparse__seed_004,pcmci_dag,6,0,0.7032919215120833,0.7032919215120832,0.7813328181250614,0.9997486781505532,-0.02536557099013048,strong,low,300,sparse,4
gamma_strong__noise_low__T_300__density_sparse__seed_004,oracle_hybrid,6,0,0.2957423278054145,0.29574232780541443,0.3304637303104035,0.3964019594459065,-0.06105914681785359,strong,low,300,sparse,4
gamma_strong__noise_low__T_300__density_sparse__seed_004,hybrid,6,0,0.2978958119359881,0.29789581193598796,0.3326668908034465,0.401441422073733,-0.050338866700843955,strong,low,300,sparse,4
gamma_strong__noise_low__T_156__density_medium__seed_002,pcmci_dag,6,0,1.0168456794424852,1.0168456794424852,1.0187484278403733,1.274781015966354,-1.0187484278403733,strong,low,156,medium,2
gamma_strong__noise_low__T_156__density_medium__seed_002,oracle_hybrid,6,0,0.43443874324183857,0.4344387432418384,0.5197091984718611,0.6384442294825232,0.016045221210779653,strong,low,156,medium,2
gamma_strong__noise_low__T_156__density_medium__seed_002,hybrid,6,0,0.40620607274274834,0.40620607274274834,0.4932695036235463,0.593867085215407,0.0014840357030971492,strong,low,156,medium,2
gamma_weak__noise_high__T_156__density_dense__seed_004,pcmci_dag,6,0,1.2947719573751095,1.2947719573751095,1.2956078253076293,1.707493661261963,-0.13904201200116775,weak,high,156,dense,4
gamma_weak__noise_high__T_156__density_dense__seed_004,oracle_hybrid,6,0,0.2867370562996238,0.2867370562996238,0.2352446920301096,0.30152484793790485,0.048188758786265405,weak,high,156,dense,4
gamma_weak__noise_high__T_156__density_dense__seed_004,hybrid,6,0,0.22557289419830226,0.22557289419830232,0.22099342724710325,0.28152697420522665,0.03719609318144825,weak,high,156,dense,4
gamma_medium__noise_medium__T_300__density_dense__seed_001,pcmci_dag,6,0,0.6162436988870081,0.6162436988870081,0.6065081729037839,0.789410439749873,-0.12880529251323794,medium,medium,300,dense,1
gamma_medium__noise_medium__T_300__density_dense__seed_001,oracle_hybrid,6,0,0.39406828036579444,0.39406828036579444,0.3333599285174209,0.38514784056062634,-0.07505473466626063,medium,medium,300,dense,1
gamma_medium__noise_medium__T_300__density_dense__seed_001,hybrid,6,0,0.3736234798554559,0.3736234798554558,0.318802785648822,0.3692700157750375,-0.07337388843519727,medium,medium,300,dense,1
gamma_medium__noise_medium__T_300__density_dense__seed_003,pcmci_dag,6,0,0.8627636865329119,0.8627636865329119,0.6818909863345742,0.7888388786424808,-0.43867437522127245,medium,medium,300,dense,3
gamma_medium__noise_medium__T_300__density_dense__seed_003,oracle_hybrid,6,0,0.37156687866701693,0.37156687866701693,0.40836053091565433,0.5012830762467865,-0.13680639575294137,medium,medium,300,dense,3
gamma_medium__noise_medium__T_300__density_dense__seed_003,hybrid,6,0,0.5821348605567639,0.5821348605567639,0.40248328556874235,0.5002893676736624,-0.19946049605629515,medium,medium,300,dense,3
gamma_weak__noise_medium__T_80__density_sparse__seed_005,pcmci_dag,6,0,0.7451104831181351,0.7451104831181351,0.7198463690370481,0.8569793942733926,-0.5185202976296184,weak,medium,80,sparse,5
gamma_weak__noise_medium__T_80__density_sparse__seed_005,oracle_hybrid,6,0,0.7583004529547521,0.7583004529547521,0.7483887168180541,0.9511408608867324,0.11647737954734727,weak,medium,80,sparse,5
gamma_weak__noise_medium__T_80__density_sparse__seed_005,hybrid,6,0,0.785230004806623,0.785230004806623,0.7891427649570334,0.9790596802085765,0.11155099031413367,weak,medium,80,sparse,5
gamma_medium__noise_high__T_80__density_dense__seed_005,pcmci_dag,6,0,1.0702203624514486,1.0702203624514486,0.8415856386346515,0.9569129623863145,-0.5618476946986818,medium,high,80,dense,5
gamma_medium__noise_high__T_80__density_dense__seed_005,oracle_hybrid,6,0,0.7907758053114607,0.7907758053114607,0.6699018643800021,0.7955236350713957,0.1598614962238504,medium,high,80,dense,5
gamma_medium__noise_high__T_80__density_dense__seed_005,hybrid,6,0,0.7608306256419238,0.7608306256419238,0.7438387080444041,0.9061395149112806,0.11776030623491611,medium,high,80,dense,5
gamma_medium__noise_medium__T_80__density_medium__seed_002,pcmci_dag,6,0,0.9741360882977442,0.9741360882977442,0.9152591472533721,1.0887785757986128,-0.3152741860799613,medium,medium,80,medium,2
gamma_medium__noise_medium__T_80__density_medium__seed_002,oracle_hybrid,6,0,0.5359375741845663,0.5359375741845663,0.42642143714241865,0.5592119210559795,0.38868410004578013,medium,medium,80,medium,2
gamma_medium__noise_low__T_300__density_dense__seed_002,pcmci_dag,6,0,1.6593566252152663,1.6593566252152667,1.5975298141200722,2.133048845409576,0.2230837563722331,medium,low,300,dense,2
gamma_medium__noise_low__T_300__density_dense__seed_002,oracle_hybrid,6,0,0.6267432388123472,0.6267432388123472,0.6300700153121838,0.7948482221115762,0.24846053070220311,medium,low,300,dense,2
gamma_medium__noise_low__T_300__density_dense__seed_002,hybrid,6,0,0.6405374542785598,0.6405374542785598,0.6343137225051217,0.7858179246158722,0.23848571246431993,medium,low,300,dense,2
gamma_medium__noise_high__T_300__density_sparse__seed_002,pcmci_dag,6,0,1.2454,1.2454,1.2454,1.4769253704910077,-1.2454,medium,high,300,sparse,2
gamma_medium__noise_high__T_300__density_sparse__seed_002,oracle_hybrid,6,0,0.8701048707667134,0.8701048707667134,0.8637543070441157,0.9496890835702493,0.2615092953534273,medium,high,300,sparse,2
gamma_medium__noise_high__T_300__density_sparse__seed_002,hybrid,6,0,0.8762006861379584,0.8762006861379584,0.8639828368914731,0.9621525429860113,0.2640865327290323,medium,high,300,sparse,2
gamma_medium__noise_low__T_156__density_dense__seed_001,pcmci_dag,6,0,0.8962118562832022,0.8962118562832022,0.7059320537293452,0.8375919215003911,-0.4678608873471884,medium,low,156,dense,1
gamma_medium__noise_low__T_156__density_dense__seed_001,oracle_hybrid,6,0,0.3376354206654845,0.33763542066548435,0.2949892284370203,0.3626033692705303,0.12029482528331471,medium,low,156,dense,1
gamma_medium__noise_low__T_156__density_dense__seed_001,hybrid,6,0,0.7098254159873822,0.7098254159873822,0.4054883495747041,0.44595910233476865,0.1773998612889857,medium,low,156,dense,1
gamma_weak__noise_low__T_80__density_sparse__seed_002,pcmci_dag,6,0,0.7927333333333332,0.7927333333333332,0.7927333333333332,0.9438691982119839,-0.7927333333333332,weak,low,80,sparse,2
gamma_weak__noise_low__T_80__density_sparse__seed_002,oracle_hybrid,6,0,0.526988398703175,0.526988398703175,0.5120700795585175,0.7308291583409494,0.48404776508889796,weak,low,80,sparse,2
gamma_weak__noise_low__T_80__density_sparse__seed_002,hybrid,6,0,0.5495671595187549,0.5495671595187547,0.5164268431024843,0.7324276799047953,0.48112691566450677,weak,low,80,sparse,2
gamma_medium__noise_low__T_80__density_dense__seed_003,pcmci_dag,6,0,1.2533333333333334,1.2533333333333334,1.2533333333333334,1.491311287648111,-1.2533333333333334,medium,low,80,dense,3
gamma_medium__noise_low__T_80__density_dense__seed_003,oracle_hybrid,6,0,0.5842190953493084,0.5842190953493084,0.664737960852656,0.7610081541824658,0.2350658648540327,medium,low,80,dense,3
gamma_medium__noise_low__T_80__density_dense__seed_003,hybrid,6,0,0.8224828514313679,0.8224828514313679,0.6552608466944759,0.737400752809541,0.3158134595137031,medium,low,80,dense,3
gamma_weak__noise_high__T_80__density_medium__seed_004,pcmci_dag,6,0,0.9112677080261656,0.9112677080261656,0.9112677080261656,1.1077299489162182,-0.30686562530716754,weak,high,80,medium,4
gamma_weak__noise_high__T_80__density_medium__seed_004,oracle_hybrid,6,0,0.7213797469942107,0.7213797469942107,0.6620478710783181,0.7598247900225882,0.3156372148855004,weak,high,80,medium,4
gamma_weak__noise_high__T_80__density_medium__seed_004,hybrid,6,0,0.6972750944086695,0.6972750944086695,0.6972750944086695,0.8305513742435829,0.3020916089489343,weak,high,80,medium,4
gamma_weak__noise_low__T_156__density_dense__seed_001,pcmci_dag,6,0,0.5887020390459722,0.5887020390459722,0.3446743441223144,0.5270981473279989,-0.20268876526174037,weak,low,156,dense,1
gamma_weak__noise_low__T_156__density_dense__seed_001,oracle_hybrid,6,0,0.36329061703442206,0.36329061703442206,0.35352062164069964,0.4138911115520351,0.1531276642014646,weak,low,156,dense,1
gamma_weak__noise_low__T_156__density_dense__seed_001,hybrid,6,0,0.6934389839805197,0.6934389839805197,0.41309819316826585,0.47508576997608115,0.18934307602851808,weak,low,156,dense,1
gamma_weak__noise_low__T_300__density_medium__seed_005,pcmci_dag,6,0,0.6722907416374918,0.6722907416374918,0.6171724521981644,0.7375702411219789,-0.17698784958855543,weak,low,300,medium,5
gamma_weak__noise_low__T_300__density_medium__seed_005,oracle_hybrid,6,0,0.338752398136083,0.338752398136083,0.3323616444140161,0.3886362150398709,-0.037923779554337934,weak,low,300,medium,5
gamma_weak__noise_low__T_300__density_medium__seed_005,hybrid,6,0,0.4810585397573224,0.48105853975732255,0.3351170677894033,0.46623532024895115,-0.0006994881665017827,weak,low,300,medium,5
gamma_medium__noise_high__T_80__density_medium__seed_005,pcmci_dag,6,0,0.9051833333333333,0.9051833333333333,0.9051833333333333,1.0570204247474755,-0.9051833333333333,medium,high,80,medium,5
gamma_medium__noise_high__T_80__density_medium__seed_005,oracle_hybrid,6,0,0.9098609840558556,0.9098609840558556,0.7807021852067941,0.9210261642200601,0.10508718735674272,medium,high,80,medium,5
gamma_medium__noise_high__T_80__density_medium__seed_005,hybrid,6,0,0.8591440279676643,0.8591440279676643,0.8374325192276766,0.9887330756248841,0.12156085208584398,medium,high,80,medium,5
gamma_strong__noise_low__T_80__density_medium__seed_001,pcmci_dag,6,0,0.5687564347819211,0.5687564347819211,0.4774217487214813,0.5696039551197436,-0.4404449179451854,strong,low,80,medium,1
gamma_strong__noise_low__T_80__density_medium__seed_001,oracle_hybrid,6,0,0.44056323500826444,0.4405632350082645,0.26918169865841995,0.3038333350691684,0.16325124566543212,strong,low,80,medium,1
gamma_strong__noise_low__T_80__density_medium__seed_001,hybrid,6,0,0.51368638804685,0.51368638804685,0.2496999108516115,0.2956367558795614,0.1445652128666643,strong,low,80,medium,1
gamma_weak__noise_low__T_300__density_dense__seed_004,pcmci_dag,6,0,0.9149935414569285,0.9149935414569285,0.9149935414569281,1.1538031090204444,-0.8567064585430718,weak,low,300,dense,4
gamma_weak__noise_low__T_300__density_dense__seed_004,oracle_hybrid,6,0,0.30679840621195026,0.3067984062119502,0.3373205895436365,0.4185508803777502,-0.11359235996208931,weak,low,300,dense,4
gamma_weak__noise_low__T_300__density_dense__seed_004,hybrid,6,0,0.32417452073167846,0.32417452073167846,0.3241745207316788,0.4084321986508968,-0.1504124108689733,weak,low,300,dense,4
gamma_strong__noise_high__T_300__density_medium__seed_002,pcmci_dag,6,0,1.302098218174977,1.302098218174977,1.2744027662221324,1.7680541004841992,0.25878552079603967,strong,high,300,medium,2
gamma_strong__noise_high__T_300__density_medium__seed_002,oracle_hybrid,6,0,0.7289090522775098,0.7289090522775098,0.6965879046137474,0.7853063998999278,0.30088179852266955,strong,high,300,medium,2
gamma_strong__noise_high__T_300__density_medium__seed_002,hybrid,6,0,0.6939935967080301,0.6939935967080301,0.6750960462702643,0.7589312050523922,0.2832971504520121,strong,high,300,medium,2
gamma_weak__noise_high__T_156__density_dense__seed_002,pcmci_dag,6,0,1.0982926350141993,1.0982926350141993,1.1160573497450692,1.4834633340488816,-1.1160573497450692,weak,high,156,dense,2
gamma_weak__noise_high__T_156__density_dense__seed_002,oracle_hybrid,6,0,0.4360008236297432,0.43600082362974324,0.48685581700622754,0.6115030570205985,-0.21693244271578715,weak,high,156,dense,2
gamma_weak__noise_high__T_156__density_dense__seed_002,hybrid,6,0,0.40656967908388864,0.4065696790838886,0.4207613243102572,0.5348401660668065,-0.21546412745238255,weak,high,156,dense,2
gamma_weak__noise_high__T_300__density_dense__seed_001,pcmci_dag,6,0,0.6495146801479863,0.6495146801479863,0.5680095262015674,0.712260092292928,-0.3777153186981191,weak,high,300,dense,1
gamma_weak__noise_high__T_300__density_dense__seed_001,oracle_hybrid,6,0,0.4109701350883293,0.41097013508832947,0.3777033460690092,0.4863143316963197,-0.06413147041243539,weak,high,300,dense,1
gamma_weak__noise_high__T_300__density_dense__seed_001,hybrid,6,0,0.34987365337758863,0.3498736533775886,0.39024786214653445,0.5004877983429138,-0.14973509993207612,weak,high,300,dense,1
gamma_weak__noise_high__T_156__density_sparse__seed_001,pcmci_dag,6,0,1.4037217661215944,1.4037217661215944,1.1328933653734536,1.5614634836031305,-0.06971572851929546,weak,high,156,sparse,1
gamma_weak__noise_high__T_156__density_sparse__seed_001,oracle_hybrid,6,0,0.5648171388733627,0.5648171388733627,0.5666132366457611,0.6224564172933618,0.40501966442773424,weak,high,156,sparse,1
gamma_weak__noise_high__T_156__density_sparse__seed_001,hybrid,6,0,1.0906515622647834,1.0906515622647834,0.7033854218741634,0.7532515837579199,0.53820678385713,weak,high,156,sparse,1
gamma_medium__noise_high__T_300__density_medium__seed_001,pcmci_dag,6,0,0.5800323708956064,0.5800323708956063,0.5391666492193055,0.6825198045799327,-0.1349561359123361,medium,high,300,medium,1
gamma_medium__noise_high__T_300__density_medium__seed_001,oracle_hybrid,6,0,0.4494427437679265,0.44944274376792653,0.4020659781976301,0.4825522997499239,0.00827151893089817,medium,high,300,medium,1
gamma_medium__noise_high__T_300__density_medium__seed_001,hybrid,6,0,0.45018431310408524,0.45018431310408524,0.4021005005768221,0.48089955622194297,0.0052978328803853225,medium,high,300,medium,1
gamma_strong__noise_low__T_300__density_medium__seed_005,pcmci_dag,6,0,0.6131182344312117,0.6131182344312117,0.5032620385165983,0.6289199156978937,0.036473970278805945,strong,low,300,medium,5
gamma_strong__noise_low__T_300__density_medium__seed_005,oracle_hybrid,6,0,0.39888500770835716,0.39888500770835716,0.35630313101148464,0.4326718750709289,0.11467615687256749,strong,low,300,medium,5
gamma_strong__noise_low__T_300__density_medium__seed_005,hybrid,6,0,0.606485416727765,0.606485416727765,0.3821228186966716,0.465049472012905,0.16057254915902439,strong,low,300,medium,5
gamma_weak__noise_high__T_80__density_sparse__seed_005,pcmci_dag,6,0,0.9243666666666667,0.9243666666666667,0.9243666666666667,1.1101516127688746,-0.9243666666666667,weak,high,80,sparse,5
gamma_weak__noise_high__T_80__density_sparse__seed_005,oracle_hybrid,6,0,0.8855725395369,0.8855725395369,0.8740500973531522,1.1046560222966684,0.19217620703358165,weak,high,80,sparse,5
gamma_weak__noise_high__T_80__density_sparse__seed_005,hybrid,6,0,0.8639448451400705,0.8639448451400705,0.8677892303858252,1.1185214107110626,0.20242210498212776,weak,high,80,sparse,5
gamma_weak__noise_medium__T_156__density_dense__seed_003,pcmci_dag,6,0,1.3888822843327266,1.3888822843327266,1.3900904220900927,1.9939622615375503,-1.3900904220900927,weak,medium,156,dense,3
gamma_weak__noise_medium__T_156__density_dense__seed_003,oracle_hybrid,6,0,0.316540100370914,0.316540100370914,0.3410642802925572,0.39305949291697234,-0.16621359837950508,weak,medium,156,dense,3
gamma_weak__noise_medium__T_156__density_dense__seed_003,hybrid,6,0,0.32787064493764345,0.3278706449376434,0.31896314829785993,0.3974797621123266,-0.12820565318764968,weak,medium,156,dense,3
gamma_strong__noise_medium__T_80__density_dense__seed_002,pcmci_dag,6,0,0.9343681650430301,0.9343681650430301,0.8450386816472714,0.9419410779859176,-0.3292613183527287,strong,medium,80,dense,2
gamma_strong__noise_medium__T_80__density_dense__seed_002,oracle_hybrid,6,0,0.774479701630145,0.774479701630145,0.36452485233612086,0.4914647669084232,0.36297764762443924,strong,medium,80,dense,2
gamma_strong__noise_medium__T_80__density_dense__seed_002,hybrid,6,0,0.783555898101311,0.783555898101311,0.3710835143124083,0.47581382741998474,0.3710835143124083,strong,medium,80,dense,2
gamma_weak__noise_medium__T_300__density_medium__seed_003,pcmci_dag,6,0,0.7529227248963258,0.7529227248963258,0.6186096825955545,0.7841009726419158,-0.5899551713510478,weak,medium,300,medium,3
gamma_weak__noise_medium__T_300__density_medium__seed_003,oracle_hybrid,6,0,0.4001914215236721,0.4001914215236721,0.4155088202507091,0.549434067421485,-0.2421964503170624,weak,medium,300,medium,3
gamma_weak__noise_medium__T_300__density_medium__seed_003,hybrid,6,0,0.5574890569344094,0.5574890569344094,0.44306687082112245,0.5697092814351197,-0.27602643992102766,weak,medium,300,medium,3
gamma_weak__noise_medium__T_80__density_dense__seed_005,pcmci_dag,6,0,0.9294666666666666,0.9294666666666666,0.9294666666666666,1.0941109236879656,-0.9294666666666666,weak,medium,80,dense,5
gamma_weak__noise_medium__T_80__density_dense__seed_005,oracle_hybrid,6,0,0.771338138027977,0.7713381380279771,0.7061308914030451,0.8574287092110787,0.09269494039421929,weak,medium,80,dense,5
gamma_weak__noise_medium__T_80__density_dense__seed_005,hybrid,6,0,0.7680333208709381,0.7680333208709379,0.7680333208709381,0.9686499902782846,0.09669505466517873,weak,medium,80,dense,5
gamma_weak__noise_low__T_300__density_sparse__seed_003,pcmci_dag,6,0,0.7263148224933148,0.7263148224933148,0.5945469153930235,0.7750904960480658,-0.5799387093034911,weak,low,300,sparse,3
gamma_weak__noise_low__T_300__density_sparse__seed_003,oracle_hybrid,6,0,0.373007022708496,0.373007022708496,0.38989287917459664,0.5149376832787461,-0.2408282509632346,weak,low,300,sparse,3
gamma_weak__noise_low__T_300__density_sparse__seed_003,hybrid,6,0,0.5221713553832735,0.5221713553832736,0.4059207518616838,0.5292387020869557,-0.2673267083868176,weak,low,300,sparse,3
gamma_weak__noise_low__T_80__density_medium__seed_001,pcmci_dag,6,0,0.5554484665313387,0.5554484665313387,0.5301800910875044,0.6416287272364443,-0.4108532422458289,weak,low,80,medium,1
gamma_weak__noise_low__T_80__density_medium__seed_001,oracle_hybrid,6,0,0.41524538311243697,0.41524538311243697,0.32128685361360587,0.37936609647537706,0.17853197469190385,weak,low,80,medium,1
gamma_weak__noise_low__T_80__density_medium__seed_001,hybrid,6,0,0.40017076424827724,0.40017076424827724,0.3128375813889423,0.38602689457048667,0.13408240736694427,weak,low,80,medium,1
gamma_weak__noise_medium__T_156__density_sparse__seed_003,pcmci_dag,6,0,1.4740600607471537,1.4740600607471537,1.5479863388831072,2.1192925356228525,-1.5479863388831072,weak,medium,156,sparse,3
gamma_weak__noise_medium__T_156__density_sparse__seed_003,oracle_hybrid,6,0,0.36514196265835536,0.36514196265835536,0.3893128333803078,0.457370129795307,-0.13710700647177318,weak,medium,156,sparse,3
gamma_weak__noise_medium__T_156__density_sparse__seed_003,hybrid,6,0,0.3227977176683506,0.3227977176683507,0.432695292702549,0.5394230558573231,-0.19747680124374842,weak,medium,156,sparse,3
gamma_weak__noise_medium__T_80__density_sparse__seed_002,pcmci_dag,6,0,0.9702051337817034,0.9702051337817034,0.9298650737182643,1.1348981656859334,-0.31010159294840234,weak,medium,80,sparse,2
gamma_weak__noise_medium__T_80__density_sparse__seed_002,oracle_hybrid,6,0,0.5430856760212225,0.5430856760212225,0.5267654298724632,0.7356725947022297,0.5034691919223067,weak,medium,80,sparse,2
gamma_weak__noise_medium__T_80__density_sparse__seed_002,hybrid,6,0,0.5726170551890924,0.5726170551890924,0.537684385485214,0.761326270192948,0.5321752037447666,weak,medium,80,sparse,2
gamma_weak__noise_medium__T_156__density_dense__seed_004,pcmci_dag,6,0,0.6528810249273528,0.6528810249273529,0.6532668123958604,0.7401299847479511,-0.20844007022341726,weak,medium,156,dense,4
gamma_weak__noise_medium__T_156__density_dense__seed_004,oracle_hybrid,6,0,0.3506390921840905,0.3506390921840905,0.2961466441829239,0.34043836277808887,0.0942894769481238,weak,medium,156,dense,4
gamma_weak__noise_medium__T_156__density_dense__seed_004,hybrid,6,0,0.2658001249649065,0.2658001249649066,0.25907099177427934,0.3114778934156897,0.06347723372891682,weak,medium,156,dense,4
gamma_strong__noise_medium__T_156__density_sparse__seed_004,pcmci_dag,6,0,0.7997380654144401,0.7997380654144401,0.7411791268952229,0.8657978494927763,-0.5641208731047771,strong,medium,156,sparse,4
gamma_strong__noise_medium__T_156__density_sparse__seed_004,oracle_hybrid,6,0,0.345384258028181,0.345384258028181,0.2581661289426879,0.29577842947077526,0.07620834733728947,strong,medium,156,sparse,4
gamma_strong__noise_medium__T_156__density_sparse__seed_004,hybrid,6,0,0.3458613605085408,0.34586136050854094,0.25594082375409327,0.3025110719576282,0.0720028350375908,strong,medium,156,sparse,4
gamma_strong__noise_high__T_80__density_dense__seed_005,pcmci_dag,6,0,0.8480833333333333,0.8480833333333333,0.8480833333333333,0.9238109050738323,-0.8480833333333333,strong,high,80,dense,5
gamma_strong__noise_high__T_80__density_dense__seed_005,oracle_hybrid,6,0,0.7819353580058808,0.7819353580058808,0.5822172644348919,0.6740937879081629,0.182976115683971,strong,high,80,dense,5
gamma_strong__noise_high__T_80__density_dense__seed_005,hybrid,6,0,0.6626161218841181,0.6626161218841181,0.6103701231879294,0.7431808508659663,0.1650414244897995,strong,high,80,dense,5
gamma_strong__noise_high__T_300__density_sparse__seed_004,pcmci_dag,6,0,1.0693559590395194,1.0693559590395194,1.1369634071288575,1.2214604591829583,-0.7188599809195161,strong,high,300,sparse,4
gamma_strong__noise_high__T_300__density_sparse__seed_004,oracle_hybrid,6,0,0.5044129339049434,0.5044129339049434,0.5263255189131518,0.6019569939069436,-0.01831271528623409,strong,high,300,sparse,4
gamma_strong__noise_high__T_300__density_sparse__seed_004,hybrid,6,0,0.5012277304353218,0.5012277304353215,0.5229453261457176,0.5897130664428457,-0.009288164933985155,strong,high,300,sparse,4
gamma_strong__noise_high__T_80__density_medium__seed_004,pcmci_dag,6,0,0.9346275113585601,0.9346275113585601,0.8966837951328822,1.1624796134589226,-0.08014953820045105,strong,high,80,medium,4
gamma_strong__noise_high__T_80__density_medium__seed_004,oracle_hybrid,6,0,0.663967917157668,0.6639679171576681,0.5119970937293171,0.5895051000824068,0.2979905215654809,strong,high,80,medium,4
gamma_strong__noise_high__T_80__density_medium__seed_004,hybrid,6,0,0.7264973198698362,0.7264973198698362,0.5704550054038281,0.625858433385113,0.2420293825339793,strong,high,80,medium,4
gamma_weak__noise_low__T_80__density_sparse__seed_005,pcmci_dag,6,0,0.7691144680173293,0.7691144680173294,0.7691144680173293,0.8991615386305454,-0.46925219864933737,weak,low,80,sparse,5
gamma_weak__noise_low__T_80__density_sparse__seed_005,oracle_hybrid,6,0,0.7239719554139162,0.7239719554139162,0.7164592416813136,0.8762354575149037,0.07791387983067619,weak,low,80,sparse,5
gamma_weak__noise_low__T_80__density_sparse__seed_005,hybrid,6,0,0.70216768397368,0.70216768397368,0.70216768397368,0.8745824306774971,0.04798481181622372,weak,low,80,sparse,5
gamma_strong__noise_high__T_80__density_dense__seed_002,pcmci_dag,6,0,0.910397945996262,0.910397945996262,0.8242379850199367,0.9085581090450676,-0.35006201498006345,strong,high,80,dense,2
gamma_strong__noise_high__T_80__density_dense__seed_002,oracle_hybrid,6,0,0.8408805815090837,0.8408805815090837,0.40053620722046324,0.49529140606003874,0.40053620722046324,strong,high,80,dense,2
gamma_strong__noise_high__T_80__density_dense__seed_002,hybrid,6,0,0.8832793891237918,0.8832793891237918,0.4378843419771759,0.5306999053819247,0.4378843419771759,strong,high,80,dense,2
gamma_weak__noise_medium__T_156__density_medium__seed_004,pcmci_dag,6,0,0.6106818233580672,0.6106818233580672,0.6135437444769988,0.7491321661555851,-0.1788025068636164,weak,medium,156,medium,4
gamma_weak__noise_medium__T_156__density_medium__seed_004,oracle_hybrid,6,0,0.3278325477723823,0.3278325477723823,0.29539673331792243,0.34512424642642164,0.09615602715288803,weak,medium,156,medium,4
gamma_weak__noise_medium__T_156__density_medium__seed_004,hybrid,6,0,0.30241719822481444,0.30241719822481444,0.2873559413303705,0.333841430567824,0.08560326098881943,weak,medium,156,medium,4
gamma_strong__noise_medium__T_156__density_medium__seed_005,pcmci_dag,6,0,0.5781434100462636,0.5781434100462638,0.5763194615496158,0.8286442812598912,0.07732775784162332,strong,medium,156,medium,5
gamma_strong__noise_medium__T_156__density_medium__seed_005,oracle_hybrid,6,0,0.45402293525924203,0.45402293525924203,0.40982861137692134,0.46536746822773256,0.005642228332889798,strong,medium,156,medium,5
gamma_strong__noise_medium__T_156__density_medium__seed_005,hybrid,6,0,0.4459975504889349,0.4459975504889349,0.4051833516227554,0.45183902293997225,-0.008463484569468438,strong,medium,156,medium,5
gamma_strong__noise_low__T_156__density_dense__seed_001,pcmci_dag,6,0,0.9689666666666668,0.9689666666666668,0.9689666666666668,1.0588797948775868,-0.9689666666666668,strong,low,156,dense,1
gamma_strong__noise_low__T_156__density_dense__seed_001,oracle_hybrid,6,0,0.46542284414908,0.46542284414908,0.2916060354565832,0.34997830213937536,0.11717610211112854,strong,low,156,dense,1
gamma_strong__noise_low__T_156__density_dense__seed_001,hybrid,6,0,0.7530800673872887,0.7530800673872887,0.37662236929964,0.41548310765480756,0.2142280378109324,strong,low,156,dense,1
gamma_medium__noise_low__T_80__density_medium__seed_002,pcmci_dag,6,0,0.9734595754875714,0.9734595754875714,0.91369727826598,1.0862001824267513,-0.31683605506735346,medium,low,80,medium,2
gamma_medium__noise_low__T_80__density_medium__seed_002,oracle_hybrid,6,0,0.5225814460052388,0.5225814460052388,0.4219275608894438,0.5879303446249333,0.4038195941749012,medium,low,80,medium,2
gamma_medium__noise_low__T_80__density_medium__seed_002,hybrid,6,0,0.5013650235523789,0.5013650235523789,0.44285657534718403,0.6185771504461904,0.41402514646160116,medium,low,80,medium,2
gamma_weak__noise_low__T_300__density_medium__seed_004,pcmci_dag,6,0,0.8907373359951373,0.8907373359951375,0.8907373359951372,1.1601752438552964,-0.8599293306715295,weak,low,300,medium,4
gamma_weak__noise_low__T_300__density_medium__seed_004,oracle_hybrid,6,0,0.3077356379420409,0.3077356379420409,0.33524369721261443,0.429232782419314,-0.12876528123971487,weak,low,300,medium,4
gamma_weak__noise_low__T_300__density_medium__seed_004,hybrid,6,0,0.36328708138976235,0.36328708138976235,0.36328708138976257,0.43954967570212206,-0.1275695051136089,weak,low,300,medium,4
gamma_medium__noise_high__T_300__density_medium__seed_002,pcmci_dag,6,0,1.2290833333333333,1.2290833333333333,1.2290833333333333,1.435308874423899,-1.2290833333333333,medium,high,300,medium,2
gamma_medium__noise_high__T_300__density_medium__seed_002,oracle_hybrid,6,0,0.8757469857931447,0.8757469857931447,0.8709825023829133,1.065028389860927,0.349539905536092,medium,high,300,medium,2
gamma_medium__noise_high__T_300__density_medium__seed_002,hybrid,6,0,0.9050229933330952,0.9050229933330952,0.8906712541920246,1.0841787662849685,0.338645506008792,medium,high,300,medium,2
gamma_medium__noise_low__T_80__density_dense__seed_005,pcmci_dag,6,0,1.084253452058135,1.084253452058135,0.8532788590765619,0.9675376120209649,-0.5501544742567713,medium,low,80,dense,5
gamma_medium__noise_low__T_80__density_dense__seed_005,oracle_hybrid,6,0,0.6350979064609288,0.6350979064609287,0.5582543852243567,0.6697033307969718,0.04992747890352758,medium,low,80,dense,5
gamma_medium__noise_low__T_80__density_dense__seed_005,hybrid,6,0,0.6748279854179972,0.6748279854179972,0.5886618644903598,0.7420575505074762,0.01344236241616408,medium,low,80,dense,5
gamma_medium__noise_low__T_300__density_dense__seed_003,pcmci_dag,6,0,0.8623098181018659,0.8623098181018659,0.6793957539961378,0.7738670543128892,-0.40525637304881484,medium,low,300,dense,3
gamma_medium__noise_low__T_300__density_dense__seed_003,oracle_hybrid,6,0,0.36080330693838336,0.36080330693838336,0.40402300341108255,0.48422068217442565,-0.11809604609097997,medium,low,300,dense,3
gamma_medium__noise_low__T_300__density_dense__seed_003,hybrid,6,0,0.6050244359210449,0.6050244359210449,0.4236254122408802,0.4894122644947243,-0.1869935622256784,medium,low,300,dense,3
gamma_weak__noise_high__T_80__density_medium__seed_003,pcmci_dag,6,0,1.3583833333333333,1.3583833333333333,1.3583833333333333,1.7053790170125425,-1.3583833333333333,weak,high,80,medium,3
gamma_weak__noise_high__T_80__density_medium__seed_003,oracle_hybrid,6,0,0.9665428833031182,0.9665428833031182,0.947532228991587,1.0451290898969077,0.5148931544878048,weak,high,80,medium,3
gamma_weak__noise_high__T_80__density_medium__seed_003,hybrid,6,0,1.3689951333717894,1.3689951333717894,0.9753900086690829,1.064322440770391,0.40519932274713805,weak,high,80,medium,3
gamma_medium__noise_low__T_156__density_medium__seed_004,pcmci_dag,6,0,0.7853374576425488,0.7853374576425488,0.7404563522201335,1.0081173073680687,0.12527702593956744,medium,low,156,medium,4
gamma_medium__noise_low__T_156__density_medium__seed_004,oracle_hybrid,6,0,0.42277942979673505,0.42277942979673505,0.3491398653027696,0.4417179687469699,0.1518144966163375,medium,low,156,medium,4
gamma_medium__noise_low__T_156__density_medium__seed_004,hybrid,6,0,0.4391812447756194,0.4391812447756194,0.363841997537006,0.4592038274546083,0.1588357358110457,medium,low,156,medium,4
gamma_weak__noise_low__T_156__density_sparse__seed_005,pcmci_dag,6,0,0.6330815245939806,0.6330815245939806,0.40558037790307083,0.6125037322081188,-0.3226187364766928,weak,low,156,sparse,5
gamma_weak__noise_low__T_156__density_sparse__seed_005,oracle_hybrid,6,0,0.40207071201588035,0.40207071201588035,0.4196753567569737,0.49732334849773335,-0.1947135083122016,weak,low,156,sparse,5
gamma_weak__noise_low__T_156__density_sparse__seed_005,hybrid,6,0,0.5815916877842539,0.5815916877842539,0.3711735954744919,0.4733726921509329,-0.14293031418361749,weak,low,156,sparse,5
gamma_strong__noise_low__T_156__density_medium__seed_001,pcmci_dag,6,0,0.829242162694217,0.829242162694217,0.6335518662364075,0.9622015708588258,0.2655923605659644,strong,low,156,medium,1
gamma_strong__noise_low__T_156__density_medium__seed_001,oracle_hybrid,6,0,0.49744253217601586,0.4974425321760159,0.4073529394451205,0.453245503940632,0.21713055298041262,strong,low,156,medium,1
gamma_strong__noise_low__T_156__density_medium__seed_001,hybrid,6,0,0.8684270187105282,0.8684270187105282,0.5014724521467048,0.5236313604327564,0.2839227862219244,strong,low,156,medium,1
gamma_strong__noise_low__T_156__density_medium__seed_005,pcmci_dag,6,0,0.5867058063727191,0.586705806372719,0.5848167670892224,0.821966381133253,0.06544490743071275,strong,low,156,medium,5
gamma_strong__noise_low__T_156__density_medium__seed_005,oracle_hybrid,6,0,0.38557619232832163,0.38557619232832147,0.360775578211123,0.41053606231216583,-0.016790866817729583,strong,low,156,medium,5
gamma_strong__noise_low__T_156__density_medium__seed_005,hybrid,6,0,0.4115440179731529,0.4115440179731529,0.384078871459862,0.4335443190559411,-0.006250921417680688,strong,low,156,medium,5
gamma_medium__noise_medium__T_80__density_dense__seed_004,pcmci_dag,6,0,1.093417953780809,1.093417953780809,1.0834703703193902,1.4756695864721374,0.05474939224498121,medium,medium,80,dense,4
gamma_medium__noise_medium__T_80__density_dense__seed_004,oracle_hybrid,6,0,0.7058724625570051,0.7058724625570051,0.5872283168897718,0.6471604688821536,0.29500120014592085,medium,medium,80,dense,4
gamma_medium__noise_medium__T_80__density_dense__seed_004,hybrid,6,0,0.6251433059986152,0.6251433059986152,0.6137044078731179,0.6702053283654521,0.2899455099207561,medium,medium,80,dense,4
gamma_strong__noise_high__T_156__density_dense__seed_005,pcmci_dag,6,0,1.128791816775842,1.1287918167758417,0.6327258549916673,0.6706397537258606,-0.09555514033893087,strong,high,156,dense,5
gamma_strong__noise_high__T_156__density_dense__seed_005,oracle_hybrid,6,0,0.45538608207892123,0.4553860820789213,0.33473114481492644,0.39257199983646485,-0.01688548001312516,strong,high,156,dense,5
gamma_strong__noise_high__T_156__density_dense__seed_005,hybrid,6,0,0.7884539958513143,0.7884539958513143,0.33385862546115724,0.3692340062887695,0.09610285919269708,strong,high,156,dense,5
gamma_strong__noise_low__T_300__density_medium__seed_001,pcmci_dag,6,0,0.6025433833235024,0.6025433833235024,0.5969831760913261,0.8318872745810633,-0.011185586943396034,strong,low,300,medium,1
gamma_strong__noise_low__T_300__density_medium__seed_001,oracle_hybrid,6,0,0.48264207780544405,0.48264207780544405,0.44949353557236904,0.5871199906331825,0.09924912480041558,strong,low,300,medium,1
gamma_strong__noise_low__T_300__density_medium__seed_001,hybrid,6,0,0.4810329977892908,0.4810329977892908,0.44688982030916585,0.5774393035721473,0.07856942613195057,strong,low,300,medium,1
gamma_medium__noise_low__T_300__density_sparse__seed_004,pcmci_dag,6,0,1.1748831227203103,1.1748831227203105,1.2121684839335811,1.4872792202436116,-0.37260967672350237,medium,low,300,sparse,4
gamma_medium__noise_low__T_300__density_sparse__seed_004,oracle_hybrid,6,0,0.3013341034298652,0.3013341034298652,0.3457195247862397,0.4266885492543226,-0.10943332131956644,medium,low,300,sparse,4
gamma_medium__noise_low__T_300__density_sparse__seed_004,hybrid,6,0,0.28522743277329476,0.28522743277329476,0.3298635724751593,0.41611185765043335,-0.11977089455001193,medium,low,300,sparse,4
gamma_strong__noise_low__T_300__density_sparse__seed_005,pcmci_dag,6,0,0.5236856140275724,0.5236856140275724,0.5100453325686002,0.6381179464821716,0.011555546728763466,strong,low,300,sparse,5
gamma_strong__noise_low__T_300__density_sparse__seed_005,oracle_hybrid,6,0,0.2982046259044558,0.2982046259044559,0.27570864855075883,0.31769493733244786,0.02569364786632496,strong,low,300,sparse,5
gamma_strong__noise_low__T_300__density_sparse__seed_005,hybrid,6,0,0.5129955119106221,0.5129955119106221,0.336325786539234,0.44094566497511173,0.10893389494772206,strong,low,300,sparse,5
gamma_strong__noise_high__T_80__density_dense__seed_001,pcmci_dag,6,0,0.883084940379871,0.8830849403798707,0.6958223288639179,0.9585627666433937,0.30113117573963194,strong,high,80,dense,1
gamma_strong__noise_high__T_80__density_dense__seed_001,oracle_hybrid,6,0,0.6007186534936326,0.6007186534936326,0.26330153874919165,0.30024288070108696,0.16146822135623293,strong,high,80,dense,1
gamma_strong__noise_high__T_80__density_dense__seed_001,hybrid,6,0,0.535929374478247,0.535929374478247,0.2906500163659182,0.31662500588968057,0.18630091712799968,strong,high,80,dense,1
gamma_strong__noise_medium__T_156__density_dense__seed_003,pcmci_dag,6,0,1.612342953763365,1.6123429537633651,1.4704018621993928,1.7312690056243054,-0.41919813780060694,strong,medium,156,dense,3
gamma_strong__noise_medium__T_156__density_dense__seed_003,oracle_hybrid,6,0,0.6123306183345785,0.6123306183345784,0.19922258531274192,0.26281202753487415,-0.029594536271617827,strong,medium,156,dense,3
gamma_strong__noise_medium__T_156__density_dense__seed_003,hybrid,6,0,0.38076261889925095,0.380762618899251,0.28212307798991115,0.3748745468908335,0.09973484059140432,strong,medium,156,dense,3
gamma_weak__noise_low__T_80__density_medium__seed_002,pcmci_dag,6,0,0.7923833333333334,0.7923833333333334,0.7923833333333334,0.937358006135685,-0.7923833333333334,weak,low,80,medium,2
gamma_weak__noise_low__T_80__density_medium__seed_002,oracle_hybrid,6,0,0.5545698535650195,0.5545698535650195,0.5029229913099705,0.7016439324613466,0.4583758198785777,weak,low,80,medium,2
gamma_weak__noise_low__T_80__density_medium__seed_002,hybrid,6,0,0.5285270188990241,0.5285270188990241,0.49000271790763367,0.7017891925987723,0.46086338679587396,weak,low,80,medium,2
gamma_weak__noise_low__T_156__density_medium__seed_004,pcmci_dag,6,0,0.6093548965467469,0.6093548965467469,0.6132408839155411,0.7503504127585903,-0.1418956249493701,weak,low,156,medium,4
gamma_weak__noise_low__T_156__density_medium__seed_004,oracle_hybrid,6,0,0.3667360381675466,0.3667360381675466,0.33555188867201124,0.40770285939765927,0.13941356448985176,weak,low,156,medium,4
gamma_weak__noise_low__T_156__density_medium__seed_004,hybrid,6,0,0.36142072344022336,0.3614207234402234,0.3404215942024676,0.41556230793441273,0.14575566682098653,weak,low,156,medium,4
gamma_weak__noise_low__T_300__density_dense__seed_005,pcmci_dag,6,0,0.4374509837473634,0.4374509837473634,0.4727848173159601,0.642736357672654,-0.3249425145492866,weak,low,300,dense,5
gamma_weak__noise_low__T_300__density_dense__seed_005,oracle_hybrid,6,0,0.3358110314804595,0.3358110314804595,0.3342464092791444,0.3897510939050997,-0.03897784695548562,weak,low,300,dense,5
gamma_weak__noise_low__T_300__density_dense__seed_005,hybrid,6,0,0.2705446173423567,0.27054461734235674,0.3013065043660682,0.35826746286665395,-0.05868800347147964,weak,low,300,dense,5
gamma_weak__noise_low__T_156__density_medium__seed_005,pcmci_dag,6,0,0.7243624618822442,0.7243624618822442,0.434136998675928,0.6250472838127297,-0.3078344475401213,weak,low,156,medium,5
gamma_weak__noise_low__T_156__density_medium__seed_005,oracle_hybrid,6,0,0.3717750706761849,0.3717750706761849,0.3801493338969337,0.4532199344615476,-0.18282638109597218,weak,low,156,medium,5
gamma_weak__noise_low__T_156__density_medium__seed_005,hybrid,6,0,0.621821988076789,0.6218219880767889,0.37137604096644755,0.4576055486621456,-0.16957237120200175,weak,low,156,medium,5
gamma_medium__noise_medium__T_80__density_sparse__seed_004,pcmci_dag,6,0,0.9101450106563994,0.9101450106563994,0.9014605612976921,1.172347135164367,-0.1402494000833326,medium,medium,80,sparse,4
gamma_medium__noise_medium__T_80__density_sparse__seed_004,oracle_hybrid,6,0,0.6340601391975088,0.6340601391975088,0.6231079257310405,0.7288031988456705,0.294224587646886,medium,medium,80,sparse,4
gamma_medium__noise_medium__T_80__density_sparse__seed_004,hybrid,6,0,0.6782786358805238,0.6782786358805238,0.6672351723510218,0.7779675088051728,0.31283699220441985,medium,medium,80,sparse,4
gamma_strong__noise_medium__T_80__density_sparse__seed_003,pcmci_dag,6,0,1.25005,1.25005,1.25005,1.5348834760332786,-1.25005,strong,medium,80,sparse,3
gamma_strong__noise_medium__T_80__density_sparse__seed_003,oracle_hybrid,6,0,1.0877292747553786,1.0877292747553782,1.0727170817194422,1.2109096245978426,0.5735379742179915,strong,medium,80,sparse,3
gamma_strong__noise_medium__T_80__density_sparse__seed_003,hybrid,6,0,0.9854597755738862,0.9854597755738862,1.052136464186332,1.1808887455325536,0.5235888847160276,strong,medium,80,sparse,3
gamma_weak__noise_medium__T_300__density_medium__seed_005,pcmci_dag,6,0,1.0514748127435976,1.0514748127435976,0.9818649553754127,1.1139980030365821,-0.4261852330332714,weak,medium,300,medium,5
gamma_weak__noise_medium__T_300__density_medium__seed_005,oracle_hybrid,6,0,0.4725006493403469,0.4725006493403469,0.46540869682841207,0.5405505561806065,-0.04599474759025168,weak,medium,300,medium,5
gamma_weak__noise_medium__T_300__density_medium__seed_005,hybrid,6,0,0.6393848993832042,0.6393848993832044,0.47026518119581456,0.5556295942278556,-0.0044741888409391235,weak,medium,300,medium,5
gamma_medium__noise_medium__T_156__density_dense__seed_002,pcmci_dag,6,0,1.0882967681022777,1.0882967681022777,1.1355495475984836,1.4008572284428322,-1.1355495475984836,medium,medium,156,dense,2
gamma_medium__noise_medium__T_156__density_dense__seed_002,oracle_hybrid,6,0,0.3314555857834598,0.33145558578345974,0.40639669313154664,0.45154178406292683,-0.131084967875021,medium,medium,156,dense,2
gamma_medium__noise_medium__T_156__density_dense__seed_002,hybrid,6,0,0.33525151020193517,0.33525151020193517,0.3882115006042255,0.45272168481917496,-0.1795206433151569,medium,medium,156,dense,2
gamma_weak__noise_high__T_300__density_dense__seed_004,pcmci_dag,6,0,0.9411969974293913,0.9411969974293913,0.9411969974293911,1.1595452897925236,-0.8305030025706088,weak,high,300,dense,4
gamma_weak__noise_high__T_300__density_dense__seed_004,oracle_hybrid,6,0,0.45751099299012954,0.4575109929901296,0.47746263606950734,0.5833443046757874,-0.06981304232548136,weak,high,300,dense,4
gamma_weak__noise_high__T_300__density_dense__seed_004,hybrid,6,0,0.5022705172716903,0.5022705172716903,0.4964992380099617,0.6064990874388481,-0.08075901672295294,weak,high,300,dense,4
gamma_strong__noise_low__T_80__density_sparse__seed_001,pcmci_dag,6,0,0.5609481458566462,0.5609481458566462,0.5146753041403692,0.6057345128731831,-0.3915580291929642,strong,low,80,sparse,1
gamma_strong__noise_low__T_80__density_sparse__seed_001,oracle_hybrid,6,0,0.4345745921303936,0.4345745921303936,0.36781109301746695,0.4433872614930155,0.2035333563916534,strong,low,80,sparse,1
gamma_strong__noise_low__T_80__density_sparse__seed_001,hybrid,6,0,0.4898411131826728,0.4898411131826728,0.34756890839190957,0.4133263838078412,0.18661001719652195,strong,low,80,sparse,1
gamma_strong__noise_low__T_300__density_sparse__seed_003,pcmci_dag,6,0,0.6044413405720755,0.6044413405720755,0.5800232733012919,0.7238020466630584,-0.40856650018694446,strong,low,300,sparse,3
gamma_strong__noise_low__T_300__density_sparse__seed_003,oracle_hybrid,6,0,0.2932262000644748,0.29322620006447486,0.3779823730710354,0.4750110039189067,-0.1583658121872392,strong,low,300,sparse,3
gamma_strong__noise_low__T_300__density_sparse__seed_003,hybrid,6,0,0.4078458659618189,0.40784586596181893,0.3582933464585191,0.4469974858625832,-0.16787328426006706,strong,low,300,sparse,3
gamma_weak__noise_low__T_80__density_medium__seed_005,pcmci_dag,6,0,0.7762530649548803,0.7762530649548803,0.7762530649548803,0.9021111537951672,-0.4645469350451196,weak,low,80,medium,5
gamma_weak__noise_low__T_80__density_medium__seed_005,oracle_hybrid,6,0,0.7249485843575135,0.7249485843575135,0.6690352908369458,0.8178803690792106,0.03355528095545754,weak,low,80,medium,5
gamma_weak__noise_low__T_80__density_medium__seed_005,hybrid,6,0,0.8376554646375389,0.8376554646375389,0.7222675255482364,0.8825969699048825,0.025183268242525546,weak,low,80,medium,5
gamma_medium__noise_low__T_80__density_sparse__seed_002,pcmci_dag,6,0,0.7818999999999999,0.7818999999999999,0.7818999999999999,0.919254239406415,-0.7818999999999999,medium,low,80,sparse,2
gamma_medium__noise_low__T_80__density_sparse__seed_002,oracle_hybrid,6,0,0.49315894748433964,0.49315894748433964,0.4560215140890029,0.6504586935969825,0.42746892894834243,medium,low,80,sparse,2
gamma_medium__noise_low__T_80__density_sparse__seed_002,hybrid,6,0,0.5133003827264658,0.5133003827264658,0.46360608639906453,0.6470904004863044,0.46360608639906453,medium,low,80,sparse,2
gamma_weak__noise_medium__T_80__density_dense__seed_003,pcmci_dag,6,0,1.849330167386631,1.849330167386631,1.4728308690346577,1.772051781528148,-0.5929329435949794,weak,medium,80,dense,3
gamma_weak__noise_medium__T_80__density_dense__seed_003,oracle_hybrid,6,0,0.7870314883399616,0.7870314883399616,0.8652766533088593,0.9148176701941088,0.3156013909272979,weak,medium,80,dense,3
gamma_weak__noise_medium__T_80__density_dense__seed_003,hybrid,6,0,0.9086882300487026,0.9086882300487026,0.8037243115772851,0.8972546538325079,0.3211839536015206,weak,medium,80,dense,3
gamma_medium__noise_medium__T_300__density_sparse__seed_005,pcmci_dag,6,0,1.0210665100251164,1.0210665100251164,0.9780497638233756,1.1030212431485718,-0.4298832720700643,medium,medium,300,sparse,5
gamma_medium__noise_medium__T_300__density_sparse__seed_005,oracle_hybrid,6,0,0.4415243577987488,0.4415243577987489,0.4254179792330394,0.4847384566694722,-0.04735955281086163,medium,medium,300,sparse,5
gamma_medium__noise_medium__T_300__density_sparse__seed_005,hybrid,6,0,0.6609943193529267,0.6609943193529267,0.4699019918812495,0.5466624194702144,0.022697174266471647,medium,medium,300,sparse,5
gamma_medium__noise_low__T_300__density_sparse__seed_005,pcmci_dag,6,0,0.5869271845124966,0.5869271845124966,0.5748489843826904,0.7170047195655117,-0.08809771863952282,medium,low,300,sparse,5
gamma_medium__noise_low__T_300__density_sparse__seed_005,oracle_hybrid,6,0,0.32115617112430156,0.3211561711243016,0.3050433476965813,0.36219560314787663,-0.019630449914529984,medium,low,300,sparse,5
gamma_medium__noise_low__T_300__density_sparse__seed_005,hybrid,6,0,0.45563192234343114,0.45563192234343114,0.3968415730036015,0.4913072684520109,0.1035609765829041,medium,low,300,sparse,5
gamma_strong__noise_high__T_80__density_sparse__seed_002,pcmci_dag,6,0,0.9189411865149083,0.9189411865149083,0.9189411865149085,1.1158596557379301,-0.26899214681842487,strong,high,80,sparse,2
gamma_strong__noise_high__T_80__density_sparse__seed_002,oracle_hybrid,6,0,0.5511265327865534,0.5511265327865534,0.46968616058061957,0.6979842261993531,0.46968616058061957,strong,high,80,sparse,2
gamma_strong__noise_high__T_80__density_sparse__seed_002,hybrid,6,0,0.6003585235053874,0.6003585235053874,0.5014704043507257,0.6885923518059998,0.5014704043507257,strong,high,80,sparse,2
gamma_medium__noise_low__T_156__density_sparse__seed_001,pcmci_dag,6,0,0.6442458428237489,0.6442458428237489,0.3872375702550153,0.5531723660883727,-0.20730860074517923,medium,low,156,sparse,1
gamma_medium__noise_low__T_156__density_sparse__seed_001,oracle_hybrid,6,0,0.3417685088328229,0.3417685088328229,0.3467041800244597,0.38911530414191137,0.1533340725034543,medium,low,156,sparse,1
gamma_medium__noise_low__T_156__density_sparse__seed_001,hybrid,6,0,0.6665092471930013,0.6665092471930013,0.41653235087820645,0.45236369960405487,0.21065033335192862,medium,low,156,sparse,1
gamma_weak__noise_high__T_300__density_sparse__seed_004,pcmci_dag,6,0,0.9114402514739659,0.9114402514739659,0.9114402514739656,1.1767336166656173,-0.8506930818593678,weak,high,300,sparse,4
gamma_weak__noise_high__T_300__density_sparse__seed_004,oracle_hybrid,6,0,0.5535263136089106,0.5535263136089106,0.5658791228621515,0.6706791240373814,-0.07772386877636628,weak,high,300,sparse,4
gamma_weak__noise_high__T_300__density_sparse__seed_004,hybrid,6,0,0.572174861569867,0.572174861569867,0.5721748615698671,0.6524370857518864,-0.09918719535095122,weak,high,300,sparse,4
gamma_weak__noise_low__T_300__density_sparse__seed_005,pcmci_dag,6,0,1.0447291711716395,1.0447291711716395,0.9848702535790914,1.131758648381686,-0.4229790146525934,weak,low,300,sparse,5
gamma_weak__noise_low__T_300__density_sparse__seed_005,oracle_hybrid,6,0,0.35692377085706156,0.35692377085706156,0.3453764757802469,0.39643131910300833,-0.061773832501743585,weak,low,300,sparse,5
gamma_weak__noise_low__T_300__density_sparse__seed_005,hybrid,6,0,0.4943737073892373,0.4943737073892371,0.44964296347740906,0.5386331642490777,0.050176576522828496,weak,low,300,sparse,5
gamma_medium__noise_high__T_300__density_dense__seed_003,pcmci_dag,6,0,0.8529979802915476,0.8529979802915476,0.6884208655932028,0.8173113717719528,-0.4953120527180781,medium,high,300,dense,3
gamma_medium__noise_high__T_300__density_dense__seed_003,oracle_hybrid,6,0,0.4423284993233101,0.4423284993233101,0.4548142890648517,0.5781139842693496,-0.14814694424893396,medium,high,300,dense,3
gamma_medium__noise_high__T_300__density_dense__seed_003,hybrid,6,0,0.59023184089436,0.59023184089436,0.44296720634724635,0.5759724309552644,-0.23779898173986588,medium,high,300,dense,3
gamma_medium__noise_high__T_300__density_dense__seed_004,pcmci_dag,6,0,0.9650414313096066,0.9650414313096066,0.9095847146284249,1.0786870636900165,-0.817515285371575,medium,high,300,dense,4
gamma_medium__noise_high__T_300__density_dense__seed_004,oracle_hybrid,6,0,0.5320224417532455,0.5320224417532456,0.5432705452640653,0.5930623785296574,0.02748912971767085,medium,high,300,dense,4
gamma_medium__noise_high__T_300__density_dense__seed_004,hybrid,6,0,0.4998866006958797,0.4998866006958797,0.48098489084292345,0.5290110712065265,-0.002779156482884811,medium,high,300,dense,4
gamma_medium__noise_low__T_80__density_dense__seed_002,pcmci_dag,6,0,0.975548484921022,0.975548484921022,0.9204572178634858,1.0618373486931039,-0.32947611546984745,medium,low,80,dense,2
gamma_medium__noise_low__T_80__density_dense__seed_002,oracle_hybrid,6,0,0.5734368748331926,0.5734368748331925,0.37494465883776834,0.5220203345935251,0.35208827800753245,medium,low,80,dense,2
gamma_medium__noise_low__T_80__density_dense__seed_002,hybrid,6,0,0.555261389870643,0.5552613898706429,0.41091047434146616,0.5691969541711958,0.33505133802070564,medium,low,80,dense,2
gamma_medium__noise_medium__T_300__density_medium__seed_002,pcmci_dag,6,0,1.6594530814889732,1.6594530814889732,1.652780930950277,2.3939532816743267,0.19739608680735096,medium,medium,300,medium,2
gamma_medium__noise_medium__T_300__density_medium__seed_002,oracle_hybrid,6,0,0.816608598671916,0.8166085986719162,0.8189086457070793,1.0639168476636305,0.3406178298207305,medium,medium,300,medium,2
gamma_medium__noise_medium__T_300__density_medium__seed_002,hybrid,6,0,0.8333157231920442,0.8333157231920442,0.8306376931258402,1.0896324753040714,0.3261647852314336,medium,medium,300,medium,2
gamma_strong__noise_high__T_156__density_dense__seed_001,pcmci_dag,6,0,0.9689666666666668,0.9689666666666668,0.9689666666666668,1.0588797948775868,-0.9689666666666668,strong,high,156,dense,1
gamma_strong__noise_high__T_156__density_dense__seed_001,oracle_hybrid,6,0,0.7297318796620225,0.7297318796620224,0.472169960111316,0.5751720010688857,0.33446624941793757,strong,high,156,dense,1
gamma_strong__noise_high__T_156__density_dense__seed_001,hybrid,6,0,1.1271076681903855,1.1271076681903855,0.5948518478096398,0.6854051627928716,0.4604592812887908,strong,high,156,dense,1
gamma_weak__noise_medium__T_80__density_medium__seed_005,pcmci_dag,6,0,0.9238000000000001,0.9238000000000001,0.9238000000000001,1.1047048595288547,-0.9238000000000001,weak,medium,80,medium,5
gamma_weak__noise_medium__T_80__density_medium__seed_005,oracle_hybrid,6,0,0.8263015505362659,0.8263015505362659,0.7536236033340066,0.9176823238985954,0.08079491007023634,weak,medium,80,medium,5
gamma_weak__noise_medium__T_80__density_medium__seed_005,hybrid,6,0,0.9011394617597551,0.9011394617597551,0.8202585381310477,0.9887902655081948,0.062099657735487285,weak,medium,80,medium,5
gamma_strong__noise_low__T_156__density_dense__seed_002,pcmci_dag,6,0,1.0827096544330679,1.082709654433068,1.0447489264914296,1.2618075811198775,-1.0447489264914296,strong,low,156,dense,2
gamma_strong__noise_low__T_156__density_dense__seed_002,oracle_hybrid,6,0,0.5596925270246843,0.5596925270246844,0.4722540384100191,0.5149959064171041,0.019568661106361684,strong,low,156,dense,2
gamma_strong__noise_low__T_156__density_dense__seed_002,hybrid,6,0,0.5327141990763155,0.5327141990763155,0.5054735871903584,0.5421008960076242,-0.0160234050213565,strong,low,156,dense,2
gamma_medium__noise_high__T_300__density_sparse__seed_001,pcmci_dag,6,0,0.6600348301591196,0.6600348301591196,0.5803592841685887,0.7987397432897407,-0.20443675414592813,medium,high,300,sparse,1
gamma_medium__noise_high__T_300__density_sparse__seed_001,oracle_hybrid,6,0,0.4612146622063973,0.4612146622063973,0.4027030548867642,0.5308014960184412,-0.049196135221590075,medium,high,300,sparse,1
gamma_medium__noise_high__T_300__density_sparse__seed_001,hybrid,6,0,0.4916891943004744,0.4916891943004744,0.3854070698216708,0.5237312275962668,-0.05734969235193976,medium,high,300,sparse,1
gamma_strong__noise_medium__T_80__density_sparse__seed_005,pcmci_dag,6,0,0.8788931925047968,0.878893192504797,0.8475751350652895,1.0111588475744238,-0.20943070444611908,strong,medium,80,sparse,5
gamma_strong__noise_medium__T_80__density_sparse__seed_005,oracle_hybrid,6,0,0.8291150444964345,0.8291150444964345,0.7965516937707009,0.9973378947226716,0.18366193777656825,strong,medium,80,sparse,5
gamma_strong__noise_medium__T_80__density_sparse__seed_005,hybrid,6,0,0.8146892237865139,0.8146892237865139,0.7825427109349831,0.9830889227579324,0.18667577650366338,strong,medium,80,sparse,5
gamma_medium__noise_high__T_300__density_sparse__seed_005,pcmci_dag,6,0,0.5394091349799691,0.5394091349799691,0.5313947613409608,0.6788401264571772,-0.18501284416034883,medium,high,300,sparse,5
gamma_medium__noise_high__T_300__density_sparse__seed_005,oracle_hybrid,6,0,0.554057777879776,0.554057777879776,0.5361159646593405,0.633341045086572,-0.019410867938595106,medium,high,300,sparse,5
gamma_medium__noise_high__T_300__density_sparse__seed_005,hybrid,6,0,0.7885014125429012,0.7885014125429012,0.5786805966798255,0.6543174670705908,-0.001668651043505387,medium,high,300,sparse,5
gamma_medium__noise_high__T_80__density_sparse__seed_005,pcmci_dag,6,0,0.9646810137157938,0.9646810137157938,0.7079161121989633,0.9390550591914667,-0.6786172211343703,medium,high,80,sparse,5
gamma_medium__noise_high__T_80__density_sparse__seed_005,oracle_hybrid,6,0,0.8714124767248125,0.8714124767248127,0.8479152187653761,1.058297508329207,0.20371387899808294,medium,high,80,sparse,5
gamma_medium__noise_high__T_80__density_sparse__seed_005,hybrid,6,0,0.9184582919681109,0.9184582919681109,0.8784637853945735,1.0761188142612623,0.11712967720957261,medium,high,80,sparse,5
gamma_medium__noise_low__T_156__density_sparse__seed_004,pcmci_dag,6,0,0.5725577088961604,0.5725577088961604,0.5496829455375657,0.6817512739429709,-0.21199467798314764,medium,low,156,sparse,4
gamma_medium__noise_low__T_156__density_sparse__seed_004,oracle_hybrid,6,0,0.35889402140962406,0.35889402140962395,0.3137288058780523,0.3749828936923714,0.12890821054374935,medium,low,156,sparse,4
gamma_medium__noise_low__T_156__density_sparse__seed_004,hybrid,6,0,0.3965784728815918,0.3965784728815918,0.348051031648463,0.41306126861014086,0.1588101475469886,medium,low,156,sparse,4
gamma_weak__noise_high__T_80__density_sparse__seed_004,pcmci_dag,6,0,0.8786448850874988,0.8786448850874988,0.8786448850874988,1.06023581803814,-0.34398844824583447,weak,high,80,sparse,4
gamma_weak__noise_high__T_80__density_sparse__seed_004,oracle_hybrid,6,0,0.7269232725270727,0.7269232725270727,0.7210192344586547,0.8445328185935199,0.3254565675833558,weak,high,80,sparse,4
gamma_weak__noise_high__T_80__density_sparse__seed_004,hybrid,6,0,0.6769615262854886,0.6769615262854886,0.6769615262854888,0.8083774155933634,0.3125418981885591,weak,high,80,sparse,4
gamma_medium__noise_high__T_80__density_medium__seed_004,pcmci_dag,6,0,1.0107767288509277,1.0107767288509277,0.9984866056543088,1.3578554992255238,-0.062246727679024526,medium,high,80,medium,4
gamma_medium__noise_high__T_80__density_medium__seed_004,oracle_hybrid,6,0,0.6970575542674332,0.6970575542674332,0.6115611742720443,0.7106152507098873,0.30837806468681145,medium,high,80,medium,4
gamma_medium__noise_high__T_80__density_medium__seed_004,hybrid,6,0,0.7246801799368838,0.7246801799368838,0.6323786095959246,0.7000322972047571,0.2534497891723661,medium,high,80,medium,4
gamma_medium__noise_high__T_80__density_dense__seed_003,pcmci_dag,6,0,1.2533333333333334,1.2533333333333334,1.2533333333333334,1.491311287648111,-1.2533333333333334,medium,high,80,dense,3
gamma_medium__noise_high__T_80__density_dense__seed_003,oracle_hybrid,6,0,0.7990247164176255,0.7990247164176255,0.8093123846192004,0.9994282172737533,0.5106493886692571,medium,high,80,dense,3
gamma_medium__noise_high__T_80__density_dense__seed_003,hybrid,6,0,0.993645856202993,0.9936458562029928,0.8182777775708502,0.9646846880901976,0.5831927943623066,medium,high,80,dense,3
gamma_medium__noise_medium__T_156__density_dense__seed_005,pcmci_dag,6,0,0.8848821320042218,0.8848821320042218,0.4638895164681008,0.5497770191417283,-0.12234253267570046,medium,medium,156,dense,5
gamma_medium__noise_medium__T_156__density_dense__seed_005,oracle_hybrid,6,0,0.39886060218810454,0.39886060218810454,0.3812518870071911,0.4528828791558215,-0.07120365901857174,medium,medium,156,dense,5
gamma_medium__noise_medium__T_156__density_dense__seed_005,hybrid,6,0,0.6333728062668685,0.6333728062668684,0.29805762807766284,0.36084358585154974,-0.044879837620176354,medium,medium,156,dense,5
gamma_medium__noise_medium__T_156__density_dense__seed_004,pcmci_dag,6,0,0.7336618147021562,0.7336618147021562,0.6691613415006531,0.8278591578175439,0.002448398355527237,medium,medium,156,dense,4
gamma_medium__noise_medium__T_156__density_dense__seed_004,oracle_hybrid,6,0,0.4002391413490399,0.4002391413490399,0.27443266642131586,0.32431943949830383,0.07242087475448744,medium,medium,156,dense,4
gamma_medium__noise_medium__T_156__density_dense__seed_004,hybrid,6,0,0.3216499709178213,0.3216499709178214,0.22033743319664634,0.28125530086508677,0.03297929787483702,medium,medium,156,dense,4
gamma_medium__noise_low__T_156__density_sparse__seed_003,pcmci_dag,6,0,1.3877100939678346,1.3877100939678346,1.4670093573476892,1.9874342912907157,-1.4670093573476892,medium,low,156,sparse,3
gamma_medium__noise_low__T_156__density_sparse__seed_003,oracle_hybrid,6,0,0.22708577475363959,0.22708577475363959,0.29954208181720093,0.3896592098784419,-0.11641414686113614,medium,low,156,sparse,3
gamma_medium__noise_low__T_156__density_sparse__seed_003,hybrid,6,0,0.3015433462917125,0.3015433462917125,0.4073563766197477,0.47110366725307445,-0.19960481115676174,medium,low,156,sparse,3
gamma_medium__noise_medium__T_300__density_medium__seed_004,pcmci_dag,6,0,1.1921507209060174,1.1921507209060176,1.2316950093574006,1.5086885885757262,-0.3367002570101649,medium,medium,300,medium,4
gamma_medium__noise_medium__T_300__density_medium__seed_004,oracle_hybrid,6,0,0.36981253362362027,0.36981253362362027,0.408684156771354,0.47457798463633283,-0.03314212919123941,medium,medium,300,medium,4
gamma_medium__noise_medium__T_300__density_medium__seed_004,hybrid,6,0,0.3801985331230253,0.38019853312302526,0.3982878494193896,0.4711341401631209,-0.061323507543632805,medium,medium,300,medium,4
gamma_medium__noise_medium__T_156__density_sparse__seed_005,pcmci_dag,6,0,0.7028019947078419,0.7028019947078419,0.3595472646094704,0.5809373438055789,-0.24003780711770475,medium,medium,156,sparse,5
gamma_medium__noise_medium__T_156__density_sparse__seed_005,oracle_hybrid,6,0,0.38403003397661495,0.38403003397661495,0.40009337031487063,0.5317386760563998,-0.0870876985857998,medium,medium,156,sparse,5
gamma_medium__noise_medium__T_156__density_sparse__seed_005,hybrid,6,0,0.7752154925401166,0.7752154925401166,0.4426522500582291,0.5402759072197173,-0.05870046633104178,medium,medium,156,sparse,5
gamma_strong__noise_medium__T_80__density_sparse__seed_002,pcmci_dag,6,0,0.9431119137292265,0.9431119137292265,0.9431119137292265,1.1588384534861864,-0.24482141960410675,strong,medium,80,sparse,2
gamma_strong__noise_medium__T_80__density_sparse__seed_002,oracle_hybrid,6,0,0.4984578540691021,0.4984578540691021,0.4183545753173528,0.6144798874326381,0.4057574720249489,strong,medium,80,sparse,2
gamma_strong__noise_medium__T_80__density_sparse__seed_002,hybrid,6,0,0.49032196149549945,0.49032196149549945,0.39714192449076874,0.5924629634238074,0.39714192449076874,strong,medium,80,sparse,2
gamma_weak__noise_high__T_80__density_medium__seed_005,pcmci_dag,6,0,0.9238000000000001,0.9238000000000001,0.9238000000000001,1.1047048595288547,-0.9238000000000001,weak,high,80,medium,5
gamma_weak__noise_high__T_80__density_medium__seed_005,oracle_hybrid,6,0,0.912246246830677,0.912246246830677,0.8223836674915583,1.0011120786861916,0.12817517320514835,weak,high,80,medium,5
gamma_weak__noise_high__T_80__density_medium__seed_005,hybrid,6,0,0.9479658065598641,0.9479658065598641,0.8814158042447956,1.0614252963000292,0.11933244772701261,weak,high,80,medium,5
gamma_medium__noise_medium__T_300__density_sparse__seed_004,pcmci_dag,6,0,0.9169265214036014,0.9169265214036014,0.8680920486965618,1.138771233765966,-0.8680920486965618,medium,medium,300,sparse,4
gamma_medium__noise_medium__T_300__density_sparse__seed_004,oracle_hybrid,6,0,0.34787448751362193,0.34787448751362177,0.3730939789129489,0.47842143183385827,-0.08988675588722421,medium,medium,300,sparse,4
gamma_medium__noise_medium__T_300__density_sparse__seed_004,hybrid,6,0,0.3598824459186088,0.3598824459186088,0.38498940697404777,0.48846933261005704,-0.0903986834650159,medium,medium,300,sparse,4
gamma_medium__noise_medium__T_300__density_sparse__seed_003,pcmci_dag,6,0,0.6686980235173255,0.6686980235173255,0.5474382431742314,0.739143891327818,-0.5430240810312207,medium,medium,300,sparse,3
gamma_medium__noise_medium__T_300__density_sparse__seed_003,oracle_hybrid,6,0,0.3736355191061181,0.3736355191061181,0.422797332830116,0.5581378492226978,-0.23265728688616427,medium,medium,300,sparse,3
gamma_medium__noise_medium__T_300__density_sparse__seed_003,hybrid,6,0,0.4963681850459986,0.4963681850459986,0.42585169190282485,0.5616656320522267,-0.22267132419470193,medium,medium,300,sparse,3
gamma_medium__noise_medium__T_80__density_medium__seed_005,pcmci_dag,6,0,0.9051833333333333,0.9051833333333333,0.9051833333333333,1.0570204247474755,-0.9051833333333333,medium,medium,80,medium,5
gamma_medium__noise_medium__T_80__density_medium__seed_005,oracle_hybrid,6,0,0.8097529520348821,0.8097529520348821,0.7062012611717612,0.8590976014512034,0.055857526493232966,medium,medium,80,medium,5
gamma_medium__noise_medium__T_80__density_medium__seed_005,hybrid,6,0,0.7694245668296241,0.7694245668296241,0.7202998252263387,0.8911276952375535,0.06684666926835792,medium,medium,80,medium,5
gamma_strong__noise_high__T_300__density_sparse__seed_002,pcmci_dag,6,0,1.1881333333333333,1.1881333333333333,1.1881333333333333,1.3880709119734003,-1.1881333333333333,strong,high,300,sparse,2
gamma_strong__noise_high__T_300__density_sparse__seed_002,oracle_hybrid,6,0,0.7525812832841913,0.7525812832841913,0.7358674802152859,0.7656609767204836,0.18569405895837746,strong,high,300,sparse,2
gamma_strong__noise_high__T_300__density_sparse__seed_002,hybrid,6,0,0.7499218247581618,0.7499218247581618,0.7441645791621401,0.7782998593178847,0.23125216005446717,strong,high,300,sparse,2
gamma_medium__noise_high__T_80__density_sparse__seed_002,pcmci_dag,6,0,0.9489300179079585,0.9489300179079585,0.8954859943058112,1.0736177711552295,-0.33051400569418893,medium,high,80,sparse,2
gamma_medium__noise_high__T_80__density_sparse__seed_002,oracle_hybrid,6,0,0.5592884504569,0.5592884504568999,0.5199940680165338,0.7302297030388678,0.5199940680165338,medium,high,80,sparse,2
gamma_medium__noise_high__T_80__density_sparse__seed_002,hybrid,6,0,0.583500752409491,0.5835007524094908,0.5279994554179699,0.7170644373361001,0.5279994554179699,medium,high,80,sparse,2
gamma_medium__noise_low__T_300__density_dense__seed_005,pcmci_dag,6,0,0.4074230678328001,0.4074230678328001,0.4275573209057708,0.5779542920620612,-0.12680500225054467,medium,low,300,dense,5
gamma_medium__noise_low__T_300__density_dense__seed_005,oracle_hybrid,6,0,0.2832014565907976,0.2832014565907976,0.278363205295182,0.31501956253676905,0.029848046971408748,medium,low,300,dense,5
gamma_medium__noise_low__T_300__density_dense__seed_005,hybrid,6,0,0.4030009766729319,0.40300097667293183,0.26645529762557085,0.30107899447532893,0.011774309923609708,medium,low,300,dense,5
gamma_strong__noise_medium__T_156__density_dense__seed_004,pcmci_dag,6,0,0.8394881268568172,0.8394881268568172,0.7344160630007223,0.7935473008626853,-0.5651839369992778,strong,medium,156,dense,4
gamma_strong__noise_medium__T_156__density_dense__seed_004,oracle_hybrid,6,0,0.5318684343171249,0.5318684343171249,0.2729284047973894,0.31741613063485147,0.09020972332195247,strong,medium,156,dense,4
gamma_strong__noise_medium__T_156__density_dense__seed_004,hybrid,6,0,0.4598524676468001,0.4598524676468001,0.23573546548550692,0.2620894176776723,0.10099960602863305,strong,medium,156,dense,4
gamma_strong__noise_high__T_80__density_medium__seed_002,pcmci_dag,6,0,0.7543666666666667,0.7543666666666667,0.7543666666666667,0.8432330697974315,-0.7543666666666667,strong,high,80,medium,2
gamma_strong__noise_high__T_80__density_medium__seed_002,oracle_hybrid,6,0,0.7447487707622596,0.7447487707622596,0.47369054090874463,0.6001577404631141,0.47369054090874463,strong,high,80,medium,2
gamma_strong__noise_high__T_80__density_medium__seed_002,hybrid,6,0,0.817976423146666,0.8179764231466663,0.5170726402892355,0.6455142066281303,0.5170726402892355,strong,high,80,medium,2
gamma_weak__noise_low__T_300__density_dense__seed_001,pcmci_dag,6,0,0.6488821444405669,0.6488821444405669,0.5644603901488545,0.6611999203159808,-0.3371127719574134,weak,low,300,dense,1
gamma_weak__noise_low__T_300__density_dense__seed_001,oracle_hybrid,6,0,0.32146263065023795,0.32146263065023795,0.36119145060964625,0.3920112452799052,-0.09843593404880413,weak,low,300,dense,1
gamma_weak__noise_low__T_300__density_dense__seed_001,hybrid,6,0,0.3099757730116874,0.3099757730116873,0.26485160537477065,0.343950407051425,-0.17230708635402747,weak,low,300,dense,1
gamma_strong__noise_low__T_80__density_dense__seed_004,pcmci_dag,6,0,1.0282850173429912,1.0282850173429912,0.9703292986809046,1.3845757838707178,0.2349180435288224,strong,low,80,dense,4
gamma_strong__noise_low__T_80__density_dense__seed_004,oracle_hybrid,6,0,0.7326057300508578,0.7326057300508578,0.5342247904878735,0.6151691930986866,0.35891920644113573,strong,low,80,dense,4
gamma_strong__noise_low__T_80__density_dense__seed_004,hybrid,6,0,0.6158663355260762,0.6158663355260762,0.5080550149683983,0.5569663735256074,0.28305137173142253,strong,low,80,dense,4
gamma_strong__noise_low__T_300__density_dense__seed_001,pcmci_dag,6,0,0.6382473229356959,0.6382473229356957,0.5039220994109505,0.6523995905435315,-0.04267482273972106,strong,low,300,dense,1
gamma_strong__noise_low__T_300__density_dense__seed_001,oracle_hybrid,6,0,0.4983593237163462,0.4983593237163462,0.35069565286318566,0.38363654085824384,0.01385034779263474,strong,low,300,dense,1
gamma_strong__noise_low__T_300__density_dense__seed_001,hybrid,6,0,0.4748079694776299,0.4748079694776299,0.32572277238855846,0.35725790640158456,0.01985537401529854,strong,low,300,dense,1
gamma_medium__noise_low__T_300__density_medium__seed_003,pcmci_dag,6,0,0.6211431407476208,0.6211431407476208,0.6628578215597271,0.7845833760468405,-0.37332802202479415,medium,low,300,medium,3
gamma_medium__noise_low__T_300__density_medium__seed_003,oracle_hybrid,6,0,0.35888558663492615,0.35888558663492615,0.4106378925106071,0.5051097074724566,-0.1575329078847096,medium,low,300,medium,3
gamma_medium__noise_low__T_300__density_medium__seed_003,hybrid,6,0,0.38461823444761484,0.38461823444761484,0.4010025566908415,0.4878561753461235,-0.155300939698946,medium,low,300,medium,3
gamma_weak__noise_high__T_300__density_medium__seed_001,pcmci_dag,6,0,0.5176711685774441,0.5176711685774441,0.460835862991469,0.6584434475813915,-0.2773963619558915,weak,high,300,medium,1
gamma_weak__noise_high__T_300__density_medium__seed_001,oracle_hybrid,6,0,0.41252585503419564,0.41252585503419553,0.3919138973328015,0.4911939972190784,-0.015951538467916564,weak,high,300,medium,1
gamma_weak__noise_high__T_300__density_medium__seed_001,hybrid,6,0,0.4070084597927713,0.4070084597927713,0.36449796762049885,0.4962028390278448,-0.09919454489114606,weak,high,300,medium,1
gamma_weak__noise_high__T_80__density_dense__seed_002,pcmci_dag,6,0,0.9737720780603368,0.9737720780603368,0.973772078060337,1.1810522797120324,-0.2858945886063296,weak,high,80,dense,2
gamma_weak__noise_high__T_80__density_dense__seed_002,oracle_hybrid,6,0,0.6498226301294149,0.6498226301294149,0.5033578935465691,0.6733000034954162,0.5033578935465691,weak,high,80,dense,2
gamma_weak__noise_high__T_80__density_dense__seed_002,hybrid,6,0,0.5344939835580301,0.5344939835580302,0.4753254705622361,0.696824910933775,0.473969222242385,weak,high,80,dense,2
gamma_weak__noise_low__T_80__density_medium__seed_003,pcmci_dag,6,0,1.3583833333333333,1.3583833333333333,1.3583833333333333,1.7053790170125425,-1.3583833333333333,weak,low,80,medium,3
gamma_weak__noise_low__T_80__density_medium__seed_003,oracle_hybrid,6,0,0.8204409794263706,0.8204409794263706,0.8182148295548899,0.860425281081988,0.2519544124434858,weak,low,80,medium,3
gamma_weak__noise_low__T_80__density_medium__seed_003,hybrid,6,0,0.9454142872385228,0.9454142872385228,0.7988281531486355,0.8521011569453519,0.02380785950939962,weak,low,80,medium,3
gamma_medium__noise_low__T_80__density_medium__seed_001,pcmci_dag,6,0,0.5005453051286063,0.5005453051286063,0.4757715256099307,0.5626904273844839,-0.34525878003165517,medium,low,80,medium,1
gamma_medium__noise_low__T_80__density_medium__seed_001,oracle_hybrid,6,0,0.42772198138901446,0.42772198138901446,0.29652171549228007,0.34944155980793784,0.1657022443785582,medium,low,80,medium,1
gamma_medium__noise_low__T_80__density_medium__seed_001,hybrid,6,0,0.41353202708567394,0.41353202708567394,0.2916061689456667,0.3409996546214629,0.16011722209060186,medium,low,80,medium,1
gamma_weak__noise_medium__T_300__density_dense__seed_002,pcmci_dag,6,0,0.9757431656121632,0.9757431656121632,0.9865676777114695,1.156122247318586,-0.9865676777114695,weak,medium,300,dense,2
gamma_weak__noise_medium__T_300__density_dense__seed_002,oracle_hybrid,6,0,0.7729404755241642,0.7729404755241642,0.7834947415999897,0.9918305748885402,0.2771908722938413,weak,medium,300,dense,2
gamma_weak__noise_medium__T_300__density_dense__seed_002,hybrid,6,0,0.6817132886597967,0.6817132886597966,0.708668493331636,0.9405597735779123,0.2137348526127126,weak,medium,300,dense,2
gamma_medium__noise_medium__T_156__density_sparse__seed_001,pcmci_dag,6,0,0.6705125446483414,0.6705125446483414,0.4079654907175488,0.601543431583382,-0.13120117594911782,medium,medium,156,sparse,1
gamma_medium__noise_medium__T_156__density_sparse__seed_001,oracle_hybrid,6,0,0.41889814759064065,0.41889814759064065,0.42018843774770703,0.4660743901881029,0.26187349616866096,medium,medium,156,sparse,1
gamma_medium__noise_medium__T_156__density_sparse__seed_001,hybrid,6,0,0.7753140578106539,0.7753140578106539,0.5076491986178798,0.5438188309322767,0.3211695485399453,medium,medium,156,sparse,1
gamma_strong__noise_high__T_156__density_sparse__seed_005,pcmci_dag,6,0,0.6550732456744014,0.6550732456744014,0.6815359992159609,0.8492362515181011,-0.31290100835118945,strong,high,156,sparse,5
gamma_strong__noise_high__T_156__density_sparse__seed_005,oracle_hybrid,6,0,0.45732582814899664,0.45732582814899664,0.4665182396410672,0.6094732174641447,0.015688455568557025,strong,high,156,sparse,5
gamma_strong__noise_high__T_156__density_sparse__seed_005,hybrid,6,0,0.48019402612875667,0.48019402612875667,0.46812704956418155,0.5659897367538743,-0.003530639848321896,strong,high,156,sparse,5
gamma_weak__noise_low__T_80__density_sparse__seed_001,pcmci_dag,6,0,0.5547453726733483,0.5547453726733483,0.5318682401186647,0.64632556776331,-0.4058650932146686,weak,low,80,sparse,1
gamma_weak__noise_low__T_80__density_sparse__seed_001,oracle_hybrid,6,0,0.3977658137144413,0.39776581371444136,0.36993332300654086,0.4562756281979668,0.19579539321700756,weak,low,80,sparse,1
gamma_weak__noise_low__T_80__density_sparse__seed_001,hybrid,6,0,0.4458299038830211,0.4458299038830211,0.3533923634511605,0.42141364664275405,0.1824491437483551,weak,low,80,sparse,1
gamma_weak__noise_high__T_80__density_medium__seed_001,pcmci_dag,6,0,0.5600283987657794,0.5600283987657794,0.538083600561151,0.6463132535146894,-0.4029497327721823,weak,high,80,medium,1
gamma_weak__noise_high__T_80__density_medium__seed_001,oracle_hybrid,6,0,0.49216103641632286,0.49216103641632286,0.3721964285203759,0.4426234163085185,0.2347145119584305,weak,high,80,medium,1
gamma_weak__noise_high__T_80__density_medium__seed_001,hybrid,6,0,0.4992932092819271,0.49929320928192716,0.3752532403062892,0.4581424487156575,0.2400557963770659,weak,high,80,medium,1
gamma_medium__noise_medium__T_80__density_medium__seed_001,pcmci_dag,6,0,0.5098417416052357,0.5098417416052357,0.48422604465516783,0.569250447245387,-0.34760471012909916,medium,medium,80,medium,1
gamma_medium__noise_medium__T_80__density_medium__seed_001,oracle_hybrid,6,0,0.4504305630683387,0.4504305630683387,0.30745361671122495,0.3593971269409259,0.1781641557092265,medium,medium,80,medium,1
gamma_medium__noise_medium__T_80__density_medium__seed_001,hybrid,6,0,0.46047817187204676,0.46047817187204676,0.3073686482477029,0.3761603351022434,0.18168411194967696,medium,medium,80,medium,1
gamma_weak__noise_high__T_80__density_sparse__seed_001,pcmci_dag,6,0,0.5600396176008363,0.5600396176008363,0.5369158971336775,0.6493887407423339,-0.4008174361996559,weak,high,80,sparse,1
gamma_weak__noise_high__T_80__density_sparse__seed_001,oracle_hybrid,6,0,0.4640127617990475,0.4640127617990475,0.4374318655444461,0.5745255074260716,0.27706606495074076,weak,high,80,sparse,1
gamma_weak__noise_high__T_80__density_sparse__seed_001,hybrid,6,0,0.5196472806007435,0.5196472806007435,0.39476107291408086,0.4951695316444641,0.2386910284362899,weak,high,80,sparse,1
gamma_medium__noise_high__T_156__density_medium__seed_001,pcmci_dag,6,0,1.0606666666666666,1.0606666666666666,1.0606666666666666,1.2584820009307511,-1.0606666666666666,medium,high,156,medium,1
gamma_medium__noise_high__T_156__density_medium__seed_001,oracle_hybrid,6,0,0.58475425977663,0.58475425977663,0.536542178055305,0.5957739537505289,0.36763157647353734,medium,high,156,medium,1
gamma_medium__noise_high__T_156__density_medium__seed_001,hybrid,6,0,1.01958294041848,1.01958294041848,0.6653510246879014,0.71363058089986,0.4888882647942725,medium,high,156,medium,1
gamma_medium__noise_medium__T_156__density_medium__seed_005,pcmci_dag,6,0,0.9165823179926678,0.9165823179926678,0.47850114997447735,0.6610268795960136,-0.19300855250167306,medium,medium,156,medium,5
gamma_medium__noise_medium__T_156__density_medium__seed_005,oracle_hybrid,6,0,0.43653739223126437,0.43653739223126437,0.4265297512539415,0.505475630886361,-0.044608079222991925,medium,medium,156,medium,5
gamma_medium__noise_medium__T_156__density_medium__seed_005,hybrid,6,0,0.8250946503435634,0.8250946503435634,0.43214921606204193,0.5015191481428839,-0.06552024026504584,medium,medium,156,medium,5
gamma_weak__noise_high__T_156__density_medium__seed_005,pcmci_dag,6,0,0.8478309428876162,0.8478309428876162,0.5116487974157956,0.677231341191009,-0.2582980530050482,weak,high,156,medium,5
gamma_weak__noise_high__T_156__density_medium__seed_005,oracle_hybrid,6,0,0.48840990868809353,0.48840990868809353,0.47927793820970743,0.6176877779982104,-0.0701963450482022,weak,high,156,medium,5
gamma_weak__noise_high__T_156__density_medium__seed_005,hybrid,6,0,0.8017217964789464,0.8017217964789464,0.49566280428985365,0.614288460567385,-0.07984641613035408,weak,high,156,medium,5
gamma_strong__noise_high__T_156__density_dense__seed_004,pcmci_dag,6,0,0.87575,0.87575,0.87575,0.9450282879363983,-0.87575,strong,high,156,dense,4
gamma_strong__noise_high__T_156__density_dense__seed_004,oracle_hybrid,6,0,0.4569204282738159,0.4569204282738159,0.20993106461945943,0.24294487625156755,0.0706062541205746,strong,high,156,dense,4
gamma_strong__noise_high__T_156__density_dense__seed_004,hybrid,6,0,0.3899660781480952,0.38996607814809536,0.1781853269082635,0.216065039392195,0.03996009968162089,strong,high,156,dense,4
gamma_strong__noise_medium__T_156__density_sparse__seed_003,pcmci_dag,6,0,1.175082820253344,1.175082820253344,1.1904111857758144,1.7741176436011568,-1.1904111857758144,strong,medium,156,sparse,3
gamma_strong__noise_medium__T_156__density_sparse__seed_003,oracle_hybrid,6,0,0.35912268673962383,0.35912268673962383,0.3610699369456218,0.4276339418685881,-0.16011394931103198,strong,medium,156,sparse,3
gamma_strong__noise_medium__T_156__density_sparse__seed_003,hybrid,6,0,0.33548854141212886,0.33548854141212886,0.3573343370426378,0.4191723982485455,-0.0484572872402258,strong,medium,156,sparse,3
gamma_medium__noise_low__T_156__density_medium__seed_001,pcmci_dag,6,0,0.7687354496503089,0.7687354496503089,0.5869073149504643,0.8545489818551515,-0.026156258564029127,medium,low,156,medium,1
gamma_medium__noise_low__T_156__density_medium__seed_001,oracle_hybrid,6,0,0.38401530197018596,0.384015301970186,0.3570835661161466,0.3945856770941068,0.16068476506873905,medium,low,156,medium,1
gamma_medium__noise_low__T_156__density_medium__seed_001,hybrid,6,0,0.6684907244510399,0.6684907244510399,0.4193240888246763,0.4489958937535095,0.1967249681023275,medium,low,156,medium,1
gamma_strong__noise_medium__T_80__density_dense__seed_005,pcmci_dag,6,0,0.8480833333333333,0.8480833333333333,0.8480833333333333,0.9238109050738323,-0.8480833333333333,strong,medium,80,dense,5
gamma_strong__noise_medium__T_80__density_dense__seed_005,oracle_hybrid,6,0,0.7165712737823827,0.7165712737823827,0.5421966330240517,0.6141195599562939,0.11395365246930515,strong,medium,80,dense,5
gamma_strong__noise_medium__T_80__density_dense__seed_005,hybrid,6,0,0.6349366599876917,0.6349366599876917,0.5932086543527725,0.6924579356234878,0.1402226516206403,strong,medium,80,dense,5
gamma_medium__noise_high__T_80__density_sparse__seed_001,pcmci_dag,6,0,0.5598423918805943,0.5598423918805943,0.5192068285299823,0.625995874219641,-0.40909317147001767,medium,high,80,sparse,1
gamma_medium__noise_high__T_80__density_sparse__seed_001,oracle_hybrid,6,0,0.4747656419550848,0.4747656419550849,0.43271570629747735,0.586774838815489,0.2815835560612166,medium,high,80,sparse,1
gamma_medium__noise_high__T_80__density_sparse__seed_001,hybrid,6,0,0.527189770024249,0.527189770024249,0.41545109818597403,0.5426900177567419,0.26580249083570917,medium,high,80,sparse,1
gamma_medium__noise_medium__T_300__density_sparse__seed_001,pcmci_dag,6,0,0.47877575449771764,0.47877575449771764,0.43518106951702656,0.6041125735690829,-0.0814637018369778,medium,medium,300,sparse,1
gamma_medium__noise_medium__T_300__density_sparse__seed_001,oracle_hybrid,6,0,0.43062102284986675,0.43062102284986675,0.4097902570118785,0.4654933456897868,-0.0305098232268561,medium,medium,300,sparse,1
gamma_medium__noise_medium__T_300__density_sparse__seed_001,hybrid,6,0,0.4372747298276692,0.4372747298276692,0.3765566309103677,0.4426316894793141,-0.06988530902621425,medium,medium,300,sparse,1
gamma_medium__noise_medium__T_156__density_medium__seed_003,pcmci_dag,6,0,1.4725549889652865,1.4725549889652865,1.4725549889652865,1.9532107608439455,-1.1270783443680465,medium,medium,156,medium,3
gamma_medium__noise_medium__T_156__density_medium__seed_003,oracle_hybrid,6,0,0.3085925647402397,0.3085925647402397,0.3066099878737097,0.35457085976717007,-0.1339996169902776,medium,medium,156,medium,3
gamma_medium__noise_medium__T_156__density_medium__seed_003,hybrid,6,0,0.29233058656667416,0.29233058656667416,0.2923305865666738,0.35261922210851054,-0.12264791910718902,medium,medium,156,medium,3
gamma_weak__noise_high__T_80__density_dense__seed_005,pcmci_dag,6,0,0.9294666666666666,0.9294666666666666,0.9294666666666666,1.0941109236879656,-0.9294666666666666,weak,high,80,dense,5
gamma_weak__noise_high__T_80__density_dense__seed_005,oracle_hybrid,6,0,0.850574091957168,0.850574091957168,0.7704254385361543,0.9568074381583562,0.15678908597887395,weak,high,80,dense,5
gamma_weak__noise_high__T_80__density_dense__seed_005,hybrid,6,0,0.8513775308629108,0.8513775308629108,0.8513775308629107,1.0647396326587104,0.1822340215596073,weak,high,80,dense,5
gamma_medium__noise_low__T_80__density_medium__seed_004,pcmci_dag,6,0,1.0223541863867853,1.022354186386785,1.0095265812955934,1.3761149606818452,-0.05120675203774,medium,low,80,medium,4
gamma_medium__noise_low__T_80__density_medium__seed_004,oracle_hybrid,6,0,0.6017673228801061,0.6017673228801061,0.5403440875254534,0.6010024427420738,0.27976653133904894,medium,low,80,medium,4
gamma_medium__noise_low__T_80__density_medium__seed_004,hybrid,6,0,0.621277565005209,0.621277565005209,0.5470982049409966,0.6214970651844136,0.26016684182180594,medium,low,80,medium,4
gamma_medium__noise_high__T_80__density_medium__seed_003,pcmci_dag,6,0,1.2851333333333332,1.2851333333333332,1.2851333333333332,1.5779496918469866,-1.2851333333333332,medium,high,80,medium,3
gamma_medium__noise_high__T_80__density_medium__seed_003,oracle_hybrid,6,0,0.9816554776597664,0.9816554776597665,0.9058059661257918,1.0280871428661855,0.5950103089202329,medium,high,80,medium,3
gamma_medium__noise_high__T_80__density_medium__seed_003,hybrid,6,0,1.1690442516271804,1.1690442516271804,0.6786115207053741,0.8945670370592632,0.30441649731309645,medium,high,80,medium,3
gamma_strong__noise_medium__T_300__density_dense__seed_002,pcmci_dag,6,0,1.1065333333333334,1.1065333333333334,1.1065333333333334,1.2026566675489725,-1.1065333333333334,strong,medium,300,dense,2
gamma_strong__noise_medium__T_300__density_dense__seed_002,oracle_hybrid,6,0,0.6136458477922252,0.6136458477922252,0.5501374312805235,0.5956542282099291,0.19338864999347868,strong,medium,300,dense,2
gamma_strong__noise_medium__T_300__density_dense__seed_002,hybrid,6,0,0.5433320942022791,0.5433320942022791,0.49908434796679363,0.5373153891707295,0.17443562581874464,strong,medium,300,dense,2
gamma_weak__noise_medium__T_156__density_sparse__seed_004,pcmci_dag,6,0,0.7832584572483672,0.7832584572483675,0.7832584572483668,0.932161973300709,-0.5626082094182997,weak,medium,156,sparse,4
gamma_weak__noise_medium__T_156__density_sparse__seed_004,oracle_hybrid,6,0,0.3131217258387891,0.3131217258387891,0.29350175902170456,0.33705041680285747,0.09025451506435311,weak,medium,156,sparse,4
gamma_weak__noise_medium__T_156__density_sparse__seed_004,hybrid,6,0,0.3036976333363215,0.30369763333632155,0.2946377450429669,0.3355994367530158,0.09865036355684541,weak,medium,156,sparse,4
gamma_medium__noise_high__T_156__density_sparse__seed_001,pcmci_dag,6,0,1.3600735706660132,1.3600735706660132,1.3706806378321916,1.8322234242385909,-0.11347916180974733,medium,high,156,sparse,1
gamma_medium__noise_high__T_156__density_sparse__seed_001,oracle_hybrid,6,0,0.5783609232444166,0.5783609232444166,0.5744172980032487,0.6266287794825871,0.40415975291520484,medium,high,156,sparse,1
gamma_medium__noise_high__T_156__density_sparse__seed_001,hybrid,6,0,0.9966502775056624,0.9966502775056627,0.6683830798798128,0.7221290686820692,0.503465744126209,medium,high,156,sparse,1
gamma_strong__noise_medium__T_80__density_sparse__seed_001,pcmci_dag,6,0,0.5726049428084362,0.5726049428084362,0.5243755012515195,0.6120820484529411,-0.3818578320818138,strong,medium,80,sparse,1
gamma_strong__noise_medium__T_80__density_sparse__seed_001,oracle_hybrid,6,0,0.45891788759518115,0.45891788759518115,0.391589896479335,0.4961332275889115,0.2385606282308781,strong,medium,80,sparse,1
gamma_strong__noise_medium__T_80__density_sparse__seed_001,hybrid,6,0,0.4997454053368746,0.4997454053368746,0.3475295374482073,0.41830823986266247,0.18459993897158555,strong,medium,80,sparse,1
gamma_weak__noise_low__T_156__density_dense__seed_002,pcmci_dag,6,0,1.1199806371634702,1.1199806371634702,1.1199806371634702,1.483978729782538,-1.1199806371634702,weak,low,156,dense,2
gamma_weak__noise_low__T_156__density_dense__seed_002,oracle_hybrid,6,0,0.4478439828943584,0.4478439828943584,0.5108239353932903,0.565884236252238,-0.11406569837611297,weak,low,156,dense,2
gamma_weak__noise_low__T_156__density_dense__seed_002,hybrid,6,0,0.4763179588024056,0.4763179588024056,0.4763179588024053,0.5330364306890752,-0.16685812605934994,weak,low,156,dense,2
gamma_weak__noise_low__T_80__density_dense__seed_002,pcmci_dag,6,0,0.8018333333333333,0.8018333333333333,0.8018333333333333,0.9287762522086074,-0.8018333333333333,weak,low,80,dense,2
gamma_weak__noise_low__T_80__density_dense__seed_002,oracle_hybrid,6,0,0.5484917988425492,0.5484917988425492,0.43293715502294106,0.6495413884638036,0.41888650049292525,weak,low,80,dense,2
gamma_weak__noise_low__T_80__density_dense__seed_002,hybrid,6,0,0.5177894885035502,0.5177894885035502,0.4621859261514812,0.6560529523599491,0.386783424483018,weak,low,80,dense,2
gamma_weak__noise_high__T_156__density_sparse__seed_004,pcmci_dag,6,0,1.1256131733414547,1.1256131733414547,1.1229447462186286,1.470561403298443,-0.24152216149925895,weak,high,156,sparse,4
gamma_weak__noise_high__T_156__density_sparse__seed_004,oracle_hybrid,6,0,0.2537076282935154,0.25370762829351545,0.2331381135165628,0.2908400805889118,0.06674238999764183,weak,high,156,sparse,4
gamma_weak__noise_high__T_156__density_sparse__seed_004,hybrid,6,0,0.2758194540367637,0.2758194540367636,0.26605721311696445,0.32255772146940576,0.08101589617848881,weak,high,156,sparse,4
gamma_medium__noise_low__T_156__density_dense__seed_004,pcmci_dag,6,0,0.7665152929531875,0.7665152929531875,0.7026845071569136,0.8914158141981221,0.04829812188023915,medium,low,156,dense,4
gamma_medium__noise_low__T_156__density_dense__seed_004,oracle_hybrid,6,0,0.45127569814918633,0.45127569814918633,0.3263124855780058,0.3878710747948052,0.1369003684229179,medium,low,156,dense,4
gamma_medium__noise_low__T_156__density_dense__seed_004,hybrid,6,0,0.3945979659661453,0.3945979659661453,0.2931921598701759,0.38690322459806414,0.0929411224801604,medium,low,156,dense,4
gamma_medium__noise_medium__T_156__density_sparse__seed_002,pcmci_dag,6,0,1.046166876753941,1.046166876753941,1.0886151936319928,1.4466190951992008,-1.0886151936319928,medium,medium,156,sparse,2
gamma_medium__noise_medium__T_156__density_sparse__seed_002,oracle_hybrid,6,0,0.42084266840476126,0.42084266840476126,0.4461101604598885,0.48771037999742844,-0.08963058597857924,medium,medium,156,sparse,2
gamma_medium__noise_medium__T_156__density_sparse__seed_002,hybrid,6,0,0.45984398175275115,0.45984398175275115,0.47911373203073104,0.5200445119090561,-0.08429057949378638,medium,medium,156,sparse,2
gamma_strong__noise_medium__T_300__density_medium__seed_005,pcmci_dag,6,0,0.5622141257871642,0.5622141257871642,0.498948179953816,0.5912143805145762,-0.03562634994095509,strong,medium,300,medium,5
gamma_strong__noise_medium__T_300__density_medium__seed_005,oracle_hybrid,6,0,0.4255512201654921,0.4255512201654921,0.3698890408857703,0.4202641513659665,0.10048144104969571,strong,medium,300,medium,5
gamma_strong__noise_medium__T_300__density_medium__seed_005,hybrid,6,0,0.6387038399958648,0.6387038399958647,0.39543166267194235,0.4273943619921017,0.10895740614600334,strong,medium,300,medium,5
gamma_weak__noise_high__T_300__density_sparse__seed_001,pcmci_dag,6,0,0.68473544501413,0.68473544501413,0.5931976514201814,0.761698481500007,-0.34332777473785786,weak,high,300,sparse,1
gamma_weak__noise_high__T_300__density_sparse__seed_001,oracle_hybrid,6,0,0.4263239915995145,0.42632399159951434,0.40383170513240135,0.5359533292609284,-0.04619801144936823,weak,high,300,sparse,1
gamma_weak__noise_high__T_300__density_sparse__seed_001,hybrid,6,0,0.41641009778389515,0.41641009778389515,0.4053162619260058,0.5233981904423546,-0.10948187855205037,weak,high,300,sparse,1
gamma_strong__noise_medium__T_300__density_sparse__seed_004,pcmci_dag,6,0,0.9317909235476777,0.9317909235476777,0.8454598953141327,1.0881570196488362,-0.8356067713525338,strong,medium,300,sparse,4
gamma_strong__noise_medium__T_300__density_sparse__seed_004,oracle_hybrid,6,0,0.35416581290232907,0.35416581290232907,0.38490779242656786,0.4552769746457184,-0.058445957815738116,strong,medium,300,sparse,4
gamma_strong__noise_medium__T_300__density_sparse__seed_004,hybrid,6,0,0.35949794711577804,0.35949794711577804,0.39079649962003743,0.44353550723747026,-0.03244152480671386,strong,medium,300,sparse,4
gamma_strong__noise_low__T_80__density_dense__seed_005,pcmci_dag,6,0,0.8766707905230335,0.8766707905230335,0.6887041367682922,0.7582685791497029,-0.5568958632317077,strong,low,80,dense,5
gamma_strong__noise_low__T_80__density_dense__seed_005,oracle_hybrid,6,0,0.6388683074875194,0.6388683074875194,0.4994908070217547,0.5563827661869611,0.10187383271840063,strong,low,80,dense,5
gamma_strong__noise_low__T_80__density_dense__seed_005,hybrid,6,0,0.5830619995547983,0.5830619995547983,0.5499747151545278,0.6162129644399759,0.1082512640333148,strong,low,80,dense,5
gamma_weak__noise_medium__T_300__density_sparse__seed_005,pcmci_dag,6,0,1.0627444704962457,1.0627444704962457,0.9996422325469004,1.1379937944103433,-0.42839373281064885,weak,medium,300,sparse,5
gamma_weak__noise_medium__T_300__density_sparse__seed_005,oracle_hybrid,6,0,0.5105597654230252,0.5105597654230252,0.49941566446953106,0.5819994416843158,-0.05830342912742914,weak,medium,300,sparse,5
gamma_weak__noise_medium__T_300__density_sparse__seed_005,hybrid,6,0,0.6719883669817815,0.6719883669817817,0.5137853055466336,0.6056987382733775,-0.015845583751150676,weak,medium,300,sparse,5
gamma_weak__noise_low__T_80__density_dense__seed_003,pcmci_dag,6,0,1.8238208181407138,1.8238208181407138,1.8414429132019017,2.3942471080027494,-0.22337216912648958,weak,low,80,dense,3
gamma_weak__noise_low__T_80__density_dense__seed_003,oracle_hybrid,6,0,0.7285441883512013,0.7285441883512013,0.8090253670565147,0.8514309797918131,0.19000225341976318,weak,low,80,dense,3
gamma_weak__noise_low__T_80__density_dense__seed_003,hybrid,6,0,0.6618205809583766,0.6618205809583766,0.7650922203969986,0.8237900505769451,0.16249345707137278,weak,low,80,dense,3
gamma_strong__noise_low__T_80__density_sparse__seed_002,pcmci_dag,6,0,0.7568833333333332,0.7568833333333332,0.7568833333333332,0.8779198036647007,-0.7568833333333332,strong,low,80,sparse,2
gamma_strong__noise_low__T_80__density_sparse__seed_002,oracle_hybrid,6,0,0.45015863856265387,0.45015863856265387,0.37604336809747113,0.5501209478373686,0.3584274110493677,strong,low,80,sparse,2
gamma_strong__noise_low__T_80__density_sparse__seed_002,hybrid,6,0,0.4461504855705314,0.44615048557053155,0.3571503149999667,0.5428929027066399,0.3520049447464266,strong,low,80,sparse,2
